{
  "type": "FeatureCollection",
  "features": [
    {
      "type": "Feature",
      "geometry": {
        "type": "Point",
        "coordinates": [
          -38.4397398898188,
          -12.9553481756673
        ]
      },
      "properties": {
        "id": "4",
        "nome": "Rei de Macambira",
        "lideranca": "Lourival Bitencourt da Silva",
        "nacao": "Keto Angola",
        "ano_fundacao": "1972",
        "regente": "Xangô",
        "bairro": "Chame-Chame",
        "endereco": "Rua Deraldo Dias Moraes, 11",
        "cep": "40140-470",
        "telefone": "9173-6010",
        "foto_thumb": "http://www.terreiros.ceao.ufba.br/_FT/pq/4.jpg",
        "foto_grande": "http://www.terreiros.ceao.ufba.br/_FT/gd/4.jpg"
      }
    },
    {
      "type": "Feature",
      "geometry": {
        "type": "Point",
        "coordinates": [
          -38.522856151818,
          -13.0075041091466
        ]
      },
      "properties": {
        "id": "5",
        "nome": "Ylê Axé Ojuire",
        "lideranca": "Hildete L. de Jesus",
        "nacao": "Keto",
        "ano_fundacao": "1998",
        "regente": "Ogum e Omolu",
        "bairro": "Eng. V. da Federação",
        "endereco": "Rua Apolinário de Santana, 188",
        "cep": "40221-101",
        "telefone": "3247-1167",
        "foto_thumb": "http://www.terreiros.ceao.ufba.br/_FT/pq/5.jpg",
        "foto_grande": "http://www.terreiros.ceao.ufba.br/_FT/gd/5.jpg"
      }
    },
    {
      "type": "Feature",
      "geometry": {
        "type": "Point",
        "coordinates": [
          -38.4951622422966,
          -12.9988547794636
        ]
      },
      "properties": {
        "id": "6",
        "nome": "Obá Tony",
        "lideranca": "Elza Ferreira Conceição",
        "nacao": "Keto",
        "ano_fundacao": "1936",
        "regente": "Xangô",
        "bairro": "Eng. V. da Federação",
        "endereco": "2ª Trav. da Ladeira da Paz, 29",
        "cep": "40220-025",
        "telefone": "3203-6396",
        "foto_thumb": "http://www.terreiros.ceao.ufba.br/_FT/pq/6.jpg",
        "foto_grande": "http://www.terreiros.ceao.ufba.br/_FT/gd/6.jpg"
      }
    },
    {
      "type": "Feature",
      "geometry": {
        "type": "Point",
        "coordinates": [
          -38.4946980178328,
          -13.0000017431996
        ]
      },
      "properties": {
        "id": "7",
        "nome": "Não informado",
        "lideranca": "Alvanira Teles dos Santos",
        "nacao": "Keto",
        "ano_fundacao": "0",
        "regente": "Logunedé",
        "endereco": "Rua Deraldo Dias Moraes, 24",
        "bairro": "Chame-Chame",
        "cep": "40140-470",
        "telefone": "3261-5128",
        "foto_thumb": "http://www.terreiros.ceao.ufba.br/_FT/pq/7.jpg",
        "foto_grande": "http://www.terreiros.ceao.ufba.br/_FT/gd/7.jpg"
      }
    },
    {
      "type": "Feature",
      "geometry": {
        "type": "Point",
        "coordinates": [
          -38.522053230786,
          -13.0080109928356
        ]
      },
      "properties": {
        "id": "8",
        "nome": "Terreiro Ogum da Cariri",
        "lideranca": "Sergio Batista da Paixão",
        "nacao": "Angola",
        "ano_fundacao": "1906",
        "regente": "Ogum",
        "bairro": "Chame-Chame",
        "cep": "40140-840",
        "telefone": "3235-7623",
        "foto_thumb": "http://www.terreiros.ceao.ufba.br/_FT/pq/8.jpg",
        "foto_grande": "http://www.terreiros.ceao.ufba.br/_FT/gd/8.jpg"
      }
    },
    {
      "type": "Feature",
      "geometry": {
        "type": "Point",
        "coordinates": [
          -38.5222053771866,
          -13.0078926104354
        ]
      },
      "properties": {
        "id": "10",
        "nome": "Ilê Axé Ejê Onan",
        "lideranca": "Robinson dos Santos Lopes",
        "nacao": "Keto",
        "ano_fundacao": "1992",
        "regente": "Exu",
        "bairro": "Centenário",
        "cep": "40240-777",
        "telefone": "3332-3079",
        "foto_thumb": "http://www.terreiros.ceao.ufba.br/_FT/pq/10.jpg",
        "foto_grande": "http://www.terreiros.ceao.ufba.br/_FT/gd/10.jpg"
      }
    },
    {
      "type": "Feature",
      "geometry": {
        "type": "Point",
        "coordinates": [
          -38.5162341208879,
          -12.9955695982868
        ]
      },
      "properties": {
        "id": "12",
        "nome": "Não informado",
        "lideranca": "Juraci Ferreira de Jesus",
        "nacao": "Ijexá",
        "ano_fundacao": "2003",
        "regente": "Logunedé",
        "bairro": "Rio Vermelho",
        "endereco": "Rua Antonio Casais, 25E, Chapada",
        "cep": "41920-020",
        "telefone": "3345-5206",
        "foto_thumb": "http://www.terreiros.ceao.ufba.br/_FT/pq/12.jpg",
        "foto_grande": "http://www.terreiros.ceao.ufba.br/_FT/gd/12.jpg"
      }
    },
    {
      "type": "Feature",
      "geometry": {
        "type": "Point",
        "coordinates": [
          -38.4771646411321,
          -13.0061845162575
        ]
      },
      "properties": {
        "id": "13",
        "nome": "K te Espero",
        "lideranca": "Francisca Serra da Conceição",
        "nacao": "Keto",
        "ano_fundacao": "1953",
        "regente": "Xangô",
        "bairro": "São Caetano",
        "endereco": "Rua Lafaiete Coutinho, 55",
        "cep": "40390-000",
        "telefone": "3241-4217/ 3304-6321",
        "foto_thumb": "http://www.terreiros.ceao.ufba.br/_FT/pq/13.jpg",
        "foto_grande": "http://www.terreiros.ceao.ufba.br/_FT/gd/13.jpg"
      }
    },
    {
      "type": "Feature",
      "geometry": {
        "type": "Point",
        "coordinates": [
          -38.4808927043469,
          -12.9342434711471
        ]
      },
      "properties": {
        "id": "14",
        "nome": "Ilê Axé Orocilê Ômin Fan",
        "lideranca": "Andeloá Caitá dos Santos",
        "nacao": "Keto",
        "ano_fundacao": "2000",
        "regente": "Oxum",
        "bairro": "Eng. Velho de Brotas",
        "endereco": "Rua Manoel Faustino, 82-E",
        "cep": "40243-140",
        "telefone": "3261-0329",
        "foto_thumb": "http://www.terreiros.ceao.ufba.br/_FT/pq/14.jpg",
        "foto_grande": "http://www.terreiros.ceao.ufba.br/_FT/gd/14.jpg"
      }
    },
    {
      "type": "Feature",
      "geometry": {
        "type": "Point",
        "coordinates": [
          -38.5022045460285,
          -12.9893887866646
        ]
      },
      "properties": {
        "id": "15",
        "nome": "Onzo de Tingóngo",
        "lideranca": "Agostinho Bento de Souza",
        "nacao": "Angola Jêje Keto",
        "ano_fundacao": "1986",
        "regente": "Oxumaré",
        "bairro": "Vasco da Gama",
        "endereco": "Rua Reis Príncipe, 28",
        "cep": "40240-160",
        "telefone": "3234-2600",
        "foto_thumb": "http://www.terreiros.ceao.ufba.br/_FT/pq/15.jpg",
        "foto_grande": "http://www.terreiros.ceao.ufba.br/_FT/gd/15.jpg"
      }
    },
    {
      "type": "Feature",
      "geometry": {
        "type": "Point",
        "coordinates": [
          -38.5055781955553,
          -12.9852375492407
        ]
      },
      "properties": {
        "id": "16",
        "nome": "Ilê Omin Ode Oxê",
        "lideranca": "Edna Alves Cunha",
        "nacao": "Keto",
        "ano_fundacao": "1968",
        "regente": "Oxum Apará",
        "bairro": "Federação",
        "endereco": "Rua Caetano Moura , 52",
        "cep": "40210-341",
        "telefone": "3203-6798",
        "foto_thumb": "http://www.terreiros.ceao.ufba.br/_FT/pq/16.jpg",
        "foto_grande": "http://www.terreiros.ceao.ufba.br/_FT/gd/16.jpg"
      }
    },
    {
      "type": "Feature",
      "geometry": {
        "type": "Point",
        "coordinates": [
          -38.5111201476903,
          -12.9978825239738
        ]
      },
      "properties": {
        "id": "17",
        "nome": "Ylê Axé Oba Oya",
        "lideranca": "Jaguaraí Araújo",
        "nacao": "Keto",
        "ano_fundacao": "1946",
        "regente": "Xangô Airá",
        "bairro": "Federação",
        "endereco": "Rua Trilho , Alto da Fortaleza , 7 B, Campo Santo",
        "cep": "40231-230",
        "telefone": "3261-8561",
        "foto_thumb": "http://www.terreiros.ceao.ufba.br/_FT/pq/17.jpg",
        "foto_grande": "http://www.terreiros.ceao.ufba.br/_FT/gd/17.jpg"
      }
    },
    {
      "type": "Feature",
      "geometry": {
        "type": "Point",
        "coordinates": [
          -38.5139941943424,
          -12.9956100234066
        ]
      },
      "properties": {
        "id": "18",
        "nome": "Unzo Tumba Junçara",
        "lideranca": "Iraildes Maria da Cunha",
        "nacao": "Angola",
        "ano_fundacao": "1919",
        "regente": "Tempo",
        "bairro": "Vasco da Gama",
        "endereco": "Rua Vila Colombiana, 30",
        "cep": "40243-630",
        "telefone": "3261-0357/ 3365-3942",
        "foto_thumb": "http://www.terreiros.ceao.ufba.br/_FT/pq/18.jpg",
        "foto_grande": "http://www.terreiros.ceao.ufba.br/_FT/gd/18.jpg"
      }
    },
    {
      "type": "Feature",
      "geometry": {
        "type": "Point",
        "coordinates": [
          -38.4999903422911,
          -12.9915791600902
        ]
      },
      "properties": {
        "id": "20",
        "nome": "Ilê Asé Abotô Demi",
        "lideranca": "Maria Antônia Souza da Silva",
        "nacao": "Keto",
        "ano_fundacao": "1964",
        "regente": "Oxum",
        "bairro": "Garibaldi",
        "endereco": "Rua Pe. Domingos de Brito, 145",
        "cep": "42105-380",
        "telefone": "3331-0085",
        "foto_thumb": "http://www.terreiros.ceao.ufba.br/_FT/pq/20.jpg",
        "foto_grande": "http://www.terreiros.ceao.ufba.br/_FT/gd/20.jpg"
      }
    },
    {
      "type": "Feature",
      "geometry": {
        "type": "Point",
        "coordinates": [
          -38.5061538576717,
          -12.9910842469833
        ]
      },
      "properties": {
        "id": "21",
        "nome": "Ilê Axé Ian Alá Oci",
        "lideranca": "Eliton Pereira Santana",
        "nacao": "Keto",
        "ano_fundacao": "2004",
        "regente": "Oxalá",
        "bairro": "Garibaldi",
        "endereco": "2ª Trav. Padre Domingos de Brito , 92",
        "cep": "40230-100",
        "telefone": "3331-0531",
        "foto_thumb": "http://www.terreiros.ceao.ufba.br/_FT/pq/21.jpg",
        "foto_grande": "http://www.terreiros.ceao.ufba.br/_FT/gd/21.jpg"
      }
    },
    {
      "type": "Feature",
      "geometry": {
        "type": "Point",
        "coordinates": [
          -38.5058791262624,
          -12.9919995852634
        ]
      },
      "properties": {
        "id": "22",
        "nome": "Tualandê Nigunci Dinicosi",
        "lideranca": "Ana Maria da Paixão Silva",
        "nacao": "Angola",
        "ano_fundacao": "1976",
        "regente": "Ogum",
        "bairro": "Alto das Pombas",
        "endereco": "Rua Teixeira Mendes, 31",
        "cep": "40210-550",
        "telefone": "3203-6899",
        "foto_thumb": "http://www.terreiros.ceao.ufba.br/_FT/pq/22.jpg",
        "foto_grande": "http://www.terreiros.ceao.ufba.br/_FT/gd/22.jpg"
      }
    },
    {
      "type": "Feature",
      "geometry": {
        "type": "Point",
        "coordinates": [
          -38.5132351385029,
          -12.9995136624632
        ]
      },
      "properties": {
        "id": "23",
        "nome": "Shoramin Nilê",
        "lideranca": "Eliana Alves Chagas",
        "nacao": "Keto",
        "ano_fundacao": "1996",
        "regente": "Ogum",
        "bairro": "Alto das Pombas",
        "endereco": "Rua Baixa do Bispo, 202E",
        "cep": "40226-510",
        "telefone": "3331-6741",
        "foto_thumb": "http://www.terreiros.ceao.ufba.br/_FT/pq/23.jpg",
        "foto_grande": "http://www.terreiros.ceao.ufba.br/_FT/gd/23.jpg"
      }
    },
    {
      "type": "Feature",
      "geometry": {
        "type": "Point",
        "coordinates": [
          -38.5140928239288,
          -12.9997173207969
        ]
      },
      "properties": {
        "id": "24",
        "nome": "Centro Cigana Maguidala",
        "lideranca": "Maria da Conceição da Silva",
        "nacao": "Umbanda",
        "ano_fundacao": "2003",
        "regente": "Oxum, Xangô e Ogum",
        "bairro": "Alto das Pombas",
        "cep": "40226-625",
        "telefone": "3263-1567/ 3245-2639",
        "foto_thumb": "http://www.terreiros.ceao.ufba.br/_FT/pq/24.jpg",
        "foto_grande": "http://www.terreiros.ceao.ufba.br/_FT/gd/24.jpg"
      }
    },
    {
      "type": "Feature",
      "geometry": {
        "type": "Point",
        "coordinates": [
          -38.5139782050291,
          -13.0022624514243
        ]
      },
      "properties": {
        "id": "25",
        "nome": "Ilê Axé Tomin Afunfelé",
        "lideranca": "Valmir Santana da Silva",
        "nacao": "Jêje",
        "ano_fundacao": "1996",
        "regente": "Ogum",
        "bairro": "Garcia",
        "endereco": "Rua Athayde Seixas, 45B",
        "cep": "40100-260",
        "telefone": "3247-0541",
        "foto_thumb": "http://www.terreiros.ceao.ufba.br/_FT/pq/25.jpg",
        "foto_grande": "http://www.terreiros.ceao.ufba.br/_FT/gd/25.jpg"
      }
    },
    {
      "type": "Feature",
      "geometry": {
        "type": "Point",
        "coordinates": [
          -38.507459517482,
          -12.9905291446059
        ]
      },
      "properties": {
        "id": "26",
        "nome": "Terreiro do Orixalá",
        "lideranca": "Antônio Evaristo Nascimento",
        "nacao": "Keto",
        "ano_fundacao": "1966",
        "regente": "Iansã",
        "bairro": "Garcia",
        "endereco": "Rua Quintino Bocayuira, 34-A",
        "cep": "40100-240",
        "telefone": "3331-6710",
        "foto_thumb": "http://www.terreiros.ceao.ufba.br/_FT/pq/26.jpg",
        "foto_grande": "http://www.terreiros.ceao.ufba.br/_FT/gd/26.jpg"
      }
    },
    {
      "type": "Feature",
      "geometry": {
        "type": "Point",
        "coordinates": [
          -38.5073256182648,
          -12.989424571588
        ]
      },
      "properties": {
        "id": "27",
        "nome": "Não informado",
        "lideranca": "Joselita Alves Barbalho",
        "nacao": "Keto",
        "ano_fundacao": "2006",
        "regente": "Iansã",
        "bairro": "Garcia",
        "cep": "40100-370",
        "telefone": "3331-0553",
        "foto_thumb": "http://www.terreiros.ceao.ufba.br/_FT/pq/27.jpg",
        "foto_grande": "http://www.terreiros.ceao.ufba.br/_FT/gd/27.jpg"
      }
    },
    {
      "type": "Feature",
      "geometry": {
        "type": "Point",
        "coordinates": [
          -38.5092156316781,
          -12.9898108773094
        ]
      },
      "properties": {
        "id": "28",
        "nome": "Ilê Axé Odé Tolá",
        "lideranca": "Paulo Roberto S. José de Oliveira",
        "nacao": "Keto",
        "ano_fundacao": "1997",
        "regente": "Exu",
        "bairro": "Federação",
        "cep": "40210-540",
        "telefone": "3235-8119",
        "foto_thumb": "http://www.terreiros.ceao.ufba.br/_FT/pq/28.jpg",
        "foto_grande": "http://www.terreiros.ceao.ufba.br/_FT/gd/28.jpg"
      }
    },
    {
      "type": "Feature",
      "geometry": {
        "type": "Point",
        "coordinates": [
          -38.5098807581889,
          -12.9902459675052
        ]
      },
      "properties": {
        "id": "29",
        "nome": "Centro do Caboclo Erú",
        "lideranca": "Waldete Sá",
        "nacao": "Keto",
        "ano_fundacao": "1991",
        "regente": "Oxalá",
        "bairro": "Alto das Pombas",
        "endereco": "Rua do Riacho, Calabar",
        "cep": "40226-540",
        "telefone": "3247-5394",
        "foto_thumb": "http://www.terreiros.ceao.ufba.br/_FT/pq/29.jpg",
        "foto_grande": "http://www.terreiros.ceao.ufba.br/_FT/gd/29.jpg"
      }
    },
    {
      "type": "Feature",
      "geometry": {
        "type": "Point",
        "coordinates": [
          -38.5148496785109,
          -13.0027628349288
        ]
      },
      "properties": {
        "id": "30",
        "nome": "Giro de Caboclo",
        "lideranca": "José Carlos da Silva Dias (Pai Kakaio)",
        "nacao": "Keto",
        "ano_fundacao": "1994",
        "regente": "Oxóssi",
        "bairro": "Alto das Pombas",
        "endereco": "Rua Benício Ramos",
        "cep": "40251-380",
        "telefone": "3245-4793/ 9916-6514",
        "foto_thumb": "http://www.terreiros.ceao.ufba.br/_FT/pq/30.jpg",
        "foto_grande": "http://www.terreiros.ceao.ufba.br/_FT/gd/30.jpg"
      }
    },
    {
      "type": "Feature",
      "geometry": {
        "type": "Point",
        "coordinates": [
          -38.5138145954,
          -12.9991254001
        ]
      },
      "properties": {
        "id": "31",
        "nome": "Ilê Axé Obá Leodé",
        "lideranca": "Railton Ferreira dos Santos",
        "nacao": "Keto",
        "ano_fundacao": "1942",
        "regente": "Xangô",
        "bairro": "Acupe de Brotas",
        "endereco": "Rua Assis Sampaio",
        "cep": "40290-000",
        "telefone": "8854-4317",
        "foto_thumb": "http://www.terreiros.ceao.ufba.br/_FT/pq/31.jpg",
        "foto_grande": "http://www.terreiros.ceao.ufba.br/_FT/gd/31.jpg"
      }
    },
    {
      "type": "Feature",
      "geometry": {
        "type": "Point",
        "coordinates": [
          -38.4927211411601,
          -12.9931035881741
        ]
      },
      "properties": {
        "id": "32",
        "nome": "Ilê Axé Ibá Oxum",
        "lideranca": "Maria da Paz Santos",
        "nacao": "Keto",
        "ano_fundacao": "1951",
        "regente": "Oxum",
        "bairro": "Brotas",
        "endereco": "Rua do Coqueiro, 1 , Alto da Saldanha",
        "cep": "40280-150",
        "telefone": "3452-8034",
        "foto_thumb": "http://www.terreiros.ceao.ufba.br/_FT/pq/32.jpg",
        "foto_grande": "http://www.terreiros.ceao.ufba.br/_FT/gd/32.jpg"
      }
    },
    {
      "type": "Feature",
      "geometry": {
        "type": "Point",
        "coordinates": [
          -38.4766392125924,
          -12.9895751043984
        ]
      },
      "properties": {
        "id": "33",
        "nome": "Ilê Axé Alá Tomi Oxum",
        "lideranca": "Alex Fabiano de Sena Batista",
        "nacao": "Keto",
        "ano_fundacao": "1994",
        "regente": "Oxum e Oxaguiã",
        "bairro": "Alto das Pombas",
        "endereco": "Rua Teixeira Mendes, 16, Trav. Maria Imaculada",
        "cep": "40216-550",
        "telefone": "3245-8903",
        "foto_thumb": "http://www.terreiros.ceao.ufba.br/_FT/pq/33.jpg",
        "foto_grande": "http://www.terreiros.ceao.ufba.br/_FT/gd/33.jpg"
      }
    },
    {
      "type": "Feature",
      "geometry": {
        "type": "Point",
        "coordinates": [
          -38.5136070591066,
          -13.002473062724
        ]
      },
      "properties": {
        "id": "34",
        "nome": "Não informado",
        "lideranca": "Claudilene dos Santos de Jesus",
        "nacao": "Keto Jêje",
        "ano_fundacao": "1996",
        "regente": "Exu",
        "bairro": "Alto das Pombas",
        "cep": "40210-460",
        "telefone": "8886-2891",
        "foto_thumb": "http://www.terreiros.ceao.ufba.br/_FT/pq/34.jpg",
        "foto_grande": "http://www.terreiros.ceao.ufba.br/_FT/gd/34.jpg"
      }
    },
    {
      "type": "Feature",
      "geometry": {
        "type": "Point",
        "coordinates": [
          -38.5140616653788,
          -13.0023046546542
        ]
      },
      "properties": {
        "id": "35",
        "nome": "Não informado",
        "lideranca": "Hildo Machado dos Santos",
        "nacao": "Alaketo",
        "ano_fundacao": "1998",
        "regente": "Xangô e Iemanjá",
        "bairro": "Alto das Pombas",
        "endereco": "Rua Teixeira Mendes, Trav. Pilão sem Tampa",
        "cep": "40210-550",
        "telefone": "3331-8493",
        "foto_thumb": "http://www.terreiros.ceao.ufba.br/_FT/pq/35.jpg",
        "foto_grande": "http://www.terreiros.ceao.ufba.br/_FT/gd/35.jpg"
      }
    },
    {
      "type": "Feature",
      "geometry": {
        "type": "Point",
        "coordinates": [
          -38.512349536507,
          -13.0008733976281
        ]
      },
      "properties": {
        "id": "36",
        "nome": "Não informado",
        "lideranca": "Adelson Pereira Nepomuceno",
        "nacao": "Keto",
        "ano_fundacao": "1953",
        "regente": "Oxum",
        "bairro": "Alto das Pombas",
        "endereco": "Rua Teixeira Mendes, 3",
        "cep": "40210-580",
        "telefone": "3383-1152",
        "foto_thumb": "http://www.terreiros.ceao.ufba.br/_FT/pq/36.jpg",
        "foto_grande": "http://www.terreiros.ceao.ufba.br/_FT/gd/36.jpg"
      }
    },
    {
      "type": "Feature",
      "geometry": {
        "type": "Point",
        "coordinates": [
          -38.5126284512165,
          -13.0017058467503
        ]
      },
      "properties": {
        "id": "37",
        "nome": "Unzo Kaiango Kyanguzu",
        "lideranca": "Ana Maria dos Santos",
        "nacao": "Angola",
        "ano_fundacao": "1976",
        "regente": "Iansã",
        "bairro": "Federação",
        "endereco": "Rua Pedro Gama ,74",
        "cep": "40240-660",
        "telefone": "3237-5878",
        "foto_thumb": "http://www.terreiros.ceao.ufba.br/_FT/pq/37.jpg",
        "foto_grande": "http://www.terreiros.ceao.ufba.br/_FT/gd/37.jpg"
      }
    },
    {
      "type": "Feature",
      "geometry": {
        "type": "Point",
        "coordinates": [
          -38.4981147743438,
          -12.9954019924855
        ]
      },
      "properties": {
        "id": "39",
        "nome": "Ilê Ôba Carilê",
        "lideranca": "Valdelice S. Barbosa",
        "nacao": "Keto",
        "ano_fundacao": "1946",
        "regente": "Iansã",
        "bairro": "Brotas",
        "endereco": "Rua Arquimedes Gonzaga , 76",
        "cep": "40243-700",
        "telefone": "3381-2414",
        "foto_thumb": "http://www.terreiros.ceao.ufba.br/_FT/pq/39.jpg",
        "foto_grande": "http://www.terreiros.ceao.ufba.br/_FT/gd/39.jpg"
      }
    },
    {
      "type": "Feature",
      "geometry": {
        "type": "Point",
        "coordinates": [
          -38.5106424201617,
          -12.9914041960536
        ]
      },
      "properties": {
        "id": "40",
        "nome": "Não informado",
        "lideranca": "Jeferson de Santa Cecília",
        "nacao": "Jêje",
        "ano_fundacao": "1991",
        "regente": "Oxumaré",
        "bairro": "Eng. Velho de Brotas",
        "cep": "40240-400",
        "telefone": "3381-0186",
        "foto_thumb": "http://www.terreiros.ceao.ufba.br/_FT/pq/40.jpg",
        "foto_grande": "http://www.terreiros.ceao.ufba.br/_FT/gd/40.jpg"
      }
    },
    {
      "type": "Feature",
      "geometry": {
        "type": "Point",
        "coordinates": [
          -38.5027025504968,
          -12.9834127011647
        ]
      },
      "properties": {
        "id": "41",
        "nome": "Ilê Axé Omim Ijexá Yalorixá Oromim Kaiodo",
        "lideranca": "Niralva Oliveira",
        "nacao": "Keto Angola",
        "ano_fundacao": "1975",
        "regente": "Oxum",
        "bairro": "Vasco da Gama",
        "endereco": "Rua Dique Pequeno, 40",
        "cep": "40240-110",
        "telefone": "3383-1208",
        "foto_thumb": "http://www.terreiros.ceao.ufba.br/_FT/pq/41.jpg",
        "foto_grande": "http://www.terreiros.ceao.ufba.br/_FT/gd/41.jpg"
      }
    },
    {
      "type": "Feature",
      "geometry": {
        "type": "Point",
        "coordinates": [
          -38.5023833319901,
          -12.9818513032932
        ]
      },
      "properties": {
        "id": "43",
        "nome": "Ilê Axé Ogum Omim Farã",
        "lideranca": "Ivonilton Barbosa da Silva",
        "nacao": "Keto",
        "ano_fundacao": "1951",
        "regente": "Ogum",
        "bairro": "Cosme de Farias",
        "endereco": "Rua Edson Saldanha, 37-E",
        "cep": "40255-670",
        "telefone": "8827-5263",
        "foto_thumb": "http://www.terreiros.ceao.ufba.br/_FT/pq/43.jpg",
        "foto_grande": "http://www.terreiros.ceao.ufba.br/_FT/gd/43.jpg"
      }
    },
    {
      "type": "Feature",
      "geometry": {
        "type": "Point",
        "coordinates": [
          -38.4837934249501,
          -12.9783804814246
        ]
      },
      "properties": {
        "id": "45",
        "nome": "Ilê Axé Obá Adinilá",
        "lideranca": "Jaciara dos Santos",
        "nacao": "Keto",
        "ano_fundacao": "1978",
        "regente": "Xangô",
        "bairro": "Garcia",
        "endereco": "Rua Manoel Velho, 1",
        "cep": "40100-320",
        "telefone": "3247-0725",
        "foto_thumb": "http://www.terreiros.ceao.ufba.br/_FT/pq/45.jpg",
        "foto_grande": "http://www.terreiros.ceao.ufba.br/_FT/gd/45.jpg"
      }
    },
    {
      "type": "Feature",
      "geometry": {
        "type": "Point",
        "coordinates": [
          -38.5109425836976,
          -12.9936665777999
        ]
      },
      "properties": {
        "id": "46",
        "nome": "Ilê Erinle Axé Ode Ifiolá",
        "lideranca": "Carlos Alberto Nascimento Santiago",
        "nacao": "Keto",
        "ano_fundacao": "2000",
        "regente": "Oxóssi",
        "bairro": "Garcia",
        "endereco": "Rua D. Manoel I, 39",
        "cep": "40100-190",
        "telefone": "3235-3333",
        "foto_thumb": "http://www.terreiros.ceao.ufba.br/_FT/pq/46.jpg",
        "foto_grande": "http://www.terreiros.ceao.ufba.br/_FT/gd/46.jpg"
      }
    },
    {
      "type": "Feature",
      "geometry": {
        "type": "Point",
        "coordinates": [
          -38.5009946153672,
          -12.9892970822328
        ]
      },
      "properties": {
        "id": "47",
        "nome": "Terreiro de Oxossi Pena Branca",
        "lideranca": "Hildete Barreto dos Santos (Detinha)",
        "nacao": "Caboclo  Nagô",
        "ano_fundacao": "1966",
        "regente": "Oxóssi Pena Branca",
        "bairro": "Garcia",
        "endereco": "Rua D. Manuel I, 40",
        "cep": "40100-190",
        "telefone": "3237-6463",
        "foto_thumb": "http://www.terreiros.ceao.ufba.br/_FT/pq/47.jpg",
        "foto_grande": "http://www.terreiros.ceao.ufba.br/_FT/gd/47.jpg"
      }
    },
    {
      "type": "Feature",
      "geometry": {
        "type": "Point",
        "coordinates": [
          -38.5110974583572,
          -12.9916201146489
        ]
      },
      "properties": {
        "id": "48",
        "nome": "Não informado",
        "lideranca": "Teodora dos Santos Azevedo",
        "nacao": "Keto Angola Ijexá",
        "ano_fundacao": "1966",
        "regente": "Caboclo Rei dos Troncos",
        "bairro": "Garcia",
        "endereco": "Rua D. Manoel I, 54E",
        "cep": "40100-190",
        "telefone": "3237-5741",
        "foto_thumb": "http://www.terreiros.ceao.ufba.br/_FT/pq/48.jpg",
        "foto_grande": "http://www.terreiros.ceao.ufba.br/_FT/gd/48.jpg"
      }
    },
    {
      "type": "Feature",
      "geometry": {
        "type": "Point",
        "coordinates": [
          -38.5114686753627,
          -12.9915433584383
        ]
      },
      "properties": {
        "id": "49",
        "nome": "Terreiro Santa Luiza",
        "lideranca": "Laura Juliana Borges",
        "nacao": "Angola",
        "ano_fundacao": "1946",
        "regente": "Oxóssi",
        "bairro": "Garcia",
        "endereco": "Rua Padre Domingos de Brito, 34, 1ª travessa",
        "cep": "40105-370",
        "telefone": "3176-3162",
        "foto_thumb": "http://www.terreiros.ceao.ufba.br/_FT/pq/49.jpg",
        "foto_grande": "http://www.terreiros.ceao.ufba.br/_FT/gd/49.jpg"
      }
    },
    {
      "type": "Feature",
      "geometry": {
        "type": "Point",
        "coordinates": [
          -38.5087667481747,
          -12.9918467710641
        ]
      },
      "properties": {
        "id": "50",
        "nome": "Ilê Axé Oaragã",
        "lideranca": "Euvanice Souza Lopes",
        "nacao": "Keto",
        "ano_fundacao": "1989",
        "regente": "Iansã Balé",
        "bairro": "Garcia",
        "endereco": "Rua Quintino Bocayuva, 39",
        "cep": "40110-240",
        "telefone": "3332-3765",
        "foto_thumb": "http://www.terreiros.ceao.ufba.br/_FT/pq/50.jpg",
        "foto_grande": "http://www.terreiros.ceao.ufba.br/_FT/gd/50.jpg"
      }
    },
    {
      "type": "Feature",
      "geometry": {
        "type": "Point",
        "coordinates": [
          -38.5071026470031,
          -12.9895991358799
        ]
      },
      "properties": {
        "id": "52",
        "nome": "Zogodo Bogum Male Rundó",
        "lideranca": "Zaídes Iracema de Melo",
        "nacao": "Jêje",
        "ano_fundacao": "1835",
        "regente": "Bafonó",
        "bairro": "Eng. V. da Federação",
        "cep": "40320-220",
        "telefone": "3334-5881",
        "foto_thumb": "http://www.terreiros.ceao.ufba.br/_FT/pq/52.jpg",
        "foto_grande": "http://www.terreiros.ceao.ufba.br/_FT/gd/52.jpg"
      }
    },
    {
      "type": "Feature",
      "geometry": {
        "type": "Point",
        "coordinates": [
          -38.4949493723718,
          -12.9979960162963
        ]
      },
      "properties": {
        "id": "53",
        "nome": "Tanurí Junçara",
        "lideranca": "Elisabeth S. da Hora",
        "nacao": "Angola",
        "ano_fundacao": "1955",
        "regente": "Dandalunda",
        "bairro": "Eng. V. da Federação",
        "endereco": "Rua Apolinário de Santana, 140",
        "cep": "40200-102",
        "telefone": "3203-7577",
        "foto_thumb": "http://www.terreiros.ceao.ufba.br/_FT/pq/53.jpg",
        "foto_grande": "http://www.terreiros.ceao.ufba.br/_FT/gd/53.jpg"
      }
    },
    {
      "type": "Feature",
      "geometry": {
        "type": "Point",
        "coordinates": [
          -38.4968955882158,
          -12.9995715056016
        ]
      },
      "properties": {
        "id": "54",
        "nome": "Ylê Ojo Bomim",
        "lideranca": "Elisabete Santos Conceição",
        "nacao": "Keto",
        "ano_fundacao": "1967",
        "regente": "Ogum",
        "bairro": "Eng. V. da Federação",
        "cep": "40221-110",
        "telefone": "3203-7692",
        "foto_thumb": "http://www.terreiros.ceao.ufba.br/_FT/pq/54.jpg",
        "foto_grande": "http://www.terreiros.ceao.ufba.br/_FT/gd/54.jpg"
      }
    },
    {
      "type": "Feature",
      "geometry": {
        "type": "Point",
        "coordinates": [
          -38.4939893896579,
          -12.9991605555112
        ]
      },
      "properties": {
        "id": "55",
        "nome": "Ylê Axé Omim Onado",
        "lideranca": "Álvaro Simões",
        "nacao": "Keto",
        "ano_fundacao": "2000",
        "regente": "Oxum",
        "bairro": "Eng. V. da Federação",
        "endereco": "Rua Xisto Bahia, Trav. Cosme, 22",
        "cep": "40220-350",
        "telefone": "3334-4519",
        "foto_thumb": "http://www.terreiros.ceao.ufba.br/_FT/pq/55.jpg",
        "foto_grande": "http://www.terreiros.ceao.ufba.br/_FT/gd/55.jpg"
      }
    },
    {
      "type": "Feature",
      "geometry": {
        "type": "Point",
        "coordinates": [
          -38.4931811352997,
          -12.9974921676286
        ]
      },
      "properties": {
        "id": "56",
        "nome": "Odê Mirim",
        "lideranca": "Waldelice Maria dos Santos",
        "nacao": "Angola",
        "ano_fundacao": "1906",
        "regente": "Oxóssi",
        "bairro": "Eng. V. da Federação",
        "endereco": "Rua Apolinário de Santana, 48",
        "cep": "40220-110",
        "telefone": "3203-6648",
        "foto_thumb": "http://www.terreiros.ceao.ufba.br/_FT/pq/56.jpg",
        "foto_grande": "http://www.terreiros.ceao.ufba.br/_FT/gd/56.jpg"
      }
    },
    {
      "type": "Feature",
      "geometry": {
        "type": "Point",
        "coordinates": [
          -38.4991511748612,
          -13.0013927205016
        ]
      },
      "properties": {
        "id": "57",
        "nome": "Terreiro do Cobre",
        "lideranca": "Valnizia Pereira de Oliveira",
        "nacao": "Keto",
        "ano_fundacao": "1906",
        "regente": "Xangô",
        "bairro": "Eng. V. da Federação",
        "endereco": "Rua Apolinário de Santana, 154",
        "cep": "40220-110",
        "telefone": "3203-7131",
        "foto_thumb": "http://www.terreiros.ceao.ufba.br/_FT/pq/57.jpg",
        "foto_grande": "http://www.terreiros.ceao.ufba.br/_FT/gd/57.jpg"
      }
    },
    {
      "type": "Feature",
      "geometry": {
        "type": "Point",
        "coordinates": [
          -38.4973193734712,
          -12.9997023743885
        ]
      },
      "properties": {
        "id": "58",
        "nome": "Ylê Axé Mana Dandalunda Oya",
        "lideranca": "Paulo César do E. Santo Barros",
        "nacao": "Keto",
        "ano_fundacao": "1975",
        "regente": "Oxóssi",
        "bairro": "Eng. V. da Federação",
        "endereco": "Rua Apolinário de Santana, 209",
        "cep": "40221-110",
        "telefone": "3261-3426",
        "foto_thumb": "http://www.terreiros.ceao.ufba.br/_FT/pq/58.jpg",
        "foto_grande": "http://www.terreiros.ceao.ufba.br/_FT/gd/58.jpg"
      }
    },
    {
      "type": "Feature",
      "geometry": {
        "type": "Point",
        "coordinates": [
          -38.4961438317292,
          -12.9994319065643
        ]
      },
      "properties": {
        "id": "59",
        "nome": "Centro de Giro Ogum de Cariri",
        "lideranca": "Roberto Santos Pereira",
        "nacao": "Angola",
        "ano_fundacao": "1971",
        "regente": "Ogum",
        "bairro": "Eng. V. da Federação",
        "endereco": "2ª Trav. São José, 64E",
        "cep": "40220-110",
        "telefone": "3332-0171",
        "foto_thumb": "http://www.terreiros.ceao.ufba.br/_FT/pq/59.jpg",
        "foto_grande": "http://www.terreiros.ceao.ufba.br/_FT/gd/59.jpg"
      }
    },
    {
      "type": "Feature",
      "geometry": {
        "type": "Point",
        "coordinates": [
          -38.4963632577267,
          -12.9988667711855
        ]
      },
      "properties": {
        "id": "61",
        "nome": "Ôgum Deui",
        "lideranca": "Isaura Araújo Silva",
        "nacao": "Keto",
        "ano_fundacao": "1971",
        "regente": "Ogum",
        "bairro": "Cosme de Farias",
        "endereco": "Rua Alto do Formoso , 11",
        "cep": "40250-330",
        "telefone": "3244-2999/ 8108-6057",
        "foto_thumb": "http://www.terreiros.ceao.ufba.br/_FT/pq/61.jpg",
        "foto_grande": "http://www.terreiros.ceao.ufba.br/_FT/gd/61.jpg"
      }
    },
    {
      "type": "Feature",
      "geometry": {
        "type": "Point",
        "coordinates": [
          -38.4910505921312,
          -12.9785076655652
        ]
      },
      "properties": {
        "id": "64",
        "nome": "Ilê Axé Kaió Oyá Iranji",
        "lideranca": "Herminia Cruz da Conceição",
        "nacao": "Keto",
        "ano_fundacao": "1976",
        "regente": "Oiá",
        "bairro": "Uruguai",
        "endereco": "Rua Obaluaê (Antiga São Braz) , 26",
        "cep": "40450-160",
        "telefone": "3314-7943",
        "foto_thumb": "http://www.terreiros.ceao.ufba.br/_FT/pq/64.jpg",
        "foto_grande": "http://www.terreiros.ceao.ufba.br/_FT/gd/64.jpg"
      }
    },
    {
      "type": "Feature",
      "geometry": {
        "type": "Point",
        "coordinates": [
          -38.4962710391627,
          -12.9378764817463
        ]
      },
      "properties": {
        "id": "65",
        "nome": "Ilê Oiá Ogum Axé",
        "lideranca": "Lindinalva Silva Santana",
        "nacao": "Keto",
        "ano_fundacao": "2000",
        "regente": "Iansã",
        "bairro": "Cosme de Farias",
        "cep": "40250-230",
        "telefone": "3244-8426",
        "foto_thumb": "http://www.terreiros.ceao.ufba.br/_FT/pq/65.jpg",
        "foto_grande": "http://www.terreiros.ceao.ufba.br/_FT/gd/65.jpg"
      }
    },
    {
      "type": "Feature",
      "geometry": {
        "type": "Point",
        "coordinates": [
          -38.4895499959058,
          -12.9772834580261
        ]
      },
      "properties": {
        "id": "66",
        "nome": "Ilê Obâ Dêmin",
        "lideranca": "Sergina Juvencia dos Anjos",
        "nacao": "Keto",
        "ano_fundacao": "1942",
        "regente": "Xangô",
        "bairro": "Cosme de Farias",
        "endereco": "Rua Alto do Formoso , 8 A",
        "cep": "40250-180",
        "telefone": "3389-3259",
        "foto_thumb": "http://www.terreiros.ceao.ufba.br/_FT/pq/66.jpg",
        "foto_grande": "http://www.terreiros.ceao.ufba.br/_FT/gd/66.jpg"
      }
    },
    {
      "type": "Feature",
      "geometry": {
        "type": "Point",
        "coordinates": [
          -38.4910590415724,
          -12.9793207467654
        ]
      },
      "properties": {
        "id": "67",
        "nome": "Ilê Milaia",
        "lideranca": "Célia França de Oliveira",
        "nacao": "Ijexá Keto",
        "ano_fundacao": "1976",
        "regente": "Caboclo Caipó",
        "bairro": "Cosme de Farias",
        "endereco": "Rua Jaguarai, 19, fundo",
        "cep": "40254-126",
        "telefone": "3383-2916",
        "foto_thumb": "http://www.terreiros.ceao.ufba.br/_FT/pq/67.jpg",
        "foto_grande": "http://www.terreiros.ceao.ufba.br/_FT/gd/67.jpg"
      }
    },
    {
      "type": "Feature",
      "geometry": {
        "type": "Point",
        "coordinates": [
          -38.4894529340324,
          -12.9793618137404
        ]
      },
      "properties": {
        "id": "68",
        "nome": "Ilê Axé Omin Odó Oxum Apará",
        "lideranca": "Antônia Correia dos Santos",
        "nacao": "Keto",
        "ano_fundacao": "1991",
        "regente": "Oxum",
        "bairro": "Cosme de Farias",
        "endereco": "Rua Jaguarari, 1ª Trav. Domingo Lopes, 19 fundo",
        "cep": "40254-126",
        "telefone": "3233-2546",
        "foto_thumb": "http://www.terreiros.ceao.ufba.br/_FT/pq/68.jpg",
        "foto_grande": "http://www.terreiros.ceao.ufba.br/_FT/gd/68.jpg"
      }
    },
    {
      "type": "Feature",
      "geometry": {
        "type": "Point",
        "coordinates": [
          -38.4889953115107,
          -12.9788349473651
        ]
      },
      "properties": {
        "id": "69",
        "nome": "Ilê Axé Omin Ôro",
        "lideranca": "Iraci da Silva Gomes",
        "nacao": "Keto",
        "ano_fundacao": "1976",
        "regente": "Oxum",
        "bairro": "Cosme de Farias",
        "endereco": "Rua São Damião , 130",
        "cep": "40253-820",
        "telefone": "3381-1383",
        "foto_thumb": "http://www.terreiros.ceao.ufba.br/_FT/pq/69.jpg",
        "foto_grande": "http://www.terreiros.ceao.ufba.br/_FT/gd/69.jpg"
      }
    },
    {
      "type": "Feature",
      "geometry": {
        "type": "Point",
        "coordinates": [
          -38.4860924867354,
          -12.9778914540441
        ]
      },
      "properties": {
        "id": "70",
        "nome": "Ilê Axé Iyá Nassô Oká (Terreiro da Casa Branca)",
        "lideranca": "Altamira Celina dos Santos",
        "nacao": "Keto",
        "ano_fundacao": "1735",
        "regente": "Xangô, Oxum e Obaluaê",
        "bairro": "Vasco da Gama",
        "cep": "40230-731",
        "telefone": "3334-2900/ 9195-0651",
        "foto_thumb": "http://www.terreiros.ceao.ufba.br/_FT/pq/70.jpg",
        "foto_grande": "http://www.terreiros.ceao.ufba.br/_FT/gd/70.jpg"
      }
    },
    {
      "type": "Feature",
      "geometry": {
        "type": "Point",
        "coordinates": [
          -38.4945812743551,
          -12.996759771005
        ]
      },
      "properties": {
        "id": "71",
        "nome": "Ylê Axé Oxumarê",
        "lideranca": "Silvamilton Encarnação",
        "nacao": "Keto",
        "ano_fundacao": "1836",
        "regente": "Oxumaré",
        "bairro": "Vasco da Gama",
        "cep": "40230-090",
        "telefone": "3247-1130/ 3237-2859",
        "foto_thumb": "http://www.terreiros.ceao.ufba.br/_FT/pq/71.jpg",
        "foto_grande": "http://www.terreiros.ceao.ufba.br/_FT/gd/71.jpg"
      }
    },
    {
      "type": "Feature",
      "geometry": {
        "type": "Point",
        "coordinates": [
          -38.4987810725719,
          -12.9935710254348
        ]
      },
      "properties": {
        "id": "72",
        "nome": "Ilè Àse Ewé",
        "lideranca": "Cleonice Dias da Paixão",
        "nacao": "Keto",
        "ano_fundacao": "1972",
        "regente": "Ossaim",
        "bairro": "Vasco da Gama",
        "endereco": "Rua Caminho de Dentro, 242",
        "cep": "40431-170",
        "telefone": "3261-0022",
        "foto_thumb": "http://www.terreiros.ceao.ufba.br/_FT/pq/72.jpg",
        "foto_grande": "http://www.terreiros.ceao.ufba.br/_FT/gd/72.jpg"
      }
    },
    {
      "type": "Feature",
      "geometry": {
        "type": "Point",
        "coordinates": [
          -38.5020754747358,
          -12.9896181529579
        ]
      },
      "properties": {
        "id": "73",
        "nome": "Terreiro Tolomin",
        "lideranca": "Angelita Pereira Ferreira",
        "nacao": "Keto",
        "ano_fundacao": "1987",
        "regente": "Ogum",
        "bairro": "Eng. Velho de Brotas",
        "endereco": "Rua Maria Felipa ,  Av. Beta, 47",
        "cep": "40243-090",
        "telefone": "3321-1467",
        "foto_thumb": "http://www.terreiros.ceao.ufba.br/_FT/pq/73.jpg",
        "foto_grande": "http://www.terreiros.ceao.ufba.br/_FT/gd/73.jpg"
      }
    },
    {
      "type": "Feature",
      "geometry": {
        "type": "Point",
        "coordinates": [
          -38.5038947084146,
          -12.9860094784126
        ]
      },
      "properties": {
        "id": "74",
        "nome": "Jinge Junçara",
        "lideranca": "Jaciara Conceição Santana",
        "nacao": "Angola",
        "ano_fundacao": "1954",
        "regente": "Zazi",
        "bairro": "Eng. Velho de Brotas",
        "endereco": "Rua José Ramos, 46",
        "cep": "40243-520",
        "telefone": "3261-8258",
        "foto_thumb": "http://www.terreiros.ceao.ufba.br/_FT/pq/74.jpg",
        "foto_grande": "http://www.terreiros.ceao.ufba.br/_FT/gd/74.jpg"
      }
    },
    {
      "type": "Feature",
      "geometry": {
        "type": "Point",
        "coordinates": [
          -38.5007711456912,
          -12.9917372203831
        ]
      },
      "properties": {
        "id": "75",
        "nome": "Alá Omin Axé",
        "lideranca": "Josilton C. Damasceno",
        "nacao": "Keto",
        "ano_fundacao": "1983",
        "regente": "Oxalá",
        "bairro": "Vasco da Gama",
        "endereco": "Rua Dique Pequeno, 03 Fundo",
        "cep": "40240-112",
        "telefone": "3383-1364",
        "foto_thumb": "http://www.terreiros.ceao.ufba.br/_FT/pq/75.jpg",
        "foto_grande": "http://www.terreiros.ceao.ufba.br/_FT/gd/75.jpg"
      }
    },
    {
      "type": "Feature",
      "geometry": {
        "type": "Point",
        "coordinates": [
          -38.5027048097801,
          -12.9822108116831
        ]
      },
      "properties": {
        "id": "76",
        "nome": "Abaça Amazi",
        "lideranca": "Aida Almeida Costa",
        "nacao": "Angola",
        "ano_fundacao": "1981",
        "regente": "Oxum",
        "bairro": "Vasco da Gama",
        "endereco": "Rua José Ramos. 176",
        "cep": "40243-520",
        "telefone": "3261-3357",
        "foto_thumb": "http://www.terreiros.ceao.ufba.br/_FT/pq/76.jpg",
        "foto_grande": "http://www.terreiros.ceao.ufba.br/_FT/gd/76.jpg"
      }
    },
    {
      "type": "Feature",
      "geometry": {
        "type": "Point",
        "coordinates": [
          -38.5010603760583,
          -12.9914603503706
        ]
      },
      "properties": {
        "id": "77",
        "nome": "Demboaquenan",
        "lideranca": "Albertina de Souza Dantas",
        "nacao": "Angola",
        "ano_fundacao": "1946",
        "regente": "Luango",
        "bairro": "Vasco da Gama",
        "endereco": "Rua Rômulo de Almeida,  426E",
        "cep": "40290-020",
        "telefone": "3357-3648/ 8884-4286",
        "foto_thumb": "http://www.terreiros.ceao.ufba.br/_FT/pq/77.jpg",
        "foto_grande": "http://www.terreiros.ceao.ufba.br/_FT/gd/77.jpg"
      }
    },
    {
      "type": "Feature",
      "geometry": {
        "type": "Point",
        "coordinates": [
          -38.4899884796965,
          -12.9932462888216
        ]
      },
      "properties": {
        "id": "78",
        "nome": "Ilê Axé Ibá Oluaeí  Ilê Axé Ibá Ogum",
        "lideranca": "Maria Adélia Santana dos Reis",
        "nacao": "Keto",
        "ano_fundacao": "1890",
        "regente": "Ogum",
        "bairro": "Vasco da Gama",
        "cep": "40230-680",
        "telefone": "3332-3937",
        "foto_thumb": "http://www.terreiros.ceao.ufba.br/_FT/pq/78.jpg",
        "foto_grande": "http://www.terreiros.ceao.ufba.br/_FT/gd/78.jpg"
      }
    },
    {
      "type": "Feature",
      "geometry": {
        "type": "Point",
        "coordinates": [
          -38.4970332451439,
          -12.9967129455014
        ]
      },
      "properties": {
        "id": "79",
        "nome": "Casa Recreativa São Jorge",
        "lideranca": "Elizabete Ferreira Passos",
        "nacao": "Keto",
        "ano_fundacao": "0",
        "regente": "Oxóssi",
        "bairro": "Vasco da Gama",
        "cep": "40243-370",
        "telefone": "3261-4130",
        "foto_thumb": "http://www.terreiros.ceao.ufba.br/_FT/pq/79.jpg",
        "foto_grande": "http://www.terreiros.ceao.ufba.br/_FT/gd/79.jpg"
      }
    },
    {
      "type": "Feature",
      "geometry": {
        "type": "Point",
        "coordinates": [
          -38.5005025554616,
          -12.9906626926821
        ]
      },
      "properties": {
        "id": "80",
        "nome": "Ilê Oxum Pondá",
        "lideranca": "Valdelice Pereira da Silva",
        "nacao": "Keto",
        "ano_fundacao": "1984",
        "regente": "Oxum",
        "bairro": "Boca do Rio",
        "endereco": "Rua Hélio Machado , 108",
        "cep": "41710-200",
        "telefone": "3392-0232/ 3232-1460",
        "foto_thumb": "http://www.terreiros.ceao.ufba.br/_FT/pq/80.jpg",
        "foto_grande": "http://www.terreiros.ceao.ufba.br/_FT/gd/80.jpg"
      }
    },
    {
      "type": "Feature",
      "geometry": {
        "type": "Point",
        "coordinates": [
          -38.432141718894,
          -12.9789134101521
        ]
      },
      "properties": {
        "id": "81",
        "nome": "Nanã Coroci Dewá",
        "lideranca": "Carmelita Araújo da Purificação",
        "nacao": "Keto",
        "ano_fundacao": "1976",
        "regente": "Nanã",
        "bairro": "Sete de Abril",
        "endereco": "Rua Santo Antonio, 162E",
        "cep": "41385-190",
        "telefone": "3393-2143",
        "foto_thumb": "http://www.terreiros.ceao.ufba.br/_FT/pq/81.jpg",
        "foto_grande": "http://www.terreiros.ceao.ufba.br/_FT/gd/81.jpg"
      }
    },
    {
      "type": "Feature",
      "geometry": {
        "type": "Point",
        "coordinates": [
          -38.4303941029603,
          -12.910836614062
        ]
      },
      "properties": {
        "id": "82",
        "nome": "Terreiro Viva Deus Neto",
        "lideranca": "Hilda Miranda do A. Divino",
        "nacao": "Angola",
        "ano_fundacao": "1977",
        "regente": "Ogum de Ronda",
        "bairro": "Boca do Rio",
        "endereco": "Rua Emiliano Galiza, 52",
        "cep": "41706-770",
        "telefone": "3230-8794",
        "foto_thumb": "http://www.terreiros.ceao.ufba.br/_FT/pq/82.jpg",
        "foto_grande": "http://www.terreiros.ceao.ufba.br/_FT/gd/82.jpg"
      }
    },
    {
      "type": "Feature",
      "geometry": {
        "type": "Point",
        "coordinates": [
          -38.4271027841509,
          -12.9741835878006
        ]
      },
      "properties": {
        "id": "83",
        "nome": "Ibá Faron",
        "lideranca": "Edith Maria da Silva",
        "nacao": "Jêje Keto",
        "ano_fundacao": "1961",
        "regente": "Oxalá",
        "bairro": "Boca do Rio",
        "endereco": "Rua Bernadete Dias , 15",
        "cep": "41710-040",
        "telefone": "3392-0232"
      }
    },
    {
      "type": "Feature",
      "geometry": {
        "type": "Point",
        "coordinates": [
          -38.4309044979371,
          -12.9766587732125
        ]
      },
      "properties": {
        "id": "84",
        "nome": "Ilê Axé Ocuta Inã",
        "lideranca": "Antônio Eraclio R. Assis",
        "nacao": "Keto",
        "ano_fundacao": "1992",
        "regente": "Oxum",
        "bairro": "Pituaçu",
        "endereco": "Rua Iracema, 1",
        "cep": "41740-140",
        "telefone": "3363-4284",
        "foto_thumb": "http://www.terreiros.ceao.ufba.br/_FT/pq/84.jpg",
        "foto_grande": "http://www.terreiros.ceao.ufba.br/_FT/gd/84.jpg"
      }
    },
    {
      "type": "Feature",
      "geometry": {
        "type": "Point",
        "coordinates": [
          -38.4140489377869,
          -12.9679681101159
        ]
      },
      "properties": {
        "id": "85",
        "nome": "Ilê Odô Ogê  Pilão de Prata",
        "lideranca": "Air José Souza de Jesus",
        "nacao": "Keto",
        "ano_fundacao": "1962",
        "regente": "Oxalá e Oxum",
        "bairro": "Boca do Rio",
        "cep": "41705-140",
        "telefone": "9185-5771",
        "foto_thumb": "http://www.terreiros.ceao.ufba.br/_FT/pq/85.jpg",
        "foto_grande": "http://www.terreiros.ceao.ufba.br/_FT/gd/85.jpg"
      }
    },
    {
      "type": "Feature",
      "geometry": {
        "type": "Point",
        "coordinates": [
          -38.4368769598235,
          -12.9782259659238
        ]
      },
      "properties": {
        "id": "86",
        "nome": "Ilê Axé Oyá Daraunké",
        "lideranca": "Ana Lucia da Silva de Oliveira",
        "nacao": "Keto",
        "ano_fundacao": "2005",
        "regente": "Iansã",
        "bairro": "Boca do Rio",
        "endereco": "Rua Eduardo Campos, 72",
        "cep": "41705-230",
        "telefone": "3231-1446",
        "foto_thumb": "http://www.terreiros.ceao.ufba.br/_FT/pq/86.jpg",
        "foto_grande": "http://www.terreiros.ceao.ufba.br/_FT/gd/86.jpg"
      }
    },
    {
      "type": "Feature",
      "geometry": {
        "type": "Point",
        "coordinates": [
          -38.4331290866326,
          -12.9758386186998
        ]
      },
      "properties": {
        "id": "87",
        "nome": "Terreiro Azauani",
        "lideranca": "José Carlos da C. Silva",
        "nacao": "Keto",
        "ano_fundacao": "1966",
        "regente": "Obaluaê",
        "bairro": "Boca do Rio",
        "endereco": "Rua Veríssimo de Freitas, 40E",
        "cep": "41745-300",
        "telefone": "9185-5771",
        "foto_thumb": "http://www.terreiros.ceao.ufba.br/_FT/pq/87.jpg",
        "foto_grande": "http://www.terreiros.ceao.ufba.br/_FT/gd/87.jpg"
      }
    },
    {
      "type": "Feature",
      "geometry": {
        "type": "Point",
        "coordinates": [
          -38.4341352085967,
          -12.9751301785921
        ]
      },
      "properties": {
        "id": "88",
        "nome": "Ilê Axé Araká Togum",
        "lideranca": "Ana Laura Santos de Souza",
        "nacao": "Keto Jêje",
        "ano_fundacao": "1972",
        "regente": "Ogum",
        "bairro": "Boca do Rio",
        "endereco": "Rua Lavínia Magalhães, 313",
        "cep": "41710-020",
        "telefone": "3481-4901",
        "foto_thumb": "http://www.terreiros.ceao.ufba.br/_FT/pq/88.jpg",
        "foto_grande": "http://www.terreiros.ceao.ufba.br/_FT/gd/88.jpg"
      }
    },
    {
      "type": "Feature",
      "geometry": {
        "type": "Point",
        "coordinates": [
          -38.432900984757,
          -12.9755039619184
        ]
      },
      "properties": {
        "id": "89",
        "nome": "Terreiro Kavunji Augele Filho de Kokoazenza",
        "lideranca": "Domingos N. Sampaio",
        "nacao": "Angola",
        "ano_fundacao": "1976",
        "regente": "Obaluaê",
        "bairro": "São Marcos",
        "endereco": "Rua Lúcia, 465-E",
        "cep": "41250-020",
        "telefone": "3393-2142",
        "foto_thumb": "http://www.terreiros.ceao.ufba.br/_FT/pq/89.jpg",
        "foto_grande": "http://www.terreiros.ceao.ufba.br/_FT/gd/89.jpg"
      }
    },
    {
      "type": "Feature",
      "geometry": {
        "type": "Point",
        "coordinates": [
          -38.4364987221915,
          -12.9312877375599
        ]
      },
      "properties": {
        "id": "90",
        "nome": "Tira Teima",
        "lideranca": "Hilda Costa Pepe",
        "nacao": "Keto",
        "ano_fundacao": "1966",
        "regente": "Ogum",
        "bairro": "Pituaçu",
        "endereco": "Rua Netuno, 13",
        "cep": "41740-244",
        "telefone": "9185-5771",
        "foto_thumb": "http://www.terreiros.ceao.ufba.br/_FT/pq/90.jpg",
        "foto_grande": "http://www.terreiros.ceao.ufba.br/_FT/gd/90.jpg"
      }
    },
    {
      "type": "Feature",
      "geometry": {
        "type": "Point",
        "coordinates": [
          -38.4145854448823,
          -12.9663128879883
        ]
      },
      "properties": {
        "id": "92",
        "nome": "Ilê Axé Ocuta",
        "lideranca": "Dulce Maria dos S. Souza",
        "nacao": "Keto Alaketo",
        "ano_fundacao": "1988",
        "regente": "Oiá",
        "bairro": "Pituaçu",
        "endereco": "Rua Lagoa Bela, 4",
        "cep": "41741-180",
        "telefone": "3461-1710",
        "foto_thumb": "http://www.terreiros.ceao.ufba.br/_FT/pq/92.jpg",
        "foto_grande": "http://www.terreiros.ceao.ufba.br/_FT/gd/92.jpg"
      }
    },
    {
      "type": "Feature",
      "geometry": {
        "type": "Point",
        "coordinates": [
          -38.4148583863373,
          -12.9693099890563
        ]
      },
      "properties": {
        "id": "93",
        "nome": "Tata Maquende",
        "lideranca": "Heloina Tavares de Souza",
        "nacao": "Angola",
        "ano_fundacao": "1806",
        "regente": "Oxalá",
        "bairro": "Boca do Rio",
        "endereco": "Rua do Caxundé, 8",
        "telefone": "9185-5771",
        "foto_thumb": "http://www.terreiros.ceao.ufba.br/_FT/pq/93.jpg",
        "foto_grande": "http://www.terreiros.ceao.ufba.br/_FT/gd/93.jpg"
      }
    },
    {
      "type": "Feature",
      "geometry": {
        "type": "Point",
        "coordinates": [
          -38.4367262657457,
          -12.979137915647
        ]
      },
      "properties": {
        "id": "94",
        "nome": "Casa de Giro",
        "lideranca": "Ianeide Ribeiro Rocha",
        "nacao": "Angola",
        "ano_fundacao": "1998",
        "regente": "Oxalá",
        "bairro": "Federação",
        "endereco": "Rua Pereira Santos, Trav. Silvano, 9",
        "cep": "40230-180",
        "telefone": "3332-1983",
        "foto_thumb": "http://www.terreiros.ceao.ufba.br/_FT/pq/94.jpg",
        "foto_grande": "http://www.terreiros.ceao.ufba.br/_FT/gd/94.jpg"
      }
    },
    {
      "type": "Feature",
      "geometry": {
        "type": "Point",
        "coordinates": [
          -38.5038055195442,
          -12.9931030743901
        ]
      },
      "properties": {
        "id": "95",
        "nome": "Não informado",
        "lideranca": "Maria do Carmo Almeida Santos",
        "nacao": "Keto",
        "ano_fundacao": "1991",
        "regente": "Xangô",
        "bairro": "Federação",
        "cep": "40230-125",
        "telefone": "3245-2063",
        "foto_thumb": "http://www.terreiros.ceao.ufba.br/_FT/pq/95.jpg",
        "foto_grande": "http://www.terreiros.ceao.ufba.br/_FT/gd/95.jpg"
      }
    },
    {
      "type": "Feature",
      "geometry": {
        "type": "Point",
        "coordinates": [
          -38.4979700017659,
          -12.9940421020211
        ]
      },
      "properties": {
        "id": "96",
        "nome": "Cocio Dé Canifá Olorum Ia Caloci",
        "lideranca": "Olga Ferreira da Silva",
        "nacao": "Keto",
        "ano_fundacao": "1936",
        "regente": "Iansã",
        "bairro": "Federação",
        "cep": "40230-621",
        "telefone": "3245-0849",
        "foto_thumb": "http://www.terreiros.ceao.ufba.br/_FT/pq/96.jpg",
        "foto_grande": "http://www.terreiros.ceao.ufba.br/_FT/gd/96.jpg"
      }
    },
    {
      "type": "Feature",
      "geometry": {
        "type": "Point",
        "coordinates": [
          -38.4996443829717,
          -12.9943803440209
        ]
      },
      "properties": {
        "id": "97",
        "nome": "Ilê Axé Iá Iamidé, Casa das Águas Mães",
        "lideranca": "Alberto Ribeiro de Santana",
        "nacao": "Keto",
        "ano_fundacao": "1978",
        "regente": "Omolu",
        "bairro": "Federação",
        "endereco": "Rua 4 de Dezembro , 144",
        "cep": "40235-480",
        "telefone": "3245-3809/ 9922-3757",
        "foto_thumb": "http://www.terreiros.ceao.ufba.br/_FT/pq/97.jpg",
        "foto_grande": "http://www.terreiros.ceao.ufba.br/_FT/gd/97.jpg"
      }
    },
    {
      "type": "Feature",
      "geometry": {
        "type": "Point",
        "coordinates": [
          -38.4990202080407,
          -12.9953311928839
        ]
      },
      "properties": {
        "id": "98",
        "nome": "Ilê Axé Iá Dê",
        "lideranca": "Rosemeire Alves de Lima",
        "nacao": "Keto",
        "ano_fundacao": "1976",
        "regente": "Oxum",
        "bairro": "Federação",
        "endereco": "Rua Onze de Agosto, 19E",
        "cep": "40230-110",
        "telefone": "3489-4720",
        "foto_thumb": "http://www.terreiros.ceao.ufba.br/_FT/pq/98.jpg",
        "foto_grande": "http://www.terreiros.ceao.ufba.br/_FT/gd/98.jpg"
      }
    },
    {
      "type": "Feature",
      "geometry": {
        "type": "Point",
        "coordinates": [
          -38.5046934171007,
          -12.9940409008191
        ]
      },
      "properties": {
        "id": "99",
        "nome": "Ilê Axé Odé",
        "lideranca": "Maria Bárbara Teles da Cruz",
        "nacao": "Keto",
        "ano_fundacao": "1926",
        "regente": "Oxóssi",
        "endereco": "Liderança: Maria Bárbara Teles da Cruz",
        "bairro": "Federação",
        "cep": "40230-104",
        "telefone": "3331-2579",
        "foto_thumb": "http://www.terreiros.ceao.ufba.br/_FT/pq/99.jpg",
        "foto_grande": "http://www.terreiros.ceao.ufba.br/_FT/gd/99.jpg"
      }
    },
    {
      "type": "Feature",
      "geometry": {
        "type": "Point",
        "coordinates": [
          -38.4980895778122,
          -12.9976894160423
        ]
      },
      "properties": {
        "id": "100",
        "nome": "Ilê Axé Yeye Jimun",
        "lideranca": "Nelma Neves dos Santos",
        "nacao": "Keto",
        "ano_fundacao": "1986",
        "regente": "Oxum",
        "bairro": "Itapuã",
        "endereco": "Rua da Paz, 19",
        "cep": "41620-620",
        "telefone": "3249-1668",
        "foto_thumb": "http://www.terreiros.ceao.ufba.br/_FT/pq/100.jpg",
        "foto_grande": "http://www.terreiros.ceao.ufba.br/_FT/gd/100.jpg"
      }
    },
    {
      "type": "Feature",
      "geometry": {
        "type": "Point",
        "coordinates": [
          -38.368685263412,
          -12.9433147775212
        ]
      },
      "properties": {
        "id": "101",
        "nome": "Oxum Apará",
        "lideranca": "Irene Souza Rocha",
        "nacao": "Angola",
        "ano_fundacao": "1990",
        "regente": "Oxum",
        "bairro": "Itapuã",
        "endereco": "Rua Guararapes, 6",
        "cep": "41610-540",
        "telefone": "3285-3386",
        "foto_thumb": "http://www.terreiros.ceao.ufba.br/_FT/pq/101.jpg",
        "foto_grande": "http://www.terreiros.ceao.ufba.br/_FT/gd/101.jpg"
      }
    },
    {
      "type": "Feature",
      "geometry": {
        "type": "Point",
        "coordinates": [
          -38.3633351827338,
          -12.9450400195231
        ]
      },
      "properties": {
        "id": "102",
        "nome": "Ilê Axé Ibá Faramim",
        "lideranca": "Valter Isidio dos Santos",
        "nacao": "Nagô Vodum",
        "ano_fundacao": "1958",
        "regente": "Iansã",
        "bairro": "Itapuã",
        "endereco": "Rua 29 de outubro, 15",
        "cep": "41610-530",
        "telefone": "3249-3668",
        "foto_thumb": "http://www.terreiros.ceao.ufba.br/_FT/pq/102.jpg",
        "foto_grande": "http://www.terreiros.ceao.ufba.br/_FT/gd/102.jpg"
      }
    },
    {
      "type": "Feature",
      "geometry": {
        "type": "Point",
        "coordinates": [
          -38.3623315929044,
          -12.94419856846
        ]
      },
      "properties": {
        "id": "103",
        "nome": "Ilê Ore-Ofê",
        "lideranca": "Dagoberto Otávio de Mendonça",
        "nacao": "Nagô",
        "ano_fundacao": "1985",
        "regente": "Ogum",
        "bairro": "Itapuã",
        "endereco": "Rua 21 de Agosto, 22",
        "cep": "41620-630",
        "telefone": "3249-7733",
        "foto_thumb": "http://www.terreiros.ceao.ufba.br/_FT/pq/103.jpg",
        "foto_grande": "http://www.terreiros.ceao.ufba.br/_FT/gd/103.jpg"
      }
    },
    {
      "type": "Feature",
      "geometry": {
        "type": "Point",
        "coordinates": [
          -38.3682326456778,
          -12.9397677653256
        ]
      },
      "properties": {
        "id": "104",
        "nome": "Ilê Axé Ibá Omim Ejá",
        "lideranca": "Fábio Gomes Souza",
        "nacao": "Keto",
        "ano_fundacao": "1999",
        "regente": "Iemanjá",
        "bairro": "Itapuã",
        "endereco": "Km 17, Rua Sérgio Carneiro, 10",
        "cep": "41610-570",
        "telefone": "3377-0755/ 3248-3068",
        "foto_thumb": "http://www.terreiros.ceao.ufba.br/_FT/pq/104.jpg",
        "foto_grande": "http://www.terreiros.ceao.ufba.br/_FT/gd/104.jpg"
      }
    },
    {
      "type": "Feature",
      "geometry": {
        "type": "Point",
        "coordinates": [
          -38.3674557441523,
          -12.9363465199006
        ]
      },
      "properties": {
        "id": "105",
        "nome": "Axé Oyá - Minilê",
        "lideranca": "Vera Lícia S. Moreira",
        "nacao": "Nagô vodum",
        "ano_fundacao": "1986",
        "regente": "Oxalá",
        "bairro": "Itapuã",
        "endereco": "Rua da Fonte, Km 17 nº 25",
        "cep": "41630-670",
        "telefone": "3375-1068",
        "foto_thumb": "http://www.terreiros.ceao.ufba.br/_FT/pq/105.jpg",
        "foto_grande": "http://www.terreiros.ceao.ufba.br/_FT/gd/105.jpg"
      }
    },
    {
      "type": "Feature",
      "geometry": {
        "type": "Point",
        "coordinates": [
          -38.3649319534865,
          -12.9348908153831
        ]
      },
      "properties": {
        "id": "106",
        "nome": "Ylê Axé Magébemim",
        "lideranca": "Maria da Conceição da Hora Souza",
        "nacao": "Keto",
        "ano_fundacao": "1987",
        "regente": "Ogum",
        "bairro": "Itapuã",
        "cep": "41620-265",
        "telefone": "3249-1546",
        "foto_thumb": "http://www.terreiros.ceao.ufba.br/_FT/pq/106.jpg",
        "foto_grande": "http://www.terreiros.ceao.ufba.br/_FT/gd/106.jpg"
      }
    },
    {
      "type": "Feature",
      "geometry": {
        "type": "Point",
        "coordinates": [
          -38.3659885065281,
          -12.9351484738746
        ]
      },
      "properties": {
        "id": "107",
        "nome": "Ilê Axé Obá Ifan",
        "lideranca": "Luis Pedro Pereira Valle",
        "nacao": "Keto",
        "ano_fundacao": "2004",
        "regente": "Xangô",
        "bairro": "Itapuã",
        "endereco": "Rua Juazeiro, 54",
        "cep": "41610-260",
        "telefone": "3285-2017",
        "foto_thumb": "http://www.terreiros.ceao.ufba.br/_FT/pq/107.jpg",
        "foto_grande": "http://www.terreiros.ceao.ufba.br/_FT/gd/107.jpg"
      }
    },
    {
      "type": "Feature",
      "geometry": {
        "type": "Point",
        "coordinates": [
          -38.3708166616812,
          -12.943834076621
        ]
      },
      "properties": {
        "id": "108",
        "nome": "Ilê Axé Megê Irê",
        "lideranca": "Maria Helena Silva Coelho",
        "nacao": "Nagô",
        "ano_fundacao": "1987",
        "regente": "Ogum",
        "bairro": "Itapuã",
        "endereco": "1ª Trav. Xangô, 20E",
        "cep": "41630-570",
        "telefone": "3375-2517",
        "foto_thumb": "http://www.terreiros.ceao.ufba.br/_FT/pq/108.jpg",
        "foto_grande": "http://www.terreiros.ceao.ufba.br/_FT/gd/108.jpg"
      }
    },
    {
      "type": "Feature",
      "geometry": {
        "type": "Point",
        "coordinates": [
          -38.3621812384699,
          -12.9369458719043
        ]
      },
      "properties": {
        "id": "109",
        "nome": "Ilê Axé Dajuleci",
        "lideranca": "Neide Leandra dos Santos",
        "nacao": "Keto",
        "ano_fundacao": "1991",
        "regente": "Ogunjá",
        "bairro": "Itapuã",
        "endereco": "Rua Xangô, 26",
        "cep": "41630-570",
        "telefone": "3249-9707",
        "foto_thumb": "http://www.terreiros.ceao.ufba.br/_FT/pq/109.jpg",
        "foto_grande": "http://www.terreiros.ceao.ufba.br/_FT/gd/109.jpg"
      }
    },
    {
      "type": "Feature",
      "geometry": {
        "type": "Point",
        "coordinates": [
          -38.3610283435467,
          -12.9360808928871
        ]
      },
      "properties": {
        "id": "110",
        "nome": "Ilê Axé Omejy",
        "lideranca": "Rita Elisabete Silva Souza",
        "nacao": "Keto",
        "ano_fundacao": "1990",
        "regente": "Oxum",
        "bairro": "Mussurunga I",
        "cep": "41510-190",
        "telefone": "3252-9981",
        "foto_thumb": "http://www.terreiros.ceao.ufba.br/_FT/pq/110.jpg",
        "foto_grande": "http://www.terreiros.ceao.ufba.br/_FT/gd/110.jpg"
      }
    },
    {
      "type": "Feature",
      "geometry": {
        "type": "Point",
        "coordinates": [
          -38.3613902984026,
          -12.9152153169098
        ]
      },
      "properties": {
        "id": "111",
        "nome": "Ylê Iá Omí Ase",
        "lideranca": "Ivanete Matos Ferreira",
        "nacao": "Keto",
        "ano_fundacao": "1992",
        "regente": "Oxum",
        "bairro": "Mussurunga I",
        "cep": "41490-364",
        "telefone": "3252-9421",
        "foto_thumb": "http://www.terreiros.ceao.ufba.br/_FT/pq/111.jpg",
        "foto_grande": "http://www.terreiros.ceao.ufba.br/_FT/gd/111.jpg"
      }
    },
    {
      "type": "Feature",
      "geometry": {
        "type": "Point",
        "coordinates": [
          -38.359253649864,
          -12.9171220198427
        ]
      },
      "properties": {
        "id": "112",
        "nome": "Ylê Axé Iemanjá Ogunté Omo Ajagunã",
        "lideranca": "Nilza Maria da S. Rodrigues",
        "nacao": "Keto",
        "ano_fundacao": "2003",
        "regente": "Iemanjá Ogunté",
        "bairro": "Mussurunga I",
        "endereco": "Rua O, Setor G, Casa 1",
        "cep": "41510-180",
        "telefone": "3376-5050",
        "foto_thumb": "http://www.terreiros.ceao.ufba.br/_FT/pq/112.jpg",
        "foto_grande": "http://www.terreiros.ceao.ufba.br/_FT/gd/112.jpg"
      }
    },
    {
      "type": "Feature",
      "geometry": {
        "type": "Point",
        "coordinates": [
          -38.3666089374707,
          -12.9105788843437
        ]
      },
      "properties": {
        "id": "113",
        "nome": "Kavonjilesi",
        "lideranca": "Roberto Rocha dos Santos",
        "nacao": "Angola",
        "ano_fundacao": "1991",
        "regente": "Obaluaê",
        "bairro": "Mussurunga I",
        "cep": "41510-190",
        "telefone": "3285-5486",
        "foto_thumb": "http://www.terreiros.ceao.ufba.br/_FT/pq/113.jpg",
        "foto_grande": "http://www.terreiros.ceao.ufba.br/_FT/gd/113.jpg"
      }
    },
    {
      "type": "Feature",
      "geometry": {
        "type": "Point",
        "coordinates": [
          -38.3593293777833,
          -12.9162493170769
        ]
      },
      "properties": {
        "id": "114",
        "nome": "Ilê Axé Tony Solayo",
        "lideranca": "Margarida Nayr da Anunciação",
        "nacao": "Keto",
        "ano_fundacao": "1986",
        "regente": "Xangô e Ogum",
        "bairro": "Mussurunga I",
        "endereco": "Setor G, Rua G Caminho 39 casa 7",
        "telefone": "3377-7747",
        "foto_thumb": "http://www.terreiros.ceao.ufba.br/_FT/pq/114.jpg",
        "foto_grande": "http://www.terreiros.ceao.ufba.br/_FT/gd/114.jpg"
      }
    },
    {
      "type": "Feature",
      "geometry": {
        "type": "Point",
        "coordinates": [
          -38.3655828519958,
          -12.9099283595629
        ]
      },
      "properties": {
        "id": "115",
        "nome": "Ilê Axé Oiá Balé",
        "lideranca": "Tânia Barbosa dos Santos",
        "nacao": "Keto",
        "ano_fundacao": "1994",
        "regente": "Oiá Balé",
        "bairro": "São Cristóvão",
        "endereco": "Rua Cachoeira, 36-E, Lotema. Quinta de Ipitangas",
        "cep": "41500-685",
        "telefone": "3251-6451",
        "foto_thumb": "http://www.terreiros.ceao.ufba.br/_FT/pq/115.jpg",
        "foto_grande": "http://www.terreiros.ceao.ufba.br/_FT/gd/115.jpg"
      }
    },
    {
      "type": "Feature",
      "geometry": {
        "type": "Point",
        "coordinates": [
          -38.3722474352114,
          -12.9077344568682
        ]
      },
      "properties": {
        "id": "116",
        "nome": "Ninge Lemim",
        "lideranca": "Jersonita dos Santos",
        "nacao": "Keto",
        "ano_fundacao": "1984",
        "regente": "Ogum",
        "bairro": "Estrada Velha do Aeroporto",
        "endereco": "Rua Ipiau, quadra 3, loteamento Quintas de Ipitanga, km 13,5",
        "cep": "41500-675",
        "telefone": "3251-0923",
        "foto_thumb": "http://www.terreiros.ceao.ufba.br/_FT/pq/116.jpg",
        "foto_grande": "http://www.terreiros.ceao.ufba.br/_FT/gd/116.jpg"
      }
    },
    {
      "type": "Feature",
      "geometry": {
        "type": "Point",
        "coordinates": [
          -38.3734451691617,
          -12.9096852028043
        ]
      },
      "properties": {
        "id": "117",
        "nome": "Ilê Axé Ibá Aqueram",
        "lideranca": "Ubiraci Santos",
        "nacao": "Keto",
        "ano_fundacao": "1999",
        "regente": "Oxóssi",
        "bairro": "São Cristóvão",
        "endereco": "Rua Ipiau, 03",
        "cep": "41500-675",
        "telefone": "3365-6838",
        "foto_thumb": "http://www.terreiros.ceao.ufba.br/_FT/pq/117.jpg",
        "foto_grande": "http://www.terreiros.ceao.ufba.br/_FT/gd/117.jpg"
      }
    },
    {
      "type": "Feature",
      "geometry": {
        "type": "Point",
        "coordinates": [
          -38.3735009843894,
          -12.9098685463183
        ]
      },
      "properties": {
        "id": "118",
        "nome": "Ilê Axé Omin J'Obá",
        "lideranca": "Helenice de Brito da Silva",
        "nacao": "Keto",
        "ano_fundacao": "1988",
        "regente": "Oxum, Xangô e Obaluaê",
        "bairro": "Estrada Velha do Aeroporto",
        "endereco": "Loteamento Quinta do Ipitanga, Rua Buararema, 17, Km 13",
        "cep": "41500-680",
        "telefone": "3365-6333",
        "foto_thumb": "http://www.terreiros.ceao.ufba.br/_FT/pq/118.jpg",
        "foto_grande": "http://www.terreiros.ceao.ufba.br/_FT/gd/118.jpg"
      }
    },
    {
      "type": "Feature",
      "geometry": {
        "type": "Point",
        "coordinates": [
          -38.3719269200002,
          -12.906455250279
        ]
      },
      "properties": {
        "id": "119",
        "nome": "Terreiro Manso, Filho de Lage Grande",
        "lideranca": "Edvaldo Nascimento Santos",
        "nacao": "Angola",
        "ano_fundacao": "1990",
        "regente": "Oxumaré",
        "bairro": "Mussurunga",
        "cep": "41510-163",
        "telefone": "3251-1499",
        "foto_thumb": "http://www.terreiros.ceao.ufba.br/_FT/pq/119.jpg",
        "foto_grande": "http://www.terreiros.ceao.ufba.br/_FT/gd/119.jpg"
      }
    },
    {
      "type": "Feature",
      "geometry": {
        "type": "Point",
        "coordinates": [
          -38.3779414547467,
          -12.9112063140361
        ]
      },
      "properties": {
        "id": "120",
        "nome": "Casa de Yansã e Oxossi",
        "lideranca": "Rose Mary Cardoso dos Santos",
        "nacao": "Keto",
        "ano_fundacao": "1986",
        "regente": "não informado",
        "bairro": "São Cristóvão",
        "endereco": "Rua da Capela, 301 A",
        "cep": "41510-445",
        "telefone": "9174-6681/ 9158-7080",
        "foto_thumb": "http://www.terreiros.ceao.ufba.br/_FT/pq/120.jpg",
        "foto_grande": "http://www.terreiros.ceao.ufba.br/_FT/gd/120.jpg"
      }
    },
    {
      "type": "Feature",
      "geometry": {
        "type": "Point",
        "coordinates": [
          -38.3553451069278,
          -12.915928021991
        ]
      },
      "properties": {
        "id": "121",
        "nome": "Ilê Axé Min Bá Egé",
        "lideranca": "José Alberto Brito",
        "nacao": "Keto",
        "ano_fundacao": "1983",
        "regente": "Omolu",
        "bairro": "São Cristóvão",
        "endereco": "Rua Adutora, 350",
        "cep": "41510-350",
        "telefone": "8893-2902",
        "foto_thumb": "http://www.terreiros.ceao.ufba.br/_FT/pq/121.jpg",
        "foto_grande": "http://www.terreiros.ceao.ufba.br/_FT/gd/121.jpg"
      }
    },
    {
      "type": "Feature",
      "geometry": {
        "type": "Point",
        "coordinates": [
          -38.3524725698152,
          -12.9132306933863
        ]
      },
      "properties": {
        "id": "122",
        "nome": "Ilê Axé Jilobi",
        "lideranca": "Edvaldo Alves dos Santos",
        "nacao": "Keto",
        "ano_fundacao": "1969",
        "regente": "Omolu",
        "bairro": "São Cristóvão",
        "cep": "41500-325",
        "telefone": "3377-5017",
        "foto_thumb": "http://www.terreiros.ceao.ufba.br/_FT/pq/122.jpg",
        "foto_grande": "http://www.terreiros.ceao.ufba.br/_FT/gd/122.jpg"
      }
    },
    {
      "type": "Feature",
      "geometry": {
        "type": "Point",
        "coordinates": [
          -38.349801088154,
          -12.9142719935037
        ]
      },
      "properties": {
        "id": "123",
        "nome": "Ylê Axé Vodun Oya Gê",
        "lideranca": "Haidê Conceição da Silva",
        "nacao": "Keto",
        "ano_fundacao": "1983",
        "regente": "Iansã",
        "bairro": "São Cristóvão",
        "endereco": "Rua Santo Antônio , 03",
        "cep": "41510-760",
        "telefone": "3252-1208",
        "foto_thumb": "http://www.terreiros.ceao.ufba.br/_FT/pq/123.jpg",
        "foto_grande": "http://www.terreiros.ceao.ufba.br/_FT/gd/123.jpg"
      }
    },
    {
      "type": "Feature",
      "geometry": {
        "type": "Point",
        "coordinates": [
          -38.3570383920179,
          -12.908518031798
        ]
      },
      "properties": {
        "id": "124",
        "nome": "Ilê Axé Ibalecy",
        "lideranca": "Jandira Alves da Silva",
        "nacao": "Keto",
        "ano_fundacao": "1986",
        "regente": "Iansã",
        "bairro": "São Cristóvão",
        "endereco": "Rua Trav. 2 de Julho, 01",
        "cep": "41500-270",
        "telefone": "3377-5158",
        "foto_thumb": "http://www.terreiros.ceao.ufba.br/_FT/pq/124.jpg",
        "foto_grande": "http://www.terreiros.ceao.ufba.br/_FT/gd/124.jpg"
      }
    },
    {
      "type": "Feature",
      "geometry": {
        "type": "Point",
        "coordinates": [
          -38.3558894762352,
          -12.9063013929543
        ]
      },
      "properties": {
        "id": "125",
        "nome": "Ilê Axé Omó Ajagun",
        "lideranca": "Martin José dos Santos Filho",
        "nacao": "Keto",
        "ano_fundacao": "2000",
        "regente": "Obaluaê",
        "bairro": "São Cristóvão",
        "endereco": "Rua 2ª Trav. 2 de julho, Rua das Flores, 26",
        "cep": "41510-774",
        "telefone": "3251-9612/ 9192-0219",
        "foto_thumb": "http://www.terreiros.ceao.ufba.br/_FT/pq/125.jpg",
        "foto_grande": "http://www.terreiros.ceao.ufba.br/_FT/gd/125.jpg"
      }
    },
    {
      "type": "Feature",
      "geometry": {
        "type": "Point",
        "coordinates": [
          -38.3574054546238,
          -12.9058423326249
        ]
      },
      "properties": {
        "id": "126",
        "nome": "Caboclo Gentileiro",
        "lideranca": "Josefina José de Souza",
        "nacao": "Keto  Angola",
        "ano_fundacao": "1985",
        "regente": "Ogum de Lei",
        "bairro": "São Cristóvão",
        "endereco": "Rua 8 de dezembro, 91",
        "cep": "41510-535",
        "telefone": "3252-2383",
        "foto_thumb": "http://www.terreiros.ceao.ufba.br/_FT/pq/126.jpg",
        "foto_grande": "http://www.terreiros.ceao.ufba.br/_FT/gd/126.jpg"
      }
    },
    {
      "type": "Feature",
      "geometry": {
        "type": "Point",
        "coordinates": [
          -38.3581943754081,
          -12.9057597284518
        ]
      },
      "properties": {
        "id": "127",
        "nome": "Ilê Axé Ossun Ynká",
        "lideranca": "Maria das Graças Guimarães Santos",
        "nacao": "Keto",
        "ano_fundacao": "1940",
        "regente": "Oxum",
        "bairro": "São Cristóvão",
        "endereco": "Rua Lauro de Freitas, 66",
        "cep": "41500-190",
        "telefone": "3251-6994",
        "foto_thumb": "http://www.terreiros.ceao.ufba.br/_FT/pq/127.jpg",
        "foto_grande": "http://www.terreiros.ceao.ufba.br/_FT/gd/127.jpg"
      }
    },
    {
      "type": "Feature",
      "geometry": {
        "type": "Point",
        "coordinates": [
          -38.3545711002514,
          -12.9091898733083
        ]
      },
      "properties": {
        "id": "128",
        "nome": "Dialunda",
        "lideranca": "Laura Maria de Faria",
        "nacao": "Angola",
        "ano_fundacao": "1963",
        "regente": "Oxum",
        "bairro": "São Cristóvão",
        "endereco": "Rua São Judas Tadeu, 10",
        "cep": "41500-510",
        "telefone": "3252-6841",
        "foto_thumb": "http://www.terreiros.ceao.ufba.br/_FT/pq/128.jpg",
        "foto_grande": "http://www.terreiros.ceao.ufba.br/_FT/gd/128.jpg"
      }
    },
    {
      "type": "Feature",
      "geometry": {
        "type": "Point",
        "coordinates": [
          -38.3572879415503,
          -12.9117814487523
        ]
      },
      "properties": {
        "id": "129",
        "nome": "Ilê Axé Togum",
        "lideranca": "Neusa Margarida das Neves da Silva",
        "nacao": "Keto",
        "ano_fundacao": "1946",
        "regente": "Iemanjá",
        "bairro": "São Cristóvão",
        "cep": "41150-000",
        "telefone": "3377-0588",
        "foto_thumb": "http://www.terreiros.ceao.ufba.br/_FT/pq/129.jpg",
        "foto_grande": "http://www.terreiros.ceao.ufba.br/_FT/gd/129.jpg"
      }
    },
    {
      "type": "Feature",
      "geometry": {
        "type": "Point",
        "coordinates": [
          -38.3508933329634,
          -12.9199815405707
        ]
      },
      "properties": {
        "id": "130",
        "nome": "Ilê Axé Iualê Omilandê",
        "lideranca": "Marinalva Ventura de Almeida",
        "nacao": "Keto",
        "ano_fundacao": "1988",
        "regente": "Oxum",
        "bairro": "Brotas",
        "endereco": "Rua Valdemar Falcão , 457, Casa 08",
        "cep": "40296-710",
        "telefone": "3357-1175",
        "foto_thumb": "http://www.terreiros.ceao.ufba.br/_FT/pq/130.jpg",
        "foto_grande": "http://www.terreiros.ceao.ufba.br/_FT/gd/130.jpg"
      }
    },
    {
      "type": "Feature",
      "geometry": {
        "type": "Point",
        "coordinates": [
          -38.4855634057272,
          -12.9949564831229
        ]
      },
      "properties": {
        "id": "131",
        "nome": "Filhos de Oxum",
        "lideranca": "Valdelice Soares Santos",
        "nacao": "Angola",
        "ano_fundacao": "1953",
        "regente": "Dandalunda",
        "bairro": "Águas Claras",
        "endereco": "Rua Franknalda de Souza, 33E",
        "cep": "41310-340",
        "telefone": "3233-0428",
        "foto_thumb": "http://www.terreiros.ceao.ufba.br/_FT/pq/131.jpg",
        "foto_grande": "http://www.terreiros.ceao.ufba.br/_FT/gd/131.jpg"
      }
    },
    {
      "type": "Feature",
      "geometry": {
        "type": "Point",
        "coordinates": [
          -38.4344892458813,
          -12.8936580943167
        ]
      },
      "properties": {
        "id": "132",
        "nome": "Cabocla Jurema",
        "lideranca": "Risalva Silva Gomes",
        "nacao": "Angola Caboclo",
        "ano_fundacao": "1971",
        "regente": "A Cura, Oxalufã",
        "bairro": "Brotas",
        "cep": "40255-310",
        "telefone": "3382-4304/ 9904-8026",
        "foto_thumb": "http://www.terreiros.ceao.ufba.br/_FT/pq/132.jpg",
        "foto_grande": "http://www.terreiros.ceao.ufba.br/_FT/gd/132.jpg"
      }
    },
    {
      "type": "Feature",
      "geometry": {
        "type": "Point",
        "coordinates": [
          -38.4973732596166,
          -12.9773777076037
        ]
      },
      "properties": {
        "id": "133",
        "nome": "Unzó Oyá Lunda",
        "lideranca": "Maria Dejanira do N. Murtha",
        "nacao": "Angola",
        "ano_fundacao": "1984",
        "regente": "Oxum",
        "bairro": "Brotas",
        "cep": "40070-280",
        "telefone": "3359-9529/ 9904-8026",
        "foto_thumb": "http://www.terreiros.ceao.ufba.br/_FT/pq/133.jpg",
        "foto_grande": "http://www.terreiros.ceao.ufba.br/_FT/gd/133.jpg"
      }
    },
    {
      "type": "Feature",
      "geometry": {
        "type": "Point",
        "coordinates": [
          -38.4754348555545,
          -12.9881342467994
        ]
      },
      "properties": {
        "id": "134",
        "nome": "Centro do Caboclo Boiadeiro",
        "lideranca": "Maria Izabel Adelaide dos Santos",
        "nacao": "Angola",
        "ano_fundacao": "1984",
        "regente": "Todos",
        "bairro": "Brotas",
        "endereco": "Rua Artemio Valente, 4, Daniel Lisboa",
        "telefone": "3495-0395/ 9134-6917",
        "foto_thumb": "http://www.terreiros.ceao.ufba.br/_FT/pq/134.jpg",
        "foto_grande": "http://www.terreiros.ceao.ufba.br/_FT/gd/134.jpg"
      }
    },
    {
      "type": "Feature",
      "geometry": {
        "type": "Point",
        "coordinates": [
          -38.4902429067425,
          -12.9870242763888
        ]
      },
      "properties": {
        "id": "135",
        "nome": "Ilê Asipa",
        "lideranca": "Deoscóredes Maximiliano dos Santos (Mestre Didi)",
        "nacao": "KetoTapa",
        "ano_fundacao": "1980",
        "regente": "não informado",
        "bairro": "Piatã",
        "endereco": "Rua Assipa, 472 (Av. Orlando Gomes)",
        "cep": "41650-255",
        "telefone": "3337-3584",
        "foto_thumb": "http://www.terreiros.ceao.ufba.br/_FT/pq/135.jpg",
        "foto_grande": "http://www.terreiros.ceao.ufba.br/_FT/gd/135.jpg"
      }
    },
    {
      "type": "Feature",
      "geometry": {
        "type": "Point",
        "coordinates": [
          -38.3809410896578,
          -12.9378978947856
        ]
      },
      "properties": {
        "id": "136",
        "nome": "Ilê Axé Odé Omin",
        "lideranca": "Maurina Alexandrina de Oliveira Santos",
        "nacao": "Keto",
        "ano_fundacao": "1950",
        "regente": "Oxóssi",
        "bairro": "Brotas",
        "endereco": "Rua Alto da Saldanha, 67",
        "cep": "40280-070",
        "telefone": "3451-7554/ 9904-8026",
        "foto_thumb": "http://www.terreiros.ceao.ufba.br/_FT/pq/136.jpg",
        "foto_grande": "http://www.terreiros.ceao.ufba.br/_FT/gd/136.jpg"
      }
    },
    {
      "type": "Feature",
      "geometry": {
        "type": "Point",
        "coordinates": [
          -38.4753797329444,
          -12.9880393231455
        ]
      },
      "properties": {
        "id": "137",
        "nome": "Ilê Axé Opanigerekun Oluaê",
        "lideranca": "Darci Gonçalves Roseno",
        "nacao": "Jêje Angola",
        "ano_fundacao": "1970",
        "regente": "Omolu",
        "bairro": "IAPI",
        "cep": "40323-410",
        "telefone": "3256-7776",
        "foto_thumb": "http://www.terreiros.ceao.ufba.br/_FT/pq/137.jpg",
        "foto_grande": "http://www.terreiros.ceao.ufba.br/_FT/gd/137.jpg"
      }
    },
    {
      "type": "Feature",
      "geometry": {
        "type": "Point",
        "coordinates": [
          -38.4788986734043,
          -12.952332451701
        ]
      },
      "properties": {
        "id": "138",
        "nome": "Ilê Axé Oyá Tununjá",
        "lideranca": "Maria de Lourdes Lopes Rocha",
        "nacao": "Keto",
        "ano_fundacao": "1976",
        "regente": "Iansã",
        "bairro": "Brotas",
        "endereco": "Rua Waldemar Falcão, Trav. Buenos Ayres , Casa 10",
        "cep": "40296-430",
        "telefone": "3357-7213",
        "foto_thumb": "http://www.terreiros.ceao.ufba.br/_FT/pq/138.jpg",
        "foto_grande": "http://www.terreiros.ceao.ufba.br/_FT/gd/138.jpg"
      }
    },
    {
      "type": "Feature",
      "geometry": {
        "type": "Point",
        "coordinates": [
          -38.4846866270937,
          -12.9947636807532
        ]
      },
      "properties": {
        "id": "139",
        "nome": "Vintém de Prata",
        "lideranca": "Marlene Rodrigues da Silva",
        "nacao": "Keto",
        "ano_fundacao": "1971",
        "regente": "Xangô",
        "bairro": "Estrada Velha do Aeroporto",
        "cep": "41340-040",
        "telefone": "3309-4146/ 9182-9554",
        "foto_thumb": "http://www.terreiros.ceao.ufba.br/_FT/pq/139.jpg",
        "foto_grande": "http://www.terreiros.ceao.ufba.br/_FT/gd/139.jpg"
      }
    },
    {
      "type": "Feature",
      "geometry": {
        "type": "Point",
        "coordinates": [
          -38.4001334227057,
          -12.9147858182966
        ]
      },
      "properties": {
        "id": "140",
        "nome": "Maramatamba",
        "lideranca": "Célia Contreiras Copq",
        "nacao": "Angola",
        "ano_fundacao": "1967",
        "regente": "Iansã",
        "bairro": "Santa Cruz",
        "endereco": "Rua Adeus, 14",
        "cep": "41920-070",
        "telefone": "3452-9204",
        "foto_thumb": "http://www.terreiros.ceao.ufba.br/_FT/pq/140.jpg",
        "foto_grande": "http://www.terreiros.ceao.ufba.br/_FT/gd/140.jpg"
      }
    },
    {
      "type": "Feature",
      "geometry": {
        "type": "Point",
        "coordinates": [
          -38.4774020516763,
          -13.0020960339662
        ]
      },
      "properties": {
        "id": "141",
        "nome": "Ilê Axé Orun-Mogi",
        "lideranca": "Jorge Luiz R. dos Santos",
        "nacao": "Keto",
        "ano_fundacao": "1975",
        "regente": "Oxum",
        "bairro": "Vila Matos",
        "cep": "40210-910",
        "telefone": "3737-1783",
        "foto_thumb": "http://www.terreiros.ceao.ufba.br/_FT/pq/141.jpg",
        "foto_grande": "http://www.terreiros.ceao.ufba.br/_FT/gd/141.jpg"
      }
    },
    {
      "type": "Feature",
      "geometry": {
        "type": "Point",
        "coordinates": [
          -38.4994340412784,
          -13.0087937005667
        ]
      },
      "properties": {
        "id": "142",
        "nome": "Ilê Axé Ode Oluami Osoosi (Jidewa D'Osoosi)",
        "lideranca": "Jailton Bispo dos Santos",
        "nacao": "Keto",
        "ano_fundacao": "1916",
        "regente": "Oxóssi e Ifã",
        "bairro": "Vila Matos/ Ondina",
        "endereco": "4ª Trav. Manoel Rangel, 49E e 104E",
        "cep": "41950-380",
        "telefone": "3247-8584",
        "foto_thumb": "http://www.terreiros.ceao.ufba.br/_FT/pq/142.jpg",
        "foto_grande": "http://www.terreiros.ceao.ufba.br/_FT/gd/142.jpg"
      }
    },
    {
      "type": "Feature",
      "geometry": {
        "type": "Point",
        "coordinates": [
          -38.4993537664874,
          -13.0094636516741
        ]
      },
      "properties": {
        "id": "143",
        "nome": "Ilê Axé Oromin",
        "lideranca": "José Maria Araújo de Souza",
        "nacao": "Alaketo",
        "ano_fundacao": "1981",
        "regente": "Oxum Apará e Oxóssi",
        "bairro": "Santa Cruz",
        "endereco": "Rua Dr. Luiz Pinto, 14",
        "cep": "41925-700",
        "telefone": "3248-6175",
        "foto_thumb": "http://www.terreiros.ceao.ufba.br/_FT/pq/143.jpg",
        "foto_grande": "http://www.terreiros.ceao.ufba.br/_FT/gd/143.jpg"
      }
    },
    {
      "type": "Feature",
      "geometry": {
        "type": "Point",
        "coordinates": [
          -38.4755324514337,
          -13.0039120841091
        ]
      },
      "properties": {
        "id": "144",
        "nome": "Ilê Axé Obá Nire",
        "lideranca": "José Raimundo Santos Silva",
        "nacao": "Keto",
        "ano_fundacao": "1981",
        "regente": "Xangô",
        "bairro": "Rio Vermelho",
        "endereco": "Rua Eurycles de Mattos, 2A",
        "cep": "41950-250",
        "telefone": "3261-7752",
        "foto_thumb": "http://www.terreiros.ceao.ufba.br/_FT/pq/144.jpg",
        "foto_grande": "http://www.terreiros.ceao.ufba.br/_FT/gd/144.jpg"
      }
    },
    {
      "type": "Feature",
      "geometry": {
        "type": "Point",
        "coordinates": [
          -38.4955721136346,
          -13.0086831198709
        ]
      },
      "properties": {
        "id": "145",
        "nome": "Terreiro de Boiadeiro",
        "lideranca": "Antônio Gonçalves de Jesus",
        "nacao": "Keto",
        "ano_fundacao": "1978",
        "regente": "Logunedé",
        "bairro": "Eng. Velho de Brotas",
        "endereco": "Rua Antônio Mariano Gravatá, 35",
        "cep": "40240-500",
        "telefone": "3382-1201",
        "foto_thumb": "http://www.terreiros.ceao.ufba.br/_FT/pq/145.jpg",
        "foto_grande": "http://www.terreiros.ceao.ufba.br/_FT/gd/145.jpg"
      }
    },
    {
      "type": "Feature",
      "geometry": {
        "type": "Point",
        "coordinates": [
          -38.5022714780311,
          -12.9868532009611
        ]
      },
      "properties": {
        "id": "146",
        "nome": "Inxaourou",
        "lideranca": "Paulina da Silva Brito",
        "nacao": "Angola",
        "ano_fundacao": "1984",
        "regente": "Xangô",
        "bairro": "Eng. Velho de Brotas",
        "endereco": "Rua Padre Luis Filgueiras, 105 E",
        "cep": "40243-320",
        "telefone": "3261-3769",
        "foto_thumb": "http://www.terreiros.ceao.ufba.br/_FT/pq/146.jpg",
        "foto_grande": "http://www.terreiros.ceao.ufba.br/_FT/gd/146.jpg"
      }
    },
    {
      "type": "Feature",
      "geometry": {
        "type": "Point",
        "coordinates": [
          -38.4997720872525,
          -12.9897395433519
        ]
      },
      "properties": {
        "id": "147",
        "nome": "Ylê Axé Alabeji",
        "lideranca": "Jacira Sacramento de Santana",
        "nacao": "Ijexá",
        "ano_fundacao": "1946",
        "regente": "Obaluaê",
        "bairro": "Eng. Velho de Brotas",
        "endereco": "Rua Manoel Faustino , 26",
        "cep": "40243-140",
        "telefone": "3261-5611",
        "foto_thumb": "http://www.terreiros.ceao.ufba.br/_FT/pq/147.jpg",
        "foto_grande": "http://www.terreiros.ceao.ufba.br/_FT/gd/147.jpg"
      }
    },
    {
      "type": "Feature",
      "geometry": {
        "type": "Point",
        "coordinates": [
          -38.5026423122318,
          -12.9882055262792
        ]
      },
      "properties": {
        "id": "148",
        "nome": "Ylê Axé Dandalunda Kybeje Abindaya",
        "lideranca": "Maria Lúcia dos Santos",
        "nacao": "Angola Keto",
        "ano_fundacao": "2000",
        "regente": "Oxum e Iansã",
        "bairro": "Eng. Velho de Brotas",
        "endereco": "Rua Dr. Antônio Corrêa Caldas, 45",
        "cep": "40240-440",
        "telefone": "3233-8606",
        "foto_thumb": "http://www.terreiros.ceao.ufba.br/_FT/pq/148.jpg",
        "foto_grande": "http://www.terreiros.ceao.ufba.br/_FT/gd/148.jpg"
      }
    },
    {
      "type": "Feature",
      "geometry": {
        "type": "Point",
        "coordinates": [
          -38.5014256018799,
          -12.9865012863896
        ]
      },
      "properties": {
        "id": "149",
        "nome": "Ylê Axé Ony Yrê Fá",
        "lideranca": "Robelia Fernandes",
        "nacao": "Alaketo",
        "ano_fundacao": "1988",
        "regente": "Oiá",
        "bairro": "Eng. Velho de Brotas",
        "endereco": "3ª Travessa 25 de dezembro, 12",
        "cep": "40240-045",
        "telefone": "3381-8522",
        "foto_thumb": "http://www.terreiros.ceao.ufba.br/_FT/pq/149.jpg",
        "foto_grande": "http://www.terreiros.ceao.ufba.br/_FT/gd/149.jpg"
      }
    },
    {
      "type": "Feature",
      "geometry": {
        "type": "Point",
        "coordinates": [
          -38.5004716954302,
          -12.9864052129116
        ]
      },
      "properties": {
        "id": "150",
        "nome": "Ylê Axé Ijé Até Oya",
        "lideranca": "Vanda Maria Santos do Nascimento",
        "nacao": "Alaketo",
        "ano_fundacao": "1937",
        "regente": "Obaluaê",
        "bairro": "Eng. Velho de Brotas",
        "endereco": "Rua Padre Luis Filgueiras s/n",
        "cep": "40243-320",
        "telefone": "3203-6109/ 3261-0273",
        "foto_thumb": "http://www.terreiros.ceao.ufba.br/_FT/pq/150.jpg",
        "foto_grande": "http://www.terreiros.ceao.ufba.br/_FT/gd/150.jpg"
      }
    },
    {
      "type": "Feature",
      "geometry": {
        "type": "Point",
        "coordinates": [
          -38.4989141320084,
          -12.9901593753689
        ]
      },
      "properties": {
        "id": "151",
        "nome": "Abassá Raízes de Onirê",
        "lideranca": "Ailton Bispo dos Santos",
        "nacao": "Keto",
        "ano_fundacao": "2003",
        "regente": "Ogum",
        "bairro": "Eng. Velho de Brotas",
        "endereco": "2ª Travessa 25 de dezembro, 05",
        "cep": "40240-580",
        "telefone": "8172-1191",
        "foto_thumb": "http://www.terreiros.ceao.ufba.br/_FT/pq/151.jpg",
        "foto_grande": "http://www.terreiros.ceao.ufba.br/_FT/gd/151.jpg"
      }
    },
    {
      "type": "Feature",
      "geometry": {
        "type": "Point",
        "coordinates": [
          -38.5007715124567,
          -12.9867536596043
        ]
      },
      "properties": {
        "id": "152",
        "nome": "Ilê Axé Oiâ Dêmin",
        "lideranca": "Helenice Gaudina de Souza",
        "nacao": "Keto",
        "ano_fundacao": "1985",
        "regente": "Iansã",
        "bairro": "Cosme de Farias",
        "cep": "40254-060",
        "telefone": "3383-0501",
        "foto_thumb": "http://www.terreiros.ceao.ufba.br/_FT/pq/152.jpg",
        "foto_grande": "http://www.terreiros.ceao.ufba.br/_FT/gd/152.jpg"
      }
    },
    {
      "type": "Feature",
      "geometry": {
        "type": "Point",
        "coordinates": [
          -38.4848102129335,
          -12.9825111313075
        ]
      },
      "properties": {
        "id": "153",
        "nome": "Ilê Axé Gitolu-Se Dehewá",
        "lideranca": "Jaínara dos Santos Gamas",
        "nacao": "Keto",
        "ano_fundacao": "1990",
        "regente": "Obaluaê",
        "bairro": "Cosme de Farias",
        "endereco": "Rua 12 de setembro, 21, Alto do Cruzeiro",
        "cep": "40253-220",
        "telefone": "3255-0116",
        "foto_thumb": "http://www.terreiros.ceao.ufba.br/_FT/pq/153.jpg",
        "foto_grande": "http://www.terreiros.ceao.ufba.br/_FT/gd/153.jpg"
      }
    },
    {
      "type": "Feature",
      "geometry": {
        "type": "Point",
        "coordinates": [
          -38.4849090875739,
          -12.9823339864353
        ]
      },
      "properties": {
        "id": "154",
        "nome": "Terreiro de Oxossi Mensageiro da Fé",
        "lideranca": "Jorge de Jesus",
        "nacao": "Caboclo",
        "ano_fundacao": "1946",
        "regente": "Oxóssi",
        "bairro": "Cosme de Farias",
        "endereco": "Rua Venseslau Galo, 60",
        "cep": "40252-190",
        "telefone": "3244-9228",
        "foto_thumb": "http://www.terreiros.ceao.ufba.br/_FT/pq/154.jpg",
        "foto_grande": "http://www.terreiros.ceao.ufba.br/_FT/gd/154.jpg"
      }
    },
    {
      "type": "Feature",
      "geometry": {
        "type": "Point",
        "coordinates": [
          -38.4894426177576,
          -12.9815036846397
        ]
      },
      "properties": {
        "id": "155",
        "nome": "Ibá Ilê Oxum",
        "lideranca": "Maria da Cruz Costa Lisboa",
        "nacao": "Keto",
        "ano_fundacao": "1987",
        "regente": "Oxum",
        "bairro": "Cosme de Farias",
        "endereco": "Rua 18 de Janeiro, 44 A",
        "cep": "40253-270",
        "telefone": "3383-6026",
        "foto_thumb": "http://www.terreiros.ceao.ufba.br/_FT/pq/155.jpg",
        "foto_grande": "http://www.terreiros.ceao.ufba.br/_FT/gd/155.jpg"
      }
    },
    {
      "type": "Feature",
      "geometry": {
        "type": "Point",
        "coordinates": [
          -38.4854050553426,
          -12.9827027271956
        ]
      },
      "properties": {
        "id": "156",
        "nome": "Dandalunda de Unzambe",
        "lideranca": "José Bispo dos Santos",
        "nacao": "Angola",
        "ano_fundacao": "1964",
        "regente": "Oxum",
        "bairro": "Cosme de Farias",
        "endereco": "Rua 18 de Janeiro, 180 E",
        "cep": "40253-270",
        "telefone": "3234-5204",
        "foto_thumb": "http://www.terreiros.ceao.ufba.br/_FT/pq/156.jpg",
        "foto_grande": "http://www.terreiros.ceao.ufba.br/_FT/gd/156.jpg"
      }
    },
    {
      "type": "Feature",
      "geometry": {
        "type": "Point",
        "coordinates": [
          -38.4857669351788,
          -12.9830023092901
        ]
      },
      "properties": {
        "id": "157",
        "nome": "Terreiro Omoloyá",
        "lideranca": "Miralva Maria Paim dos Santos",
        "nacao": "Keto",
        "ano_fundacao": "1986",
        "regente": "Obaluaê",
        "bairro": "Pernambués",
        "endereco": "Rua Tomás Gonzaga , 269",
        "cep": "41100-000",
        "telefone": "3431-0397",
        "foto_thumb": "http://www.terreiros.ceao.ufba.br/_FT/pq/157.jpg",
        "foto_grande": "http://www.terreiros.ceao.ufba.br/_FT/gd/157.jpg"
      }
    },
    {
      "type": "Feature",
      "geometry": {
        "type": "Point",
        "coordinates": [
          -38.4616148281598,
          -12.967252773752
        ]
      },
      "properties": {
        "id": "158",
        "nome": "Ilê Aláaakorê Ase Omi",
        "lideranca": "Ubiratan Oliveira Pinto",
        "nacao": "Keto",
        "ano_fundacao": "1956",
        "regente": "Ogum",
        "bairro": "Pernambués",
        "endereco": "Rua Botuporã, 253E",
        "cep": "41100-060",
        "telefone": "3431-3855",
        "foto_thumb": "http://www.terreiros.ceao.ufba.br/_FT/pq/158.jpg",
        "foto_grande": "http://www.terreiros.ceao.ufba.br/_FT/gd/158.jpg"
      }
    },
    {
      "type": "Feature",
      "geometry": {
        "type": "Point",
        "coordinates": [
          -38.4628939155209,
          -12.9686667229833
        ]
      },
      "properties": {
        "id": "159",
        "nome": "Ilê Lôba Lekú",
        "lideranca": "Edson Cardoso da Silva",
        "nacao": "Keto",
        "ano_fundacao": "1968",
        "regente": "Ogum",
        "bairro": "Cosme de Farias",
        "cep": "40252-040",
        "telefone": "3288-4568",
        "foto_thumb": "http://www.terreiros.ceao.ufba.br/_FT/pq/159.jpg",
        "foto_grande": "http://www.terreiros.ceao.ufba.br/_FT/gd/159.jpg"
      }
    },
    {
      "type": "Feature",
      "geometry": {
        "type": "Point",
        "coordinates": [
          -38.4920377440744,
          -12.982358161875
        ]
      },
      "properties": {
        "id": "160",
        "nome": "Terreiro de Mata Virgens",
        "lideranca": "Maria das Virgens dos Santos",
        "nacao": "Keto",
        "ano_fundacao": "1974",
        "regente": "Iansã",
        "bairro": "Cosme de Farias",
        "endereco": "Rua Paquetá , 78",
        "cep": "40250-200",
        "telefone": "3381-3339",
        "foto_thumb": "http://www.terreiros.ceao.ufba.br/_FT/pq/160.jpg",
        "foto_grande": "http://www.terreiros.ceao.ufba.br/_FT/gd/160.jpg"
      }
    },
    {
      "type": "Feature",
      "geometry": {
        "type": "Point",
        "coordinates": [
          -38.491190044306,
          -12.9775805709823
        ]
      },
      "properties": {
        "id": "161",
        "nome": "Ilê Axé Ybonan",
        "lideranca": "Roberto Bispo dos Anjos Junior",
        "nacao": "Keto",
        "ano_fundacao": "2002",
        "regente": "Obaluaê",
        "bairro": "Cosme de Farias",
        "endereco": "4ª Travessa Heitor Dias, 12A",
        "cep": "40251-330",
        "telefone": "9204-2130",
        "foto_thumb": "http://www.terreiros.ceao.ufba.br/_FT/pq/161.jpg",
        "foto_grande": "http://www.terreiros.ceao.ufba.br/_FT/gd/161.jpg"
      }
    },
    {
      "type": "Feature",
      "geometry": {
        "type": "Point",
        "coordinates": [
          -38.485445202,
          -12.9793959943
        ]
      },
      "properties": {
        "id": "162",
        "nome": "Caboclo Serra Grande",
        "lideranca": "Cileda dos Santos Pereira",
        "nacao": "Keto",
        "ano_fundacao": "1949",
        "regente": "Caboclo Serra Grande",
        "bairro": "Cosme de Farias",
        "endereco": "Rua Antônio Viana , 205",
        "cep": "40254-160",
        "telefone": "3244-6282",
        "foto_thumb": "http://www.terreiros.ceao.ufba.br/_FT/pq/162.jpg",
        "foto_grande": "http://www.terreiros.ceao.ufba.br/_FT/gd/162.jpg"
      }
    },
    {
      "type": "Feature",
      "geometry": {
        "type": "Point",
        "coordinates": [
          -38.4849918685344,
          -12.9797723548617
        ]
      },
      "properties": {
        "id": "163",
        "nome": "Ilê Axé Eueu Omin Farã",
        "lideranca": "Nancy Melo Leite",
        "nacao": "Keto",
        "ano_fundacao": "2001",
        "regente": "Ossaim",
        "bairro": "Cosme de Farias",
        "endereco": "Rua Irapuã, 06",
        "cep": "40253-255",
        "telefone": "3383-6225",
        "foto_thumb": "http://www.terreiros.ceao.ufba.br/_FT/pq/163.jpg",
        "foto_grande": "http://www.terreiros.ceao.ufba.br/_FT/gd/163.jpg"
      }
    },
    {
      "type": "Feature",
      "geometry": {
        "type": "Point",
        "coordinates": [
          -38.4853770224047,
          -12.9802602594519
        ]
      },
      "properties": {
        "id": "164",
        "nome": "Não informado",
        "lideranca": "Gerônimo Sousa Boa Morte",
        "nacao": "Keto",
        "ano_fundacao": "1969",
        "regente": "Omolu",
        "bairro": "Pernambués",
        "endereco": "Rua Tomás Gonzaga, 58",
        "cep": "41100-100",
        "telefone": "não tem"
      }
    },
    {
      "type": "Feature",
      "geometry": {
        "type": "Point",
        "coordinates": [
          -38.4708111659831,
          -12.9647099472855
        ]
      },
      "properties": {
        "id": "165",
        "nome": "Terreiro de Obirijenan",
        "lideranca": "Ednalva Santos Carvalho",
        "nacao": "Keto",
        "ano_fundacao": "1960",
        "regente": "Obaluaê e Oxalá",
        "bairro": "Pernambués",
        "endereco": "Rua Botuporã, Lote 19",
        "cep": "41100-060",
        "telefone": "3431-6945 (vizinha)",
        "foto_thumb": "http://www.terreiros.ceao.ufba.br/_FT/pq/165.jpg",
        "foto_grande": "http://www.terreiros.ceao.ufba.br/_FT/gd/165.jpg"
      }
    },
    {
      "type": "Feature",
      "geometry": {
        "type": "Point",
        "coordinates": [
          -38.4630540599056,
          -12.9682595259575
        ]
      },
      "properties": {
        "id": "166",
        "nome": "Terreiro de Ijeajé De Oiá",
        "lideranca": "Noemia Maria M. Ribeiro",
        "nacao": "Jêje",
        "ano_fundacao": "1989",
        "regente": "Iansã",
        "bairro": "Pernambués",
        "endereco": "Rua Guaratinga, Quadra 7, Lote 26",
        "cep": "41100-040",
        "telefone": "3431-3203",
        "foto_thumb": "http://www.terreiros.ceao.ufba.br/_FT/pq/166.jpg",
        "foto_grande": "http://www.terreiros.ceao.ufba.br/_FT/gd/166.jpg"
      }
    },
    {
      "type": "Feature",
      "geometry": {
        "type": "Point",
        "coordinates": [
          -38.4659082619381,
          -12.9693246927243
        ]
      },
      "properties": {
        "id": "167",
        "nome": "Ilê Relíquia de Ogum Ojum Orum",
        "lideranca": "Audário Pereira Bezerra",
        "nacao": "Alaketo",
        "ano_fundacao": "1989",
        "regente": "Ogum",
        "bairro": "Pernambués",
        "endereco": "Rua Alto da Mangueira, 113E",
        "cep": "41100-480",
        "telefone": "3431-6916",
        "foto_thumb": "http://www.terreiros.ceao.ufba.br/_FT/pq/167.jpg",
        "foto_grande": "http://www.terreiros.ceao.ufba.br/_FT/gd/167.jpg"
      }
    },
    {
      "type": "Feature",
      "geometry": {
        "type": "Point",
        "coordinates": [
          -38.4647525403982,
          -12.9716475565456
        ]
      },
      "properties": {
        "id": "168",
        "nome": "Casa de Tiratema",
        "lideranca": "Sonia Luz dos Santos",
        "nacao": "Nagô Vodum",
        "ano_fundacao": "1944",
        "regente": "Tempo e Oxalá",
        "bairro": "Pernambués",
        "endereco": "Rua Botuporã, Quadra. 1, Lote 47",
        "cep": "41100-060",
        "telefone": "3460-5355",
        "foto_thumb": "http://www.terreiros.ceao.ufba.br/_FT/pq/168.jpg",
        "foto_grande": "http://www.terreiros.ceao.ufba.br/_FT/gd/168.jpg"
      }
    },
    {
      "type": "Feature",
      "geometry": {
        "type": "Point",
        "coordinates": [
          -38.4639107932755,
          -12.9673500582058
        ]
      },
      "properties": {
        "id": "169",
        "nome": "Ilê Axé Opô Jimum",
        "lideranca": "Altamira Pereira Sales",
        "nacao": "Keto",
        "ano_fundacao": "1966",
        "regente": "Oxum",
        "bairro": "Pernambués",
        "endereco": "Rua 28 de Abril , 234 E",
        "cep": "41120-070",
        "telefone": "3450-9910",
        "foto_thumb": "http://www.terreiros.ceao.ufba.br/_FT/pq/169.jpg",
        "foto_grande": "http://www.terreiros.ceao.ufba.br/_FT/gd/169.jpg"
      }
    },
    {
      "type": "Feature",
      "geometry": {
        "type": "Point",
        "coordinates": [
          -38.4536771888531,
          -12.9687208136645
        ]
      },
      "properties": {
        "id": "170",
        "nome": "Orobê",
        "lideranca": "Raimundo Reis Moreira",
        "nacao": "Angola",
        "ano_fundacao": "1974",
        "regente": "Ogum",
        "bairro": "Pernambués",
        "endereco": "Rua Santa Verusa, 102",
        "cep": "41101-000",
        "telefone": "3230-0617",
        "foto_thumb": "http://www.terreiros.ceao.ufba.br/_FT/pq/170.jpg",
        "foto_grande": "http://www.terreiros.ceao.ufba.br/_FT/gd/170.jpg"
      }
    },
    {
      "type": "Feature",
      "geometry": {
        "type": "Point",
        "coordinates": [
          -38.4542966295522,
          -12.9686972006181
        ]
      },
      "properties": {
        "id": "171",
        "nome": "Com Deus e as Águas",
        "lideranca": "Antônio Oliveira Santos",
        "nacao": "Keto",
        "ano_fundacao": "1968",
        "regente": "Oxóssi",
        "bairro": "Pernambués",
        "endereco": "Rua Boa Esperança , 77",
        "telefone": "não tem",
        "foto_thumb": "http://www.terreiros.ceao.ufba.br/_FT/pq/171.jpg",
        "foto_grande": "http://www.terreiros.ceao.ufba.br/_FT/gd/171.jpg"
      }
    },
    {
      "type": "Feature",
      "geometry": {
        "type": "Point",
        "coordinates": [
          -38.456549199083,
          -12.970161401379
        ]
      },
      "properties": {
        "id": "172",
        "nome": "Ilê Axé Kawrí N'lá",
        "lideranca": "Leonildo Cunha de Souza",
        "nacao": "Keto",
        "ano_fundacao": "1993",
        "regente": "Oxóssi",
        "bairro": "Pernambués",
        "endereco": "Rua Tomás Gonzaga, Trav. São José, 89",
        "cep": "41130-670",
        "telefone": "8891-4434",
        "foto_thumb": "http://www.terreiros.ceao.ufba.br/_FT/pq/172.jpg",
        "foto_grande": "http://www.terreiros.ceao.ufba.br/_FT/gd/172.jpg"
      }
    },
    {
      "type": "Feature",
      "geometry": {
        "type": "Point",
        "coordinates": [
          -38.4547521343211,
          -12.9730108893962
        ]
      },
      "properties": {
        "id": "173",
        "nome": "Kakurakaia",
        "lideranca": "Lúcia de Jesus",
        "nacao": "Angola",
        "ano_fundacao": "2003",
        "regente": "Iansã",
        "bairro": "Pernambués",
        "endereco": "Rua Nair, 20, fundo",
        "cep": "41120-580",
        "telefone": "9952-8040",
        "foto_thumb": "http://www.terreiros.ceao.ufba.br/_FT/pq/173.jpg",
        "foto_grande": "http://www.terreiros.ceao.ufba.br/_FT/gd/173.jpg"
      }
    },
    {
      "type": "Feature",
      "geometry": {
        "type": "Point",
        "coordinates": [
          -38.459434384077,
          -12.9718592362272
        ]
      },
      "properties": {
        "id": "174",
        "nome": "Ilê Axé Oyasi Badé",
        "lideranca": "Djalma Jacob Rocha",
        "nacao": "Keto",
        "ano_fundacao": "1972",
        "regente": "Iansã e Ogum",
        "bairro": "Rio Vermelho",
        "endereco": "Rua Deputado Eujacio Simões, 148E, Chapada",
        "cep": "41920-290",
        "telefone": "3451-2347",
        "foto_thumb": "http://www.terreiros.ceao.ufba.br/_FT/pq/174.jpg",
        "foto_grande": "http://www.terreiros.ceao.ufba.br/_FT/gd/174.jpg"
      }
    },
    {
      "type": "Feature",
      "geometry": {
        "type": "Point",
        "coordinates": [
          -38.4797616454586,
          -13.0032952612501
        ]
      },
      "properties": {
        "id": "175",
        "nome": "Talakise",
        "lideranca": "Silvia Luiza P. França",
        "nacao": "Keto",
        "ano_fundacao": "1988",
        "regente": "Oxumaré",
        "bairro": "Santa Cruz",
        "endereco": "Rua do Mamoeiro , 27 E",
        "cep": "41925-530",
        "telefone": "3354-9028",
        "foto_thumb": "http://www.terreiros.ceao.ufba.br/_FT/pq/175.jpg",
        "foto_grande": "http://www.terreiros.ceao.ufba.br/_FT/gd/175.jpg"
      }
    },
    {
      "type": "Feature",
      "geometry": {
        "type": "Point",
        "coordinates": [
          -38.4765554852226,
          -12.9999702924811
        ]
      },
      "properties": {
        "id": "176",
        "nome": "Ilê Axé Min Dá",
        "lideranca": "Dêmis Amorim do Espírito Santo",
        "nacao": "Keto",
        "ano_fundacao": "1980",
        "regente": "Omolu",
        "bairro": "Nordeste de Amaralina",
        "endereco": "Rua Alto da Alegria, 27",
        "cep": "41905-645",
        "telefone": "3248-3891",
        "foto_thumb": "http://www.terreiros.ceao.ufba.br/_FT/pq/176.jpg",
        "foto_grande": "http://www.terreiros.ceao.ufba.br/_FT/gd/176.jpg"
      }
    },
    {
      "type": "Feature",
      "geometry": {
        "type": "Point",
        "coordinates": [
          -38.4999711900699,
          -12.9917686598898
        ]
      },
      "properties": {
        "id": "177",
        "nome": "Ominilê",
        "lideranca": "Maria do Carmo Lisboa",
        "nacao": "Keto",
        "ano_fundacao": "1963",
        "regente": "Oxum",
        "bairro": "Nordeste de Amaralina",
        "endereco": "Rua Capirana, 81",
        "cep": "40900-219",
        "telefone": "3240-5433",
        "foto_thumb": "http://www.terreiros.ceao.ufba.br/_FT/pq/177.jpg",
        "foto_grande": "http://www.terreiros.ceao.ufba.br/_FT/gd/177.jpg"
      }
    },
    {
      "type": "Feature",
      "geometry": {
        "type": "Point",
        "coordinates": [
          -38.4746618450128,
          -13.0086554635454
        ]
      },
      "properties": {
        "id": "178",
        "nome": "Odê Omin",
        "lideranca": "Fernando Alves dos Santos",
        "nacao": "Keto",
        "ano_fundacao": "1968",
        "regente": "Oxóssi",
        "bairro": "Garibaldi",
        "endereco": "Rua Souza Uzel, 135",
        "cep": "40213-010",
        "telefone": "3332-3396",
        "foto_thumb": "http://www.terreiros.ceao.ufba.br/_FT/pq/178.jpg",
        "foto_grande": "http://www.terreiros.ceao.ufba.br/_FT/gd/178.jpg"
      }
    },
    {
      "type": "Feature",
      "geometry": {
        "type": "Point",
        "coordinates": [
          -38.5088373612186,
          -12.9958583499788
        ]
      },
      "properties": {
        "id": "179",
        "nome": "Sake de Lozenza de Unzambe",
        "lideranca": "Rosemar Morais Aguiar",
        "nacao": "Angola",
        "ano_fundacao": "1996",
        "regente": "Oxum",
        "bairro": "Eng. Velho de Brotas",
        "endereco": "2ª Travessa 25 de dezembro, 64",
        "cep": "40240-580",
        "telefone": "3498-0191",
        "foto_thumb": "http://www.terreiros.ceao.ufba.br/_FT/pq/179.jpg",
        "foto_grande": "http://www.terreiros.ceao.ufba.br/_FT/gd/179.jpg"
      }
    },
    {
      "type": "Feature",
      "geometry": {
        "type": "Point",
        "coordinates": [
          -38.5005232574382,
          -12.9868367741119
        ]
      },
      "properties": {
        "id": "180",
        "nome": "Casa de Yansã",
        "lideranca": "Marta Santos de Assis",
        "nacao": "Keto",
        "ano_fundacao": "1996",
        "regente": "Iansã",
        "bairro": "Santo Antônio",
        "endereco": "Rua dos Carvões, 47",
        "cep": "40301-300",
        "telefone": "9111-6526",
        "foto_thumb": "http://www.terreiros.ceao.ufba.br/_FT/pq/180.jpg",
        "foto_grande": "http://www.terreiros.ceao.ufba.br/_FT/gd/180.jpg"
      }
    },
    {
      "type": "Feature",
      "geometry": {
        "type": "Point",
        "coordinates": [
          -38.5037646350641,
          -12.9642146783901
        ]
      },
      "properties": {
        "id": "181",
        "nome": "Ylê Axé Ajunsun",
        "lideranca": "Giselia Maria da Costa",
        "nacao": "Keto",
        "ano_fundacao": "1969",
        "regente": "Obaluaê",
        "bairro": "Ribeira",
        "endereco": "Rua Domingos Rabelo, 47",
        "cep": "40420-000",
        "telefone": "3207-6512",
        "foto_thumb": "http://www.terreiros.ceao.ufba.br/_FT/pq/181.jpg",
        "foto_grande": "http://www.terreiros.ceao.ufba.br/_FT/gd/181.jpg"
      }
    },
    {
      "type": "Feature",
      "geometry": {
        "type": "Point",
        "coordinates": [
          -38.4963963469406,
          -12.9166759275152
        ]
      },
      "properties": {
        "id": "182",
        "nome": "Manto Bantu Kiameian",
        "lideranca": "Cristina Alves de Souza",
        "nacao": "Angola",
        "ano_fundacao": "1956",
        "regente": "Oxum",
        "bairro": "Massaranduba",
        "endereco": "Rua Marivaldo Tapioca, 134, Mangueira",
        "cep": "40435-385",
        "telefone": "3314-5362",
        "foto_thumb": "http://www.terreiros.ceao.ufba.br/_FT/pq/182.jpg",
        "foto_grande": "http://www.terreiros.ceao.ufba.br/_FT/gd/182.jpg"
      }
    },
    {
      "type": "Feature",
      "geometry": {
        "type": "Point",
        "coordinates": [
          -38.4983011541289,
          -12.9225935833147
        ]
      },
      "properties": {
        "id": "183",
        "nome": "Ylê Axé Omin Jiberessu",
        "lideranca": "Maria Gorete R. dos Santos",
        "nacao": "Keto",
        "ano_fundacao": "1988",
        "regente": "Oxum",
        "bairro": "Ribeira",
        "endereco": "Rua Pereira Rebouças, 01",
        "cep": "40420-240",
        "telefone": "8801-2039",
        "foto_thumb": "http://www.terreiros.ceao.ufba.br/_FT/pq/183.jpg",
        "foto_grande": "http://www.terreiros.ceao.ufba.br/_FT/gd/183.jpg"
      }
    },
    {
      "type": "Feature",
      "geometry": {
        "type": "Point",
        "coordinates": [
          -38.494700961435,
          -12.9143749375714
        ]
      },
      "properties": {
        "id": "184",
        "nome": "Ylê Axé Oya Ogun Edê",
        "lideranca": "Hildete Lopes Santos",
        "nacao": "Alaketo",
        "ano_fundacao": "1971",
        "regente": "Ogum",
        "bairro": "Eng. Velho de Brotas",
        "cep": "40243-000",
        "telefone": "3381-2806",
        "foto_thumb": "http://www.terreiros.ceao.ufba.br/_FT/pq/184.jpg",
        "foto_grande": "http://www.terreiros.ceao.ufba.br/_FT/gd/184.jpg"
      }
    },
    {
      "type": "Feature",
      "geometry": {
        "type": "Point",
        "coordinates": [
          -38.5034942117007,
          -12.9884377777939
        ]
      },
      "properties": {
        "id": "185",
        "nome": "Aba Funjá",
        "lideranca": "Eurivaldina Pereira",
        "nacao": "Ijexá",
        "ano_fundacao": "1922",
        "regente": "Oxum",
        "bairro": "Vasco da Gama",
        "endereco": "Rua Sérgio de Carvalho, Vila Dinorá, 17 E",
        "cep": "40230-680",
        "telefone": "3389-9928/ 8858-9401",
        "foto_thumb": "http://www.terreiros.ceao.ufba.br/_FT/pq/185.jpg",
        "foto_grande": "http://www.terreiros.ceao.ufba.br/_FT/gd/185.jpg"
      }
    },
    {
      "type": "Feature",
      "geometry": {
        "type": "Point",
        "coordinates": [
          -38.4967007806494,
          -12.9976746159755
        ]
      },
      "properties": {
        "id": "186",
        "nome": "Abaça Caçute",
        "lideranca": "José Carlos Bispo da Hora",
        "nacao": "Angola",
        "ano_fundacao": "2001",
        "regente": "Oxalá",
        "bairro": "Cidade Nova",
        "endereco": "Rua Trasíbulo Ferraz, 25",
        "cep": "40313-460",
        "telefone": "3342-8314",
        "foto_thumb": "http://www.terreiros.ceao.ufba.br/_FT/pq/186.jpg",
        "foto_grande": "http://www.terreiros.ceao.ufba.br/_FT/gd/186.jpg"
      }
    },
    {
      "type": "Feature",
      "geometry": {
        "type": "Point",
        "coordinates": [
          -38.4851707805251,
          -12.9627765301808
        ]
      },
      "properties": {
        "id": "187",
        "nome": "Ilê Axé Yjinoilu Orossi",
        "lideranca": "José Antônio de Almeida",
        "nacao": "Keto",
        "ano_fundacao": "1981",
        "regente": "Obaluaê",
        "bairro": "Cidade Nova",
        "endereco": "Rua 25 de Dezembro , 71",
        "cep": "40313-360",
        "telefone": "3381-6695",
        "foto_thumb": "http://www.terreiros.ceao.ufba.br/_FT/pq/187.jpg",
        "foto_grande": "http://www.terreiros.ceao.ufba.br/_FT/gd/187.jpg"
      }
    },
    {
      "type": "Feature",
      "geometry": {
        "type": "Point",
        "coordinates": [
          -38.4838229367039,
          -12.9612523019246
        ]
      },
      "properties": {
        "id": "188",
        "nome": "Ylê Asse Omim Becendã Celombó Agelú",
        "lideranca": "Luciano dos Santos",
        "nacao": "Jêje Savalu",
        "ano_fundacao": "1985",
        "regente": "Xapanã",
        "bairro": "Cidade Nova",
        "endereco": "Rua Trasíbulo Ferraz , 70, Fundo casa 4",
        "cep": "40313-590",
        "telefone": "9186-0091",
        "foto_thumb": "http://www.terreiros.ceao.ufba.br/_FT/pq/188.jpg",
        "foto_grande": "http://www.terreiros.ceao.ufba.br/_FT/gd/188.jpg"
      }
    },
    {
      "type": "Feature",
      "geometry": {
        "type": "Point",
        "coordinates": [
          -38.4852273787337,
          -12.9623973234283
        ]
      },
      "properties": {
        "id": "189",
        "nome": "A Casa dos Caboclos",
        "lideranca": "Jandira Maria Santos e Santos",
        "nacao": "Angola Keto",
        "ano_fundacao": "1985",
        "regente": "Ogum",
        "bairro": "Massaranduba",
        "endereco": "Rua Dom Sebastião Leme, 06",
        "cep": "40436-220",
        "telefone": "3315-3682",
        "foto_thumb": "http://www.terreiros.ceao.ufba.br/_FT/pq/189.jpg",
        "foto_grande": "http://www.terreiros.ceao.ufba.br/_FT/gd/189.jpg"
      }
    },
    {
      "type": "Feature",
      "geometry": {
        "type": "Point",
        "coordinates": [
          -38.4952191497689,
          -12.9264673207148
        ]
      },
      "properties": {
        "id": "190",
        "nome": "Ylê Axé Iji Ilê",
        "lideranca": "Claudelina Oliveira Badaró",
        "nacao": "Keto",
        "ano_fundacao": "2001",
        "regente": "Omolu",
        "bairro": "Eng. Velho de Brotas",
        "endereco": "2ª Travessa 25 de dezembro, 186",
        "cep": "40240-580",
        "telefone": "3383-7439",
        "foto_thumb": "http://www.terreiros.ceao.ufba.br/_FT/pq/190.jpg",
        "foto_grande": "http://www.terreiros.ceao.ufba.br/_FT/gd/190.jpg"
      }
    },
    {
      "type": "Feature",
      "geometry": {
        "type": "Point",
        "coordinates": [
          -38.5003077623506,
          -12.9867958087279
        ]
      },
      "properties": {
        "id": "191",
        "nome": "Ylê Axé Agui Etala Aziri",
        "lideranca": "Josefa Maria de J. Santos",
        "nacao": "Keto Nagô",
        "ano_fundacao": "1992",
        "regente": "Logunedé",
        "bairro": "Ribeira",
        "endereco": "Rua Vila União, 18",
        "cep": "40412-290",
        "telefone": "3207-6948",
        "foto_thumb": "http://www.terreiros.ceao.ufba.br/_FT/pq/191.jpg",
        "foto_grande": "http://www.terreiros.ceao.ufba.br/_FT/gd/191.jpg"
      }
    },
    {
      "type": "Feature",
      "geometry": {
        "type": "Point",
        "coordinates": [
          -38.5000193848317,
          -12.9195299271645
        ]
      },
      "properties": {
        "id": "192",
        "nome": "Terreiro Santa Bárbara",
        "lideranca": "Sarita Maria Sergio",
        "nacao": "Keto",
        "ano_fundacao": "2005",
        "regente": "Iansã Balé",
        "bairro": "Cidade Nova",
        "cep": "40313-590",
        "telefone": "8156-3229",
        "foto_thumb": "http://www.terreiros.ceao.ufba.br/_FT/pq/192.jpg",
        "foto_grande": "http://www.terreiros.ceao.ufba.br/_FT/gd/192.jpg"
      }
    },
    {
      "type": "Feature",
      "geometry": {
        "type": "Point",
        "coordinates": [
          -38.4872137278971,
          -12.9601980135624
        ]
      },
      "properties": {
        "id": "193",
        "nome": "Casa de Yemanjá",
        "lideranca": "Eliete Estevão",
        "nacao": "Keto",
        "ano_fundacao": "1960",
        "regente": "Iemanjá",
        "bairro": "Cidade Nova",
        "endereco": "Rua Alto do Forno, 29",
        "cep": "40313-120",
        "telefone": "3382-8940",
        "foto_thumb": "http://www.terreiros.ceao.ufba.br/_FT/pq/193.jpg",
        "foto_grande": "http://www.terreiros.ceao.ufba.br/_FT/gd/193.jpg"
      }
    },
    {
      "type": "Feature",
      "geometry": {
        "type": "Point",
        "coordinates": [
          -38.483781612862,
          -12.9664858924945
        ]
      },
      "properties": {
        "id": "194",
        "nome": "Ajunsiram Ifá Demin",
        "lideranca": "Helena Gomes B. dos Santos",
        "nacao": "Keto",
        "ano_fundacao": "1966",
        "regente": "Obaluaê",
        "bairro": "Cidade Nova",
        "endereco": "Rua Alto do Forno , 63",
        "cep": "40313-500",
        "telefone": "3234-3421",
        "foto_thumb": "http://www.terreiros.ceao.ufba.br/_FT/pq/194.jpg",
        "foto_grande": "http://www.terreiros.ceao.ufba.br/_FT/gd/194.jpg"
      }
    },
    {
      "type": "Feature",
      "geometry": {
        "type": "Point",
        "coordinates": [
          -38.4839253634113,
          -12.9674285126782
        ]
      },
      "properties": {
        "id": "195",
        "nome": "Casa de Giro",
        "lideranca": "Ubiraci Ribeiro dos Santos",
        "nacao": "Alaketo",
        "ano_fundacao": "2000",
        "regente": "Xangô",
        "bairro": "Cidade Nova",
        "endereco": "Rua Alto do Forno, 45, Final de linha",
        "cep": "40313-500",
        "telefone": "3383-3457",
        "foto_thumb": "http://www.terreiros.ceao.ufba.br/_FT/pq/195.jpg",
        "foto_grande": "http://www.terreiros.ceao.ufba.br/_FT/gd/195.jpg"
      }
    },
    {
      "type": "Feature",
      "geometry": {
        "type": "Point",
        "coordinates": [
          -38.4837776242862,
          -12.9669537351078
        ]
      },
      "properties": {
        "id": "196",
        "nome": "Oya Madé",
        "lideranca": "Eunice Merceis Soares",
        "nacao": "Keto",
        "ano_fundacao": "1974",
        "regente": "Iansã",
        "bairro": "Cidade Nova",
        "endereco": "Rua 1º de Janeiro , 93",
        "cep": "40213-120",
        "telefone": "3234-0452",
        "foto_thumb": "http://www.terreiros.ceao.ufba.br/_FT/pq/196.jpg",
        "foto_grande": "http://www.terreiros.ceao.ufba.br/_FT/gd/196.jpg"
      }
    },
    {
      "type": "Feature",
      "geometry": {
        "type": "Point",
        "coordinates": [
          -38.4824008999472,
          -12.9660776932465
        ]
      },
      "properties": {
        "id": "197",
        "nome": "Ilê Axé Lufam Luay",
        "lideranca": "Izabel Cristina Nunes Garcia",
        "nacao": "Keto",
        "ano_fundacao": "1967",
        "regente": "Obaluaê",
        "bairro": "Cidade Nova",
        "cep": "40313-520",
        "telefone": "3383-3220",
        "foto_thumb": "http://www.terreiros.ceao.ufba.br/_FT/pq/197.jpg",
        "foto_grande": "http://www.terreiros.ceao.ufba.br/_FT/gd/197.jpg"
      }
    },
    {
      "type": "Feature",
      "geometry": {
        "type": "Point",
        "coordinates": [
          -38.4829703722121,
          -12.9663241610801
        ]
      },
      "properties": {
        "id": "198",
        "nome": "Centro de Caboclo Boiadeiro",
        "lideranca": "José Roque Lisboa Vinhas",
        "nacao": "Keto",
        "ano_fundacao": "1994",
        "regente": "Oxum",
        "bairro": "Cidade Nova",
        "endereco": "Rua Osório Vilas Boas, 29",
        "cep": "40318-160",
        "telefone": "3494-5909",
        "foto_thumb": "http://www.terreiros.ceao.ufba.br/_FT/pq/198.jpg",
        "foto_grande": "http://www.terreiros.ceao.ufba.br/_FT/gd/198.jpg"
      }
    },
    {
      "type": "Feature",
      "geometry": {
        "type": "Point",
        "coordinates": [
          -38.4874448175731,
          -12.9604053497253
        ]
      },
      "properties": {
        "id": "199",
        "nome": "Centro Lírio Verde",
        "lideranca": "Moacir Pacheco de Meneses",
        "nacao": "Vodum Nagô",
        "ano_fundacao": "2003",
        "regente": "Oxaguiã",
        "bairro": "Cidade Nova",
        "endereco": "Rua Osório Vilas Boas, 18",
        "cep": "40318-160",
        "telefone": "3236-1957",
        "foto_thumb": "http://www.terreiros.ceao.ufba.br/_FT/pq/199.jpg",
        "foto_grande": "http://www.terreiros.ceao.ufba.br/_FT/gd/199.jpg"
      }
    },
    {
      "type": "Feature",
      "geometry": {
        "type": "Point",
        "coordinates": [
          -38.4876666509429,
          -12.9605598693955
        ]
      },
      "properties": {
        "id": "200",
        "nome": "Cafungi Obaluaê",
        "lideranca": "Carmelita Gomes de Oliveira Santos",
        "nacao": "Angola",
        "ano_fundacao": "1974",
        "regente": "Obaluaê",
        "bairro": "Cidade Nova",
        "endereco": "Rua  24  de Junho, 6",
        "cep": "40313-480",
        "telefone": "3244-4628",
        "foto_thumb": "http://www.terreiros.ceao.ufba.br/_FT/pq/200.jpg",
        "foto_grande": "http://www.terreiros.ceao.ufba.br/_FT/gd/200.jpg"
      }
    },
    {
      "type": "Feature",
      "geometry": {
        "type": "Point",
        "coordinates": [
          -38.4868073374387,
          -12.9660676550455
        ]
      },
      "properties": {
        "id": "201",
        "nome": "Terreiro de Airá",
        "lideranca": "Regina Boa Morte Santos",
        "nacao": "Keto Angola",
        "ano_fundacao": "1960",
        "regente": "Xangô",
        "bairro": "Cidade Nova",
        "endereco": "Rua Dr. Esteves de Assis, 55",
        "cep": "40315-230",
        "telefone": "3234-1892",
        "foto_thumb": "http://www.terreiros.ceao.ufba.br/_FT/pq/201.jpg",
        "foto_grande": "http://www.terreiros.ceao.ufba.br/_FT/gd/201.jpg"
      }
    },
    {
      "type": "Feature",
      "geometry": {
        "type": "Point",
        "coordinates": [
          -38.4819047369269,
          -12.9664273803306
        ]
      },
      "properties": {
        "id": "202",
        "nome": "Terreiro de Jaguaraci",
        "lideranca": "Lourdes Carvalho Santos",
        "nacao": "Keto",
        "ano_fundacao": "1976",
        "regente": "Oxum",
        "bairro": "Cosme de Farias",
        "endereco": "Rua Itapuã , 108",
        "cep": "40253-255",
        "telefone": "3383-6281",
        "foto_thumb": "http://www.terreiros.ceao.ufba.br/_FT/pq/202.jpg",
        "foto_grande": "http://www.terreiros.ceao.ufba.br/_FT/gd/202.jpg"
      }
    },
    {
      "type": "Feature",
      "geometry": {
        "type": "Point",
        "coordinates": [
          -38.4858540349907,
          -12.9804158996142
        ]
      },
      "properties": {
        "id": "203",
        "nome": "Ilê Axé Maroketu",
        "lideranca": "Cecília Moreira Soares",
        "nacao": "Keto",
        "ano_fundacao": "1939",
        "regente": "Obaluaê",
        "bairro": "Cosme de Farias",
        "endereco": "Rua Antônio Viana , 65",
        "cep": "40254-160",
        "telefone": "3389-0189",
        "foto_thumb": "http://www.terreiros.ceao.ufba.br/_FT/pq/203.jpg",
        "foto_grande": "http://www.terreiros.ceao.ufba.br/_FT/gd/203.jpg"
      }
    },
    {
      "type": "Feature",
      "geometry": {
        "type": "Point",
        "coordinates": [
          -38.4859538711393,
          -12.9801002951985
        ]
      },
      "properties": {
        "id": "204",
        "nome": "Ilê Axé Ibá Yemanjá Ogum Té",
        "lideranca": "Mário Cosme S. Conceição",
        "nacao": "Keto",
        "ano_fundacao": "1978",
        "regente": "Iemanjá",
        "bairro": "Cosme de Farias",
        "endereco": "Av. São Lázaro , Rua Antonio Viana , 52",
        "cep": "40250-000",
        "telefone": "3234-4051",
        "foto_thumb": "http://www.terreiros.ceao.ufba.br/_FT/pq/204.jpg",
        "foto_grande": "http://www.terreiros.ceao.ufba.br/_FT/gd/204.jpg"
      }
    },
    {
      "type": "Feature",
      "geometry": {
        "type": "Point",
        "coordinates": [
          -38.485973726806,
          -12.9802101061044
        ]
      },
      "properties": {
        "id": "205",
        "nome": "Casa do Rei Oxalá",
        "lideranca": "Leodegario Mendes de Brito",
        "nacao": "Espiritual",
        "ano_fundacao": "1939",
        "regente": "Oxalá",
        "bairro": "Cosme de Farias",
        "endereco": "Rua Cosme de Farias , 204",
        "cep": "40253-040",
        "telefone": "3389-3323",
        "foto_thumb": "http://www.terreiros.ceao.ufba.br/_FT/pq/205.jpg",
        "foto_grande": "http://www.terreiros.ceao.ufba.br/_FT/gd/205.jpg"
      }
    },
    {
      "type": "Feature",
      "geometry": {
        "type": "Point",
        "coordinates": [
          -38.487208355364,
          -12.9807402365028
        ]
      },
      "properties": {
        "id": "206",
        "nome": "Terreiro de Oxossi",
        "lideranca": "Hilda Lima Gonçalves",
        "nacao": "Keto",
        "ano_fundacao": "1960",
        "regente": "Oxóssi",
        "bairro": "Cosme de Farias",
        "cep": "40250-380",
        "telefone": "3234-0194",
        "foto_thumb": "http://www.terreiros.ceao.ufba.br/_FT/pq/206.jpg",
        "foto_grande": "http://www.terreiros.ceao.ufba.br/_FT/gd/206.jpg"
      }
    },
    {
      "type": "Feature",
      "geometry": {
        "type": "Point",
        "coordinates": [
          -38.4883924103821,
          -12.9781868633166
        ]
      },
      "properties": {
        "id": "207",
        "nome": "Xangô Ilê I",
        "lideranca": "Maria da Conceição Freitas (Tia Cabocla)",
        "nacao": "Angola",
        "ano_fundacao": "1956",
        "regente": "Xangô",
        "bairro": "Garibaldi",
        "endereco": "Rua Souza Uzel, 133",
        "cep": "40213-010",
        "telefone": "3237-2690",
        "foto_thumb": "http://www.terreiros.ceao.ufba.br/_FT/pq/207.jpg",
        "foto_grande": "http://www.terreiros.ceao.ufba.br/_FT/gd/207.jpg"
      }
    },
    {
      "type": "Feature",
      "geometry": {
        "type": "Point",
        "coordinates": [
          -38.5089823501567,
          -12.9958608915003
        ]
      },
      "properties": {
        "id": "208",
        "nome": "Tenda de Caridade dos Reis da Cobra Cainana",
        "lideranca": "Aurelita Rocha das Virgens",
        "nacao": "Não informado",
        "ano_fundacao": "1969",
        "regente": "Xangô",
        "bairro": "Federação",
        "endereco": "Rua do Gantois, 13",
        "cep": "40213-050",
        "telefone": "3265-6632/ 9143-6206",
        "foto_thumb": "http://www.terreiros.ceao.ufba.br/_FT/pq/208.jpg",
        "foto_grande": "http://www.terreiros.ceao.ufba.br/_FT/gd/208.jpg"
      }
    },
    {
      "type": "Feature",
      "geometry": {
        "type": "Point",
        "coordinates": [
          -38.5076641138786,
          -12.9953373582047
        ]
      },
      "properties": {
        "id": "209",
        "nome": "Ilê Axé Omi Lola",
        "lideranca": "Indaraina de Miranda Souza",
        "nacao": "Keto Caboclo",
        "ano_fundacao": "1980",
        "regente": "Iansã",
        "bairro": "Rio Vermelho",
        "endereco": "Rua Vila Matos, 37, casa 2 A",
        "cep": "40210-170",
        "telefone": "3498-1764",
        "foto_thumb": "http://www.terreiros.ceao.ufba.br/_FT/pq/209.jpg",
        "foto_grande": "http://www.terreiros.ceao.ufba.br/_FT/gd/209.jpg"
      }
    },
    {
      "type": "Feature",
      "geometry": {
        "type": "Point",
        "coordinates": [
          -38.49757330424,
          -13.0085922796697
        ]
      },
      "properties": {
        "id": "210",
        "nome": "Centro Oxossi Mutalumbu",
        "lideranca": "Antonia Carmelita Araújo",
        "nacao": "Angola",
        "ano_fundacao": "1966",
        "regente": "Oxóssi",
        "bairro": "Rio Vermelho",
        "endereco": "Rua Manoel Rangel, 18",
        "cep": "41950-380",
        "telefone": "3235-1474",
        "foto_thumb": "http://www.terreiros.ceao.ufba.br/_FT/pq/210.jpg",
        "foto_grande": "http://www.terreiros.ceao.ufba.br/_FT/gd/210.jpg"
      }
    },
    {
      "type": "Feature",
      "geometry": {
        "type": "Point",
        "coordinates": [
          -38.5000154717746,
          -13.0098669811016
        ]
      },
      "properties": {
        "id": "211",
        "nome": "Iaominxoroque",
        "lideranca": "Benedito Antônio Nascimento",
        "nacao": "Keto",
        "ano_fundacao": "1966",
        "regente": "Iansã Balé",
        "bairro": "Garibaldi",
        "endereco": "Rua Souza Uzel, 128",
        "cep": "40213-010",
        "telefone": "3235-7096",
        "foto_thumb": "http://www.terreiros.ceao.ufba.br/_FT/pq/211.jpg",
        "foto_grande": "http://www.terreiros.ceao.ufba.br/_FT/gd/211.jpg"
      }
    },
    {
      "type": "Feature",
      "geometry": {
        "type": "Point",
        "coordinates": [
          -38.5083971245656,
          -12.9955941415344
        ]
      },
      "properties": {
        "id": "212",
        "nome": "Axé Iroko",
        "lideranca": "Péricles Vieira de Souza",
        "nacao": "Keto",
        "ano_fundacao": "1954",
        "regente": "Oxóssi",
        "bairro": "Brotas",
        "cep": "40280-060",
        "telefone": "3451-7896",
        "foto_thumb": "http://www.terreiros.ceao.ufba.br/_FT/pq/212.jpg",
        "foto_grande": "http://www.terreiros.ceao.ufba.br/_FT/gd/212.jpg"
      }
    },
    {
      "type": "Feature",
      "geometry": {
        "type": "Point",
        "coordinates": [
          -38.4740983311472,
          -12.9889500228736
        ]
      },
      "properties": {
        "id": "213",
        "nome": "Ilê Asé Oká Isô",
        "lideranca": "Ubaldo Silva Cardoso",
        "nacao": "Keto",
        "ano_fundacao": "1984",
        "regente": "Oiá",
        "bairro": "Brotas",
        "cep": "40259-750",
        "telefone": "3353-4097/ 9904-8026",
        "foto_thumb": "http://www.terreiros.ceao.ufba.br/_FT/pq/213.jpg",
        "foto_grande": "http://www.terreiros.ceao.ufba.br/_FT/gd/213.jpg"
      }
    },
    {
      "type": "Feature",
      "geometry": {
        "type": "Point",
        "coordinates": [
          -38.4744161545975,
          -12.9873716148314
        ]
      },
      "properties": {
        "id": "214",
        "nome": "Ilê Axé Iatolonum",
        "lideranca": "José Valter Vasconcelos dos Santos",
        "nacao": "Keto",
        "ano_fundacao": "1975",
        "regente": "Iemanjá",
        "bairro": "Brotas",
        "endereco": "Rua Alto da Saldanha, 75",
        "cep": "40280-070",
        "telefone": "3452-1348",
        "foto_thumb": "http://www.terreiros.ceao.ufba.br/_FT/pq/214.jpg",
        "foto_grande": "http://www.terreiros.ceao.ufba.br/_FT/gd/214.jpg"
      }
    },
    {
      "type": "Feature",
      "geometry": {
        "type": "Point",
        "coordinates": [
          -38.4751032541239,
          -12.988042948817
        ]
      },
      "properties": {
        "id": "215",
        "nome": "Ilê Axé Ominatajô",
        "lideranca": "Alda Maria Caldas Ramalho",
        "nacao": "Keto",
        "ano_fundacao": "1974",
        "regente": "Iemanjá Ogunté",
        "bairro": "Itapuã",
        "endereco": "Rua Eduardo Magalhães, km17, 107",
        "cep": "41630-700",
        "telefone": "8201-0270/ 3249-0327"
      }
    },
    {
      "type": "Feature",
      "geometry": {
        "type": "Point",
        "coordinates": [
          -38.366260260516,
          -12.9352889704937
        ]
      },
      "properties": {
        "id": "216",
        "nome": "Ilê Axé Ibá Jiná",
        "lideranca": "Arquiminia Portela Costa",
        "nacao": "Nagô vodum",
        "ano_fundacao": "1977",
        "regente": "Oxum e Xangô",
        "bairro": "Itapuã",
        "endereco": "Rua 1ª Trav. do Cajueiro, 49, Nova Brasília",
        "cep": "41630-430",
        "telefone": "3375-2908",
        "foto_thumb": "http://www.terreiros.ceao.ufba.br/_FT/pq/216.jpg",
        "foto_grande": "http://www.terreiros.ceao.ufba.br/_FT/gd/216.jpg"
      }
    },
    {
      "type": "Feature",
      "geometry": {
        "type": "Point",
        "coordinates": [
          -38.3571007754092,
          -12.9386667486796
        ]
      },
      "properties": {
        "id": "217",
        "nome": "Guere Betan Gume Sógbóadan",
        "lideranca": "José Carlos Santana",
        "nacao": "Mina Jêje",
        "ano_fundacao": "1971",
        "regente": "Becen",
        "bairro": "Itapuã",
        "endereco": "Rua Bahia, 37-A, Nova Brasília",
        "cep": "41630-310",
        "telefone": "3286-5624/ 9907-2442",
        "foto_thumb": "http://www.terreiros.ceao.ufba.br/_FT/pq/217.jpg",
        "foto_grande": "http://www.terreiros.ceao.ufba.br/_FT/gd/217.jpg"
      }
    },
    {
      "type": "Feature",
      "geometry": {
        "type": "Point",
        "coordinates": [
          -38.3555850648695,
          -12.937606112978
        ]
      },
      "properties": {
        "id": "218",
        "nome": "Axé Abassa de Ogum",
        "lideranca": "Jaciara Ribeiro dos Santos",
        "nacao": "Jêje Keto",
        "ano_fundacao": "1967",
        "regente": "Ogum",
        "bairro": "Itapuã",
        "endereco": "1ª Trav. Luis Viana Filho, 17, Nova Brasília",
        "cep": "41640-450",
        "telefone": "3285-1765/ 8804-4528",
        "foto_thumb": "http://www.terreiros.ceao.ufba.br/_FT/pq/218.jpg",
        "foto_grande": "http://www.terreiros.ceao.ufba.br/_FT/gd/218.jpg"
      }
    },
    {
      "type": "Feature",
      "geometry": {
        "type": "Point",
        "coordinates": [
          -38.3558217350501,
          -12.9354323793565
        ]
      },
      "properties": {
        "id": "219",
        "nome": "Ilê Axé Oiálamin",
        "lideranca": "Merita Santos Argulo",
        "nacao": "Keto",
        "ano_fundacao": "2002",
        "regente": "Iansã",
        "bairro": "Itapuã",
        "endereco": "Rua Sete de Setembro, Nova Brasília",
        "cep": "41611-210",
        "telefone": "3285-7265",
        "foto_thumb": "http://www.terreiros.ceao.ufba.br/_FT/pq/219.jpg",
        "foto_grande": "http://www.terreiros.ceao.ufba.br/_FT/gd/219.jpg"
      }
    },
    {
      "type": "Feature",
      "geometry": {
        "type": "Point",
        "coordinates": [
          -38.3592705927011,
          -12.937754998922
        ]
      },
      "properties": {
        "id": "220",
        "nome": "Obâ Kanfé Olorum Filho",
        "lideranca": "Maria José N. Bispo",
        "nacao": "Keto",
        "ano_fundacao": "1942",
        "regente": "Obaluaê",
        "bairro": "Cosme de Farias",
        "cep": "40250-380",
        "telefone": "3383-6663",
        "foto_thumb": "http://www.terreiros.ceao.ufba.br/_FT/pq/220.jpg",
        "foto_grande": "http://www.terreiros.ceao.ufba.br/_FT/gd/220.jpg"
      }
    },
    {
      "type": "Feature",
      "geometry": {
        "type": "Point",
        "coordinates": [
          -38.4882722394215,
          -12.9790377847785
        ]
      },
      "properties": {
        "id": "221",
        "nome": "Awziidi Junçara",
        "lideranca": "Valdeci dos Santos Hora",
        "nacao": "Angola",
        "ano_fundacao": "1964",
        "regente": "Inkosi",
        "bairro": "Cosme de Farias",
        "cep": "40253-040",
        "telefone": "3389-3448",
        "foto_thumb": "http://www.terreiros.ceao.ufba.br/_FT/pq/221.jpg",
        "foto_grande": "http://www.terreiros.ceao.ufba.br/_FT/gd/221.jpg"
      }
    },
    {
      "type": "Feature",
      "geometry": {
        "type": "Point",
        "coordinates": [
          -38.4869401782456,
          -12.982694594393
        ]
      },
      "properties": {
        "id": "222",
        "nome": "Auê Te Dô",
        "lideranca": "Lourdes Santos Costa",
        "nacao": "Keto",
        "ano_fundacao": "1846",
        "regente": "Oxóssi e Iansã",
        "bairro": "Cosme de Farias",
        "endereco": "Rua Heitor Dias, 505",
        "cep": "40253-100",
        "telefone": "3244-0291",
        "foto_thumb": "http://www.terreiros.ceao.ufba.br/_FT/pq/222.jpg",
        "foto_grande": "http://www.terreiros.ceao.ufba.br/_FT/gd/222.jpg"
      }
    },
    {
      "type": "Feature",
      "geometry": {
        "type": "Point",
        "coordinates": [
          -38.4847585482414,
          -12.9792667910627
        ]
      },
      "properties": {
        "id": "223",
        "nome": "Terreiro de Oxum Tadé",
        "lideranca": "Ivonete da Mata Barreto",
        "nacao": "Keto",
        "ano_fundacao": "1942",
        "regente": "Oxum",
        "bairro": "Cosme de Farias",
        "endereco": "3ª Trav. Araçatuba, 48, Alto do Cruzeiro",
        "cep": "40251-240",
        "telefone": "3233-8377/ 3244-6820",
        "foto_thumb": "http://www.terreiros.ceao.ufba.br/_FT/pq/223.jpg",
        "foto_grande": "http://www.terreiros.ceao.ufba.br/_FT/gd/223.jpg"
      }
    },
    {
      "type": "Feature",
      "geometry": {
        "type": "Point",
        "coordinates": [
          -38.4839649101935,
          -12.9820569105524
        ]
      },
      "properties": {
        "id": "224",
        "nome": "Terreiro de Boiadeiro",
        "lideranca": "Alice Pereira da Silva",
        "nacao": "Angola",
        "ano_fundacao": "1960",
        "regente": "Nanã",
        "bairro": "Cidade Nova",
        "endereco": "Rua  Ladeira do  Ipiranga, 69",
        "cep": "40313-030",
        "telefone": "3494-4280",
        "foto_thumb": "http://www.terreiros.ceao.ufba.br/_FT/pq/224.jpg",
        "foto_grande": "http://www.terreiros.ceao.ufba.br/_FT/gd/224.jpg"
      }
    },
    {
      "type": "Feature",
      "geometry": {
        "type": "Point",
        "coordinates": [
          -38.4873468231717,
          -12.9632697050779
        ]
      },
      "properties": {
        "id": "225",
        "nome": "Ilê Axé Ogy Nyfa Lagossy",
        "lideranca": "Ana Célia N. Morais",
        "nacao": "Keto Angola",
        "ano_fundacao": "1988",
        "regente": "Iansã",
        "bairro": "Cidade Nova",
        "endereco": "Rua Osório Vilas Boas , 31",
        "cep": "40318-160",
        "telefone": "3386-7956",
        "foto_thumb": "http://www.terreiros.ceao.ufba.br/_FT/pq/225.jpg",
        "foto_grande": "http://www.terreiros.ceao.ufba.br/_FT/gd/225.jpg"
      }
    },
    {
      "type": "Feature",
      "geometry": {
        "type": "Point",
        "coordinates": [
          -38.4873264159321,
          -12.9601656276627
        ]
      },
      "properties": {
        "id": "226",
        "nome": "Terreiro Ondas Verdes",
        "lideranca": "Maria das Graças Menezes Souza",
        "nacao": "Angola",
        "ano_fundacao": "1976",
        "regente": "Iemanjá",
        "bairro": "Cidade Nova",
        "endereco": "Rua Osório Vilas Boas , 38",
        "cep": "40318-160",
        "telefone": "3256-7645",
        "foto_thumb": "http://www.terreiros.ceao.ufba.br/_FT/pq/226.jpg",
        "foto_grande": "http://www.terreiros.ceao.ufba.br/_FT/gd/226.jpg"
      }
    },
    {
      "type": "Feature",
      "geometry": {
        "type": "Point",
        "coordinates": [
          -38.4874289026991,
          -12.9601204691926
        ]
      },
      "properties": {
        "id": "227",
        "nome": "Oya Fomimke",
        "lideranca": "Rosalvina Fiel do Carmo",
        "nacao": "Keto",
        "ano_fundacao": "0",
        "regente": "Iansã",
        "bairro": "Pau Miúdo",
        "endereco": "Rua Eufrosina Miranda , 65",
        "cep": "40315-490",
        "telefone": "3233-5912",
        "foto_thumb": "http://www.terreiros.ceao.ufba.br/_FT/pq/227.jpg",
        "foto_grande": "http://www.terreiros.ceao.ufba.br/_FT/gd/227.jpg"
      }
    },
    {
      "type": "Feature",
      "geometry": {
        "type": "Point",
        "coordinates": [
          -38.4808499962404,
          -12.9655919115686
        ]
      },
      "properties": {
        "id": "228",
        "nome": "Terreiro Jyabarissa",
        "lideranca": "Elizabete Santos Malaquias",
        "nacao": "Keto",
        "ano_fundacao": "1966",
        "regente": "Xangô",
        "bairro": "IAPI",
        "endereco": "Rua Santa Rita , 16 E Av. Floresta",
        "cep": "40330-050",
        "telefone": "3386-3853",
        "foto_thumb": "http://www.terreiros.ceao.ufba.br/_FT/pq/228.jpg",
        "foto_grande": "http://www.terreiros.ceao.ufba.br/_FT/gd/228.jpg"
      }
    },
    {
      "type": "Feature",
      "geometry": {
        "type": "Point",
        "coordinates": [
          -38.4828791020902,
          -12.9561968704246
        ]
      },
      "properties": {
        "id": "229",
        "nome": "Ilê Axé Ogum",
        "lideranca": "Valtercio M. dos Santos",
        "nacao": "Keto Ijexá",
        "ano_fundacao": "1998",
        "regente": "Ogum",
        "bairro": "Pau Miúdo",
        "endereco": "Rua Osvaldo Gordilho , 46",
        "cep": "40310-390",
        "telefone": "3233-5241",
        "foto_thumb": "http://www.terreiros.ceao.ufba.br/_FT/pq/229.jpg",
        "foto_grande": "http://www.terreiros.ceao.ufba.br/_FT/gd/229.jpg"
      }
    },
    {
      "type": "Feature",
      "geometry": {
        "type": "Point",
        "coordinates": [
          -38.4813930205705,
          -12.9587592269977
        ]
      },
      "properties": {
        "id": "230",
        "nome": "Ilê Axé Elobimoy",
        "lideranca": "Regilton Alves Ribeiro",
        "nacao": "Keto",
        "ano_fundacao": "0",
        "regente": "Iemanjá e Xangô",
        "bairro": "Pau Miúdo",
        "endereco": "Rua Santa Luiza , 69",
        "telefone": "3244-2768",
        "foto_thumb": "http://www.terreiros.ceao.ufba.br/_FT/pq/230.jpg",
        "foto_grande": "http://www.terreiros.ceao.ufba.br/_FT/gd/230.jpg"
      }
    },
    {
      "type": "Feature",
      "geometry": {
        "type": "Point",
        "coordinates": [
          -38.4811977773971,
          -12.9580299223094
        ]
      },
      "properties": {
        "id": "231",
        "nome": "Mutaazala de Unzambi",
        "lideranca": "Maria Lúcia Santos de Jesus",
        "nacao": "Angola",
        "ano_fundacao": "1994",
        "regente": "Oxóssi",
        "bairro": "IAPI",
        "endereco": "Rua Santa Rita, 34",
        "cep": "40330-050",
        "telefone": "3386-0796",
        "foto_thumb": "http://www.terreiros.ceao.ufba.br/_FT/pq/231.jpg",
        "foto_grande": "http://www.terreiros.ceao.ufba.br/_FT/gd/231.jpg"
      }
    },
    {
      "type": "Feature",
      "geometry": {
        "type": "Point",
        "coordinates": [
          -38.4833489593279,
          -12.9560564605631
        ]
      },
      "properties": {
        "id": "232",
        "nome": "Ilê Axé Oya Ygebe",
        "lideranca": "Marionaldo Santana Reis",
        "nacao": "Keto",
        "ano_fundacao": "1984",
        "regente": "Iansã",
        "bairro": "IAPI",
        "cep": "40330-695",
        "telefone": "3388-3076",
        "foto_thumb": "http://www.terreiros.ceao.ufba.br/_FT/pq/232.jpg",
        "foto_grande": "http://www.terreiros.ceao.ufba.br/_FT/gd/232.jpg"
      }
    },
    {
      "type": "Feature",
      "geometry": {
        "type": "Point",
        "coordinates": [
          -38.484635498923,
          -12.9554820173143
        ]
      },
      "properties": {
        "id": "233",
        "nome": "Ilê Axé Omim Dewá",
        "lideranca": "Ligia Maria Silva Santos",
        "nacao": "Keto",
        "ano_fundacao": "1984",
        "regente": "Oxum",
        "bairro": "Caixa DÁgua",
        "endereco": "Rua Manuel Drumont , Av. Soriano, 90",
        "cep": "40320-670",
        "telefone": "3244-7120",
        "foto_thumb": "http://www.terreiros.ceao.ufba.br/_FT/pq/233.jpg",
        "foto_grande": "http://www.terreiros.ceao.ufba.br/_FT/gd/233.jpg"
      }
    },
    {
      "type": "Feature",
      "geometry": {
        "type": "Point",
        "coordinates": [
          -38.4911690068855,
          -12.9543836329084
        ]
      },
      "properties": {
        "id": "234",
        "nome": "Unzó Oya Sidã",
        "lideranca": "Crispiniana Amorim",
        "nacao": "Angola",
        "ano_fundacao": "2004",
        "regente": "Omolu",
        "bairro": "Pernambués",
        "endereco": "Rua São Roque, 96E",
        "cep": "41110-230",
        "telefone": "3432-0536",
        "foto_thumb": "http://www.terreiros.ceao.ufba.br/_FT/pq/234.jpg",
        "foto_grande": "http://www.terreiros.ceao.ufba.br/_FT/gd/234.jpg"
      }
    },
    {
      "type": "Feature",
      "geometry": {
        "type": "Point",
        "coordinates": [
          -38.46013580684,
          -12.9716769512908
        ]
      },
      "properties": {
        "id": "235",
        "nome": "Terreiro de Oxum",
        "lideranca": "Alzira Portugal dos Santos",
        "nacao": "Angola",
        "ano_fundacao": "2002",
        "regente": "Oxum",
        "bairro": "Pernambués",
        "endereco": "Rua São Sebastião, 101",
        "cep": "41130-090",
        "telefone": "3432-1690",
        "foto_thumb": "http://www.terreiros.ceao.ufba.br/_FT/pq/235.jpg",
        "foto_grande": "http://www.terreiros.ceao.ufba.br/_FT/gd/235.jpg"
      }
    },
    {
      "type": "Feature",
      "geometry": {
        "type": "Point",
        "coordinates": [
          -38.4598049231534,
          -12.9725619701848
        ]
      },
      "properties": {
        "id": "236",
        "nome": "Auxiliar Sultão das Matas Virgens",
        "lideranca": "Natalice P. da Cruz Santos",
        "nacao": "Angola",
        "ano_fundacao": "1962",
        "regente": "Caboclo Sultão e Oxum Apará",
        "bairro": "Pernambués",
        "cep": "41100-430",
        "telefone": "3231-5482",
        "foto_thumb": "http://www.terreiros.ceao.ufba.br/_FT/pq/236.jpg",
        "foto_grande": "http://www.terreiros.ceao.ufba.br/_FT/gd/236.jpg"
      }
    },
    {
      "type": "Feature",
      "geometry": {
        "type": "Point",
        "coordinates": [
          -38.4611519042086,
          -12.9734114451654
        ]
      },
      "properties": {
        "id": "237",
        "nome": "Ilê Axé Ninfá",
        "lideranca": "Elenice Santa Rosa Santos",
        "nacao": "Keto",
        "ano_fundacao": "1966",
        "regente": "Iemanjá",
        "bairro": "Pernambués",
        "endereco": "2a Trav. São Francisco , 127 E",
        "cep": "41120-440",
        "telefone": "3432-0678",
        "foto_thumb": "http://www.terreiros.ceao.ufba.br/_FT/pq/237.jpg",
        "foto_grande": "http://www.terreiros.ceao.ufba.br/_FT/gd/237.jpg"
      }
    },
    {
      "type": "Feature",
      "geometry": {
        "type": "Point",
        "coordinates": [
          -38.4572774751141,
          -12.9714894652311
        ]
      },
      "properties": {
        "id": "238",
        "nome": "Ilê Axé Yijnaré",
        "lideranca": "Alzira Montenegro Dora",
        "nacao": "Keto",
        "ano_fundacao": "1953",
        "regente": "Omolu",
        "bairro": "Garcia",
        "endereco": "Rua Clemente Pereira, 24, fundo",
        "cep": "40100-210",
        "telefone": "8134-1061",
        "foto_thumb": "http://www.terreiros.ceao.ufba.br/_FT/pq/238.jpg",
        "foto_grande": "http://www.terreiros.ceao.ufba.br/_FT/gd/238.jpg"
      }
    },
    {
      "type": "Feature",
      "geometry": {
        "type": "Point",
        "coordinates": [
          -38.5099064462394,
          -12.9901700292727
        ]
      },
      "properties": {
        "id": "239",
        "nome": "Terreiro de Tupinambá",
        "lideranca": "Maria de Lourdes Santana",
        "nacao": "Keto",
        "ano_fundacao": "1954",
        "regente": "Oxum",
        "bairro": "Garcia",
        "endereco": "Rua Clemente Pereira, 32",
        "cep": "40100-210",
        "telefone": "3331-2168",
        "foto_thumb": "http://www.terreiros.ceao.ufba.br/_FT/pq/239.jpg",
        "foto_grande": "http://www.terreiros.ceao.ufba.br/_FT/gd/239.jpg"
      }
    },
    {
      "type": "Feature",
      "geometry": {
        "type": "Point",
        "coordinates": [
          -38.5100219905635,
          -12.9900240424532
        ]
      },
      "properties": {
        "id": "240",
        "nome": "Ilê Axé Oba Loiá",
        "lideranca": "Maria Joaquina de Aleluia",
        "nacao": "Keto",
        "ano_fundacao": "1951",
        "regente": "Iansã",
        "bairro": "Uruguai",
        "endereco": "Rua Rita Nuno , 32",
        "cep": "40450-665",
        "telefone": "Não tem",
        "foto_thumb": "http://www.terreiros.ceao.ufba.br/_FT/pq/240.jpg",
        "foto_grande": "http://www.terreiros.ceao.ufba.br/_FT/gd/240.jpg"
      }
    },
    {
      "type": "Feature",
      "geometry": {
        "type": "Point",
        "coordinates": [
          -38.4948787696677,
          -12.9341191059655
        ]
      },
      "properties": {
        "id": "241",
        "nome": "Não informado",
        "lideranca": "Odete Francisco Liberato",
        "nacao": "Keto Angola",
        "ano_fundacao": "1961",
        "regente": "Oxum e Iansã",
        "bairro": "Uruguai",
        "endereco": "Rua Rita Nuno, 42",
        "cep": "40450-360",
        "telefone": "3314-3566",
        "foto_thumb": "http://www.terreiros.ceao.ufba.br/_FT/pq/241.jpg",
        "foto_grande": "http://www.terreiros.ceao.ufba.br/_FT/gd/241.jpg"
      }
    },
    {
      "type": "Feature",
      "geometry": {
        "type": "Point",
        "coordinates": [
          -38.4947779554019,
          -12.9339738504193
        ]
      },
      "properties": {
        "id": "242",
        "nome": "Mameto Quissimí",
        "lideranca": "Gilson Santos de Araújo",
        "nacao": "Angola",
        "ano_fundacao": "1975",
        "regente": "Oxum",
        "bairro": "Uruguai",
        "endereco": "Rua Régis Pacheco, 169",
        "cep": "40450-060",
        "telefone": "3315-0844/ 3313-7499",
        "foto_thumb": "http://www.terreiros.ceao.ufba.br/_FT/pq/242.jpg",
        "foto_grande": "http://www.terreiros.ceao.ufba.br/_FT/gd/242.jpg"
      }
    },
    {
      "type": "Feature",
      "geometry": {
        "type": "Point",
        "coordinates": [
          -38.4940867379571,
          -12.9359787166966
        ]
      },
      "properties": {
        "id": "243",
        "nome": "Ilê Axé Omin Ogunja",
        "lideranca": "João Luiz P. de Oliveira",
        "nacao": "Keto",
        "ano_fundacao": "1976",
        "regente": "Ogum",
        "bairro": "Vale das Pedrinhas",
        "endereco": "Rua Nova Brasília, 34",
        "cep": "41905-170",
        "telefone": "3347-3972",
        "foto_thumb": "http://www.terreiros.ceao.ufba.br/_FT/pq/243.jpg",
        "foto_grande": "http://www.terreiros.ceao.ufba.br/_FT/gd/243.jpg"
      }
    },
    {
      "type": "Feature",
      "geometry": {
        "type": "Point",
        "coordinates": [
          -38.4775848991586,
          -13.0106801993585
        ]
      },
      "properties": {
        "id": "244",
        "nome": "Ilê Axé Omin Olôu Tapalepe",
        "lideranca": "Roseclei Santana Nascimento",
        "nacao": "Keto",
        "ano_fundacao": "1996",
        "regente": "Omolu",
        "bairro": "Nordeste de Amaralina",
        "endereco": "Rua José Inácio do Amaral, 70",
        "cep": "41905-370",
        "telefone": "3240-7990",
        "foto_thumb": "http://www.terreiros.ceao.ufba.br/_FT/pq/244.jpg",
        "foto_grande": "http://www.terreiros.ceao.ufba.br/_FT/gd/244.jpg"
      }
    },
    {
      "type": "Feature",
      "geometry": {
        "type": "Point",
        "coordinates": [
          -38.4776936203068,
          -13.0096538874342
        ]
      },
      "properties": {
        "id": "245",
        "nome": "Ilê Axé Oya Jambeleji",
        "lideranca": "Francisca Cardeal Miranda",
        "nacao": "Keto",
        "ano_fundacao": "1986",
        "regente": "Iansã",
        "bairro": "Vale das Pedrinhas",
        "endereco": "Rua Patrão, 37",
        "cep": "41915-320",
        "telefone": "3347-8491",
        "foto_thumb": "http://www.terreiros.ceao.ufba.br/_FT/pq/245.jpg",
        "foto_grande": "http://www.terreiros.ceao.ufba.br/_FT/gd/245.jpg"
      }
    },
    {
      "type": "Feature",
      "geometry": {
        "type": "Point",
        "coordinates": [
          -38.4813211927755,
          -13.0083474191297
        ]
      },
      "properties": {
        "id": "246",
        "nome": "Filho de Azacrá",
        "lideranca": "Everaldo de Jesus Almeida",
        "nacao": "Keto",
        "ano_fundacao": "1956",
        "regente": "Ogum e Oxóssi",
        "bairro": "Nordeste de Amaralina",
        "endereco": "Rua Reginaldo Matos , 102",
        "cep": "41905-365",
        "telefone": "3345-7101",
        "foto_thumb": "http://www.terreiros.ceao.ufba.br/_FT/pq/246.jpg",
        "foto_grande": "http://www.terreiros.ceao.ufba.br/_FT/gd/246.jpg"
      }
    },
    {
      "type": "Feature",
      "geometry": {
        "type": "Point",
        "coordinates": [
          -38.4944236292839,
          -12.9515476246822
        ]
      },
      "properties": {
        "id": "247",
        "nome": "Axé Onim Xangô",
        "lideranca": "Neuza Ana dos Santos",
        "nacao": "Keto Jêje",
        "ano_fundacao": "2005",
        "regente": "Ogum",
        "bairro": "Nordeste de Amaralina",
        "endereco": "Rua do Norte, 4ª Trav., 126",
        "cep": "41905-001",
        "telefone": "3248-0663",
        "foto_thumb": "http://www.terreiros.ceao.ufba.br/_FT/pq/247.jpg",
        "foto_grande": "http://www.terreiros.ceao.ufba.br/_FT/gd/247.jpg"
      }
    },
    {
      "type": "Feature",
      "geometry": {
        "type": "Point",
        "coordinates": [
          -38.4761488309921,
          -13.0092173664251
        ]
      },
      "properties": {
        "id": "248",
        "nome": "Ilê Axé Ominindê",
        "lideranca": "Valdina Santos de Jesus",
        "nacao": "Keto",
        "ano_fundacao": "1976",
        "regente": "Oxum",
        "bairro": "Ribeira",
        "endereco": "Rua Capitão Eugênio , 18",
        "cep": "40241-650",
        "telefone": "3316-2996",
        "foto_thumb": "http://www.terreiros.ceao.ufba.br/_FT/pq/248.jpg",
        "foto_grande": "http://www.terreiros.ceao.ufba.br/_FT/gd/248.jpg"
      }
    },
    {
      "type": "Feature",
      "geometry": {
        "type": "Point",
        "coordinates": [
          -38.4971689870644,
          -12.9206720477202
        ]
      },
      "properties": {
        "id": "249",
        "nome": "Ylê Axé Opó Oya Suju",
        "lideranca": "Elza Neves de Souza",
        "nacao": "Keto",
        "ano_fundacao": "1978",
        "regente": "Iansã",
        "bairro": "Ribeira",
        "endereco": "Rua Domingos Rabelo, 51",
        "cep": "40420-000",
        "telefone": "3314-2529",
        "foto_thumb": "http://www.terreiros.ceao.ufba.br/_FT/pq/249.jpg",
        "foto_grande": "http://www.terreiros.ceao.ufba.br/_FT/gd/249.jpg"
      }
    },
    {
      "type": "Feature",
      "geometry": {
        "type": "Point",
        "coordinates": [
          -38.4962736637959,
          -12.9166153238455
        ]
      },
      "properties": {
        "id": "250",
        "nome": "Terreiro de Oyá",
        "lideranca": "Clarinda Rufina",
        "nacao": "Angola",
        "ano_fundacao": "1956",
        "regente": "Iansã",
        "bairro": "Ribeira",
        "endereco": "Rua Juracy Magalhães, 33",
        "cep": "40420-380",
        "telefone": "3314-7380",
        "foto_thumb": "http://www.terreiros.ceao.ufba.br/_FT/pq/250.jpg",
        "foto_grande": "http://www.terreiros.ceao.ufba.br/_FT/gd/250.jpg"
      }
    },
    {
      "type": "Feature",
      "geometry": {
        "type": "Point",
        "coordinates": [
          -38.4994402214433,
          -12.9191422698886
        ]
      },
      "properties": {
        "id": "251",
        "nome": "Atim Samba Deué",
        "lideranca": "Marina Maria Passos",
        "nacao": "Angola",
        "ano_fundacao": "1954",
        "regente": "Oxum",
        "bairro": "Ribeira",
        "endereco": "Rua Clóvis de Almeida Maia, 6",
        "cep": "40421-080",
        "telefone": "3315-2759",
        "foto_thumb": "http://www.terreiros.ceao.ufba.br/_FT/pq/251.jpg",
        "foto_grande": "http://www.terreiros.ceao.ufba.br/_FT/gd/251.jpg"
      }
    },
    {
      "type": "Feature",
      "geometry": {
        "type": "Point",
        "coordinates": [
          -38.4937214842139,
          -12.9175057528245
        ]
      },
      "properties": {
        "id": "252",
        "nome": "Centro de Caboclo",
        "lideranca": "Angélica Mota de Jesus",
        "nacao": "Keto",
        "ano_fundacao": "1984",
        "regente": "Obaluaê",
        "bairro": "Ribeira",
        "endereco": "Rua Afonso Sertão, 6",
        "cep": "40420-020",
        "telefone": "3312-9620",
        "foto_thumb": "http://www.terreiros.ceao.ufba.br/_FT/pq/252.jpg",
        "foto_grande": "http://www.terreiros.ceao.ufba.br/_FT/gd/252.jpg"
      }
    },
    {
      "type": "Feature",
      "geometry": {
        "type": "Point",
        "coordinates": [
          -38.4932622078257,
          -12.914242485443
        ]
      },
      "properties": {
        "id": "253",
        "nome": "Centro de Umbanda",
        "lideranca": "Arlinda Gonçalves da Silva",
        "nacao": "Umbanda",
        "ano_fundacao": "1956",
        "regente": "Iansã",
        "bairro": "Pernambués",
        "endereco": "Rua 28 de Abril, 246E",
        "cep": "41120-070",
        "telefone": "3450-4369",
        "foto_thumb": "http://www.terreiros.ceao.ufba.br/_FT/pq/253.jpg",
        "foto_grande": "http://www.terreiros.ceao.ufba.br/_FT/gd/253.jpg"
      }
    },
    {
      "type": "Feature",
      "geometry": {
        "type": "Point",
        "coordinates": [
          -38.4534770230727,
          -12.9689817577217
        ]
      },
      "properties": {
        "id": "254",
        "nome": "Ilê Axé Ominijá",
        "lideranca": "Clemilda Batista Mecês",
        "nacao": "Keto",
        "ano_fundacao": "1974",
        "regente": "Oxum",
        "bairro": "Sussuarana",
        "endereco": "Rua da Jaqueira, 01",
        "cep": "41218-059",
        "telefone": "3306-9948",
        "foto_thumb": "http://www.terreiros.ceao.ufba.br/_FT/pq/254.jpg",
        "foto_grande": "http://www.terreiros.ceao.ufba.br/_FT/gd/254.jpg"
      }
    },
    {
      "type": "Feature",
      "geometry": {
        "type": "Point",
        "coordinates": [
          -38.4368983357051,
          -12.9374769360326
        ]
      },
      "properties": {
        "id": "255",
        "nome": "Ilê Axé Lodomin Ajô",
        "lideranca": "Crispim Coelho de Araújo",
        "nacao": "Angola",
        "ano_fundacao": "1979",
        "regente": "Ogum",
        "bairro": "Sussuarana",
        "endereco": "Rua Direta Sussuarana, Av. Ulysses Guimarães",
        "telefone": "3461-9550",
        "foto_thumb": "http://www.terreiros.ceao.ufba.br/_FT/pq/255.jpg",
        "foto_grande": "http://www.terreiros.ceao.ufba.br/_FT/gd/255.jpg"
      }
    },
    {
      "type": "Feature",
      "geometry": {
        "type": "Point",
        "coordinates": [
          -38.4302926989,
          -12.9394439249
        ]
      },
      "properties": {
        "id": "256",
        "nome": "Seman de Ungambi",
        "lideranca": "Eunice de Jesus Pereira",
        "nacao": "Angola",
        "ano_fundacao": "1974",
        "regente": "Oxumaré",
        "bairro": "Sussuarana",
        "endereco": "Rua dos Oitis, 05",
        "cep": "41215-360",
        "telefone": "3386-0054",
        "foto_thumb": "http://www.terreiros.ceao.ufba.br/_FT/pq/256.jpg",
        "foto_grande": "http://www.terreiros.ceao.ufba.br/_FT/gd/256.jpg"
      }
    },
    {
      "type": "Feature",
      "geometry": {
        "type": "Point",
        "coordinates": [
          -38.4322326302818,
          -12.9354671567772
        ]
      },
      "properties": {
        "id": "257",
        "nome": "Ilê Axé Oialeji",
        "lideranca": "Terezinha Santos Queiroz",
        "nacao": "Keto",
        "ano_fundacao": "1985",
        "regente": "Iansã",
        "bairro": "Sussuarana",
        "endereco": "Rua Antonio Carlos Magalhães, 156E",
        "cep": "41215-400",
        "telefone": "3405-6590",
        "foto_thumb": "http://www.terreiros.ceao.ufba.br/_FT/pq/257.jpg",
        "foto_grande": "http://www.terreiros.ceao.ufba.br/_FT/gd/257.jpg"
      }
    },
    {
      "type": "Feature",
      "geometry": {
        "type": "Point",
        "coordinates": [
          -38.4331027813577,
          -12.9355776124228
        ]
      },
      "properties": {
        "id": "258",
        "nome": "Ilê Axé Odor Bogy",
        "lideranca": "Anisdete de Jesus",
        "nacao": "Keto",
        "ano_fundacao": "1967",
        "regente": "Ogum",
        "bairro": "Sussuarana",
        "endereco": "Rua Solón de Carvalho, 43 E",
        "cep": "41218-094",
        "telefone": "3306-8009",
        "foto_thumb": "http://www.terreiros.ceao.ufba.br/_FT/pq/258.jpg",
        "foto_grande": "http://www.terreiros.ceao.ufba.br/_FT/gd/258.jpg"
      }
    },
    {
      "type": "Feature",
      "geometry": {
        "type": "Point",
        "coordinates": [
          -38.4384404761893,
          -12.9361908953842
        ]
      },
      "properties": {
        "id": "259",
        "nome": "Tumba Jussara",
        "lideranca": "Berenice dos Santos",
        "nacao": "Angola",
        "ano_fundacao": "1983",
        "regente": "Xangô",
        "bairro": "Sussuarana",
        "endereco": "Rua Rubens Zardival, 88E",
        "cep": "41215-000",
        "telefone": "3405-6495",
        "foto_thumb": "http://www.terreiros.ceao.ufba.br/_FT/pq/259.jpg",
        "foto_grande": "http://www.terreiros.ceao.ufba.br/_FT/gd/259.jpg"
      }
    },
    {
      "type": "Feature",
      "geometry": {
        "type": "Point",
        "coordinates": [
          -38.4331598499032,
          -12.9362083431766
        ]
      },
      "properties": {
        "id": "260",
        "nome": "Ilê Axé Tobo Ikan",
        "lideranca": "Maria das Dores Silva de Freitas",
        "nacao": "Keto",
        "ano_fundacao": "2001",
        "regente": "Ogum e Iemanjá",
        "bairro": "São Cristóvão",
        "cep": "41500-060",
        "telefone": "3251-4988",
        "foto_thumb": "http://www.terreiros.ceao.ufba.br/_FT/pq/260.jpg",
        "foto_grande": "http://www.terreiros.ceao.ufba.br/_FT/gd/260.jpg"
      }
    },
    {
      "type": "Feature",
      "geometry": {
        "type": "Point",
        "coordinates": [
          -38.3480628881932,
          -12.9186164187889
        ]
      },
      "properties": {
        "id": "261",
        "nome": "Ilê Axé Ebe Oxun Apará",
        "lideranca": "Alexandre Andonof Filho",
        "nacao": "Keto",
        "ano_fundacao": "1989",
        "regente": "Oxum",
        "bairro": "São Cristóvão",
        "cep": "41500-660",
        "telefone": "3377-0722",
        "foto_thumb": "http://www.terreiros.ceao.ufba.br/_FT/pq/261.jpg",
        "foto_grande": "http://www.terreiros.ceao.ufba.br/_FT/gd/261.jpg"
      }
    },
    {
      "type": "Feature",
      "geometry": {
        "type": "Point",
        "coordinates": [
          -38.3674313311922,
          -12.9103650464303
        ]
      },
      "properties": {
        "id": "262",
        "nome": "Terreiro São Jorge (Odé Toquí)",
        "lideranca": "Teodoro Pereira",
        "nacao": "Grono Keto",
        "ano_fundacao": "1967",
        "regente": "OxóssiTupi da Pedra Preta",
        "bairro": "São Cristóvão",
        "endereco": "Rua 16 de Agosto , 20",
        "cep": "41510-050",
        "telefone": "3365-4448",
        "foto_thumb": "http://www.terreiros.ceao.ufba.br/_FT/pq/262.jpg",
        "foto_grande": "http://www.terreiros.ceao.ufba.br/_FT/gd/262.jpg"
      }
    },
    {
      "type": "Feature",
      "geometry": {
        "type": "Point",
        "coordinates": [
          -38.3550601697259,
          -12.9114564771362
        ]
      },
      "properties": {
        "id": "263",
        "nome": "Anzo Tata Inssuumbo",
        "lideranca": "Dirceu Lopes V. Teixeira",
        "nacao": "Angola",
        "ano_fundacao": "1979",
        "regente": "Obaluaê",
        "bairro": "São Cristóvão",
        "endereco": "Rua Alto do Girassol s/n, Sítio Akauã",
        "cep": "41507-050",
        "telefone": "3365-0359/ 3386-1163",
        "foto_thumb": "http://www.terreiros.ceao.ufba.br/_FT/pq/263.jpg",
        "foto_grande": "http://www.terreiros.ceao.ufba.br/_FT/gd/263.jpg"
      }
    },
    {
      "type": "Feature",
      "geometry": {
        "type": "Point",
        "coordinates": [
          -38.3649145984899,
          -12.8948470445487
        ]
      },
      "properties": {
        "id": "264",
        "nome": "Terreiro de Ingongo de Unzambi",
        "lideranca": "Maria da Glória Anunciação Silva",
        "nacao": "Angola",
        "ano_fundacao": "1993",
        "regente": "Obaluaê",
        "bairro": "São Cristóvão",
        "endereco": "Rua São Jorge, 268E",
        "cep": "41500-080",
        "telefone": "3377-6544",
        "foto_thumb": "http://www.terreiros.ceao.ufba.br/_FT/pq/264.jpg",
        "foto_grande": "http://www.terreiros.ceao.ufba.br/_FT/gd/264.jpg"
      }
    },
    {
      "type": "Feature",
      "geometry": {
        "type": "Point",
        "coordinates": [
          -38.3488392462151,
          -12.9123896414537
        ]
      },
      "properties": {
        "id": "265",
        "nome": "Ilê Axé Odê Faramim",
        "lideranca": "Ismar Lázaro Lima de Souza",
        "nacao": "Keto",
        "ano_fundacao": "1992",
        "regente": "Oxóssi",
        "bairro": "São Cristóvão",
        "endereco": "Rua Poço Verde, 117",
        "cep": "41500-090",
        "telefone": "3252-1233/ 8844-5097"
      }
    },
    {
      "type": "Feature",
      "geometry": {
        "type": "Point",
        "coordinates": [
          -38.3476875122383,
          -12.9132727106021
        ]
      },
      "properties": {
        "id": "266",
        "nome": "Ilê Axé Omô Obé Bualegi",
        "lideranca": "Ademário Santos da Costa",
        "nacao": "Keto",
        "ano_fundacao": "2001",
        "regente": "Oxóssi",
        "bairro": "Jardim das Margaridas",
        "cep": "41510-240",
        "telefone": "3251-4275/ 8865-5424",
        "foto_thumb": "http://www.terreiros.ceao.ufba.br/_FT/pq/266.jpg",
        "foto_grande": "http://www.terreiros.ceao.ufba.br/_FT/gd/266.jpg"
      }
    },
    {
      "type": "Feature",
      "geometry": {
        "type": "Point",
        "coordinates": [
          -38.3504463761171,
          -12.9042641693811
        ]
      },
      "properties": {
        "id": "267",
        "nome": "Abebe Wurá - Leque de Ouro",
        "lideranca": "Jaime Hupsel Celestino",
        "nacao": "Keto",
        "ano_fundacao": "1959",
        "regente": "Oxaguiã e Oxum",
        "bairro": "Jardim das Margaridas",
        "cep": "42700-000",
        "telefone": "3377-2477",
        "foto_thumb": "http://www.terreiros.ceao.ufba.br/_FT/pq/267.jpg",
        "foto_grande": "http://www.terreiros.ceao.ufba.br/_FT/gd/267.jpg"
      }
    },
    {
      "type": "Feature",
      "geometry": {
        "type": "Point",
        "coordinates": [
          -38.3487208870485,
          -12.9018955601021
        ]
      },
      "properties": {
        "id": "268",
        "nome": "Ilê Axé Ibá De Oyá",
        "lideranca": "Edvaldo Ferreira dos Santos",
        "nacao": "Keto",
        "ano_fundacao": "1992",
        "regente": "Iansã",
        "bairro": "Jardim das Margaridas",
        "endereco": "Rua Antônio das Neves, 34",
        "cep": "42700-000",
        "telefone": "9903-3614",
        "foto_thumb": "http://www.terreiros.ceao.ufba.br/_FT/pq/268.jpg",
        "foto_grande": "http://www.terreiros.ceao.ufba.br/_FT/gd/268.jpg"
      }
    },
    {
      "type": "Feature",
      "geometry": {
        "type": "Point",
        "coordinates": [
          -38.3498315842044,
          -12.9000529007762
        ]
      },
      "properties": {
        "id": "269",
        "nome": "Ilê Axé Omin Tolomim",
        "lideranca": "Roberto Ferreira de Souza",
        "nacao": "Keto",
        "ano_fundacao": "1986",
        "regente": "Logunedé",
        "bairro": "Jardim das Margaridas",
        "endereco": "Rua Antônio das Neves, 34",
        "cep": "42700-000",
        "telefone": "3377-1655/ 8703-7180",
        "foto_thumb": "http://www.terreiros.ceao.ufba.br/_FT/pq/269.jpg",
        "foto_grande": "http://www.terreiros.ceao.ufba.br/_FT/gd/269.jpg"
      }
    },
    {
      "type": "Feature",
      "geometry": {
        "type": "Point",
        "coordinates": [
          -38.350291459348,
          -12.8997750145646
        ]
      },
      "properties": {
        "id": "270",
        "nome": "Centro Umbanda Caboclo Pena Branca",
        "lideranca": "Vera Lúcia Gomes Farias",
        "nacao": "Umbanda",
        "ano_fundacao": "1978",
        "regente": "Iansã",
        "bairro": "Ribeira",
        "endereco": "Rua Afonso Sertão, 5",
        "cep": "40420-020",
        "telefone": "3491-2425",
        "foto_thumb": "http://www.terreiros.ceao.ufba.br/_FT/pq/270.jpg",
        "foto_grande": "http://www.terreiros.ceao.ufba.br/_FT/gd/270.jpg"
      }
    },
    {
      "type": "Feature",
      "geometry": {
        "type": "Point",
        "coordinates": [
          -38.4933587313295,
          -12.9140791593076
        ]
      },
      "properties": {
        "id": "271",
        "nome": "Kunzo Rôxe Amboré",
        "lideranca": "Raimundo Assis de Jesus",
        "nacao": "Angola",
        "ano_fundacao": "1966",
        "regente": "Obaluaê",
        "bairro": "Ribeira",
        "endereco": "2a Trav. Domingos Rabelo, 55 B",
        "cep": "40421-700",
        "telefone": "3314-3758",
        "foto_thumb": "http://www.terreiros.ceao.ufba.br/_FT/pq/271.jpg",
        "foto_grande": "http://www.terreiros.ceao.ufba.br/_FT/gd/271.jpg"
      }
    },
    {
      "type": "Feature",
      "geometry": {
        "type": "Point",
        "coordinates": [
          -38.4962244908575,
          -12.918966448153
        ]
      },
      "properties": {
        "id": "272",
        "nome": "Ilê Axé Irá",
        "lideranca": "Ary Rocha de Souza",
        "nacao": "Keto Giro",
        "ano_fundacao": "1968",
        "regente": "Ogum de Ronda",
        "bairro": "Massaranduba",
        "endereco": "Rua Santos Titara, 229",
        "cep": "40435-480",
        "telefone": "3312-6138",
        "foto_thumb": "http://www.terreiros.ceao.ufba.br/_FT/pq/272.jpg",
        "foto_grande": "http://www.terreiros.ceao.ufba.br/_FT/gd/272.jpg"
      }
    },
    {
      "type": "Feature",
      "geometry": {
        "type": "Point",
        "coordinates": [
          -38.496052903918,
          -12.9270072330544
        ]
      },
      "properties": {
        "id": "273",
        "nome": "Ylê Axé Omin Lewy",
        "lideranca": "Clenis Maria Alves de Assis",
        "nacao": "Keto",
        "ano_fundacao": "1976",
        "regente": "Oxum",
        "bairro": "Boa Viagem",
        "endereco": "Rua Segundo Barreiro, 35",
        "cep": "40425-140",
        "telefone": "3316-3866",
        "foto_thumb": "http://www.terreiros.ceao.ufba.br/_FT/pq/273.jpg",
        "foto_grande": "http://www.terreiros.ceao.ufba.br/_FT/gd/273.jpg"
      }
    },
    {
      "type": "Feature",
      "geometry": {
        "type": "Point",
        "coordinates": [
          -38.5122892336874,
          -12.926292926532
        ]
      },
      "properties": {
        "id": "274",
        "nome": "Centro de Caridade Caboclo Capangueiro",
        "lideranca": "Marildo Luz Pinheira",
        "nacao": "Keto",
        "ano_fundacao": "2000",
        "regente": "Xangô",
        "bairro": "Boa Viagem",
        "endereco": "Rua Segundo Barreiro, Trav. Grunhalg, 4",
        "cep": "40425-140",
        "telefone": "3312-1939",
        "foto_thumb": "http://www.terreiros.ceao.ufba.br/_FT/pq/274.jpg",
        "foto_grande": "http://www.terreiros.ceao.ufba.br/_FT/gd/274.jpg"
      }
    },
    {
      "type": "Feature",
      "geometry": {
        "type": "Point",
        "coordinates": [
          -38.5117398085247,
          -12.9265787693416
        ]
      },
      "properties": {
        "id": "275",
        "nome": "Terreiro de Oxossi",
        "lideranca": "Everaldo Nascimento Ferreira",
        "nacao": "Keto",
        "ano_fundacao": "1966",
        "regente": "Oxum",
        "bairro": "Boa Viagem",
        "endereco": "Rua Rio São Francisco, 67",
        "cep": "40425-060",
        "telefone": "3497-0960/ 8175-7874/6755",
        "foto_thumb": "http://www.terreiros.ceao.ufba.br/_FT/pq/275.jpg",
        "foto_grande": "http://www.terreiros.ceao.ufba.br/_FT/gd/275.jpg"
      }
    },
    {
      "type": "Feature",
      "geometry": {
        "type": "Point",
        "coordinates": [
          -38.5123218119695,
          -12.9259620160579
        ]
      },
      "properties": {
        "id": "276",
        "nome": "Ilê Axé Bomin Fá",
        "lideranca": "Maria das Graças dos Santos",
        "nacao": "Keto",
        "ano_fundacao": "1956",
        "regente": "Oxóssi",
        "bairro": "Massaranduba",
        "endereco": "Rua Dom Sebastião Leme, 3",
        "cep": "40435-210",
        "telefone": "3316-2421",
        "foto_thumb": "http://www.terreiros.ceao.ufba.br/_FT/pq/276.jpg",
        "foto_grande": "http://www.terreiros.ceao.ufba.br/_FT/gd/276.jpg"
      }
    },
    {
      "type": "Feature",
      "geometry": {
        "type": "Point",
        "coordinates": [
          -38.4955560782283,
          -12.9264308941889
        ]
      },
      "properties": {
        "id": "277",
        "nome": "Ilê Axé Ogum de Ronda",
        "lideranca": "Deolinda Oliveira Costa",
        "nacao": "Angola",
        "ano_fundacao": "1984",
        "regente": "Iemanjá",
        "bairro": "Massaranduba",
        "endereco": "Rua Dom Sebastião Leme, 51",
        "cep": "40435-210",
        "telefone": "3495-3840",
        "foto_thumb": "http://www.terreiros.ceao.ufba.br/_FT/pq/277.jpg",
        "foto_grande": "http://www.terreiros.ceao.ufba.br/_FT/gd/277.jpg"
      }
    },
    {
      "type": "Feature",
      "geometry": {
        "type": "Point",
        "coordinates": [
          -38.4939434162172,
          -12.926615957514
        ]
      },
      "properties": {
        "id": "278",
        "nome": "Ylê Axé Oba Afonjá Alafin Oyó",
        "lideranca": "Cosme José de Matos Júnior",
        "nacao": "Keto",
        "ano_fundacao": "1985",
        "regente": "Xangô",
        "bairro": "Bonfim",
        "endereco": "Rua Travasso de Fora, 117",
        "cep": "40415-285",
        "telefone": "3208-0817",
        "foto_thumb": "http://www.terreiros.ceao.ufba.br/_FT/pq/278.jpg",
        "foto_grande": "http://www.terreiros.ceao.ufba.br/_FT/gd/278.jpg"
      }
    },
    {
      "type": "Feature",
      "geometry": {
        "type": "Point",
        "coordinates": [
          -38.5046102327614,
          -12.9240309006009
        ]
      },
      "properties": {
        "id": "279",
        "nome": "Ilê Axé Omin Afoni",
        "lideranca": "Floriceia Conceição Luz",
        "nacao": "Keto",
        "ano_fundacao": "1969",
        "regente": "Sasitaguara",
        "bairro": "Massaranduba",
        "endereco": "Rua Padre José Leal, 28 fundo",
        "cep": "40435-210",
        "telefone": "9999-5926",
        "foto_thumb": "http://www.terreiros.ceao.ufba.br/_FT/pq/279.jpg",
        "foto_grande": "http://www.terreiros.ceao.ufba.br/_FT/gd/279.jpg"
      }
    },
    {
      "type": "Feature",
      "geometry": {
        "type": "Point",
        "coordinates": [
          -38.4970375095859,
          -12.9193623828039
        ]
      },
      "properties": {
        "id": "281",
        "nome": "Axé Italabeim",
        "lideranca": "Durvanete Araújo dos Anjos",
        "nacao": "Ijexá",
        "ano_fundacao": "1966",
        "regente": "Oxalá",
        "bairro": "Uruguai",
        "endereco": "Rua Belanita , 61",
        "cep": "40450-270",
        "telefone": "3313-8759/ 3313-1079",
        "foto_thumb": "http://www.terreiros.ceao.ufba.br/_FT/pq/281.jpg",
        "foto_grande": "http://www.terreiros.ceao.ufba.br/_FT/gd/281.jpg"
      }
    },
    {
      "type": "Feature",
      "geometry": {
        "type": "Point",
        "coordinates": [
          -38.4941645536927,
          -12.9305590290582
        ]
      },
      "properties": {
        "id": "282",
        "nome": "Ilê Axé Omi Milá Raízes de Omisilé",
        "lideranca": "Ricardo Oliveira de Santana",
        "nacao": "Keto",
        "ano_fundacao": "1995",
        "regente": "Oxum",
        "bairro": "Mussurunga",
        "cep": "41510-203",
        "telefone": "3376-2788/ 3755",
        "foto_thumb": "http://www.terreiros.ceao.ufba.br/_FT/pq/282.jpg",
        "foto_grande": "http://www.terreiros.ceao.ufba.br/_FT/gd/282.jpg"
      }
    },
    {
      "type": "Feature",
      "geometry": {
        "type": "Point",
        "coordinates": [
          -38.3792952194619,
          -12.9105588793055
        ]
      },
      "properties": {
        "id": "283",
        "nome": "Não informado",
        "lideranca": "Edvalda dos Santos Pinheiro Fernandes",
        "nacao": "Keto",
        "ano_fundacao": "2001",
        "regente": "Iansã",
        "bairro": "Mussurunga",
        "endereco": "Conjunto Vila Verde, Est. Velha do Aeroporto, Rua Planalto Verde",
        "cep": "41510-151",
        "telefone": "9156-4089",
        "foto_thumb": "http://www.terreiros.ceao.ufba.br/_FT/pq/283.jpg",
        "foto_grande": "http://www.terreiros.ceao.ufba.br/_FT/gd/283.jpg"
      }
    },
    {
      "type": "Feature",
      "geometry": {
        "type": "Point",
        "coordinates": [
          -38.3788748723983,
          -12.9113508152171
        ]
      },
      "properties": {
        "id": "284",
        "nome": "Junsara Kongo",
        "lideranca": "Ana Paula Brito Oliveira",
        "nacao": "Angola",
        "ano_fundacao": "1978",
        "regente": "Ogum Inkassi",
        "bairro": "Mussurunga I",
        "cep": "41510-190",
        "telefone": "3377-7513",
        "foto_thumb": "http://www.terreiros.ceao.ufba.br/_FT/pq/284.jpg",
        "foto_grande": "http://www.terreiros.ceao.ufba.br/_FT/gd/284.jpg"
      }
    },
    {
      "type": "Feature",
      "geometry": {
        "type": "Point",
        "coordinates": [
          -38.3629941482735,
          -12.9182582373239
        ]
      },
      "properties": {
        "id": "285",
        "nome": "Danda Lewa",
        "lideranca": "Elucia Maria Conceição Costa",
        "nacao": "Angola",
        "ano_fundacao": "1982",
        "regente": "Oxum",
        "bairro": "Mussurunga II",
        "telefone": "3252-6541",
        "foto_thumb": "http://www.terreiros.ceao.ufba.br/_FT/pq/285.jpg",
        "foto_grande": "http://www.terreiros.ceao.ufba.br/_FT/gd/285.jpg"
      }
    },
    {
      "type": "Feature",
      "geometry": {
        "type": "Point",
        "coordinates": [
          -38.377080771089,
          -12.9169397252844
        ]
      },
      "properties": {
        "id": "286",
        "nome": "Ilê Axé Ode Omim Selê Filho",
        "lideranca": "Silvio Martins Soares",
        "nacao": "Keto",
        "ano_fundacao": "2002",
        "regente": "Oxóssi",
        "bairro": "Estrada Velha do Aeroporto",
        "endereco": "Rua A, Quadra 16, Caminho 24, 15, Conjunto Vila Verde",
        "telefone": "3376-3755",
        "foto_thumb": "http://www.terreiros.ceao.ufba.br/_FT/pq/286.jpg",
        "foto_grande": "http://www.terreiros.ceao.ufba.br/_FT/gd/286.jpg"
      }
    },
    {
      "type": "Feature",
      "geometry": {
        "type": "Point",
        "coordinates": [
          -38.3793580532641,
          -12.9102151808473
        ]
      },
      "properties": {
        "id": "287",
        "nome": "Ilê Axé Oya Baiomi",
        "lideranca": "Zenaide Salastiano Francisco dos Santos",
        "nacao": "Angola Caboclo",
        "ano_fundacao": "1984",
        "regente": "Oxóssi",
        "bairro": "Vale das Pedrinhas",
        "endereco": "Rua Padroeira do Brasil, 138",
        "cep": "41925-205",
        "telefone": "3240-0736",
        "foto_thumb": "http://www.terreiros.ceao.ufba.br/_FT/pq/287.jpg",
        "foto_grande": "http://www.terreiros.ceao.ufba.br/_FT/gd/287.jpg"
      }
    },
    {
      "type": "Feature",
      "geometry": {
        "type": "Point",
        "coordinates": [
          -38.4756742386173,
          -13.0080017298377
        ]
      },
      "properties": {
        "id": "288",
        "nome": "Ilê Axé Iapondá",
        "lideranca": "Alex Nascimento Feuzemburgh",
        "nacao": "Keto",
        "ano_fundacao": "1993",
        "regente": "Oxum",
        "bairro": "Uruguai",
        "endereco": "Rua Belanita, 170",
        "cep": "40450-270",
        "telefone": "3312-4890",
        "foto_thumb": "http://www.terreiros.ceao.ufba.br/_FT/pq/288.jpg",
        "foto_grande": "http://www.terreiros.ceao.ufba.br/_FT/gd/288.jpg"
      }
    },
    {
      "type": "Feature",
      "geometry": {
        "type": "Point",
        "coordinates": [
          -38.4945231311375,
          -12.9310637600641
        ]
      },
      "properties": {
        "id": "289",
        "nome": "Ilê Axé Ode Taômi",
        "lideranca": "Joilda Lisboa da Cruz",
        "nacao": "Keto",
        "ano_fundacao": "1970",
        "regente": "Oxóssi",
        "bairro": "Uruguai",
        "endereco": "Rua Boa Vista , 226",
        "cep": "40450-290",
        "telefone": "3207-7235",
        "foto_thumb": "http://www.terreiros.ceao.ufba.br/_FT/pq/289.jpg",
        "foto_grande": "http://www.terreiros.ceao.ufba.br/_FT/gd/289.jpg"
      }
    },
    {
      "type": "Feature",
      "geometry": {
        "type": "Point",
        "coordinates": [
          -38.4957941606503,
          -12.9322482401916
        ]
      },
      "properties": {
        "id": "290",
        "nome": "Ilê Axé Omim D. Lewa",
        "lideranca": "Ana Paula Góes Bispo",
        "nacao": "Keto",
        "ano_fundacao": "2001",
        "regente": "Oxum",
        "bairro": "Uruguai",
        "endereco": "Rua haroldo de Sá, 38",
        "cep": "40453-090",
        "telefone": "3314-5708",
        "foto_thumb": "http://www.terreiros.ceao.ufba.br/_FT/pq/290.jpg",
        "foto_grande": "http://www.terreiros.ceao.ufba.br/_FT/gd/290.jpg"
      }
    },
    {
      "type": "Feature",
      "geometry": {
        "type": "Point",
        "coordinates": [
          -38.4972489615942,
          -12.9389328332915
        ]
      },
      "properties": {
        "id": "291",
        "nome": "Yeieu Omim Ladê",
        "lideranca": "Roselita dos Reis Magalhães",
        "nacao": "Keto",
        "ano_fundacao": "1953",
        "regente": "Oxóssi",
        "bairro": "Uruguai",
        "endereco": "Rua Silvino Pereira, 138-E",
        "cep": "40450-510",
        "telefone": "3207-1062",
        "foto_thumb": "http://www.terreiros.ceao.ufba.br/_FT/pq/291.jpg",
        "foto_grande": "http://www.terreiros.ceao.ufba.br/_FT/gd/291.jpg"
      }
    },
    {
      "type": "Feature",
      "geometry": {
        "type": "Point",
        "coordinates": [
          -38.4933464855511,
          -12.9330842419027
        ]
      },
      "properties": {
        "id": "292",
        "nome": "Ilê Axé Boforum Lass",
        "lideranca": "Maria do Carmo dos Santos Gonzaga",
        "nacao": "Nagô Ijexá",
        "ano_fundacao": "1970",
        "regente": "Oxum",
        "bairro": "Uruguai",
        "endereco": "Rua 1º de Janeiro, 48E",
        "cep": "40450-180",
        "telefone": "3340-4076",
        "foto_thumb": "http://www.terreiros.ceao.ufba.br/_FT/pq/292.jpg",
        "foto_grande": "http://www.terreiros.ceao.ufba.br/_FT/gd/292.jpg"
      }
    },
    {
      "type": "Feature",
      "geometry": {
        "type": "Point",
        "coordinates": [
          -38.4920509904265,
          -12.9354180806051
        ]
      },
      "properties": {
        "id": "293",
        "nome": "Terreiro de Alafunké",
        "lideranca": "Carlinda da Silva Sá",
        "nacao": "Ijexá",
        "ano_fundacao": "1966",
        "regente": "Oxum",
        "bairro": "Jardim Cruzeiro",
        "telefone": "Não sabe",
        "foto_thumb": "http://www.terreiros.ceao.ufba.br/_FT/pq/293.jpg",
        "foto_grande": "http://www.terreiros.ceao.ufba.br/_FT/gd/293.jpg"
      }
    },
    {
      "type": "Feature",
      "geometry": {
        "type": "Point",
        "coordinates": [
          -38.498665783914,
          -12.9290945798227
        ]
      },
      "properties": {
        "id": "294",
        "nome": "Ilê Axé Omin",
        "lideranca": "Celina Domingos dos Santos",
        "nacao": "Keto",
        "ano_fundacao": "1976",
        "regente": "Oxum",
        "bairro": "Uruguai",
        "endereco": "Rua 1º de janeiro ,160 E",
        "cep": "40450-180",
        "telefone": "3207-2431",
        "foto_thumb": "http://www.terreiros.ceao.ufba.br/_FT/pq/294.jpg",
        "foto_grande": "http://www.terreiros.ceao.ufba.br/_FT/gd/294.jpg"
      }
    },
    {
      "type": "Feature",
      "geometry": {
        "type": "Point",
        "coordinates": [
          -38.4916730290821,
          -12.9345836424059
        ]
      },
      "properties": {
        "id": "295",
        "nome": "Omim Lewá",
        "lideranca": "Janete Maturino Teixeira de Souza",
        "nacao": "Keto",
        "ano_fundacao": "1958",
        "regente": "Oxum",
        "bairro": "Jardim Cruzeiro",
        "endereco": "Rua 1º de Maio , 26",
        "cep": "40450-560",
        "telefone": "3314-3473",
        "foto_thumb": "http://www.terreiros.ceao.ufba.br/_FT/pq/295.jpg",
        "foto_grande": "http://www.terreiros.ceao.ufba.br/_FT/gd/295.jpg"
      }
    },
    {
      "type": "Feature",
      "geometry": {
        "type": "Point",
        "coordinates": [
          -38.4988723900944,
          -12.9282712048231
        ]
      },
      "properties": {
        "id": "296",
        "nome": "Ilê Axé Ogum Rion",
        "lideranca": "Virgílio Bitencurt",
        "nacao": "Keto",
        "ano_fundacao": "1993",
        "regente": "Ogum",
        "bairro": "Vale das Pedrinhas",
        "endereco": "Rua Senhor dos Passos, 56E",
        "cep": "41927-120",
        "telefone": "3240-4101",
        "foto_thumb": "http://www.terreiros.ceao.ufba.br/_FT/pq/296.jpg",
        "foto_grande": "http://www.terreiros.ceao.ufba.br/_FT/gd/296.jpg"
      }
    },
    {
      "type": "Feature",
      "geometry": {
        "type": "Point",
        "coordinates": [
          -38.4758681910325,
          -13.0077310400357
        ]
      },
      "properties": {
        "id": "297",
        "nome": "Odé Omin Login",
        "lideranca": "Hildete de Almeida Rosa",
        "nacao": "Keto",
        "ano_fundacao": "1964",
        "regente": "Logunedé e Obaluaê",
        "bairro": "Amaralina",
        "endereco": "Rua Edgar de Barros, 108",
        "cep": "41700-420",
        "telefone": "3248-6057",
        "foto_thumb": "http://www.terreiros.ceao.ufba.br/_FT/pq/297.jpg",
        "foto_grande": "http://www.terreiros.ceao.ufba.br/_FT/gd/297.jpg"
      }
    },
    {
      "type": "Feature",
      "geometry": {
        "type": "Point",
        "coordinates": [
          -38.4760865712909,
          -13.0118190190918
        ]
      },
      "properties": {
        "id": "299",
        "nome": "Terreiro de Oxum",
        "lideranca": "Marluce Alves de Souza",
        "nacao": "Jêje",
        "ano_fundacao": "1906",
        "regente": "Oxóssi e Ogum",
        "bairro": "Amaralina",
        "endereco": "Rua Dr. Edgar de Barros,  98",
        "cep": "41900-420",
        "telefone": "3248-0472",
        "foto_thumb": "http://www.terreiros.ceao.ufba.br/_FT/pq/299.jpg",
        "foto_grande": "http://www.terreiros.ceao.ufba.br/_FT/gd/299.jpg"
      }
    },
    {
      "type": "Feature",
      "geometry": {
        "type": "Point",
        "coordinates": [
          -38.4763998013314,
          -13.0118030930893
        ]
      },
      "properties": {
        "id": "300",
        "nome": "Ilê Axé Oba Oniré",
        "lideranca": "Selma Cristina dos Santos Fragoso",
        "nacao": "Keto",
        "ano_fundacao": "2000",
        "regente": "Xangô",
        "bairro": "Nordeste de Amaralina",
        "endereco": "Rua Irmã Dulce, 49",
        "cep": "41959-540",
        "telefone": "3248-3249",
        "foto_thumb": "http://www.terreiros.ceao.ufba.br/_FT/pq/300.jpg",
        "foto_grande": "http://www.terreiros.ceao.ufba.br/_FT/gd/300.jpg"
      }
    },
    {
      "type": "Feature",
      "geometry": {
        "type": "Point",
        "coordinates": [
          -38.4737960836372,
          -13.0094147082449
        ]
      },
      "properties": {
        "id": "301",
        "nome": "Euhangue",
        "lideranca": "Walfredo S. Machado",
        "nacao": "Angola",
        "ano_fundacao": "1981",
        "regente": "Caboclo Oxóssi",
        "bairro": "Nordeste de Amaralina",
        "endereco": "Rua Emidio Pio, 191",
        "cep": "41905-755",
        "telefone": "8855-5204",
        "foto_thumb": "http://www.terreiros.ceao.ufba.br/_FT/pq/301.jpg",
        "foto_grande": "http://www.terreiros.ceao.ufba.br/_FT/gd/301.jpg"
      }
    },
    {
      "type": "Feature",
      "geometry": {
        "type": "Point",
        "coordinates": [
          -38.4707572678718,
          -13.0035673701493
        ]
      },
      "properties": {
        "id": "302",
        "nome": "Tenda Nanã",
        "lideranca": "Agenor Rodrigues Gomes",
        "nacao": "Angola",
        "ano_fundacao": "1970",
        "regente": "Oxóssi e Caboclo Pedra Preta",
        "bairro": "Pituba",
        "endereco": "Rua Pará, 856",
        "cep": "41830-170",
        "telefone": "9123-0356",
        "foto_thumb": "http://www.terreiros.ceao.ufba.br/_FT/pq/302.jpg",
        "foto_grande": "http://www.terreiros.ceao.ufba.br/_FT/gd/302.jpg"
      }
    },
    {
      "type": "Feature",
      "geometry": {
        "type": "Point",
        "coordinates": [
          -38.4699369506845,
          -13.0056071108704
        ]
      },
      "properties": {
        "id": "305",
        "nome": "Ogun de Kariri",
        "lideranca": "Doraildes Rocha Araújo",
        "nacao": "Umbanda",
        "ano_fundacao": "1998",
        "regente": "Ogum",
        "bairro": "Nordeste de Amaralina",
        "endereco": "Rua 5 de Novembro, 105",
        "cep": "41905-130",
        "telefone": "3346-3924",
        "foto_thumb": "http://www.terreiros.ceao.ufba.br/_FT/pq/305.jpg",
        "foto_grande": "http://www.terreiros.ceao.ufba.br/_FT/gd/305.jpg"
      }
    },
    {
      "type": "Feature",
      "geometry": {
        "type": "Point",
        "coordinates": [
          -38.4784451974838,
          -13.0095570226309
        ]
      },
      "properties": {
        "id": "306",
        "nome": "Ilê Axé Ogum Oya",
        "lideranca": "Maria de Fátima dos Santos",
        "nacao": "Keto",
        "ano_fundacao": "2004",
        "regente": "Ogum",
        "bairro": "Boca do Rio",
        "cep": "41706-470",
        "telefone": "3231-7384",
        "foto_thumb": "http://www.terreiros.ceao.ufba.br/_FT/pq/306.jpg",
        "foto_grande": "http://www.terreiros.ceao.ufba.br/_FT/gd/306.jpg"
      }
    },
    {
      "type": "Feature",
      "geometry": {
        "type": "Point",
        "coordinates": [
          -38.4235710466096,
          -12.9709200491376
        ]
      },
      "properties": {
        "id": "307",
        "nome": "Ilê Axé Omoode Issambô",
        "lideranca": "José Luiz Melo Souza",
        "nacao": "Keto",
        "ano_fundacao": "2001",
        "regente": "Oxóssi",
        "bairro": "Itapuã",
        "endereco": "Rua Nossa Senhora Auxiliadora, 13 A, Nova Conquista",
        "cep": "41620-720",
        "telefone": "8187-0306",
        "foto_thumb": "http://www.terreiros.ceao.ufba.br/_FT/pq/307.jpg",
        "foto_grande": "http://www.terreiros.ceao.ufba.br/_FT/gd/307.jpg"
      }
    },
    {
      "type": "Feature",
      "geometry": {
        "type": "Point",
        "coordinates": [
          -38.3655528337294,
          -12.9411372990574
        ]
      },
      "properties": {
        "id": "309",
        "nome": "Viva Deus Bisneto",
        "lideranca": "Marta do Rosário Pinheiro",
        "nacao": "Angola",
        "ano_fundacao": "1986",
        "regente": "Omolu",
        "bairro": "Itapuã",
        "endereco": "Rua Nova Brasília, Q.14, Lote 160 (Nova Brasília)",
        "cep": "41611-645",
        "telefone": "3375-3544",
        "foto_thumb": "http://www.terreiros.ceao.ufba.br/_FT/pq/309.jpg",
        "foto_grande": "http://www.terreiros.ceao.ufba.br/_FT/gd/309.jpg"
      }
    },
    {
      "type": "Feature",
      "geometry": {
        "type": "Point",
        "coordinates": [
          -38.3538359161012,
          -12.9359445518044
        ]
      },
      "properties": {
        "id": "310",
        "nome": "Terreiro de Yemanjá",
        "lideranca": "Judite dos Santos Ferreira",
        "nacao": "Angola",
        "ano_fundacao": "1972",
        "regente": "Iemanjá",
        "bairro": "Itapuã",
        "endereco": "Rua Afonso Barqueiro, 11, Nova Brasília",
        "cep": "41611-205",
        "telefone": "3249-9970",
        "foto_thumb": "http://www.terreiros.ceao.ufba.br/_FT/pq/310.jpg",
        "foto_grande": "http://www.terreiros.ceao.ufba.br/_FT/gd/310.jpg"
      }
    },
    {
      "type": "Feature",
      "geometry": {
        "type": "Point",
        "coordinates": [
          -38.3584102198233,
          -12.9384874750977
        ]
      },
      "properties": {
        "id": "311",
        "nome": "Unzó Lembafuranga",
        "lideranca": "Domingas Valeriana da Silva Souza",
        "nacao": "Angola",
        "ano_fundacao": "1976",
        "regente": "Ogum",
        "bairro": "Cosme de Farias",
        "endereco": "Rua da Esperança de Brotas, 41-E",
        "cep": "40250-220",
        "telefone": "3383-0569",
        "foto_thumb": "http://www.terreiros.ceao.ufba.br/_FT/pq/311.jpg",
        "foto_grande": "http://www.terreiros.ceao.ufba.br/_FT/gd/311.jpg"
      }
    },
    {
      "type": "Feature",
      "geometry": {
        "type": "Point",
        "coordinates": [
          -38.4834757632126,
          -12.9800125982234
        ]
      },
      "properties": {
        "id": "312",
        "nome": "Ilê Axé Gidé Lêi",
        "lideranca": "Marlene Pereira da Conceição",
        "nacao": "Keto",
        "ano_fundacao": "1991",
        "regente": "Obaluaê",
        "bairro": "Cosme de Farias",
        "endereco": "2ª Trav. Siri-Siri, 02, Alto do Cruzeiro",
        "cep": "40253-410",
        "telefone": "3382-4942/ 9955-6786",
        "foto_thumb": "http://www.terreiros.ceao.ufba.br/_FT/pq/312.jpg",
        "foto_grande": "http://www.terreiros.ceao.ufba.br/_FT/gd/312.jpg"
      }
    },
    {
      "type": "Feature",
      "geometry": {
        "type": "Point",
        "coordinates": [
          -38.4826900416442,
          -12.9807350111137
        ]
      },
      "properties": {
        "id": "313",
        "nome": "Ilê Axé Obâ Kaiodê",
        "lideranca": "José Mario Souza de Almeida",
        "nacao": "Keto",
        "ano_fundacao": "1992",
        "regente": "Xangô",
        "bairro": "Cosme de Farias",
        "endereco": "Rua Siri-Siri, 64",
        "cep": "40250-390",
        "telefone": "3383-6449/ 8709-5031",
        "foto_thumb": "http://www.terreiros.ceao.ufba.br/_FT/pq/313.jpg",
        "foto_grande": "http://www.terreiros.ceao.ufba.br/_FT/gd/313.jpg"
      }
    },
    {
      "type": "Feature",
      "geometry": {
        "type": "Point",
        "coordinates": [
          -38.4825545851724,
          -12.9804848503024
        ]
      },
      "properties": {
        "id": "314",
        "nome": "Ilê Axé Ojeji",
        "lideranca": "Maria Helena Veríssimo",
        "nacao": "Keto",
        "ano_fundacao": "2005",
        "regente": "Oxóssi",
        "bairro": "Cosme de Farias",
        "endereco": "Rua São Damião, 66-E",
        "cep": "40250-840",
        "telefone": "3383-2359",
        "foto_thumb": "http://www.terreiros.ceao.ufba.br/_FT/pq/314.jpg",
        "foto_grande": "http://www.terreiros.ceao.ufba.br/_FT/gd/314.jpg"
      }
    },
    {
      "type": "Feature",
      "geometry": {
        "type": "Point",
        "coordinates": [
          -38.4856199995809,
          -12.9782511496303
        ]
      },
      "properties": {
        "id": "315",
        "nome": "Centro Sete Flechas",
        "lideranca": "Nadjane Candeias dos Santos",
        "nacao": "Keto",
        "ano_fundacao": "1994",
        "regente": "Omolu",
        "bairro": "Cosme de Farias",
        "endereco": "Rua Engenheiro Hamilton lopes, 83",
        "cep": "40250-420",
        "telefone": "8848-5374",
        "foto_thumb": "http://www.terreiros.ceao.ufba.br/_FT/pq/315.jpg",
        "foto_grande": "http://www.terreiros.ceao.ufba.br/_FT/gd/315.jpg"
      }
    },
    {
      "type": "Feature",
      "geometry": {
        "type": "Point",
        "coordinates": [
          -38.4858003101229,
          -12.9786771530832
        ]
      },
      "properties": {
        "id": "317",
        "nome": "Terreiro Orile Eda Ifãn Jú",
        "lideranca": "Luiz Sérgio Barbosa",
        "nacao": "Keto",
        "ano_fundacao": "1964",
        "regente": "Oxum",
        "bairro": "Alto do Peru",
        "endereco": "Rua do Oriente , 156",
        "cep": "40357-110",
        "telefone": "3304-3584",
        "foto_thumb": "http://www.terreiros.ceao.ufba.br/_FT/pq/317.jpg",
        "foto_grande": "http://www.terreiros.ceao.ufba.br/_FT/gd/317.jpg"
      }
    },
    {
      "type": "Feature",
      "geometry": {
        "type": "Point",
        "coordinates": [
          -38.4835965828223,
          -12.9360406244227
        ]
      },
      "properties": {
        "id": "318",
        "nome": "Ilê Axé Iboalama",
        "lideranca": "Arcanja de Assis",
        "nacao": "Keto",
        "ano_fundacao": "1988",
        "regente": "Oxóssi",
        "bairro": "San Martin",
        "endereco": "Rua Rio Doce , 443 E",
        "cep": "40349-535",
        "telefone": "3389-6669",
        "foto_thumb": "http://www.terreiros.ceao.ufba.br/_FT/pq/318.jpg",
        "foto_grande": "http://www.terreiros.ceao.ufba.br/_FT/gd/318.jpg"
      }
    },
    {
      "type": "Feature",
      "geometry": {
        "type": "Point",
        "coordinates": [
          -38.4835861440809,
          -12.9379972414847
        ]
      },
      "properties": {
        "id": "319",
        "nome": "Terreiro Odê Omisilê",
        "lideranca": "Jakson Costa Lisboa",
        "nacao": "Keto",
        "ano_fundacao": "1998",
        "regente": "Logunedé",
        "bairro": "San Martin",
        "endereco": "Rua Rio Doce, 15",
        "cep": "40335-180",
        "telefone": "3389-7806",
        "foto_thumb": "http://www.terreiros.ceao.ufba.br/_FT/pq/319.jpg",
        "foto_grande": "http://www.terreiros.ceao.ufba.br/_FT/gd/319.jpg"
      }
    },
    {
      "type": "Feature",
      "geometry": {
        "type": "Point",
        "coordinates": [
          -38.483465830121,
          -12.9384185013481
        ]
      },
      "properties": {
        "id": "321",
        "nome": "Omin Natossi",
        "lideranca": "Vanilde Maria Ataíde B. Portela",
        "nacao": "Keto",
        "ano_fundacao": "1936",
        "regente": "Oxum",
        "bairro": "Cidade Nova",
        "endereco": "Rua 1º de janeiro, 15",
        "cep": "40313-120",
        "telefone": "3381-9030",
        "foto_thumb": "http://www.terreiros.ceao.ufba.br/_FT/pq/321.jpg",
        "foto_grande": "http://www.terreiros.ceao.ufba.br/_FT/gd/321.jpg"
      }
    },
    {
      "type": "Feature",
      "geometry": {
        "type": "Point",
        "coordinates": [
          -38.4851783682041,
          -12.9645777643055
        ]
      },
      "properties": {
        "id": "322",
        "nome": "Ilê Axé Adejemim",
        "lideranca": "Aurelina Libório de Lima",
        "nacao": "Keto",
        "ano_fundacao": "1974",
        "regente": "Iemanjá",
        "bairro": "Pau Miúdo",
        "endereco": "Rua dos Pirineus , 65",
        "cep": "40310-230",
        "telefone": "3382-7906",
        "foto_thumb": "http://www.terreiros.ceao.ufba.br/_FT/pq/322.jpg",
        "foto_grande": "http://www.terreiros.ceao.ufba.br/_FT/gd/322.jpg"
      }
    },
    {
      "type": "Feature",
      "geometry": {
        "type": "Point",
        "coordinates": [
          -38.4828416226659,
          -12.9615421269557
        ]
      },
      "properties": {
        "id": "323",
        "nome": "Terreiro Edeloya",
        "lideranca": "Valdete Josina Almeida Santos",
        "nacao": "Keto",
        "ano_fundacao": "1999",
        "regente": "Iansã",
        "bairro": "Pau Miúdo",
        "endereco": "Rua Baixa dos Pirineus, 61",
        "cep": "40710-730",
        "telefone": "3244-3336",
        "foto_thumb": "http://www.terreiros.ceao.ufba.br/_FT/pq/323.jpg",
        "foto_grande": "http://www.terreiros.ceao.ufba.br/_FT/gd/323.jpg"
      }
    },
    {
      "type": "Feature",
      "geometry": {
        "type": "Point",
        "coordinates": [
          -38.4833163522139,
          -12.9617443031677
        ]
      },
      "properties": {
        "id": "324",
        "nome": "Terreiro Oyá Jubalé",
        "lideranca": "Angelina Arcajo dos Santos",
        "nacao": "Keto Angola",
        "ano_fundacao": "1995",
        "regente": "Iansã",
        "bairro": "Pau Miúdo",
        "endereco": "Rua 20 de Agosto , 100",
        "cep": "40310-610",
        "telefone": "3234-5097",
        "foto_thumb": "http://www.terreiros.ceao.ufba.br/_FT/pq/324.jpg",
        "foto_grande": "http://www.terreiros.ceao.ufba.br/_FT/gd/324.jpg"
      }
    },
    {
      "type": "Feature",
      "geometry": {
        "type": "Point",
        "coordinates": [
          -38.4833519399745,
          -12.9604584257139
        ]
      },
      "properties": {
        "id": "325",
        "nome": "Terreiro de Oxum",
        "lideranca": "Josenilton Ferreira Santos",
        "nacao": "Keto",
        "ano_fundacao": "1960",
        "regente": "Oxum",
        "bairro": "Caixa DÁgua",
        "endereco": "Rua Saldanha Marinho, 173, Trav. 2 de Julho, Casa 06",
        "cep": "40321-005",
        "telefone": "3233-0253",
        "foto_thumb": "http://www.terreiros.ceao.ufba.br/_FT/pq/325.jpg",
        "foto_grande": "http://www.terreiros.ceao.ufba.br/_FT/gd/325.jpg"
      }
    },
    {
      "type": "Feature",
      "geometry": {
        "type": "Point",
        "coordinates": [
          -38.4902315266179,
          -12.9586285586875
        ]
      },
      "properties": {
        "id": "327",
        "nome": "Terreio Adê Izô",
        "lideranca": "Antônio Bispo da Paixão",
        "nacao": "Angola",
        "ano_fundacao": "1990",
        "regente": "Iansã",
        "bairro": "Cabula",
        "endereco": "Rua São Jorge, 10, Barreiras",
        "cep": "40195-070",
        "telefone": "3385-8081",
        "foto_thumb": "http://www.terreiros.ceao.ufba.br/_FT/pq/327.jpg",
        "foto_grande": "http://www.terreiros.ceao.ufba.br/_FT/gd/327.jpg"
      }
    },
    {
      "type": "Feature",
      "geometry": {
        "type": "Point",
        "coordinates": [
          -38.4573566801154,
          -12.9432753078461
        ]
      },
      "properties": {
        "id": "331",
        "nome": "Ilê Axé Toloji",
        "lideranca": "João Itamar Serqueira",
        "nacao": "Keto",
        "ano_fundacao": "1954",
        "regente": "Omolu",
        "bairro": "Escada",
        "endereco": "Rua Desembargador Alfredo Vieira Lima",
        "cep": "40710-240",
        "telefone": "3218-5018/ 9104-6360",
        "foto_thumb": "http://www.terreiros.ceao.ufba.br/_FT/pq/331.jpg",
        "foto_grande": "http://www.terreiros.ceao.ufba.br/_FT/gd/331.jpg"
      }
    },
    {
      "type": "Feature",
      "geometry": {
        "type": "Point",
        "coordinates": [
          -38.481330770836,
          -12.8801739514008
        ]
      },
      "properties": {
        "id": "333",
        "nome": "Terreiro Viva Deus",
        "lideranca": "Rosemeire Campos Ribeiro Costa",
        "nacao": "Angola",
        "ano_fundacao": "1946",
        "regente": "Oxalá",
        "bairro": "Cabula",
        "endereco": "Rua Estrada das Barreiras , 233",
        "cep": "41195-000",
        "telefone": "3385-6063",
        "foto_thumb": "http://www.terreiros.ceao.ufba.br/_FT/pq/333.jpg",
        "foto_grande": "http://www.terreiros.ceao.ufba.br/_FT/gd/333.jpg"
      }
    },
    {
      "type": "Feature",
      "geometry": {
        "type": "Point",
        "coordinates": [
          -38.4555210033408,
          -12.9425602031431
        ]
      },
      "properties": {
        "id": "334",
        "nome": "Odé Omin Ifan",
        "lideranca": "Reginaldo Augusto Filho",
        "nacao": "Keto",
        "ano_fundacao": "1995",
        "regente": "Logunedé",
        "bairro": "Cabula I",
        "endereco": "Rua Paulo Magalhães Dantas, 23 E",
        "cep": "40195-010",
        "telefone": "3385-3670",
        "foto_thumb": "http://www.terreiros.ceao.ufba.br/_FT/pq/334.jpg",
        "foto_grande": "http://www.terreiros.ceao.ufba.br/_FT/gd/334.jpg"
      }
    },
    {
      "type": "Feature",
      "geometry": {
        "type": "Point",
        "coordinates": [
          -38.45970338595,
          -12.9453642453135
        ]
      },
      "properties": {
        "id": "335",
        "nome": "Ilê Alainakô",
        "lideranca": "Álvaro Higino de Souza",
        "nacao": "Keto",
        "ano_fundacao": "1969",
        "regente": "Oxaguiã",
        "bairro": "Escada",
        "endereco": "2ª Travessa da Terezinha, 59E",
        "telefone": "3398-3147",
        "foto_thumb": "http://www.terreiros.ceao.ufba.br/_FT/pq/335.jpg",
        "foto_grande": "http://www.terreiros.ceao.ufba.br/_FT/gd/335.jpg"
      }
    },
    {
      "type": "Feature",
      "geometry": {
        "type": "Point",
        "coordinates": [
          -38.479722703043,
          -12.881013132234
        ]
      },
      "properties": {
        "id": "336",
        "nome": "Ylê Axé Obá Ideji",
        "lideranca": "Reinaldo Felizardo Caldas",
        "nacao": "Keto",
        "ano_fundacao": "1992",
        "regente": "Xangô",
        "bairro": "Massaranduba",
        "endereco": "Rua Simão Sobral, 2ª Trav. Padre José Leal, 32",
        "cep": "40432-575",
        "telefone": "3217-2702",
        "foto_thumb": "http://www.terreiros.ceao.ufba.br/_FT/pq/336.jpg",
        "foto_grande": "http://www.terreiros.ceao.ufba.br/_FT/gd/336.jpg"
      }
    },
    {
      "type": "Feature",
      "geometry": {
        "type": "Point",
        "coordinates": [
          -38.4954230731301,
          -12.9241758560746
        ]
      },
      "properties": {
        "id": "337",
        "nome": "Ilê de Donojú Obalají",
        "lideranca": "Edivaldo de Souza",
        "nacao": "Keto",
        "ano_fundacao": "1996",
        "regente": "Xangô",
        "bairro": "Massaranduba",
        "cep": "40435-415",
        "telefone": "3316-5411",
        "foto_thumb": "http://www.terreiros.ceao.ufba.br/_FT/pq/337.jpg",
        "foto_grande": "http://www.terreiros.ceao.ufba.br/_FT/gd/337.jpg"
      }
    },
    {
      "type": "Feature",
      "geometry": {
        "type": "Point",
        "coordinates": [
          -38.4947599607366,
          -12.9247136366119
        ]
      },
      "properties": {
        "id": "338",
        "nome": "Ilê Axé Ekoué",
        "lideranca": "Alina Pereira Conceição",
        "nacao": "Keto",
        "ano_fundacao": "1954",
        "regente": "Iansã",
        "bairro": "Massaranduba",
        "endereco": "Rua Santa Clara, 40",
        "cep": "40435-280",
        "telefone": "3316-2910",
        "foto_thumb": "http://www.terreiros.ceao.ufba.br/_FT/pq/338.jpg",
        "foto_grande": "http://www.terreiros.ceao.ufba.br/_FT/gd/338.jpg"
      }
    },
    {
      "type": "Feature",
      "geometry": {
        "type": "Point",
        "coordinates": [
          -38.4941908288868,
          -12.9256392196541
        ]
      },
      "properties": {
        "id": "339",
        "nome": "Ilê Asé Táiginam",
        "lideranca": "Maria da Conceição S. de Oliveira",
        "nacao": "Keto",
        "ano_fundacao": "1981",
        "regente": "Iansã",
        "bairro": "Massaranduba",
        "endereco": "2ª Trav. da Esperança, Av. Germano, 23",
        "cep": "40435-200",
        "telefone": "3212-7945",
        "foto_thumb": "http://www.terreiros.ceao.ufba.br/_FT/pq/339.jpg",
        "foto_grande": "http://www.terreiros.ceao.ufba.br/_FT/gd/339.jpg"
      }
    },
    {
      "type": "Feature",
      "geometry": {
        "type": "Point",
        "coordinates": [
          -38.4975257981595,
          -12.9274047798615
        ]
      },
      "properties": {
        "id": "340",
        "nome": "Ilê Axé Olamin",
        "lideranca": "Luiz Antônio Solares de Araújo",
        "nacao": "Keto",
        "ano_fundacao": "2001",
        "regente": "Xangô",
        "bairro": "Massaranduba",
        "endereco": "Rua Genésio Sales, 52E, 1º andar",
        "cep": "40435-250",
        "telefone": "3316-3537",
        "foto_thumb": "http://www.terreiros.ceao.ufba.br/_FT/pq/340.jpg",
        "foto_grande": "http://www.terreiros.ceao.ufba.br/_FT/gd/340.jpg"
      }
    },
    {
      "type": "Feature",
      "geometry": {
        "type": "Point",
        "coordinates": [
          -38.4936292701927,
          -12.9260167477701
        ]
      },
      "properties": {
        "id": "341",
        "nome": "Casa de Caridade Caboclo Taperoá",
        "lideranca": "Fábio Fernandes Souza",
        "nacao": "Angola",
        "ano_fundacao": "2000",
        "regente": "Oxum",
        "bairro": "Nordeste de Amaralina",
        "endereco": "Rua Reinaldo de Matos, 17, 1º andar",
        "cep": "40905-535",
        "telefone": "3494-2305",
        "foto_thumb": "http://www.terreiros.ceao.ufba.br/_FT/pq/341.jpg",
        "foto_grande": "http://www.terreiros.ceao.ufba.br/_FT/gd/341.jpg"
      }
    },
    {
      "type": "Feature",
      "geometry": {
        "type": "Point",
        "coordinates": [
          -38.4715651591254,
          -13.0090321863018
        ]
      },
      "properties": {
        "id": "342",
        "nome": "Axé Ajo Omi",
        "lideranca": "Isabel Santana Freitas",
        "nacao": "Keto",
        "ano_fundacao": "1966",
        "regente": "Ogum e Oxum",
        "bairro": "Nordeste de Amaralina",
        "endereco": "2ª Travessa Reinaldo de Matos, 31 E",
        "cep": "41900-180",
        "telefone": "3248-6902",
        "foto_thumb": "http://www.terreiros.ceao.ufba.br/_FT/pq/342.jpg",
        "foto_grande": "http://www.terreiros.ceao.ufba.br/_FT/gd/342.jpg"
      }
    },
    {
      "type": "Feature",
      "geometry": {
        "type": "Point",
        "coordinates": [
          -38.4720748479643,
          -13.0085574205723
        ]
      },
      "properties": {
        "id": "345",
        "nome": "Terreiro de Oxossi Mertalambu",
        "lideranca": "Vera Crispina de Souza Santos",
        "nacao": "Angola",
        "ano_fundacao": "2001",
        "regente": "Oxóssi",
        "bairro": "Itapuã",
        "endereco": "Rua da Graça, Loteamento Dona Rosa, 127",
        "cep": "41620-780",
        "telefone": "3249-9055",
        "foto_thumb": "http://www.terreiros.ceao.ufba.br/_FT/pq/345.jpg",
        "foto_grande": "http://www.terreiros.ceao.ufba.br/_FT/gd/345.jpg"
      }
    },
    {
      "type": "Feature",
      "geometry": {
        "type": "Point",
        "coordinates": [
          -38.3705962462071,
          -12.9398802003852
        ]
      },
      "properties": {
        "id": "346",
        "nome": "Ilê Axé Oju Kuaramin",
        "lideranca": "Maria José de Brito Rodrigues",
        "nacao": "Keto",
        "ano_fundacao": "1981",
        "regente": "Oxalá",
        "bairro": "Itapuã",
        "endereco": "Rua da Graça, 8, Alto do Coqueirinho",
        "cep": "41620-780",
        "telefone": "3249-4579",
        "foto_thumb": "http://www.terreiros.ceao.ufba.br/_FT/pq/346.jpg",
        "foto_grande": "http://www.terreiros.ceao.ufba.br/_FT/gd/346.jpg"
      }
    },
    {
      "type": "Feature",
      "geometry": {
        "type": "Point",
        "coordinates": [
          -38.3712393164581,
          -12.9392520228717
        ]
      },
      "properties": {
        "id": "347",
        "nome": "Ilê Axé Ayê Alawo Emi",
        "lideranca": "Benedito do Carmo Mendes",
        "nacao": "Keto",
        "ano_fundacao": "1997",
        "regente": "Omidú",
        "bairro": "Itapuã",
        "cep": "41615-031",
        "telefone": "3249-3594",
        "foto_thumb": "http://www.terreiros.ceao.ufba.br/_FT/pq/347.jpg",
        "foto_grande": "http://www.terreiros.ceao.ufba.br/_FT/gd/347.jpg"
      }
    },
    {
      "type": "Feature",
      "geometry": {
        "type": "Point",
        "coordinates": [
          -38.3741433807544,
          -12.9384243510019
        ]
      },
      "properties": {
        "id": "348",
        "nome": "Ilê Axé Casa de Oxossi",
        "lideranca": "Josiene Maximiniano dos Santos",
        "nacao": "Keto",
        "ano_fundacao": "2003",
        "regente": "Oxóssi",
        "bairro": "Itapuã",
        "endereco": "Rua Juazeiro, 32, Alto do Coqueirinho",
        "cep": "41615-000",
        "telefone": "3249-1073"
      }
    },
    {
      "type": "Feature",
      "geometry": {
        "type": "Point",
        "coordinates": [
          -38.371875653205,
          -12.9430113819518
        ]
      },
      "properties": {
        "id": "349",
        "nome": "Onzó Tata Dyungunzo",
        "lideranca": "Irami Santos de Araújo",
        "nacao": "Angola",
        "ano_fundacao": "1998",
        "regente": "Gongobira",
        "bairro": "Itapuã",
        "endereco": "Rua Juazeiro, 29, Alto do Coqueirinho",
        "cep": "41610-260",
        "telefone": "3249-6791 (recado)",
        "foto_thumb": "http://www.terreiros.ceao.ufba.br/_FT/pq/349.jpg",
        "foto_grande": "http://www.terreiros.ceao.ufba.br/_FT/gd/349.jpg"
      }
    },
    {
      "type": "Feature",
      "geometry": {
        "type": "Point",
        "coordinates": [
          -38.370884947852,
          -12.943463384984
        ]
      },
      "properties": {
        "id": "350",
        "nome": "Terreiro Ibá Oujibôuá",
        "lideranca": "Maria da Conceição Sales",
        "nacao": "Nagô Vodum",
        "ano_fundacao": "1964",
        "regente": "Obaluaê",
        "bairro": "Itapuã",
        "endereco": "Rua Ipitanga, Nova Brasília",
        "cep": "41630-270",
        "telefone": "3285-0450",
        "foto_thumb": "http://www.terreiros.ceao.ufba.br/_FT/pq/350.jpg",
        "foto_grande": "http://www.terreiros.ceao.ufba.br/_FT/gd/350.jpg"
      }
    },
    {
      "type": "Feature",
      "geometry": {
        "type": "Point",
        "coordinates": [
          -38.3574120411638,
          -12.9347349020214
        ]
      },
      "properties": {
        "id": "351",
        "nome": "Ilê Axé Omitoiá",
        "lideranca": "Catarina Souza",
        "nacao": "Keto",
        "ano_fundacao": "2002",
        "regente": "Oxum Apará",
        "bairro": "Itapuã",
        "endereco": "Rua Álvaro Baqueiro, 18, Nova Brasília",
        "cep": "41630-100",
        "telefone": "3249-8982",
        "foto_thumb": "http://www.terreiros.ceao.ufba.br/_FT/pq/351.jpg",
        "foto_grande": "http://www.terreiros.ceao.ufba.br/_FT/gd/351.jpg"
      }
    },
    {
      "type": "Feature",
      "geometry": {
        "type": "Point",
        "coordinates": [
          -38.3624915320351,
          -12.9408764327851
        ]
      },
      "properties": {
        "id": "352",
        "nome": "Omina Jêxá",
        "lideranca": "Maria Pereira de Santana",
        "nacao": "Keto",
        "ano_fundacao": "1971",
        "regente": "Ogum",
        "bairro": "Itapuã",
        "endereco": "Rua Xangô, 30",
        "cep": "41715-360",
        "telefone": "3245-2170",
        "foto_thumb": "http://www.terreiros.ceao.ufba.br/_FT/pq/352.jpg",
        "foto_grande": "http://www.terreiros.ceao.ufba.br/_FT/gd/352.jpg"
      }
    },
    {
      "type": "Feature",
      "geometry": {
        "type": "Point",
        "coordinates": [
          -38.361330611113,
          -12.9362741887974
        ]
      },
      "properties": {
        "id": "354",
        "nome": "Casa do Caboclo Sultão das Matas",
        "lideranca": "Marivalda dos Santos",
        "nacao": "Angola Keto",
        "ano_fundacao": "2001",
        "regente": "Xangô",
        "bairro": "Itapuã",
        "endereco": "Rua Ipitanga, 30, Nova Brasília",
        "cep": "41611-660",
        "telefone": "3285-7123",
        "foto_thumb": "http://www.terreiros.ceao.ufba.br/_FT/pq/354.jpg",
        "foto_grande": "http://www.terreiros.ceao.ufba.br/_FT/gd/354.jpg"
      }
    },
    {
      "type": "Feature",
      "geometry": {
        "type": "Point",
        "coordinates": [
          -38.3589453389,
          -12.9361007689
        ]
      },
      "properties": {
        "id": "355",
        "nome": "Ilê Nancy Omim",
        "lideranca": "Stella Maria de Jesus",
        "nacao": "Keto",
        "ano_fundacao": "1989",
        "regente": "Oxum",
        "bairro": "Pau Miúdo",
        "endereco": "Rua João Pedro Rodrigues Lima , 7",
        "cep": "40310-556",
        "telefone": "9923-7524"
      }
    },
    {
      "type": "Feature",
      "geometry": {
        "type": "Point",
        "coordinates": [
          -38.4807809430764,
          -12.9643633572454
        ]
      },
      "properties": {
        "id": "356",
        "nome": "Ilê Babá Odé",
        "lideranca": "Berenice da Silva Ribeiro",
        "nacao": "Keto",
        "ano_fundacao": "1947",
        "regente": "Oxóssi",
        "bairro": "Sussuarana",
        "endereco": "Rua Haroldo Caíno, 50",
        "cep": "41215-820",
        "telefone": "3306-0043",
        "foto_thumb": "http://www.terreiros.ceao.ufba.br/_FT/pq/356.jpg",
        "foto_grande": "http://www.terreiros.ceao.ufba.br/_FT/gd/356.jpg"
      }
    },
    {
      "type": "Feature",
      "geometry": {
        "type": "Point",
        "coordinates": [
          -38.4332375520019,
          -12.936247781613
        ]
      },
      "properties": {
        "id": "358",
        "nome": "Centro Caboclo Eru",
        "lideranca": "Nilton Barbosa",
        "nacao": "Keto Angola",
        "ano_fundacao": "1988",
        "regente": "Ogum",
        "bairro": "Sussuarana",
        "endereco": "Rua Direta de Pituaçu, 111",
        "cep": "41217-160",
        "telefone": "3306-1972",
        "foto_thumb": "http://www.terreiros.ceao.ufba.br/_FT/pq/358.jpg",
        "foto_grande": "http://www.terreiros.ceao.ufba.br/_FT/gd/358.jpg"
      }
    },
    {
      "type": "Feature",
      "geometry": {
        "type": "Point",
        "coordinates": [
          -38.4354426029766,
          -12.9325513226076
        ]
      },
      "properties": {
        "id": "359",
        "nome": "Casa Lassum Amazi",
        "lideranca": "Lindaura Cantuara dos Santos",
        "nacao": "Keto",
        "ano_fundacao": "1972",
        "regente": "Caboclo Lage Grande",
        "bairro": "Sussuarana",
        "endereco": "Rua Moisés Mendes, 137E",
        "cep": "41217-000",
        "telefone": "3306-4105",
        "foto_thumb": "http://www.terreiros.ceao.ufba.br/_FT/pq/359.jpg",
        "foto_grande": "http://www.terreiros.ceao.ufba.br/_FT/gd/359.jpg"
      }
    },
    {
      "type": "Feature",
      "geometry": {
        "type": "Point",
        "coordinates": [
          -38.4362682608523,
          -12.9326948210238
        ]
      },
      "properties": {
        "id": "360",
        "nome": "Terreiro Ogum Oyá",
        "lideranca": "Mário Santos Conceição",
        "nacao": "Angola",
        "ano_fundacao": "1981",
        "regente": "Ogum",
        "bairro": "Sussuarana",
        "endereco": "2a Trav. Abelardo Barbosa, 309",
        "cep": "41214-520",
        "telefone": "3306-0086",
        "foto_thumb": "http://www.terreiros.ceao.ufba.br/_FT/pq/360.jpg",
        "foto_grande": "http://www.terreiros.ceao.ufba.br/_FT/gd/360.jpg"
      }
    },
    {
      "type": "Feature",
      "geometry": {
        "type": "Point",
        "coordinates": [
          -38.4428841947619,
          -12.9295073882868
        ]
      },
      "properties": {
        "id": "361",
        "nome": "Ilê Axé Talakenãn",
        "lideranca": "Jorge Antônio de Jesus",
        "nacao": "Keto",
        "ano_fundacao": "1992",
        "regente": "Ogum",
        "bairro": "Sussuarana",
        "endereco": "Rua Carlos Cloesy, 40E",
        "cep": "41213-000",
        "telefone": "3405-3507",
        "foto_thumb": "http://www.terreiros.ceao.ufba.br/_FT/pq/361.jpg",
        "foto_grande": "http://www.terreiros.ceao.ufba.br/_FT/gd/361.jpg"
      }
    },
    {
      "type": "Feature",
      "geometry": {
        "type": "Point",
        "coordinates": [
          -38.444051246798,
          -12.9293755230154
        ]
      },
      "properties": {
        "id": "362",
        "nome": "Ylé Axé Babá Malembá",
        "lideranca": "Antonio Carlos Góes dos Santos",
        "nacao": "Keto",
        "ano_fundacao": "1972",
        "regente": "Oxalá",
        "bairro": "Sussuarana",
        "endereco": "Rua Marina Deiró Rocha, 531, Fundo",
        "cep": "41212-000",
        "telefone": "3306-0136",
        "foto_thumb": "http://www.terreiros.ceao.ufba.br/_FT/pq/362.jpg",
        "foto_grande": "http://www.terreiros.ceao.ufba.br/_FT/gd/362.jpg"
      }
    },
    {
      "type": "Feature",
      "geometry": {
        "type": "Point",
        "coordinates": [
          -38.4446471908967,
          -12.9287718240009
        ]
      },
      "properties": {
        "id": "363",
        "nome": "Ilê Omo Ketá Passu Detá",
        "lideranca": "Edvanilda Alves de Souza",
        "nacao": "Jêje",
        "ano_fundacao": "1963",
        "regente": "Ajunsú",
        "bairro": "São Marcos",
        "endereco": "Rua San Martin, 140-E",
        "cep": "41253-080",
        "telefone": "3212-0457",
        "foto_thumb": "http://www.terreiros.ceao.ufba.br/_FT/pq/363.jpg",
        "foto_grande": "http://www.terreiros.ceao.ufba.br/_FT/gd/363.jpg"
      }
    },
    {
      "type": "Feature",
      "geometry": {
        "type": "Point",
        "coordinates": [
          -38.4421861221111,
          -12.9246574902227
        ]
      },
      "properties": {
        "id": "364",
        "nome": "Terreiro de Oxossi",
        "lideranca": "Raimunda Alves de Souza",
        "nacao": "Keto",
        "ano_fundacao": "1971",
        "regente": "Oxóssi",
        "bairro": "Pau da Lima",
        "telefone": "3212-1475",
        "foto_thumb": "http://www.terreiros.ceao.ufba.br/_FT/pq/364.jpg",
        "foto_grande": "http://www.terreiros.ceao.ufba.br/_FT/gd/364.jpg"
      }
    },
    {
      "type": "Feature",
      "geometry": {
        "type": "Point",
        "coordinates": [
          -38.4422876153338,
          -12.925799675214
        ]
      },
      "properties": {
        "id": "365",
        "nome": "Centro do Caboclo Tupiniquim",
        "lideranca": "Márcio Silva de Lima",
        "nacao": "Jêje",
        "ano_fundacao": "2001",
        "regente": "Oxalá",
        "bairro": "Sussuarana",
        "endereco": "Rua Laurindo Teles de Menezes, 120E, Manuel Bispo",
        "cep": "41215-740",
        "telefone": "3405-2643",
        "foto_thumb": "http://www.terreiros.ceao.ufba.br/_FT/pq/365.jpg",
        "foto_grande": "http://www.terreiros.ceao.ufba.br/_FT/gd/365.jpg"
      }
    },
    {
      "type": "Feature",
      "geometry": {
        "type": "Point",
        "coordinates": [
          -38.4420705724069,
          -12.9383563050006
        ]
      },
      "properties": {
        "id": "366",
        "nome": "Kafungê",
        "lideranca": "Simião de Freitas Cunha",
        "nacao": "Angola",
        "ano_fundacao": "1985",
        "regente": "Obaluaê",
        "bairro": "Sussuarana",
        "endereco": "1ª Trav. Sérgio Cardoso, 07",
        "cep": "41213-630",
        "telefone": "3405-5938",
        "foto_thumb": "http://www.terreiros.ceao.ufba.br/_FT/pq/366.jpg",
        "foto_grande": "http://www.terreiros.ceao.ufba.br/_FT/gd/366.jpg"
      }
    },
    {
      "type": "Feature",
      "geometry": {
        "type": "Point",
        "coordinates": [
          -38.4430716967941,
          -12.9284291095674
        ]
      },
      "properties": {
        "id": "367",
        "nome": "Centro de Obaluaê",
        "lideranca": "Givanildo de Jesus Bispo",
        "nacao": "Keto Angola",
        "ano_fundacao": "1995",
        "regente": "Obaluaê",
        "bairro": "Sussuarana",
        "endereco": "Rua da Paz, 25-E",
        "cep": "41213-449",
        "telefone": "3306-4106",
        "foto_thumb": "http://www.terreiros.ceao.ufba.br/_FT/pq/367.jpg",
        "foto_grande": "http://www.terreiros.ceao.ufba.br/_FT/gd/367.jpg"
      }
    },
    {
      "type": "Feature",
      "geometry": {
        "type": "Point",
        "coordinates": [
          -38.4425898896607,
          -12.9318941238349
        ]
      },
      "properties": {
        "id": "368",
        "nome": "Terreiro de Jibomi",
        "lideranca": "Frednelson do Nascimento Machado",
        "nacao": "Keto",
        "ano_fundacao": "1982",
        "regente": "Caboclo Tupinambá",
        "bairro": "Sussuarana",
        "endereco": "Rua São Cristóvão, 4ª Travessa, Mário Kertesz, 12E",
        "cep": "41214-065",
        "telefone": "3306-7081",
        "foto_thumb": "http://www.terreiros.ceao.ufba.br/_FT/pq/368.jpg",
        "foto_grande": "http://www.terreiros.ceao.ufba.br/_FT/gd/368.jpg"
      }
    },
    {
      "type": "Feature",
      "geometry": {
        "type": "Point",
        "coordinates": [
          -38.4439705697766,
          -12.9278096204396
        ]
      },
      "properties": {
        "id": "369",
        "nome": "Não informado",
        "lideranca": "José dos Santos",
        "nacao": "Keto Jêje",
        "ano_fundacao": "2002",
        "regente": "Obaluaê",
        "bairro": "Sussuarana",
        "endereco": "Rua Marina Deiró Rocha, 70E",
        "cep": "41217-200",
        "telefone": "9995-7632",
        "foto_thumb": "http://www.terreiros.ceao.ufba.br/_FT/pq/369.jpg",
        "foto_grande": "http://www.terreiros.ceao.ufba.br/_FT/gd/369.jpg"
      }
    },
    {
      "type": "Feature",
      "geometry": {
        "type": "Point",
        "coordinates": [
          -38.4446750057081,
          -12.9288182977025
        ]
      },
      "properties": {
        "id": "370",
        "nome": "Ilê Axé Yá Omi",
        "lideranca": "Evangelista Carvalho dos Santos (Vanjú)",
        "nacao": "Keto Angola",
        "ano_fundacao": "1975",
        "regente": "Ogum",
        "bairro": "São Marcos",
        "endereco": "Rua Agda Ferreira, 165",
        "cep": "41235-110",
        "telefone": "3393-6668",
        "foto_thumb": "http://www.terreiros.ceao.ufba.br/_FT/pq/370.jpg",
        "foto_grande": "http://www.terreiros.ceao.ufba.br/_FT/gd/370.jpg"
      }
    },
    {
      "type": "Feature",
      "geometry": {
        "type": "Point",
        "coordinates": [
          -38.4406383358852,
          -12.9257569985718
        ]
      },
      "properties": {
        "id": "371",
        "nome": "Ilê Axé Obá Airá Bodê",
        "lideranca": "Francisca Maria Bastos Conceição",
        "nacao": "Keto",
        "ano_fundacao": "1936",
        "regente": "Xangô",
        "bairro": "Caixa DÁgua",
        "cep": "40320-650",
        "telefone": "3234-4257",
        "foto_thumb": "http://www.terreiros.ceao.ufba.br/_FT/pq/371.jpg",
        "foto_grande": "http://www.terreiros.ceao.ufba.br/_FT/gd/371.jpg"
      }
    },
    {
      "type": "Feature",
      "geometry": {
        "type": "Point",
        "coordinates": [
          -38.49210128545,
          -12.9552286931694
        ]
      },
      "properties": {
        "id": "372",
        "nome": "Centro Ogum Sete Estrelas",
        "lideranca": "Anilda Marinha da Silva",
        "nacao": "Angola",
        "ano_fundacao": "1970",
        "regente": "Ogum",
        "bairro": "Caixa DÁgua",
        "endereco": "Jardim Joana Dark, Rua Cel. Odilon Alves Peixoto de Atayde, 19",
        "cep": "40320-505",
        "telefone": "3241-7642",
        "foto_thumb": "http://www.terreiros.ceao.ufba.br/_FT/pq/372.jpg",
        "foto_grande": "http://www.terreiros.ceao.ufba.br/_FT/gd/372.jpg"
      }
    },
    {
      "type": "Feature",
      "geometry": {
        "type": "Point",
        "coordinates": [
          -38.4959864428251,
          -12.9580124103741
        ]
      },
      "properties": {
        "id": "373",
        "nome": "Terreiro de Oxossi",
        "lideranca": "Estelita do N. Cabral",
        "nacao": "Angola",
        "ano_fundacao": "1977",
        "regente": "Oxóssi",
        "bairro": "Baixa de Quintas",
        "endereco": "Rua José Mariz Pinto , 40, Estrada da Rainha",
        "cep": "40300-180",
        "telefone": "não informado",
        "foto_thumb": "http://www.terreiros.ceao.ufba.br/_FT/pq/373.jpg",
        "foto_grande": "http://www.terreiros.ceao.ufba.br/_FT/gd/373.jpg"
      }
    },
    {
      "type": "Feature",
      "geometry": {
        "type": "Point",
        "coordinates": [
          -38.4959865283284,
          -12.9594714633363
        ]
      },
      "properties": {
        "id": "374",
        "nome": "Unzó Roxe Mucumbi",
        "lideranca": "Miriam Bitencurt Vilas Boas",
        "nacao": "Angola",
        "ano_fundacao": "1990",
        "regente": "Oxumaré",
        "bairro": "Caixa DÁgua",
        "endereco": "3ª Trav. São Tomé, 14",
        "cep": "40403-065",
        "telefone": "3388-7302"
      }
    },
    {
      "type": "Feature",
      "geometry": {
        "type": "Point",
        "coordinates": [
          -38.4892899395586,
          -12.9594705400052
        ]
      },
      "properties": {
        "id": "375",
        "nome": "Terreiro de Oyá",
        "lideranca": "Marlene B. dos Santos",
        "nacao": "Angola",
        "ano_fundacao": "1979",
        "regente": "Iansã",
        "bairro": "Pero Vaz",
        "endereco": "Rua Pero Vaz Velho 270",
        "cep": "40335-600",
        "telefone": "3388-3489",
        "foto_thumb": "http://www.terreiros.ceao.ufba.br/_FT/pq/375.jpg",
        "foto_grande": "http://www.terreiros.ceao.ufba.br/_FT/gd/375.jpg"
      }
    },
    {
      "type": "Feature",
      "geometry": {
        "type": "Point",
        "coordinates": [
          -38.4886441195686,
          -12.9529048198722
        ]
      },
      "properties": {
        "id": "376",
        "nome": "Não informado",
        "lideranca": "Augusto Vilas Boas",
        "nacao": "Keto",
        "ano_fundacao": "1990",
        "regente": "Ogum",
        "bairro": "Calçada",
        "endereco": "Rua Barão da Vila da Barra, 239",
        "cep": "40410-400",
        "telefone": "3207-1961",
        "foto_thumb": "http://www.terreiros.ceao.ufba.br/_FT/pq/376.jpg",
        "foto_grande": "http://www.terreiros.ceao.ufba.br/_FT/gd/376.jpg"
      }
    },
    {
      "type": "Feature",
      "geometry": {
        "type": "Point",
        "coordinates": [
          -38.4993587951748,
          -12.9508680350104
        ]
      },
      "properties": {
        "id": "378",
        "nome": "Terreiro de Oxum",
        "lideranca": "Edna Costa Perello",
        "nacao": "Amburaxó",
        "ano_fundacao": "1976",
        "regente": "Oxum",
        "bairro": "Caminho de Areia",
        "endereco": "Rua Jardim Castro Alves, 99",
        "cep": "40433-590",
        "telefone": "3314-3057",
        "foto_thumb": "http://www.terreiros.ceao.ufba.br/_FT/pq/378.jpg",
        "foto_grande": "http://www.terreiros.ceao.ufba.br/_FT/gd/378.jpg"
      }
    },
    {
      "type": "Feature",
      "geometry": {
        "type": "Point",
        "coordinates": [
          -38.5010754471637,
          -12.9324383362288
        ]
      },
      "properties": {
        "id": "379",
        "nome": "Ilé Asé Opó Obraláyò",
        "lideranca": "Acelino Cruz de Barros",
        "nacao": "Keto",
        "ano_fundacao": "1986",
        "regente": "Xangô",
        "bairro": "Uruguai",
        "cep": "40450-750",
        "telefone": "3312-8111",
        "foto_thumb": "http://www.terreiros.ceao.ufba.br/_FT/pq/379.jpg",
        "foto_grande": "http://www.terreiros.ceao.ufba.br/_FT/gd/379.jpg"
      }
    },
    {
      "type": "Feature",
      "geometry": {
        "type": "Point",
        "coordinates": [
          -38.5035913512086,
          -12.9355064856247
        ]
      },
      "properties": {
        "id": "381",
        "nome": "Unzó Nkongo Lucaia",
        "lideranca": "Itatiaia do E.S. Cardoso",
        "nacao": "Angola",
        "ano_fundacao": "1961",
        "regente": "Caboclo Tupinambá",
        "bairro": "Uruguai",
        "endereco": "Rua Prof. José Santana, 07",
        "cep": "40450-690",
        "telefone": "3313-6809",
        "foto_thumb": "http://www.terreiros.ceao.ufba.br/_FT/pq/381.jpg",
        "foto_grande": "http://www.terreiros.ceao.ufba.br/_FT/gd/381.jpg"
      }
    },
    {
      "type": "Feature",
      "geometry": {
        "type": "Point",
        "coordinates": [
          -38.4986605561936,
          -12.9375066081407
        ]
      },
      "properties": {
        "id": "382",
        "nome": "Onzo Congo Bessy",
        "lideranca": "Ana Lúcia Ribeiro",
        "nacao": "Angola",
        "ano_fundacao": "2003",
        "regente": "Ogum",
        "bairro": "Uruguai",
        "cep": "40450-720",
        "telefone": "3316-9710",
        "foto_thumb": "http://www.terreiros.ceao.ufba.br/_FT/pq/382.jpg",
        "foto_grande": "http://www.terreiros.ceao.ufba.br/_FT/gd/382.jpg"
      }
    },
    {
      "type": "Feature",
      "geometry": {
        "type": "Point",
        "coordinates": [
          -38.4982513415176,
          -12.9354816476342
        ]
      },
      "properties": {
        "id": "383",
        "nome": "Ilé Asé Ofá Uwrá",
        "lideranca": "Carlos R. Pereira da Silva",
        "nacao": "Ijexá",
        "ano_fundacao": "1982",
        "regente": "Logunedé",
        "bairro": "Caminho de Areia",
        "endereco": "Rua Machado Monteiro, 35, casa 5",
        "cep": "40440-050",
        "telefone": "3312-4359/ 9963-0830",
        "foto_thumb": "http://www.terreiros.ceao.ufba.br/_FT/pq/383.jpg",
        "foto_grande": "http://www.terreiros.ceao.ufba.br/_FT/gd/383.jpg"
      }
    },
    {
      "type": "Feature",
      "geometry": {
        "type": "Point",
        "coordinates": [
          -38.500707726539,
          -12.9345404216032
        ]
      },
      "properties": {
        "id": "384",
        "nome": "Ilê Asé Adê Funfum",
        "lideranca": "Carlos Fernando Almeida Menezes",
        "nacao": "Keto",
        "ano_fundacao": "2002",
        "regente": "Iansã",
        "bairro": "Roma",
        "endereco": "Rua Frederico Lisboa, 61",
        "cep": "40444-072",
        "telefone": "3489-8049/ 8106-3968",
        "foto_thumb": "http://www.terreiros.ceao.ufba.br/_FT/pq/384.jpg",
        "foto_grande": "http://www.terreiros.ceao.ufba.br/_FT/gd/384.jpg"
      }
    },
    {
      "type": "Feature",
      "geometry": {
        "type": "Point",
        "coordinates": [
          -38.5026714102064,
          -12.9364946905169
        ]
      },
      "properties": {
        "id": "385",
        "nome": "Dandalunda Oya Matamba",
        "lideranca": "Nilza Terezinha da Mota e Silva",
        "nacao": "Angola",
        "ano_fundacao": "1977",
        "regente": "Oxum",
        "bairro": "Roma",
        "endereco": "Rua Graciliano de Fretias, 29",
        "cep": "40444-340",
        "telefone": "3314-7106",
        "foto_thumb": "http://www.terreiros.ceao.ufba.br/_FT/pq/385.jpg",
        "foto_grande": "http://www.terreiros.ceao.ufba.br/_FT/gd/385.jpg"
      }
    },
    {
      "type": "Feature",
      "geometry": {
        "type": "Point",
        "coordinates": [
          -38.5029464715887,
          -12.9357315339694
        ]
      },
      "properties": {
        "id": "386",
        "nome": "Ilê Axé Omin Nauê",
        "lideranca": "Edcarlos Pereira da Silva",
        "nacao": "Keto",
        "ano_fundacao": "2000",
        "regente": "Oxum",
        "bairro": "Massaranduba",
        "endereco": "Rua Simão Sobral, 2ª Trav. Padre José Leal, 56, fundo",
        "cep": "40435-260",
        "telefone": "3312-1942"
      }
    },
    {
      "type": "Feature",
      "geometry": {
        "type": "Point",
        "coordinates": [
          -38.4947404125458,
          -12.9248108188281
        ]
      },
      "properties": {
        "id": "387",
        "nome": "Ilê Axé Omin Kaia",
        "lideranca": "Sizelia Souza Gomes",
        "nacao": "Jêje",
        "ano_fundacao": "1999",
        "regente": "Iemanjá",
        "bairro": "Massaranduba",
        "endereco": "Rua Luciano Amorin, 1ª Av. Margarida",
        "cep": "40435-400",
        "telefone": "3316-2605",
        "foto_thumb": "http://www.terreiros.ceao.ufba.br/_FT/pq/387.jpg",
        "foto_grande": "http://www.terreiros.ceao.ufba.br/_FT/gd/387.jpg"
      }
    },
    {
      "type": "Feature",
      "geometry": {
        "type": "Point",
        "coordinates": [
          -38.4951962829568,
          -12.9250570061626
        ]
      },
      "properties": {
        "id": "388",
        "nome": "Terreiro Antônio Lázaro",
        "lideranca": "Jacira Ferreira Santiago",
        "nacao": "Keto",
        "ano_fundacao": "1976",
        "regente": "Obaluaê",
        "bairro": "Massaranduba",
        "endereco": "Rua Major Marivaldo Tapioca, 326",
        "cep": "40435-385",
        "telefone": "3312-8567",
        "foto_thumb": "http://www.terreiros.ceao.ufba.br/_FT/pq/388.jpg",
        "foto_grande": "http://www.terreiros.ceao.ufba.br/_FT/gd/388.jpg"
      }
    },
    {
      "type": "Feature",
      "geometry": {
        "type": "Point",
        "coordinates": [
          -38.4975775962982,
          -12.9213968864234
        ]
      },
      "properties": {
        "id": "389",
        "nome": "Ilê Axé Oya Erami Onirê",
        "lideranca": "Anderson Ornelas Pena",
        "nacao": "Keto",
        "ano_fundacao": "2001",
        "regente": "Iansã",
        "bairro": "Massaranduba",
        "endereco": "Rua Capitão Vicencio Constantino, Av. Alberto, 07",
        "cep": "40435-660",
        "telefone": "3313-4002",
        "foto_thumb": "http://www.terreiros.ceao.ufba.br/_FT/pq/389.jpg",
        "foto_grande": "http://www.terreiros.ceao.ufba.br/_FT/gd/389.jpg"
      }
    },
    {
      "type": "Feature",
      "geometry": {
        "type": "Point",
        "coordinates": [
          -38.4983801202824,
          -12.9243806876521
        ]
      },
      "properties": {
        "id": "390",
        "nome": "Ogum Delam",
        "lideranca": "Eunice Silva do Nascimento",
        "nacao": "Keto",
        "ano_fundacao": "1980",
        "regente": "Ogum e Omolu",
        "bairro": "Pero Vaz",
        "endereco": "Rua Dr. Eduardo Santos, 170",
        "cep": "40335-000",
        "telefone": "3388-3252",
        "foto_thumb": "http://www.terreiros.ceao.ufba.br/_FT/pq/390.jpg",
        "foto_grande": "http://www.terreiros.ceao.ufba.br/_FT/gd/390.jpg"
      }
    },
    {
      "type": "Feature",
      "geometry": {
        "type": "Point",
        "coordinates": [
          -38.4886783488476,
          -12.9522510853377
        ]
      },
      "properties": {
        "id": "392",
        "nome": "Terreiro Unzó Dy Azulé",
        "lideranca": "Maria da Hora Sena dos Santos (Maria de Dialambé)",
        "nacao": "Angola",
        "ano_fundacao": "1993",
        "regente": "Zazi",
        "bairro": "Pero Vaz",
        "cep": "40335-000",
        "telefone": "3256-5366",
        "foto_thumb": "http://www.terreiros.ceao.ufba.br/_FT/pq/392.jpg",
        "foto_grande": "http://www.terreiros.ceao.ufba.br/_FT/gd/392.jpg"
      }
    },
    {
      "type": "Feature",
      "geometry": {
        "type": "Point",
        "coordinates": [
          -38.4909537259576,
          -12.9480401282142
        ]
      },
      "properties": {
        "id": "393",
        "nome": "Terreiro de Oxalá",
        "lideranca": "Wilson de Araújo",
        "nacao": "Keto",
        "ano_fundacao": "1956",
        "regente": "Não informado",
        "bairro": "Caixa DÁgua",
        "endereco": "1ª Trav. da Mandichuria, 57",
        "cep": "40320-650",
        "telefone": "3234-4257",
        "foto_thumb": "http://www.terreiros.ceao.ufba.br/_FT/pq/393.jpg",
        "foto_grande": "http://www.terreiros.ceao.ufba.br/_FT/gd/393.jpg"
      }
    },
    {
      "type": "Feature",
      "geometry": {
        "type": "Point",
        "coordinates": [
          -38.4931639732018,
          -12.9560993376508
        ]
      },
      "properties": {
        "id": "394",
        "nome": "Terreiro Santa Bárbara",
        "lideranca": "Veridiano Nunes dos Santos",
        "nacao": "Keto",
        "ano_fundacao": "1942",
        "regente": "Iansã",
        "bairro": "Liberdade",
        "endereco": "Rua Prof. Wilson Lopes (Rua do Céu), 143",
        "cep": "40325-750",
        "telefone": "3326-6200",
        "foto_thumb": "http://www.terreiros.ceao.ufba.br/_FT/pq/394.jpg",
        "foto_grande": "http://www.terreiros.ceao.ufba.br/_FT/gd/394.jpg"
      }
    },
    {
      "type": "Feature",
      "geometry": {
        "type": "Point",
        "coordinates": [
          -38.4916601965604,
          -12.9506238629406
        ]
      },
      "properties": {
        "id": "395",
        "nome": "Ilê Axé Ewá Omim Nerê",
        "lideranca": "Diana de Souza Barbosa",
        "nacao": "Keto",
        "ano_fundacao": "1999",
        "regente": "Oxum",
        "bairro": "Liberdade",
        "endereco": "Rua Baixa do Céu, 3",
        "cep": "40327-080",
        "telefone": "3256-0151/ 8853-5286",
        "foto_thumb": "http://www.terreiros.ceao.ufba.br/_FT/pq/395.jpg",
        "foto_grande": "http://www.terreiros.ceao.ufba.br/_FT/gd/395.jpg"
      }
    },
    {
      "type": "Feature",
      "geometry": {
        "type": "Point",
        "coordinates": [
          -38.4926938372557,
          -12.9529564004597
        ]
      },
      "properties": {
        "id": "396",
        "nome": "Ilê Axé Alá Minfam",
        "lideranca": "Eduardo M. do Nascimento",
        "nacao": "Keto",
        "ano_fundacao": "1992",
        "regente": "Oxalá",
        "bairro": "Liberdade",
        "endereco": "Rua Prof. Wilson Lopes (Rua do Céu), 135",
        "cep": "40325-750",
        "telefone": "3241-7135",
        "foto_thumb": "http://www.terreiros.ceao.ufba.br/_FT/pq/396.jpg",
        "foto_grande": "http://www.terreiros.ceao.ufba.br/_FT/gd/396.jpg"
      }
    },
    {
      "type": "Feature",
      "geometry": {
        "type": "Point",
        "coordinates": [
          -38.491631004872,
          -12.9505284324567
        ]
      },
      "properties": {
        "id": "397",
        "nome": "Terreiro de Oxossi",
        "lideranca": "Maria dos Reis Santos",
        "nacao": "Keto",
        "ano_fundacao": "1990",
        "regente": "Oxóssi",
        "bairro": "Pero Vaz",
        "endereco": "Rua Guatarana , 40, Av. Peixe",
        "cep": "40335-775",
        "telefone": "3381-1785",
        "foto_thumb": "http://www.terreiros.ceao.ufba.br/_FT/pq/397.jpg",
        "foto_grande": "http://www.terreiros.ceao.ufba.br/_FT/gd/397.jpg"
      }
    },
    {
      "type": "Feature",
      "geometry": {
        "type": "Point",
        "coordinates": [
          -38.4896527581228,
          -12.953583202588
        ]
      },
      "properties": {
        "id": "398",
        "nome": "Centro do Caboclo Sultão das Matas",
        "lideranca": "Ducileda da Silva",
        "nacao": "Angola",
        "ano_fundacao": "1996",
        "regente": "Oxum",
        "bairro": "São Cristóvão",
        "cep": "41500-610",
        "telefone": "3388-8734",
        "foto_thumb": "http://www.terreiros.ceao.ufba.br/_FT/pq/398.jpg",
        "foto_grande": "http://www.terreiros.ceao.ufba.br/_FT/gd/398.jpg"
      }
    },
    {
      "type": "Feature",
      "geometry": {
        "type": "Point",
        "coordinates": [
          -38.3468137226882,
          -12.9138169220667
        ]
      },
      "properties": {
        "id": "399",
        "nome": "Não informado",
        "lideranca": "Davi Saldanha Santos",
        "nacao": "Keto Angola",
        "ano_fundacao": "1986",
        "regente": "Oxum",
        "bairro": "Sussuarana",
        "cep": "41213-800",
        "telefone": "3405-3184",
        "foto_thumb": "http://www.terreiros.ceao.ufba.br/_FT/pq/399.jpg",
        "foto_grande": "http://www.terreiros.ceao.ufba.br/_FT/gd/399.jpg"
      }
    },
    {
      "type": "Feature",
      "geometry": {
        "type": "Point",
        "coordinates": [
          -38.4455559888426,
          -12.9310567215115
        ]
      },
      "properties": {
        "id": "401",
        "nome": "Caboclo Zumbi",
        "lideranca": "Marinalva dos Santos",
        "nacao": "Jêje Angola",
        "ano_fundacao": "2001",
        "regente": "Iansã",
        "bairro": "Sussuarana",
        "endereco": "Rua Antonio de Freitas, Trav. Yuri Carneiro, 05",
        "cep": "41213-736",
        "telefone": "3306-4546",
        "foto_thumb": "http://www.terreiros.ceao.ufba.br/_FT/pq/401.jpg",
        "foto_grande": "http://www.terreiros.ceao.ufba.br/_FT/gd/401.jpg"
      }
    },
    {
      "type": "Feature",
      "geometry": {
        "type": "Point",
        "coordinates": [
          -38.4424493558089,
          -12.932720424022
        ]
      },
      "properties": {
        "id": "402",
        "nome": "Centro Senhor Sultão das Matas",
        "lideranca": "Josivalda Maria de Jesus Sena",
        "nacao": "Jêje",
        "ano_fundacao": "2002",
        "regente": "Oxumaré",
        "bairro": "Sussuarana",
        "endereco": "Rua Risoleta Carvalho, 40E",
        "cep": "41218-037",
        "telefone": "8838-5592",
        "foto_thumb": "http://www.terreiros.ceao.ufba.br/_FT/pq/402.jpg",
        "foto_grande": "http://www.terreiros.ceao.ufba.br/_FT/gd/402.jpg"
      }
    },
    {
      "type": "Feature",
      "geometry": {
        "type": "Point",
        "coordinates": [
          -38.4374645591667,
          -12.9447286493463
        ]
      },
      "properties": {
        "id": "403",
        "nome": "Ilê Axé Ninfa Omi",
        "lideranca": "Raimundo Batista da Silva",
        "nacao": "Keto",
        "ano_fundacao": "1976",
        "regente": "Oxum",
        "bairro": "Sussuarana",
        "endereco": "Rua Geraldo Martins , 7",
        "cep": "41213-220",
        "telefone": "3306-2763",
        "foto_thumb": "http://www.terreiros.ceao.ufba.br/_FT/pq/403.jpg",
        "foto_grande": "http://www.terreiros.ceao.ufba.br/_FT/gd/403.jpg"
      }
    },
    {
      "type": "Feature",
      "geometry": {
        "type": "Point",
        "coordinates": [
          -38.4465730110108,
          -12.9295999808015
        ]
      },
      "properties": {
        "id": "405",
        "nome": "Yê Yê Indelê do Viva Deus",
        "lideranca": "Maria Inês da Purificação",
        "nacao": "Keto",
        "ano_fundacao": "1978",
        "regente": "Oxum",
        "bairro": "São Marcos",
        "endereco": "Rua Leste, 50E",
        "cep": "41250-050",
        "telefone": "3393-2142 (vizinho Domingos)",
        "foto_thumb": "http://www.terreiros.ceao.ufba.br/_FT/pq/405.jpg",
        "foto_grande": "http://www.terreiros.ceao.ufba.br/_FT/gd/405.jpg"
      }
    },
    {
      "type": "Feature",
      "geometry": {
        "type": "Point",
        "coordinates": [
          -38.4380487400016,
          -12.9281971412761
        ]
      },
      "properties": {
        "id": "406",
        "nome": "Centro de Oxalá",
        "lideranca": "Maria Leonor Conceição Bonfim",
        "nacao": "Angola Umbanda",
        "ano_fundacao": "1976",
        "regente": "Oxalá",
        "bairro": "São Marcos",
        "endereco": "Rua Jair, 86E",
        "cep": "41250-030",
        "telefone": "3213-4957",
        "foto_thumb": "http://www.terreiros.ceao.ufba.br/_FT/pq/406.jpg",
        "foto_grande": "http://www.terreiros.ceao.ufba.br/_FT/gd/406.jpg"
      }
    },
    {
      "type": "Feature",
      "geometry": {
        "type": "Point",
        "coordinates": [
          -38.4376719282475,
          -12.92719397444
        ]
      },
      "properties": {
        "id": "408",
        "nome": "Não informado",
        "lideranca": "Maria Nila da Paixão Silva",
        "nacao": "Keto Angola",
        "ano_fundacao": "1974",
        "regente": "Nanã",
        "bairro": "São Marcos",
        "endereco": "Rua Santa Rita, 07",
        "cep": "41253-020",
        "telefone": "Não tem",
        "foto_thumb": "http://www.terreiros.ceao.ufba.br/_FT/pq/408.jpg",
        "foto_grande": "http://www.terreiros.ceao.ufba.br/_FT/gd/408.jpg"
      }
    },
    {
      "type": "Feature",
      "geometry": {
        "type": "Point",
        "coordinates": [
          -38.4400625634032,
          -12.9218632326224
        ]
      },
      "properties": {
        "id": "409",
        "nome": "Não informado",
        "lideranca": "Izaura Bispo dos Santos",
        "nacao": "Keto Ijexá",
        "ano_fundacao": "1977",
        "regente": "Iansã e Oxum",
        "bairro": "Nordeste de Amaralina",
        "endereco": "Rua Nova Brasília , 24",
        "cep": "41905-170",
        "telefone": "3345-4092",
        "foto_thumb": "http://www.terreiros.ceao.ufba.br/_FT/pq/409.jpg",
        "foto_grande": "http://www.terreiros.ceao.ufba.br/_FT/gd/409.jpg"
      }
    },
    {
      "type": "Feature",
      "geometry": {
        "type": "Point",
        "coordinates": [
          -38.4775801175502,
          -13.0104398907425
        ]
      },
      "properties": {
        "id": "410",
        "nome": "Pena Branca",
        "lideranca": "Aurea Gonçalves Santos",
        "nacao": "Angola",
        "ano_fundacao": "1983",
        "regente": "Caboclo Pena Branca",
        "bairro": "Rio Vermelho",
        "cep": "41920-790",
        "telefone": "3240-1271",
        "foto_thumb": "http://www.terreiros.ceao.ufba.br/_FT/pq/410.jpg",
        "foto_grande": "http://www.terreiros.ceao.ufba.br/_FT/gd/410.jpg"
      }
    },
    {
      "type": "Feature",
      "geometry": {
        "type": "Point",
        "coordinates": [
          -38.4804007650421,
          -13.0066318310303
        ]
      },
      "properties": {
        "id": "412",
        "nome": "Omin Deja",
        "lideranca": "Ademario Sacramento",
        "nacao": "Keto Jêje",
        "ano_fundacao": "1999",
        "regente": "Ogum",
        "bairro": "Amaralina",
        "endereco": "Rua do Balneário, 48E",
        "cep": "41900-150",
        "telefone": "9907-1489",
        "foto_thumb": "http://www.terreiros.ceao.ufba.br/_FT/pq/412.jpg",
        "foto_grande": "http://www.terreiros.ceao.ufba.br/_FT/gd/412.jpg"
      }
    },
    {
      "type": "Feature",
      "geometry": {
        "type": "Point",
        "coordinates": [
          -38.4711676942072,
          -13.0099304876292
        ]
      },
      "properties": {
        "id": "413",
        "nome": "Não informado",
        "lideranca": "Joselita Nazaré",
        "nacao": "Keto",
        "ano_fundacao": "1970",
        "regente": "Logunedé",
        "bairro": "Nordeste de Amaralina",
        "endereco": "Rua Itajuá, 24",
        "cep": "41905-835",
        "telefone": "3345-7759",
        "foto_thumb": "http://www.terreiros.ceao.ufba.br/_FT/pq/413.jpg",
        "foto_grande": "http://www.terreiros.ceao.ufba.br/_FT/gd/413.jpg"
      }
    },
    {
      "type": "Feature",
      "geometry": {
        "type": "Point",
        "coordinates": [
          -38.471458017581,
          -13.0098463259218
        ]
      },
      "properties": {
        "id": "414",
        "nome": "Ilê Axé Ominidê",
        "lideranca": "Maria de Lourdes Guerreiro de Jesus",
        "nacao": "Keto",
        "ano_fundacao": "1974",
        "regente": "Oxum",
        "bairro": "Fazenda Grande do Retiro",
        "endereco": "Rua Antônio Monteiro , 8",
        "cep": "40353-490",
        "telefone": "3214-0011",
        "foto_thumb": "http://www.terreiros.ceao.ufba.br/_FT/pq/414.jpg",
        "foto_grande": "http://www.terreiros.ceao.ufba.br/_FT/gd/414.jpg"
      }
    },
    {
      "type": "Feature",
      "geometry": {
        "type": "Point",
        "coordinates": [
          -38.4718989208415,
          -12.9423001475181
        ]
      },
      "properties": {
        "id": "415",
        "nome": "Ilê Axé Omin Okê",
        "lideranca": "Rita Santos de Santana",
        "nacao": "Keto",
        "ano_fundacao": "1960",
        "regente": "Ogum",
        "bairro": "Fazenda Grande do Retiro",
        "endereco": "Rua Orozi , 26-A",
        "cep": "40353-440",
        "telefone": "3214-0223",
        "foto_thumb": "http://www.terreiros.ceao.ufba.br/_FT/pq/415.jpg",
        "foto_grande": "http://www.terreiros.ceao.ufba.br/_FT/gd/415.jpg"
      }
    },
    {
      "type": "Feature",
      "geometry": {
        "type": "Point",
        "coordinates": [
          -38.4731943065262,
          -12.9424457080506
        ]
      },
      "properties": {
        "id": "416",
        "nome": "Ilê Axé Locir",
        "lideranca": "Antonio Isaque dos Santos",
        "nacao": "Keto",
        "ano_fundacao": "1961",
        "regente": "Oxóssi",
        "bairro": "Fazenda Grande do Retiro",
        "endereco": "Rua Fonte da Bica, 16",
        "cep": "40353-025",
        "telefone": "não tem",
        "foto_thumb": "http://www.terreiros.ceao.ufba.br/_FT/pq/416.jpg",
        "foto_grande": "http://www.terreiros.ceao.ufba.br/_FT/gd/416.jpg"
      }
    },
    {
      "type": "Feature",
      "geometry": {
        "type": "Point",
        "coordinates": [
          -38.4754709175286,
          -12.9428097770577
        ]
      },
      "properties": {
        "id": "417",
        "nome": "Centro do Caboclo Araribóia",
        "lideranca": "Jessé Mota de Carvalho",
        "nacao": "Keto",
        "ano_fundacao": "1989",
        "regente": "Oxóssi",
        "bairro": "Fazenda Grande do Retiro",
        "endereco": "4a Travessa 2 de Julho, 8",
        "cep": "40350-140",
        "telefone": "3304-0798",
        "foto_thumb": "http://www.terreiros.ceao.ufba.br/_FT/pq/417.jpg",
        "foto_grande": "http://www.terreiros.ceao.ufba.br/_FT/gd/417.jpg"
      }
    },
    {
      "type": "Feature",
      "geometry": {
        "type": "Point",
        "coordinates": [
          -38.4783324432575,
          -12.9437679857082
        ]
      },
      "properties": {
        "id": "418",
        "nome": "Ilê Axé Undé Omim Nadiré",
        "lideranca": "Marlene dos Santos Prinheiro",
        "nacao": "Keto",
        "ano_fundacao": "1966",
        "regente": "Oxum",
        "bairro": "Fazenda Grande do Retiro",
        "endereco": "Rua Eliseu Resende, 47",
        "cep": "40352-220",
        "telefone": "3303-3991",
        "foto_thumb": "http://www.terreiros.ceao.ufba.br/_FT/pq/418.jpg",
        "foto_grande": "http://www.terreiros.ceao.ufba.br/_FT/gd/418.jpg"
      }
    },
    {
      "type": "Feature",
      "geometry": {
        "type": "Point",
        "coordinates": [
          -38.4795055759522,
          -12.9407194575102
        ]
      },
      "properties": {
        "id": "419",
        "nome": "Terreiro de Oiassi",
        "lideranca": "Coralina Gomes",
        "nacao": "Angola",
        "ano_fundacao": "1946",
        "regente": "Iansã",
        "bairro": "Cosme de Farias",
        "endereco": "Rua Venseslau Galo , 36",
        "cep": "40252-190",
        "telefone": "3382-0765",
        "foto_thumb": "http://www.terreiros.ceao.ufba.br/_FT/pq/419.jpg",
        "foto_grande": "http://www.terreiros.ceao.ufba.br/_FT/gd/419.jpg"
      }
    },
    {
      "type": "Feature",
      "geometry": {
        "type": "Point",
        "coordinates": [
          -38.4892878398851,
          -12.9808696472667
        ]
      },
      "properties": {
        "id": "420",
        "nome": "Terreiro Incossi",
        "lideranca": "Elizabete Aquino Cunha",
        "nacao": "Angola",
        "ano_fundacao": "1957",
        "regente": "Ogum",
        "bairro": "San Martin",
        "endereco": "Rua Lídio dos Santos, 90",
        "cep": "40355-010",
        "telefone": "3389-6530",
        "foto_thumb": "http://www.terreiros.ceao.ufba.br/_FT/pq/420.jpg",
        "foto_grande": "http://www.terreiros.ceao.ufba.br/_FT/gd/420.jpg"
      }
    },
    {
      "type": "Feature",
      "geometry": {
        "type": "Point",
        "coordinates": [
          -38.4817746840783,
          -12.9399084109843
        ]
      },
      "properties": {
        "id": "421",
        "nome": "Ilê Axé Dolomin",
        "lideranca": "Rosemary Pereira dos Santos",
        "nacao": "Keto",
        "ano_fundacao": "2000",
        "regente": "Oxum",
        "bairro": "Cosme de Farias",
        "endereco": "Rua 12 de setembro, Alto do Cruzeiro",
        "cep": "40253-220",
        "telefone": "3381-6159",
        "foto_thumb": "http://www.terreiros.ceao.ufba.br/_FT/pq/421.jpg",
        "foto_grande": "http://www.terreiros.ceao.ufba.br/_FT/gd/421.jpg"
      }
    },
    {
      "type": "Feature",
      "geometry": {
        "type": "Point",
        "coordinates": [
          -38.4847713144438,
          -12.9824599147299
        ]
      },
      "properties": {
        "id": "422",
        "nome": "Ilê Axé Jitulú",
        "lideranca": "Valmir de Jesus Oliveira",
        "nacao": "Keto",
        "ano_fundacao": "1996",
        "regente": "Omolu",
        "bairro": "Cosme de Farias",
        "cep": "40253-340",
        "telefone": "3381-7534",
        "foto_thumb": "http://www.terreiros.ceao.ufba.br/_FT/pq/422.jpg",
        "foto_grande": "http://www.terreiros.ceao.ufba.br/_FT/gd/422.jpg"
      }
    },
    {
      "type": "Feature",
      "geometry": {
        "type": "Point",
        "coordinates": [
          -38.4825941957649,
          -12.9818121938941
        ]
      },
      "properties": {
        "id": "423",
        "nome": "Ilê Axé Nagô Vodum Azoane",
        "lideranca": "Marcrinio Vaz",
        "nacao": "Keto Jêje",
        "ano_fundacao": "1946",
        "regente": "Obaluaê",
        "bairro": "Cosme de Farias",
        "cep": "40252-150",
        "telefone": "3383-7988",
        "foto_thumb": "http://www.terreiros.ceao.ufba.br/_FT/pq/423.jpg",
        "foto_grande": "http://www.terreiros.ceao.ufba.br/_FT/gd/423.jpg"
      }
    },
    {
      "type": "Feature",
      "geometry": {
        "type": "Point",
        "coordinates": [
          -38.3503974082805,
          -12.921611785512
        ]
      },
      "properties": {
        "id": "424",
        "nome": "Ilê Axé Iyá Oyá Onira",
        "lideranca": "Bruno Nascimento Reis",
        "nacao": "Keto",
        "ano_fundacao": "1999",
        "regente": "Oiá",
        "bairro": "Uruguai",
        "endereco": "Rua Haroldo de Sá, 26",
        "cep": "40450-410",
        "telefone": "3313-8823/ 8147-9713",
        "foto_thumb": "http://www.terreiros.ceao.ufba.br/_FT/pq/424.jpg",
        "foto_grande": "http://www.terreiros.ceao.ufba.br/_FT/gd/424.jpg"
      }
    },
    {
      "type": "Feature",
      "geometry": {
        "type": "Point",
        "coordinates": [
          -38.4969676344706,
          -12.9390720010347
        ]
      },
      "properties": {
        "id": "425",
        "nome": "Ilé Asè Omin Xandé",
        "lideranca": "Railda Chrispiniana Silva Santos",
        "nacao": "Keto",
        "ano_fundacao": "1996",
        "regente": "Oxum",
        "bairro": "Uruguai",
        "endereco": "Rua Rita Nuno, 53",
        "cep": "40450-360",
        "telefone": "3312-1647",
        "foto_thumb": "http://www.terreiros.ceao.ufba.br/_FT/pq/425.jpg",
        "foto_grande": "http://www.terreiros.ceao.ufba.br/_FT/gd/425.jpg"
      }
    },
    {
      "type": "Feature",
      "geometry": {
        "type": "Point",
        "coordinates": [
          -38.4943012296401,
          -12.933609106632
        ]
      },
      "properties": {
        "id": "427",
        "nome": "Ilê Asé Ode Omicele Filho",
        "lideranca": "Leonardo Santos Nascimento",
        "nacao": "Keto",
        "ano_fundacao": "2001",
        "regente": "Obaluaê",
        "bairro": "Calçada",
        "endereco": "Rua Barão Vila da Barra, s/n (lado direito do Plano Inclinado)",
        "cep": "40410-400",
        "telefone": "3313-5710",
        "foto_thumb": "http://www.terreiros.ceao.ufba.br/_FT/pq/427.jpg",
        "foto_grande": "http://www.terreiros.ceao.ufba.br/_FT/gd/427.jpg"
      }
    },
    {
      "type": "Feature",
      "geometry": {
        "type": "Point",
        "coordinates": [
          -38.4998917730537,
          -12.9510679006016
        ]
      },
      "properties": {
        "id": "428",
        "nome": "Ilê Axé Odé Omim Oiá Bará",
        "lideranca": "Edney Silva Barbosa",
        "nacao": "Keto",
        "ano_fundacao": "1997",
        "regente": "Oxóssi",
        "bairro": "Uruguai",
        "endereco": "Rua Marques da Silva, 51E",
        "cep": "40451-370",
        "telefone": "3313-9887/ 3312-6283",
        "foto_thumb": "http://www.terreiros.ceao.ufba.br/_FT/pq/428.jpg",
        "foto_grande": "http://www.terreiros.ceao.ufba.br/_FT/gd/428.jpg"
      }
    },
    {
      "type": "Feature",
      "geometry": {
        "type": "Point",
        "coordinates": [
          -38.4997094389517,
          -12.9344392096501
        ]
      },
      "properties": {
        "id": "429",
        "nome": "Terreiro de Ogum",
        "lideranca": "Djalma Santos Ramos Souza",
        "nacao": "Angola",
        "ano_fundacao": "1988",
        "regente": "Ogum",
        "bairro": "Valéria",
        "endereco": "Rua Antônio da Cruz Pereira, 17-E",
        "cep": "41300-050",
        "telefone": "3301-9152",
        "foto_thumb": "http://www.terreiros.ceao.ufba.br/_FT/pq/429.jpg",
        "foto_grande": "http://www.terreiros.ceao.ufba.br/_FT/gd/429.jpg"
      }
    },
    {
      "type": "Feature",
      "geometry": {
        "type": "Point",
        "coordinates": [
          -38.4340605077706,
          -12.871702577772
        ]
      },
      "properties": {
        "id": "430",
        "nome": "Ilê Axé Obá Oyo",
        "lideranca": "Otávio Raimundo Borges da Conceição",
        "nacao": "Keto",
        "ano_fundacao": "2000",
        "regente": "Xangô",
        "bairro": "Vila Matos",
        "endereco": "Rua Corte Grande, 27",
        "cep": "41950-308",
        "telefone": "3331-0367",
        "foto_thumb": "http://www.terreiros.ceao.ufba.br/_FT/pq/430.jpg",
        "foto_grande": "http://www.terreiros.ceao.ufba.br/_FT/gd/430.jpg"
      }
    },
    {
      "type": "Feature",
      "geometry": {
        "type": "Point",
        "coordinates": [
          -38.5020136873512,
          -13.006904617098
        ]
      },
      "properties": {
        "id": "431",
        "nome": "Não informado",
        "lideranca": "Maria Jiloya",
        "nacao": "Keto",
        "ano_fundacao": "2004",
        "regente": "Obaluaê",
        "bairro": "Valéria",
        "endereco": "2ª Trav. das Palmeiras (Nova Brasília de Valéria)",
        "cep": "41306-140",
        "telefone": "3241-4752",
        "foto_thumb": "http://www.terreiros.ceao.ufba.br/_FT/pq/431.jpg",
        "foto_grande": "http://www.terreiros.ceao.ufba.br/_FT/gd/431.jpg"
      }
    },
    {
      "type": "Feature",
      "geometry": {
        "type": "Point",
        "coordinates": [
          -38.4343004264296,
          -12.8533308844576
        ]
      },
      "properties": {
        "id": "432",
        "nome": "Unzó Lonboji",
        "lideranca": "Iracema Guilhermina Souza de Santana",
        "nacao": "Angola",
        "ano_fundacao": "1995",
        "regente": "Xangô",
        "bairro": "Valéria",
        "endereco": "Rua Nova Brasília  Loteamento",
        "cep": "41300-480",
        "telefone": "3291-1986",
        "foto_thumb": "http://www.terreiros.ceao.ufba.br/_FT/pq/432.jpg",
        "foto_grande": "http://www.terreiros.ceao.ufba.br/_FT/gd/432.jpg"
      }
    },
    {
      "type": "Feature",
      "geometry": {
        "type": "Point",
        "coordinates": [
          -38.4392855148616,
          -12.8569160955509
        ]
      },
      "properties": {
        "id": "433",
        "nome": "Ilê Axé Olo Omim",
        "lideranca": "Doriléia do Espírito Santo",
        "nacao": "Keto",
        "ano_fundacao": "1997",
        "regente": "Oxum",
        "bairro": "Valéria",
        "endereco": "Rua Nova Brasília, 23",
        "cep": "41300-480",
        "telefone": "3301-0004",
        "foto_thumb": "http://www.terreiros.ceao.ufba.br/_FT/pq/433.jpg",
        "foto_grande": "http://www.terreiros.ceao.ufba.br/_FT/gd/433.jpg"
      }
    },
    {
      "type": "Feature",
      "geometry": {
        "type": "Point",
        "coordinates": [
          -38.4390817724659,
          -12.8571216131067
        ]
      },
      "properties": {
        "id": "434",
        "nome": "Ilê Axé Odé Obá",
        "lideranca": "Edilton Carlos Souza Botelho",
        "nacao": "Keto",
        "ano_fundacao": "1986",
        "regente": "Oxóssi",
        "bairro": "Valéria",
        "endereco": "Rua Passagem das Flores, 26-E (Nova Brasília de Valéria)",
        "cep": "41306-050",
        "telefone": "3291-0949",
        "foto_thumb": "http://www.terreiros.ceao.ufba.br/_FT/pq/434.jpg",
        "foto_grande": "http://www.terreiros.ceao.ufba.br/_FT/gd/434.jpg"
      }
    },
    {
      "type": "Feature",
      "geometry": {
        "type": "Point",
        "coordinates": [
          -38.4374043175715,
          -12.8570484841383
        ]
      },
      "properties": {
        "id": "435",
        "nome": "Ilê Axé Obá",
        "lideranca": "Renilton Oliveira Moreira",
        "nacao": "Keto Angola",
        "ano_fundacao": "1998",
        "regente": "Oxalá",
        "bairro": "Valéria",
        "endereco": "Rua Rosa Graxa, 10",
        "telefone": "3301-7419",
        "foto_thumb": "http://www.terreiros.ceao.ufba.br/_FT/pq/435.jpg",
        "foto_grande": "http://www.terreiros.ceao.ufba.br/_FT/gd/435.jpg"
      }
    },
    {
      "type": "Feature",
      "geometry": {
        "type": "Point",
        "coordinates": [
          -38.4363830403806,
          -12.8539066020999
        ]
      },
      "properties": {
        "id": "436",
        "nome": "Ilê Axé Omim Adecir",
        "lideranca": "Maria Conceição Pereira Mercês",
        "nacao": "Keto",
        "ano_fundacao": "1989",
        "regente": "Oxum",
        "bairro": "Valéria",
        "endereco": "Rua João Vieira Lopes, 11",
        "cep": "41301-620",
        "telefone": "3301-9154",
        "foto_thumb": "http://www.terreiros.ceao.ufba.br/_FT/pq/436.jpg",
        "foto_grande": "http://www.terreiros.ceao.ufba.br/_FT/gd/436.jpg"
      }
    },
    {
      "type": "Feature",
      "geometry": {
        "type": "Point",
        "coordinates": [
          -38.430174660184,
          -12.8665282931763
        ]
      },
      "properties": {
        "id": "437",
        "nome": "Ilê Axé Apó Alwa É",
        "lideranca": "Maria Paula de Araújo",
        "nacao": "Keto",
        "ano_fundacao": "1999",
        "regente": "Omolu",
        "bairro": "Valéria",
        "endereco": "Rua João Vieira Lopes, 49-E",
        "cep": "41301-620",
        "telefone": "3301-9270",
        "foto_thumb": "http://www.terreiros.ceao.ufba.br/_FT/pq/437.jpg",
        "foto_grande": "http://www.terreiros.ceao.ufba.br/_FT/gd/437.jpg"
      }
    },
    {
      "type": "Feature",
      "geometry": {
        "type": "Point",
        "coordinates": [
          -38.430489724267,
          -12.8663985909766
        ]
      },
      "properties": {
        "id": "438",
        "nome": "Ilê Axé Baba Ulufã Guemim",
        "lideranca": "Roberval Silva Santos",
        "nacao": "Keto",
        "ano_fundacao": "1994",
        "regente": "Oxalá",
        "bairro": "Valéria",
        "endereco": "Rua São Francisco, Lote 45",
        "cep": "41300-580",
        "telefone": "3301-0575",
        "foto_thumb": "http://www.terreiros.ceao.ufba.br/_FT/pq/438.jpg",
        "foto_grande": "http://www.terreiros.ceao.ufba.br/_FT/gd/438.jpg"
      }
    },
    {
      "type": "Feature",
      "geometry": {
        "type": "Point",
        "coordinates": [
          -38.4310130959736,
          -12.8593776194115
        ]
      },
      "properties": {
        "id": "439",
        "nome": "Unzó Maiamba de Inzambe",
        "lideranca": "José Rafael dos Santos Rodrigues",
        "nacao": "Angola",
        "ano_fundacao": "1977",
        "regente": "Dandalunda e Oxum",
        "bairro": "Paripe",
        "endereco": "Rua 13 de julho 253",
        "telefone": "3397-2172",
        "foto_thumb": "http://www.terreiros.ceao.ufba.br/_FT/pq/439.jpg",
        "foto_grande": "http://www.terreiros.ceao.ufba.br/_FT/gd/439.jpg"
      }
    },
    {
      "type": "Feature",
      "geometry": {
        "type": "Point",
        "coordinates": [
          -38.4576117607119,
          -12.8374623399005
        ]
      },
      "properties": {
        "id": "440",
        "nome": "Terreiro de Ogum",
        "lideranca": "Maria das Candeias Campos  da Silva",
        "nacao": "Angola",
        "ano_fundacao": "0",
        "regente": "Ogum",
        "bairro": "Paripe",
        "endereco": "Rua Acre, quadra 29, lote 4",
        "cep": "40830-560",
        "telefone": "3397-1596",
        "foto_thumb": "http://www.terreiros.ceao.ufba.br/_FT/pq/440.jpg",
        "foto_grande": "http://www.terreiros.ceao.ufba.br/_FT/gd/440.jpg"
      }
    },
    {
      "type": "Feature",
      "geometry": {
        "type": "Point",
        "coordinates": [
          -38.4730487705306,
          -12.8478708362749
        ]
      },
      "properties": {
        "id": "441",
        "nome": "Ylê Axé Torrundê",
        "lideranca": "Dary José Paim Mota",
        "nacao": "Jêje",
        "ano_fundacao": "1993",
        "regente": "Obaluaê",
        "bairro": "Paripe",
        "endereco": "Rua Amapá 586 E",
        "cep": "40440-680",
        "telefone": "3521-1423",
        "foto_thumb": "http://www.terreiros.ceao.ufba.br/_FT/pq/441.jpg",
        "foto_grande": "http://www.terreiros.ceao.ufba.br/_FT/gd/441.jpg"
      }
    },
    {
      "type": "Feature",
      "geometry": {
        "type": "Point",
        "coordinates": [
          -38.4598916095315,
          -12.835776115345
        ]
      },
      "properties": {
        "id": "442",
        "nome": "Ilê Axé Ya Tomin",
        "lideranca": "Josefa Belisana Sena dos Santos",
        "nacao": "Keto",
        "ano_fundacao": "1966",
        "regente": "Oxalá",
        "bairro": "Paripe",
        "endereco": "Rua Itaú, 35 Estrada da Cosisa",
        "cep": "40810-560",
        "telefone": "3521-1130",
        "foto_thumb": "http://www.terreiros.ceao.ufba.br/_FT/pq/442.jpg",
        "foto_grande": "http://www.terreiros.ceao.ufba.br/_FT/gd/442.jpg"
      }
    },
    {
      "type": "Feature",
      "geometry": {
        "type": "Point",
        "coordinates": [
          -38.4724806029226,
          -12.8334328456583
        ]
      },
      "properties": {
        "id": "443",
        "nome": "Terreiro Filho de um Sessetaquara",
        "lideranca": "Antônio Luiz Lima Santana",
        "nacao": "Angola",
        "ano_fundacao": "1961",
        "regente": "Ogum",
        "bairro": "Paripe",
        "endereco": "Rua 13 de Maio, 20",
        "cep": "40800-630",
        "telefone": "3397-6072",
        "foto_thumb": "http://www.terreiros.ceao.ufba.br/_FT/pq/443.jpg",
        "foto_grande": "http://www.terreiros.ceao.ufba.br/_FT/gd/443.jpg"
      }
    },
    {
      "type": "Feature",
      "geometry": {
        "type": "Point",
        "coordinates": [
          -38.4584503497511,
          -12.8386026065937
        ]
      },
      "properties": {
        "id": "444",
        "nome": "Terreiro Oiá Gegemin",
        "lideranca": "Hilda da Silva Santos",
        "nacao": "Keto",
        "ano_fundacao": "0",
        "regente": "Iansã",
        "bairro": "Paripe",
        "endereco": "Rua 21 de Abril , 33 A",
        "cep": "40820-000",
        "telefone": "3307-4891",
        "foto_thumb": "http://www.terreiros.ceao.ufba.br/_FT/pq/444.jpg",
        "foto_grande": "http://www.terreiros.ceao.ufba.br/_FT/gd/444.jpg"
      }
    },
    {
      "type": "Feature",
      "geometry": {
        "type": "Point",
        "coordinates": [
          -38.4690008245252,
          -12.8371315651163
        ]
      },
      "properties": {
        "id": "445",
        "nome": "Não informado",
        "lideranca": "Benedita",
        "nacao": "Keto",
        "ano_fundacao": "1966",
        "regente": "Oxalá",
        "bairro": "Paripe",
        "endereco": "Rua Sergipe, 445",
        "cep": "40800-560",
        "telefone": "não informado",
        "foto_thumb": "http://www.terreiros.ceao.ufba.br/_FT/pq/445.jpg",
        "foto_grande": "http://www.terreiros.ceao.ufba.br/_FT/gd/445.jpg"
      }
    },
    {
      "type": "Feature",
      "geometry": {
        "type": "Point",
        "coordinates": [
          -38.4628861584,
          -12.8359381996
        ]
      },
      "properties": {
        "id": "446",
        "nome": "Ilê Axé Omidêni",
        "lideranca": "Maria Helena de Jesus Santana",
        "nacao": "Keto",
        "ano_fundacao": "1992",
        "regente": "Oxum",
        "bairro": "Paripe",
        "endereco": "Rua Sergipe , 304 E",
        "cep": "40800-560",
        "telefone": "3397-3464",
        "foto_thumb": "http://www.terreiros.ceao.ufba.br/_FT/pq/446.jpg",
        "foto_grande": "http://www.terreiros.ceao.ufba.br/_FT/gd/446.jpg"
      }
    },
    {
      "type": "Feature",
      "geometry": {
        "type": "Point",
        "coordinates": [
          -38.4627679239067,
          -12.8371543759254
        ]
      },
      "properties": {
        "id": "447",
        "nome": "Terreiro Oiá Matamba",
        "lideranca": "Benildes A. da Silva Soares",
        "nacao": "Angola",
        "ano_fundacao": "1966",
        "regente": "Iansã",
        "bairro": "Paripe",
        "endereco": "Rua 13 de Maio, 181",
        "cep": "40800-630",
        "telefone": "3521-3106",
        "foto_thumb": "http://www.terreiros.ceao.ufba.br/_FT/pq/447.jpg",
        "foto_grande": "http://www.terreiros.ceao.ufba.br/_FT/gd/447.jpg"
      }
    },
    {
      "type": "Feature",
      "geometry": {
        "type": "Point",
        "coordinates": [
          -38.4583462970498,
          -12.8387909126534
        ]
      },
      "properties": {
        "id": "448",
        "nome": "Ilê Axé Odomin",
        "lideranca": "Dilza Nabuco Santos",
        "nacao": "Keto",
        "ano_fundacao": "0",
        "regente": "Iemanjá",
        "bairro": "Paripe",
        "endereco": "Rua Cardeal da Silva, 116",
        "cep": "40800-700",
        "telefone": "3408-1623",
        "foto_thumb": "http://www.terreiros.ceao.ufba.br/_FT/pq/448.jpg",
        "foto_grande": "http://www.terreiros.ceao.ufba.br/_FT/gd/448.jpg"
      }
    },
    {
      "type": "Feature",
      "geometry": {
        "type": "Point",
        "coordinates": [
          -38.4612163000336,
          -12.8378804456111
        ]
      },
      "properties": {
        "id": "449",
        "nome": "Ilê Bomi Oxum",
        "lideranca": "Matildes dos Santos Araújo",
        "nacao": "Keto",
        "ano_fundacao": "1965",
        "regente": "Oxum e Oxossi",
        "bairro": "São Caetano",
        "cep": "40391-218",
        "telefone": "3304-1571",
        "foto_thumb": "http://www.terreiros.ceao.ufba.br/_FT/pq/449.jpg",
        "foto_grande": "http://www.terreiros.ceao.ufba.br/_FT/gd/449.jpg"
      }
    },
    {
      "type": "Feature",
      "geometry": {
        "type": "Point",
        "coordinates": [
          -38.4773537946935,
          -12.9334602333306
        ]
      },
      "properties": {
        "id": "450",
        "nome": "Ilê Axé Tory Oyá",
        "lideranca": "Ana Patrícia Lopes Santos Machado",
        "nacao": "Keto",
        "ano_fundacao": "1996",
        "regente": "Oxum",
        "bairro": "São Caetano",
        "endereco": "Rua Manoel Fernandes, 15",
        "cep": "40950-610",
        "telefone": "3304-0083",
        "foto_thumb": "http://www.terreiros.ceao.ufba.br/_FT/pq/450.jpg",
        "foto_grande": "http://www.terreiros.ceao.ufba.br/_FT/gd/450.jpg"
      }
    },
    {
      "type": "Feature",
      "geometry": {
        "type": "Point",
        "coordinates": [
          -38.478308117472,
          -12.9346540963612
        ]
      },
      "properties": {
        "id": "451",
        "nome": "Terreiro de Ajaguna",
        "lideranca": "Aritanã dos Santos Lima",
        "nacao": "Keto",
        "ano_fundacao": "1956",
        "regente": "Oxalá",
        "bairro": "Fazenda Grande do Retiro",
        "endereco": "Rua Melo Moraes Filho , 485",
        "cep": "40352-000",
        "telefone": "3303-5232/ 9175-5462",
        "foto_thumb": "http://www.terreiros.ceao.ufba.br/_FT/pq/451.jpg",
        "foto_grande": "http://www.terreiros.ceao.ufba.br/_FT/gd/451.jpg"
      }
    },
    {
      "type": "Feature",
      "geometry": {
        "type": "Point",
        "coordinates": [
          -38.4809172286813,
          -12.9367142823008
        ]
      },
      "properties": {
        "id": "452",
        "nome": "Ilê Axé Obá Inã",
        "lideranca": "Terezinha Souza Barbosa",
        "nacao": "Keto",
        "ano_fundacao": "1987",
        "regente": "Xangô",
        "bairro": "São Caetano",
        "cep": "40391-224",
        "telefone": "3259-9690",
        "foto_thumb": "http://www.terreiros.ceao.ufba.br/_FT/pq/452.jpg",
        "foto_grande": "http://www.terreiros.ceao.ufba.br/_FT/gd/452.jpg"
      }
    },
    {
      "type": "Feature",
      "geometry": {
        "type": "Point",
        "coordinates": [
          -38.480372287649,
          -12.936228533894
        ]
      },
      "properties": {
        "id": "453",
        "nome": "Ilê Axé Babá Oju Alá Omi",
        "lideranca": "José Ivo Moreno",
        "nacao": "Keto",
        "ano_fundacao": "1971",
        "regente": "Oxalá",
        "bairro": "São Caetano",
        "endereco": "Rua Monte Pio, 42",
        "cep": "40387-540",
        "telefone": "3215-4027",
        "foto_thumb": "http://www.terreiros.ceao.ufba.br/_FT/pq/453.jpg",
        "foto_grande": "http://www.terreiros.ceao.ufba.br/_FT/gd/453.jpg"
      }
    },
    {
      "type": "Feature",
      "geometry": {
        "type": "Point",
        "coordinates": [
          -38.4727483223232,
          -12.9290829689541
        ]
      },
      "properties": {
        "id": "454",
        "nome": "Terreiro Babáribò",
        "lideranca": "Maria Patrocícina da Conceição",
        "nacao": "Keto",
        "ano_fundacao": "0",
        "regente": "Oxalá",
        "bairro": "São Caetano",
        "endereco": "Rua Monte Pio , 41",
        "cep": "40387-540",
        "telefone": "3211-3901",
        "foto_thumb": "http://www.terreiros.ceao.ufba.br/_FT/pq/454.jpg",
        "foto_grande": "http://www.terreiros.ceao.ufba.br/_FT/gd/454.jpg"
      }
    },
    {
      "type": "Feature",
      "geometry": {
        "type": "Point",
        "coordinates": [
          -38.472569583814,
          -12.9289463184853
        ]
      },
      "properties": {
        "id": "455",
        "nome": "Ilê Axé Chapanã",
        "lideranca": "Manoel Lima Santana",
        "nacao": "Keto",
        "ano_fundacao": "1974",
        "regente": "Obaluaê",
        "bairro": "São Caetano",
        "endereco": "Rua Wanderley de Pinho, 15 - fundo",
        "cep": "40390-150",
        "telefone": "8834-5187",
        "foto_thumb": "http://www.terreiros.ceao.ufba.br/_FT/pq/455.jpg",
        "foto_grande": "http://www.terreiros.ceao.ufba.br/_FT/gd/455.jpg"
      }
    },
    {
      "type": "Feature",
      "geometry": {
        "type": "Point",
        "coordinates": [
          -38.481728478942,
          -12.9350666484275
        ]
      },
      "properties": {
        "id": "456",
        "nome": "Centro do Caboclo",
        "lideranca": "Rejane Conceição dos Santos",
        "nacao": "Angola",
        "ano_fundacao": "1986",
        "regente": "Oxóssi",
        "bairro": "São Caetano",
        "endereco": "Rua Fonte da Bica de Baixo, 42",
        "cep": "40387-720",
        "telefone": "3303-1766",
        "foto_thumb": "http://www.terreiros.ceao.ufba.br/_FT/pq/456.jpg",
        "foto_grande": "http://www.terreiros.ceao.ufba.br/_FT/gd/456.jpg"
      }
    },
    {
      "type": "Feature",
      "geometry": {
        "type": "Point",
        "coordinates": [
          -38.474692151185,
          -12.9318240833169
        ]
      },
      "properties": {
        "id": "457",
        "nome": "Ilê Axé Kesimbe Kemense",
        "lideranca": "Solange Ferreira dos Santos",
        "nacao": "Keto",
        "ano_fundacao": "0",
        "regente": "Iansã",
        "bairro": "São Caetano",
        "endereco": "Rua Alto do  Santo Antônio, 16-E",
        "cep": "40390-635",
        "telefone": "9187-8125",
        "foto_thumb": "http://www.terreiros.ceao.ufba.br/_FT/pq/457.jpg",
        "foto_grande": "http://www.terreiros.ceao.ufba.br/_FT/gd/457.jpg"
      }
    },
    {
      "type": "Feature",
      "geometry": {
        "type": "Point",
        "coordinates": [
          -38.4850361885453,
          -12.9342610299334
        ]
      },
      "properties": {
        "id": "458",
        "nome": "Ilê Axé Idanjeyê",
        "lideranca": "Esmeralda Silva Santos",
        "nacao": "Keto",
        "ano_fundacao": "1969",
        "regente": "Becen e Oxóssi",
        "bairro": "São Caetano",
        "endereco": "Rua Vanderlei de Pinho, 37",
        "cep": "40390-150",
        "telefone": "3304-5697",
        "foto_thumb": "http://www.terreiros.ceao.ufba.br/_FT/pq/458.jpg",
        "foto_grande": "http://www.terreiros.ceao.ufba.br/_FT/gd/458.jpg"
      }
    },
    {
      "type": "Feature",
      "geometry": {
        "type": "Point",
        "coordinates": [
          -38.481318927692,
          -12.9353879939483
        ]
      },
      "properties": {
        "id": "459",
        "nome": "Ilê Axé Iya Omin",
        "lideranca": "Valter Conceição de Assis",
        "nacao": "Keto",
        "ano_fundacao": "1980",
        "regente": "Oxum e Ogum",
        "bairro": "Alto de Coutos",
        "endereco": "2ª Trav.Guiné, 22A, Parq. Setúbal",
        "cep": "41750-490",
        "telefone": "3407-1039",
        "foto_thumb": "http://www.terreiros.ceao.ufba.br/_FT/pq/459.jpg",
        "foto_grande": "http://www.terreiros.ceao.ufba.br/_FT/gd/459.jpg"
      }
    },
    {
      "type": "Feature",
      "geometry": {
        "type": "Point",
        "coordinates": [
          -38.4644640269098,
          -12.8584657839525
        ]
      },
      "properties": {
        "id": "461",
        "nome": "Ilê Axé Ogum Sidê",
        "lideranca": "Maria Nilza Costa Cruz",
        "nacao": "Keto",
        "ano_fundacao": "1981",
        "regente": "Ogum",
        "bairro": "Periperi",
        "endereco": "Rua Nova Constituinte, 13",
        "cep": "40720-250",
        "telefone": "3307-6702",
        "foto_thumb": "http://www.terreiros.ceao.ufba.br/_FT/pq/461.jpg",
        "foto_grande": "http://www.terreiros.ceao.ufba.br/_FT/gd/461.jpg"
      }
    },
    {
      "type": "Feature",
      "geometry": {
        "type": "Point",
        "coordinates": [
          -38.4597051892769,
          -12.8594298307534
        ]
      },
      "properties": {
        "id": "462",
        "nome": "Terreiro Ala Omi",
        "lideranca": "Albertina Gonzaga dos Santos",
        "nacao": "Keto",
        "ano_fundacao": "1987",
        "regente": "Oxum",
        "bairro": "Alto de Coutos",
        "endereco": "Rua São Jerônimo, 49E",
        "telefone": "3397-9428",
        "foto_thumb": "http://www.terreiros.ceao.ufba.br/_FT/pq/462.jpg",
        "foto_grande": "http://www.terreiros.ceao.ufba.br/_FT/gd/462.jpg"
      }
    },
    {
      "type": "Feature",
      "geometry": {
        "type": "Point",
        "coordinates": [
          -38.4612281488025,
          -12.8600135276413
        ]
      },
      "properties": {
        "id": "463",
        "nome": "Ylê Axé Lodeuá",
        "lideranca": "Nivaldo Santos",
        "nacao": "Angola",
        "ano_fundacao": "1985",
        "regente": "Oxum",
        "bairro": "Alto de Coutos",
        "endereco": "Rua São Jerônimo, 52",
        "telefone": "9978-6335",
        "foto_thumb": "http://www.terreiros.ceao.ufba.br/_FT/pq/463.jpg",
        "foto_grande": "http://www.terreiros.ceao.ufba.br/_FT/gd/463.jpg"
      }
    },
    {
      "type": "Feature",
      "geometry": {
        "type": "Point",
        "coordinates": [
          -38.4612535418415,
          -12.8600798648642
        ]
      },
      "properties": {
        "id": "464",
        "nome": "Ilê Onomi",
        "lideranca": "Marli Maria de Jesus Silva",
        "nacao": "Keto",
        "ano_fundacao": "1977",
        "regente": "Oxumaré",
        "bairro": "Alto de Coutos",
        "endereco": "1ª Travessa Sudão , 101-E",
        "cep": "40730-280",
        "telefone": "3308-1110",
        "foto_thumb": "http://www.terreiros.ceao.ufba.br/_FT/pq/464.jpg",
        "foto_grande": "http://www.terreiros.ceao.ufba.br/_FT/gd/464.jpg"
      }
    },
    {
      "type": "Feature",
      "geometry": {
        "type": "Point",
        "coordinates": [
          -38.4640673545644,
          -12.8559536950373
        ]
      },
      "properties": {
        "id": "465",
        "nome": "Ilê Axé Ode Ozonele",
        "lideranca": "Marcos Antônio Oliveira Sousa",
        "nacao": "Keto",
        "ano_fundacao": "1989",
        "regente": "Oxóssi",
        "bairro": "Alto de Coutos",
        "endereco": "Rua da Glória, 101 E",
        "cep": "40625-650",
        "telefone": "3407-5320",
        "foto_thumb": "http://www.terreiros.ceao.ufba.br/_FT/pq/465.jpg",
        "foto_grande": "http://www.terreiros.ceao.ufba.br/_FT/gd/465.jpg"
      }
    },
    {
      "type": "Feature",
      "geometry": {
        "type": "Point",
        "coordinates": [
          -38.468268027172,
          -12.860962808641
        ]
      },
      "properties": {
        "id": "466",
        "nome": "Terreiro de Oxum",
        "lideranca": "Francisco Florenzo Ferreira",
        "nacao": "Keto",
        "ano_fundacao": "1976",
        "regente": "Oxum",
        "bairro": "Alto de Coutos",
        "cep": "40720-250",
        "telefone": "3308-4783 (recado)",
        "foto_thumb": "http://www.terreiros.ceao.ufba.br/_FT/pq/466.jpg",
        "foto_grande": "http://www.terreiros.ceao.ufba.br/_FT/gd/466.jpg"
      }
    },
    {
      "type": "Feature",
      "geometry": {
        "type": "Point",
        "coordinates": [
          -38.4654368050935,
          -12.8614171683948
        ]
      },
      "properties": {
        "id": "468",
        "nome": "Caboclo Erû do Ilê Axé",
        "lideranca": "Antonieta Neres de Jesus",
        "nacao": "Keto",
        "ano_fundacao": "1998",
        "regente": "Iansã",
        "bairro": "São Marcos",
        "cep": "41253-325",
        "telefone": "3393-5245",
        "foto_thumb": "http://www.terreiros.ceao.ufba.br/_FT/pq/468.jpg",
        "foto_grande": "http://www.terreiros.ceao.ufba.br/_FT/gd/468.jpg"
      }
    },
    {
      "type": "Feature",
      "geometry": {
        "type": "Point",
        "coordinates": [
          -38.439327994241,
          -12.9257442588403
        ]
      },
      "properties": {
        "id": "469",
        "nome": "Ilê Axé Ojunilê Xapanan",
        "lideranca": "André Luiz de Jesus Santana",
        "nacao": "Keto",
        "ano_fundacao": "2001",
        "regente": "Obaluaê",
        "bairro": "Lobato",
        "endereco": "Rua Travessa do Carmo, 45",
        "telefone": "Não tem",
        "foto_thumb": "http://www.terreiros.ceao.ufba.br/_FT/pq/469.jpg",
        "foto_grande": "http://www.terreiros.ceao.ufba.br/_FT/gd/469.jpg"
      }
    },
    {
      "type": "Feature",
      "geometry": {
        "type": "Point",
        "coordinates": [
          -38.4827248018152,
          -12.9263018264159
        ]
      },
      "properties": {
        "id": "470",
        "nome": "Kissimiã Tata Dizami",
        "lideranca": "Maria Augusta da Cruz",
        "nacao": "Angola",
        "ano_fundacao": "1980",
        "regente": "Oxumaré",
        "bairro": "Boa Vista do Lobato",
        "endereco": "Rua Alto do Barrilete, 13",
        "cep": "40397-170",
        "telefone": "Não tem",
        "foto_thumb": "http://www.terreiros.ceao.ufba.br/_FT/pq/470.jpg",
        "foto_grande": "http://www.terreiros.ceao.ufba.br/_FT/gd/470.jpg"
      }
    },
    {
      "type": "Feature",
      "geometry": {
        "type": "Point",
        "coordinates": [
          -38.4815770962902,
          -12.925079639811
        ]
      },
      "properties": {
        "id": "472",
        "nome": "Luã Dewá",
        "lideranca": "Antonio Carlos Santos de Menezes",
        "nacao": "Keto",
        "ano_fundacao": "1971",
        "regente": "Oxum",
        "bairro": "Lobato",
        "endereco": "Rua Monte Formoso",
        "cep": "40470-088",
        "telefone": "3239-7053",
        "foto_thumb": "http://www.terreiros.ceao.ufba.br/_FT/pq/472.jpg",
        "foto_grande": "http://www.terreiros.ceao.ufba.br/_FT/gd/472.jpg"
      }
    },
    {
      "type": "Feature",
      "geometry": {
        "type": "Point",
        "coordinates": [
          -38.4892101422814,
          -12.924153481249
        ]
      },
      "properties": {
        "id": "473",
        "nome": "Ilê Axé Odé Tomi",
        "lideranca": "José Carlos Conceição dos Santos",
        "nacao": "Keto",
        "ano_fundacao": "1989",
        "regente": "Oxóssi",
        "bairro": "Lobato",
        "endereco": "5ª Trav. João de Deus",
        "cep": "40470-326",
        "telefone": "3215-1092",
        "foto_thumb": "http://www.terreiros.ceao.ufba.br/_FT/pq/473.jpg",
        "foto_grande": "http://www.terreiros.ceao.ufba.br/_FT/gd/473.jpg"
      }
    },
    {
      "type": "Feature",
      "geometry": {
        "type": "Point",
        "coordinates": [
          -38.4886760126589,
          -12.9260860500722
        ]
      },
      "properties": {
        "id": "474",
        "nome": "Ilê Axé Jiorônan",
        "lideranca": "Rosevaldo Menezes dos Santos",
        "nacao": "Keto",
        "ano_fundacao": "1991",
        "regente": "Obaluaê e Iansã",
        "bairro": "Lobato",
        "cep": "40470-380",
        "telefone": "9146-5704",
        "foto_thumb": "http://www.terreiros.ceao.ufba.br/_FT/pq/474.jpg",
        "foto_grande": "http://www.terreiros.ceao.ufba.br/_FT/gd/474.jpg"
      }
    },
    {
      "type": "Feature",
      "geometry": {
        "type": "Point",
        "coordinates": [
          -38.4878723009104,
          -12.9263557971108
        ]
      },
      "properties": {
        "id": "475",
        "nome": "Unzó Oyá Matamba",
        "lideranca": "Gleide Freire Nascimento (Kaloiá)",
        "nacao": "Angola",
        "ano_fundacao": "2001",
        "regente": "Iansã",
        "bairro": "Lobato",
        "endereco": "Rua Camanducaia, Conj. Joanes, Centro Oeste",
        "cep": "40470-380",
        "telefone": "3215-1044",
        "foto_thumb": "http://www.terreiros.ceao.ufba.br/_FT/pq/475.jpg",
        "foto_grande": "http://www.terreiros.ceao.ufba.br/_FT/gd/475.jpg"
      }
    },
    {
      "type": "Feature",
      "geometry": {
        "type": "Point",
        "coordinates": [
          -38.4909750700549,
          -12.9221749562749
        ]
      },
      "properties": {
        "id": "476",
        "nome": "Ilê Axé Jiaunsi",
        "lideranca": "Maria das Graças Costa Silva",
        "nacao": "Keto",
        "ano_fundacao": "1981",
        "regente": "Obaluaê",
        "bairro": "Lobato",
        "cep": "40470-630",
        "telefone": "não tem",
        "foto_thumb": "http://www.terreiros.ceao.ufba.br/_FT/pq/476.jpg",
        "foto_grande": "http://www.terreiros.ceao.ufba.br/_FT/gd/476.jpg"
      }
    },
    {
      "type": "Feature",
      "geometry": {
        "type": "Point",
        "coordinates": [
          -38.4855432931323,
          -12.9035807567219
        ]
      },
      "properties": {
        "id": "477",
        "nome": "Terreiro de Santa Cárbara Neta de Jubiabá",
        "lideranca": "Evandite Sales dos Santos",
        "nacao": "Keto",
        "ano_fundacao": "2000",
        "regente": "Iansã e Oxum",
        "bairro": "Lobato",
        "endereco": "Rua Voluntários da Pátria, 611, fundo",
        "cep": "40470-000",
        "telefone": "3211-4819",
        "foto_thumb": "http://www.terreiros.ceao.ufba.br/_FT/pq/477.jpg",
        "foto_grande": "http://www.terreiros.ceao.ufba.br/_FT/gd/477.jpg"
      }
    },
    {
      "type": "Feature",
      "geometry": {
        "type": "Point",
        "coordinates": [
          -38.4853306560394,
          -12.9295524698135
        ]
      },
      "properties": {
        "id": "478",
        "nome": "Ilê Axé Kafun Jessi",
        "lideranca": "Marivaldo Mendes Pinto",
        "nacao": "Keto",
        "ano_fundacao": "1985",
        "regente": "Obaluaê",
        "bairro": "Lobato",
        "endereco": "Rua Senhor do Bonfim, Trav. Elisângela, 48",
        "cep": "40470-170",
        "telefone": "8113-0816",
        "foto_thumb": "http://www.terreiros.ceao.ufba.br/_FT/pq/478.jpg",
        "foto_grande": "http://www.terreiros.ceao.ufba.br/_FT/gd/478.jpg"
      }
    },
    {
      "type": "Feature",
      "geometry": {
        "type": "Point",
        "coordinates": [
          -38.4812615898398,
          -12.9182468074157
        ]
      },
      "properties": {
        "id": "479",
        "nome": "Ylê Axé Omin Alafin",
        "lideranca": "América Neves Duarte",
        "nacao": "Keto",
        "ano_fundacao": "1977",
        "regente": "Oxum Apará",
        "bairro": "Ribeira",
        "endereco": "2ª Trav. Domingos Rabelo, 686",
        "cep": "40421-700",
        "telefone": "3316-2923",
        "foto_thumb": "http://www.terreiros.ceao.ufba.br/_FT/pq/479.jpg",
        "foto_grande": "http://www.terreiros.ceao.ufba.br/_FT/gd/479.jpg"
      }
    },
    {
      "type": "Feature",
      "geometry": {
        "type": "Point",
        "coordinates": [
          -38.4989545518807,
          -12.9204872817417
        ]
      },
      "properties": {
        "id": "480",
        "nome": "Ilê Axé Kaundê",
        "lideranca": "Decival Pinho Barbosa",
        "nacao": "Keto",
        "ano_fundacao": "2000",
        "regente": "Xangô e Ogum",
        "bairro": "Massaranduba",
        "endereco": "Rua Dom Sebastião de Leme, 53A",
        "cep": "40436-220",
        "telefone": "8714-1401",
        "foto_thumb": "http://www.terreiros.ceao.ufba.br/_FT/pq/480.jpg",
        "foto_grande": "http://www.terreiros.ceao.ufba.br/_FT/gd/480.jpg"
      }
    },
    {
      "type": "Feature",
      "geometry": {
        "type": "Point",
        "coordinates": [
          -38.4937370622561,
          -12.9266489554243
        ]
      },
      "properties": {
        "id": "481",
        "nome": "Não informado",
        "lideranca": "Valnei Souza da Mata",
        "nacao": "Keto",
        "ano_fundacao": "2003",
        "regente": "Oxalá",
        "bairro": "Massaranduba",
        "endereco": "Rua Major Marivaldo Tapioca, 162",
        "cep": "40435-385",
        "telefone": "3314-5397",
        "foto_thumb": "http://www.terreiros.ceao.ufba.br/_FT/pq/481.jpg",
        "foto_grande": "http://www.terreiros.ceao.ufba.br/_FT/gd/481.jpg"
      }
    },
    {
      "type": "Feature",
      "geometry": {
        "type": "Point",
        "coordinates": [
          -38.4981830005778,
          -12.9222834828473
        ]
      },
      "properties": {
        "id": "482",
        "nome": "Ylê Axé Tomin Efã",
        "lideranca": "Isidro Belarmino da Silva Assunção",
        "nacao": "Keto",
        "ano_fundacao": "1980",
        "regente": "Oxum",
        "bairro": "Ribeira",
        "endereco": "Rua Pereira Rebouças, 35",
        "cep": "40365-755",
        "telefone": "9108-2680",
        "foto_thumb": "http://www.terreiros.ceao.ufba.br/_FT/pq/482.jpg",
        "foto_grande": "http://www.terreiros.ceao.ufba.br/_FT/gd/482.jpg"
      }
    },
    {
      "type": "Feature",
      "geometry": {
        "type": "Point",
        "coordinates": [
          -38.4941558497756,
          -12.9147546800575
        ]
      },
      "properties": {
        "id": "484",
        "nome": "Mikero",
        "lideranca": "Marinalva de Jesus Lima França",
        "nacao": "Keto",
        "ano_fundacao": "1999",
        "regente": "Iemanjá",
        "bairro": "Amaralina",
        "endereco": "Rua Ademário Pinheiro, 2",
        "telefone": "3346-3019",
        "foto_thumb": "http://www.terreiros.ceao.ufba.br/_FT/pq/484.jpg",
        "foto_grande": "http://www.terreiros.ceao.ufba.br/_FT/gd/484.jpg"
      }
    },
    {
      "type": "Feature",
      "geometry": {
        "type": "Point",
        "coordinates": [
          -38.4732375388765,
          -13.0120022412322
        ]
      },
      "properties": {
        "id": "485",
        "nome": "Ogun de Ronda Rei dos Astros",
        "lideranca": "Mariana dos Santos",
        "nacao": "Umbanda",
        "ano_fundacao": "1956",
        "regente": "Ogum de Ronda",
        "bairro": "Amaralina",
        "endereco": "Rua Balneário, 38",
        "cep": "41900-050",
        "telefone": "3348-7535",
        "foto_thumb": "http://www.terreiros.ceao.ufba.br/_FT/pq/485.jpg",
        "foto_grande": "http://www.terreiros.ceao.ufba.br/_FT/gd/485.jpg"
      }
    },
    {
      "type": "Feature",
      "geometry": {
        "type": "Point",
        "coordinates": [
          -38.4711509052538,
          -13.0102242563191
        ]
      },
      "properties": {
        "id": "486",
        "nome": "Baquissi Quicongo Cafunge",
        "lideranca": "Crispiniana dos Santos Silva",
        "nacao": "Angola",
        "ano_fundacao": "1979",
        "regente": "Obaluaê",
        "bairro": "Curuzu",
        "endereco": "2ª Trav. do Progresso, 3",
        "cep": "40366-035",
        "telefone": "Não tem",
        "foto_thumb": "http://www.terreiros.ceao.ufba.br/_FT/pq/486.jpg",
        "foto_grande": "http://www.terreiros.ceao.ufba.br/_FT/gd/486.jpg"
      }
    },
    {
      "type": "Feature",
      "geometry": {
        "type": "Point",
        "coordinates": [
          -38.4857132125164,
          -12.9451143112933
        ]
      },
      "properties": {
        "id": "487",
        "nome": "Ora Axé Ogun",
        "lideranca": "Isabel de Jesus",
        "nacao": "Keto",
        "ano_fundacao": "2000",
        "regente": "Oxalá",
        "bairro": "Federação",
        "endereco": "Rua Miguel Lemos, 47",
        "cep": "40105-970",
        "telefone": "3235-8754/ 8806-9061",
        "foto_thumb": "http://www.terreiros.ceao.ufba.br/_FT/pq/487.jpg",
        "foto_grande": "http://www.terreiros.ceao.ufba.br/_FT/gd/487.jpg"
      }
    },
    {
      "type": "Feature",
      "geometry": {
        "type": "Point",
        "coordinates": [
          -38.5131209046443,
          -12.9956943563717
        ]
      },
      "properties": {
        "id": "488",
        "nome": "Centro Xangô",
        "lideranca": "Valdilson Dias Santos",
        "nacao": "Espírita linha branca",
        "ano_fundacao": "1991",
        "regente": "Xangô",
        "bairro": "Santa Cruz",
        "endereco": "Rua Brasil, 232",
        "cep": "41927-090",
        "telefone": "3240-1913",
        "foto_thumb": "http://www.terreiros.ceao.ufba.br/_FT/pq/488.jpg",
        "foto_grande": "http://www.terreiros.ceao.ufba.br/_FT/gd/488.jpg"
      }
    },
    {
      "type": "Feature",
      "geometry": {
        "type": "Point",
        "coordinates": [
          -38.4761911085151,
          -13.0060135320853
        ]
      },
      "properties": {
        "id": "489",
        "nome": "Ilê Axé Omolu Auê",
        "lideranca": "Ivete Monteiro dos Santos",
        "nacao": "Keto",
        "ano_fundacao": "1991",
        "regente": "Obaluaê",
        "bairro": "Amaralina",
        "endereco": "Rua Rilza, 30",
        "cep": "41900-350",
        "telefone": "3345-0131"
      }
    },
    {
      "type": "Feature",
      "geometry": {
        "type": "Point",
        "coordinates": [
          -38.4697799257179,
          -13.010104850136
        ]
      },
      "properties": {
        "id": "490",
        "nome": "Centro de Ogum",
        "lideranca": "Nildes Santos",
        "nacao": "Não informado",
        "ano_fundacao": "1996",
        "regente": "Ogum de Ronda",
        "bairro": "Vale das Pedrinhas",
        "endereco": "Rua Senhor dos Passos, 155E",
        "cep": "41927-120",
        "telefone": "3248- 7312",
        "foto_thumb": "http://www.terreiros.ceao.ufba.br/_FT/pq/490.jpg",
        "foto_grande": "http://www.terreiros.ceao.ufba.br/_FT/gd/490.jpg"
      }
    },
    {
      "type": "Feature",
      "geometry": {
        "type": "Point",
        "coordinates": [
          -38.4764634065397,
          -13.0066807394767
        ]
      },
      "properties": {
        "id": "491",
        "nome": "Terreiro Dacocidê",
        "lideranca": "Crispim Francisco Ribeiro",
        "nacao": "Keto",
        "ano_fundacao": "1985",
        "regente": "Iemanjá",
        "bairro": "Cosme de Farias",
        "endereco": "Rua Heitor Dias, 295",
        "cep": "40253-090",
        "telefone": "3383-7793",
        "foto_thumb": "http://www.terreiros.ceao.ufba.br/_FT/pq/491.jpg",
        "foto_grande": "http://www.terreiros.ceao.ufba.br/_FT/gd/491.jpg"
      }
    },
    {
      "type": "Feature",
      "geometry": {
        "type": "Point",
        "coordinates": [
          -38.4854200959805,
          -12.979163541261
        ]
      },
      "properties": {
        "id": "492",
        "nome": "Orissum Nan Jkwê",
        "lideranca": "Maria Raymunda do Livramento",
        "nacao": "Keto",
        "ano_fundacao": "1989",
        "regente": "Oxumaré",
        "bairro": "Fazenda Grande do Retiro",
        "cep": "40350-180",
        "telefone": "3312-4395",
        "foto_thumb": "http://www.terreiros.ceao.ufba.br/_FT/pq/492.jpg",
        "foto_grande": "http://www.terreiros.ceao.ufba.br/_FT/gd/492.jpg"
      }
    },
    {
      "type": "Feature",
      "geometry": {
        "type": "Point",
        "coordinates": [
          -38.4768656730069,
          -12.9432412648647
        ]
      },
      "properties": {
        "id": "494",
        "nome": "Terreiro de Ogum Reis de Catimborê",
        "lideranca": "Maria Ribeiro dos Santos",
        "nacao": "Keto",
        "ano_fundacao": "1974",
        "regente": "Ogum",
        "bairro": "Fazenda Grande do Retiro",
        "endereco": "Rua Dr. Pedro Araújo , 142",
        "cep": "40357-030",
        "telefone": "3304-5516",
        "foto_thumb": "http://www.terreiros.ceao.ufba.br/_FT/pq/494.jpg",
        "foto_grande": "http://www.terreiros.ceao.ufba.br/_FT/gd/494.jpg"
      }
    },
    {
      "type": "Feature",
      "geometry": {
        "type": "Point",
        "coordinates": [
          -38.4800587163181,
          -12.9425565356088
        ]
      },
      "properties": {
        "id": "495",
        "nome": "Terreiro de Oxóssi",
        "lideranca": "Maria de Lourdes Laranjeira da Silva",
        "nacao": "Angola",
        "ano_fundacao": "1954",
        "regente": "Oxóssi Mutalombó Brunugunzu de Mutaleci",
        "bairro": "Fazenda Grande do Retiro",
        "endereco": "Rua Melo Moraes Filho, 410 B",
        "cep": "40352-005",
        "telefone": "3259-3841",
        "foto_thumb": "http://www.terreiros.ceao.ufba.br/_FT/pq/495.jpg",
        "foto_grande": "http://www.terreiros.ceao.ufba.br/_FT/gd/495.jpg"
      }
    },
    {
      "type": "Feature",
      "geometry": {
        "type": "Point",
        "coordinates": [
          -38.4802997784425,
          -12.9387929021245
        ]
      },
      "properties": {
        "id": "496",
        "nome": "Terreiro Filho Manso Cocuazenza",
        "lideranca": "Antonieta Estelita Francisco",
        "nacao": "Angola",
        "ano_fundacao": "1966",
        "regente": "Iansã",
        "bairro": "San Martin",
        "endereco": "Rua Boa Esperança, 38, Tanque do Meio",
        "cep": "40349-325",
        "telefone": "3214-7395",
        "foto_thumb": "http://www.terreiros.ceao.ufba.br/_FT/pq/496.jpg",
        "foto_grande": "http://www.terreiros.ceao.ufba.br/_FT/gd/496.jpg"
      }
    },
    {
      "type": "Feature",
      "geometry": {
        "type": "Point",
        "coordinates": [
          -38.4845260069285,
          -12.9404749763276
        ]
      },
      "properties": {
        "id": "497",
        "nome": "Terreiro Kaiala Bisneta Dagoméia",
        "lideranca": "Regina Lima Câmara",
        "nacao": "Angola",
        "ano_fundacao": "1998",
        "regente": "Iemanjá",
        "bairro": "Fazenda Grande do Retiro",
        "endereco": "Rua Melo Morais Filho, 14, fundo",
        "cep": "40350-000",
        "telefone": "8896-5730",
        "foto_thumb": "http://www.terreiros.ceao.ufba.br/_FT/pq/497.jpg",
        "foto_grande": "http://www.terreiros.ceao.ufba.br/_FT/gd/497.jpg"
      }
    },
    {
      "type": "Feature",
      "geometry": {
        "type": "Point",
        "coordinates": [
          -38.4760994102445,
          -12.9499741879906
        ]
      },
      "properties": {
        "id": "498",
        "nome": "Terreiro Mocô Imbira",
        "lideranca": "Antônia Alves dos Santos",
        "nacao": "Angola",
        "ano_fundacao": "1964",
        "regente": "Ogum",
        "bairro": "Fazenda Grande do Retiro",
        "endereco": "Rua Direta das Pitangueiras, 73",
        "cep": "40353-150",
        "telefone": "3303-3097",
        "foto_thumb": "http://www.terreiros.ceao.ufba.br/_FT/pq/498.jpg",
        "foto_grande": "http://www.terreiros.ceao.ufba.br/_FT/gd/498.jpg"
      }
    },
    {
      "type": "Feature",
      "geometry": {
        "type": "Point",
        "coordinates": [
          -38.4738391253639,
          -12.9412911786713
        ]
      },
      "properties": {
        "id": "499",
        "nome": "Terreiro Kaiango Filha do Atombenci",
        "lideranca": "Marlene Farias Monte Nero",
        "nacao": "Angola",
        "ano_fundacao": "1992",
        "regente": "Iansã",
        "bairro": "Fazenda Grande do Retiro",
        "endereco": "Rua Melo Morais Filho, 28",
        "cep": "40350-000",
        "telefone": "3382-7618",
        "foto_thumb": "http://www.terreiros.ceao.ufba.br/_FT/pq/499.jpg",
        "foto_grande": "http://www.terreiros.ceao.ufba.br/_FT/gd/499.jpg"
      }
    },
    {
      "type": "Feature",
      "geometry": {
        "type": "Point",
        "coordinates": [
          -38.4759129104246,
          -12.949690554287
        ]
      },
      "properties": {
        "id": "500",
        "nome": "Terreiro Yemanjá Ogum Té",
        "lideranca": "Adamilton da Apresentação",
        "nacao": "Angola",
        "ano_fundacao": "1936",
        "regente": "Iemanjá",
        "bairro": "Fazenda Grande do Retiro",
        "endereco": "Rua Pacheco de Oliveira, 92",
        "cep": "40354-256",
        "telefone": "3304-1844",
        "foto_thumb": "http://www.terreiros.ceao.ufba.br/_FT/pq/500.jpg",
        "foto_grande": "http://www.terreiros.ceao.ufba.br/_FT/gd/500.jpg"
      }
    },
    {
      "type": "Feature",
      "geometry": {
        "type": "Point",
        "coordinates": [
          -38.4825283263062,
          -12.9389402259603
        ]
      },
      "properties": {
        "id": "503",
        "nome": "Ogum de Ronda",
        "lideranca": "Eudelia Lima de Oliveira",
        "nacao": "Angola",
        "ano_fundacao": "1990",
        "regente": "Ogum",
        "bairro": "Pero Vaz",
        "endereco": "Rua da Mangueira, 13",
        "cep": "40335-755",
        "telefone": "3256-9968",
        "foto_thumb": "http://www.terreiros.ceao.ufba.br/_FT/pq/503.jpg",
        "foto_grande": "http://www.terreiros.ceao.ufba.br/_FT/gd/503.jpg"
      }
    },
    {
      "type": "Feature",
      "geometry": {
        "type": "Point",
        "coordinates": [
          -38.4865166220499,
          -12.9525491322449
        ]
      },
      "properties": {
        "id": "505",
        "nome": "Terreiro Tumba Sé",
        "lideranca": "Carmelita Luciano Pinto",
        "nacao": "Angola Keto",
        "ano_fundacao": "1946",
        "regente": "Zazi",
        "bairro": "Pero Vaz",
        "endereco": "2aTrav. Meirelles, 26",
        "cep": "40335-450",
        "telefone": "3288-1615",
        "foto_thumb": "http://www.terreiros.ceao.ufba.br/_FT/pq/505.jpg",
        "foto_grande": "http://www.terreiros.ceao.ufba.br/_FT/gd/505.jpg"
      }
    },
    {
      "type": "Feature",
      "geometry": {
        "type": "Point",
        "coordinates": [
          -38.4919416958225,
          -12.9522276313523
        ]
      },
      "properties": {
        "id": "506",
        "nome": "Omim Lená",
        "lideranca": "Antônia dos Santos Aguiar",
        "nacao": "Keto",
        "ano_fundacao": "1995",
        "regente": "Oxum",
        "bairro": "Pero Vaz",
        "cep": "40335-530",
        "telefone": "3256-7899",
        "foto_thumb": "http://www.terreiros.ceao.ufba.br/_FT/pq/506.jpg",
        "foto_grande": "http://www.terreiros.ceao.ufba.br/_FT/gd/506.jpg"
      }
    },
    {
      "type": "Feature",
      "geometry": {
        "type": "Point",
        "coordinates": [
          -38.4917699932598,
          -12.9524387010494
        ]
      },
      "properties": {
        "id": "507",
        "nome": "Ilê Axé Estrela Guia",
        "lideranca": "Cebastiana Maria Pereira dos Santos",
        "nacao": "Angola",
        "ano_fundacao": "1983",
        "regente": "não informado",
        "bairro": "Liberdade",
        "endereco": "2ª Trav. Tenente Mario Alves, 156E",
        "cep": "40366-060",
        "telefone": "3388-2020",
        "foto_thumb": "http://www.terreiros.ceao.ufba.br/_FT/pq/507.jpg",
        "foto_grande": "http://www.terreiros.ceao.ufba.br/_FT/gd/507.jpg"
      }
    },
    {
      "type": "Feature",
      "geometry": {
        "type": "Point",
        "coordinates": [
          -38.4894369569589,
          -12.9487084391287
        ]
      },
      "properties": {
        "id": "508",
        "nome": "Centro de Caboclo Boiadeiro",
        "lideranca": "Valdete Silva Ramos",
        "nacao": "Angola",
        "ano_fundacao": "1977",
        "regente": "Oxum",
        "bairro": "Santa Mônica",
        "endereco": "Rua Mario Kertesz, 10",
        "cep": "40335-025",
        "telefone": "3256-7099",
        "foto_thumb": "http://www.terreiros.ceao.ufba.br/_FT/pq/508.jpg",
        "foto_grande": "http://www.terreiros.ceao.ufba.br/_FT/gd/508.jpg"
      }
    },
    {
      "type": "Feature",
      "geometry": {
        "type": "Point",
        "coordinates": [
          -38.4880414360772,
          -12.9487330229432
        ]
      },
      "properties": {
        "id": "509",
        "nome": "Centro de Caboclo Ogum de Ronda",
        "lideranca": "Waldiria Ferreira de Jesus",
        "nacao": "Angola",
        "ano_fundacao": "1976",
        "regente": "Ogum de Ronda",
        "bairro": "Liberdade",
        "endereco": "Rua Cristóvão, 150, fundo",
        "cep": "40368-035",
        "telefone": "3383-3127",
        "foto_thumb": "http://www.terreiros.ceao.ufba.br/_FT/pq/509.jpg",
        "foto_grande": "http://www.terreiros.ceao.ufba.br/_FT/gd/509.jpg"
      }
    },
    {
      "type": "Feature",
      "geometry": {
        "type": "Point",
        "coordinates": [
          -38.4879769594083,
          -12.9420891415207
        ]
      },
      "properties": {
        "id": "510",
        "nome": "Terreiro do Caboclo Catimboia",
        "lideranca": "Janete Reis do Nascimento",
        "nacao": "Angola",
        "ano_fundacao": "2000",
        "regente": "Oxóssi e Iansã",
        "bairro": "Plataforma",
        "cep": "40717-190",
        "telefone": "3241-6683/ 3242-1810",
        "foto_thumb": "http://www.terreiros.ceao.ufba.br/_FT/pq/510.jpg",
        "foto_grande": "http://www.terreiros.ceao.ufba.br/_FT/gd/510.jpg"
      }
    },
    {
      "type": "Feature",
      "geometry": {
        "type": "Point",
        "coordinates": [
          -38.4738027194746,
          -12.8996494633146
        ]
      },
      "properties": {
        "id": "511",
        "nome": "Ylê Arco Verde",
        "lideranca": "Crênis Alves de Oliveira",
        "nacao": "Angola",
        "ano_fundacao": "1974",
        "regente": "Oxóssi",
        "bairro": "Paripe",
        "endereco": "Rua Vista para o Mar, 131",
        "cep": "40810-570",
        "telefone": "não informado",
        "foto_thumb": "http://www.terreiros.ceao.ufba.br/_FT/pq/511.jpg",
        "foto_grande": "http://www.terreiros.ceao.ufba.br/_FT/gd/511.jpg"
      }
    },
    {
      "type": "Feature",
      "geometry": {
        "type": "Point",
        "coordinates": [
          -38.4742250195,
          -12.8270878897
        ]
      },
      "properties": {
        "id": "512",
        "nome": "Ilê Axé Omi Arinma Sun",
        "lideranca": "Gonçalo Rodrigues de Oliveira (Bel de Oxum)",
        "nacao": "Keto",
        "ano_fundacao": "1974",
        "regente": "Oxóssi",
        "bairro": "Paripe",
        "cep": "40810-570",
        "telefone": "3521-0992",
        "foto_thumb": "http://www.terreiros.ceao.ufba.br/_FT/pq/512.jpg",
        "foto_grande": "http://www.terreiros.ceao.ufba.br/_FT/gd/512.jpg"
      }
    },
    {
      "type": "Feature",
      "geometry": {
        "type": "Point",
        "coordinates": [
          -38.4742666002361,
          -12.8275232248543
        ]
      },
      "properties": {
        "id": "513",
        "nome": "Ilê Axé Tomboalê",
        "lideranca": "Edmilson Jorge dos Santos",
        "nacao": "Keto",
        "ano_fundacao": "1994",
        "regente": "Logunedé",
        "bairro": "Paripe",
        "endereco": "Rua Aratu, 133",
        "cep": "40810-430",
        "telefone": "3408-4122",
        "foto_thumb": "http://www.terreiros.ceao.ufba.br/_FT/pq/513.jpg",
        "foto_grande": "http://www.terreiros.ceao.ufba.br/_FT/gd/513.jpg"
      }
    },
    {
      "type": "Feature",
      "geometry": {
        "type": "Point",
        "coordinates": [
          -38.4723784200355,
          -12.8310394893621
        ]
      },
      "properties": {
        "id": "514",
        "nome": "Ilê Axé Oxum Deuim",
        "lideranca": "Eloísa Conceição da Silva Oliveira",
        "nacao": "Keto",
        "ano_fundacao": "1994",
        "regente": "Oxum",
        "bairro": "Paripe",
        "endereco": "Rua Aratu , 147",
        "cep": "40810-430",
        "telefone": "3397-3038",
        "foto_thumb": "http://www.terreiros.ceao.ufba.br/_FT/pq/514.jpg",
        "foto_grande": "http://www.terreiros.ceao.ufba.br/_FT/gd/514.jpg"
      }
    },
    {
      "type": "Feature",
      "geometry": {
        "type": "Point",
        "coordinates": [
          -38.4718546394861,
          -12.8315624507666
        ]
      },
      "properties": {
        "id": "515",
        "nome": "Ilê Oxossi",
        "lideranca": "Alexandrina Maria Bispo dos Santos",
        "nacao": "Keto",
        "ano_fundacao": "1976",
        "regente": "Oxóssi",
        "bairro": "Paripe",
        "endereco": "Rua Potiguar, 57 E",
        "cep": "40810-450",
        "telefone": "3307-5020",
        "foto_thumb": "http://www.terreiros.ceao.ufba.br/_FT/pq/515.jpg",
        "foto_grande": "http://www.terreiros.ceao.ufba.br/_FT/gd/515.jpg"
      }
    },
    {
      "type": "Feature",
      "geometry": {
        "type": "Point",
        "coordinates": [
          -38.473220948648,
          -12.8280509456724
        ]
      },
      "properties": {
        "id": "516",
        "nome": "Ilê Axé Muricidá",
        "lideranca": "Gessé Lima dos Santos",
        "nacao": "Keto",
        "ano_fundacao": "1970",
        "regente": "Oxóssi",
        "bairro": "Paripe",
        "endereco": "Rua Paraguai, 485",
        "cep": "40820-090",
        "telefone": "8858-4708",
        "foto_thumb": "http://www.terreiros.ceao.ufba.br/_FT/pq/516.jpg",
        "foto_grande": "http://www.terreiros.ceao.ufba.br/_FT/gd/516.jpg"
      }
    },
    {
      "type": "Feature",
      "geometry": {
        "type": "Point",
        "coordinates": [
          -38.4702588527268,
          -12.8346507926281
        ]
      },
      "properties": {
        "id": "517",
        "nome": "Não informado",
        "lideranca": "Jorge Augusto dos Santos",
        "nacao": "Angola",
        "ano_fundacao": "2000",
        "regente": "Obaluaê",
        "bairro": "Paripe",
        "endereco": "Rua Venezuela, 28",
        "cep": "40820-070",
        "telefone": "3397-2213",
        "foto_thumb": "http://www.terreiros.ceao.ufba.br/_FT/pq/517.jpg",
        "foto_grande": "http://www.terreiros.ceao.ufba.br/_FT/gd/517.jpg"
      }
    },
    {
      "type": "Feature",
      "geometry": {
        "type": "Point",
        "coordinates": [
          -38.4691862140897,
          -12.8359061294688
        ]
      },
      "properties": {
        "id": "518",
        "nome": "Ilê Axé Omi Lena",
        "lideranca": "Maria Neves Xavier",
        "nacao": "Keto",
        "ano_fundacao": "1966",
        "regente": "Oxum",
        "bairro": "Paripe",
        "endereco": "Rua Iriguaçú, 90",
        "cep": "40820-110",
        "telefone": "3307-7614",
        "foto_thumb": "http://www.terreiros.ceao.ufba.br/_FT/pq/518.jpg",
        "foto_grande": "http://www.terreiros.ceao.ufba.br/_FT/gd/518.jpg"
      }
    },
    {
      "type": "Feature",
      "geometry": {
        "type": "Point",
        "coordinates": [
          -38.4730067912399,
          -12.8316538445482
        ]
      },
      "properties": {
        "id": "520",
        "nome": "Ilê Axé Odetolá",
        "lideranca": "José Cordeiro Filho",
        "nacao": "Keto",
        "ano_fundacao": "1981",
        "regente": "Logunedé",
        "bairro": "Paripe",
        "endereco": "Rua Montes Claros, 56",
        "cep": "40810-620",
        "telefone": "3521-3400",
        "foto_thumb": "http://www.terreiros.ceao.ufba.br/_FT/pq/520.jpg",
        "foto_grande": "http://www.terreiros.ceao.ufba.br/_FT/gd/520.jpg"
      }
    },
    {
      "type": "Feature",
      "geometry": {
        "type": "Point",
        "coordinates": [
          -38.4742732994971,
          -12.8311899612743
        ]
      },
      "properties": {
        "id": "521",
        "nome": "Ilê Axé Odé Silé Águas de Efam",
        "lideranca": "Valdomiro Santos Gonçalves",
        "nacao": "Keto",
        "ano_fundacao": "2005",
        "regente": "Oxossi",
        "bairro": "Águas Claras",
        "endereco": "Rua da Caixa dÁgua, s/n",
        "cep": "41310-355",
        "telefone": "8886-6558",
        "foto_thumb": "http://www.terreiros.ceao.ufba.br/_FT/pq/521.jpg",
        "foto_grande": "http://www.terreiros.ceao.ufba.br/_FT/gd/521.jpg"
      }
    },
    {
      "type": "Feature",
      "geometry": {
        "type": "Point",
        "coordinates": [
          -38.4243537576989,
          -12.8818815981494
        ]
      },
      "properties": {
        "id": "522",
        "nome": "Ilê Axé Opô Agodô",
        "lideranca": "Vanda Oliveria Passos",
        "nacao": "Keto",
        "ano_fundacao": "1974",
        "regente": "Xangô",
        "bairro": "Valéria",
        "endereco": "Rua Boca da Mata, 125",
        "cep": "41300-460",
        "telefone": "Não tem",
        "foto_thumb": "http://www.terreiros.ceao.ufba.br/_FT/pq/522.jpg",
        "foto_grande": "http://www.terreiros.ceao.ufba.br/_FT/gd/522.jpg"
      }
    },
    {
      "type": "Feature",
      "geometry": {
        "type": "Point",
        "coordinates": [
          -38.4359623718873,
          -12.8629327440171
        ]
      },
      "properties": {
        "id": "523",
        "nome": "Ilê Axé Oyá Sibalê",
        "lideranca": "Maria Crispina",
        "nacao": "Keto",
        "ano_fundacao": "1986",
        "regente": "Iansã",
        "bairro": "Valéria",
        "endereco": "Rua da Matriz, 78-E",
        "cep": "41300-600",
        "telefone": "3301-1519",
        "foto_thumb": "http://www.terreiros.ceao.ufba.br/_FT/pq/523.jpg",
        "foto_grande": "http://www.terreiros.ceao.ufba.br/_FT/gd/523.jpg"
      }
    },
    {
      "type": "Feature",
      "geometry": {
        "type": "Point",
        "coordinates": [
          -38.4248115475087,
          -12.8664900825349
        ]
      },
      "properties": {
        "id": "524",
        "nome": "Ilê De Ogunjá",
        "lideranca": "Pedro Ribeiro Xanches Filho",
        "nacao": "Keto",
        "ano_fundacao": "1986",
        "regente": "Ogunjá",
        "bairro": "Valéria",
        "endereco": "Rua Nova Brasilia, 780",
        "cep": "41300-480",
        "telefone": "3301-2306",
        "foto_thumb": "http://www.terreiros.ceao.ufba.br/_FT/pq/524.jpg",
        "foto_grande": "http://www.terreiros.ceao.ufba.br/_FT/gd/524.jpg"
      }
    },
    {
      "type": "Feature",
      "geometry": {
        "type": "Point",
        "coordinates": [
          -38.4379820513366,
          -12.8578817808727
        ]
      },
      "properties": {
        "id": "525",
        "nome": "Ilê Gêge Dahomé",
        "lideranca": "Joberval José dos Santos",
        "nacao": "Jêje Keto",
        "ano_fundacao": "1926",
        "regente": "Xangô",
        "bairro": "Valéria",
        "endereco": "Rua da Matriz , 27",
        "cep": "41300-600",
        "telefone": "3301-9234",
        "foto_thumb": "http://www.terreiros.ceao.ufba.br/_FT/pq/525.jpg",
        "foto_grande": "http://www.terreiros.ceao.ufba.br/_FT/gd/525.jpg"
      }
    },
    {
      "type": "Feature",
      "geometry": {
        "type": "Point",
        "coordinates": [
          -38.426778866199,
          -12.8648007810191
        ]
      },
      "properties": {
        "id": "526",
        "nome": "Terreiro de Boiadeiro",
        "lideranca": "Maria Edvan Ferreira",
        "nacao": "Angola",
        "ano_fundacao": "1995",
        "regente": "não informado",
        "bairro": "Valéria",
        "endereco": "1ª Trav. Boca da Mata, 15",
        "cep": "41301-510",
        "telefone": "3301-2134",
        "foto_thumb": "http://www.terreiros.ceao.ufba.br/_FT/pq/526.jpg",
        "foto_grande": "http://www.terreiros.ceao.ufba.br/_FT/gd/526.jpg"
      }
    },
    {
      "type": "Feature",
      "geometry": {
        "type": "Point",
        "coordinates": [
          -38.4330440451049,
          -12.8667979724749
        ]
      },
      "properties": {
        "id": "527",
        "nome": "Centro de Yemanjá",
        "lideranca": "Maria Duarte",
        "nacao": "Angola",
        "ano_fundacao": "1993",
        "regente": "Ogum",
        "bairro": "Águas Claras",
        "endereco": "Rua Eduardo Oliveira, 12",
        "telefone": "3305-0887",
        "foto_thumb": "http://www.terreiros.ceao.ufba.br/_FT/pq/527.jpg",
        "foto_grande": "http://www.terreiros.ceao.ufba.br/_FT/gd/527.jpg"
      }
    },
    {
      "type": "Feature",
      "geometry": {
        "type": "Point",
        "coordinates": [
          -38.4202051002554,
          -12.8815536177219
        ]
      },
      "properties": {
        "id": "528",
        "nome": "Ilê Axé Omim Alaxé",
        "lideranca": "Clarinda Correia dos Santos",
        "nacao": "Keto",
        "ano_fundacao": "1994",
        "regente": "Ogum",
        "bairro": "Águas Claras",
        "endereco": "Rua Albertina Santos, 34-E",
        "cep": "41311-326",
        "telefone": "3238-3056",
        "foto_thumb": "http://www.terreiros.ceao.ufba.br/_FT/pq/528.jpg",
        "foto_grande": "http://www.terreiros.ceao.ufba.br/_FT/gd/528.jpg"
      }
    },
    {
      "type": "Feature",
      "geometry": {
        "type": "Point",
        "coordinates": [
          -38.4300247821102,
          -12.8853723547444
        ]
      },
      "properties": {
        "id": "529",
        "nome": "Ilê Axé Ajá Omi",
        "lideranca": "Edvaldo Borges Mota",
        "nacao": "Keto",
        "ano_fundacao": "1989",
        "regente": "Oxalá",
        "bairro": "São Caetano",
        "endereco": "Rua Nestor Duarte, 141, Estrada Velha de  São Caetano",
        "cep": "40395-240",
        "telefone": "3259-2406",
        "foto_thumb": "http://www.terreiros.ceao.ufba.br/_FT/pq/529.jpg",
        "foto_grande": "http://www.terreiros.ceao.ufba.br/_FT/gd/529.jpg"
      }
    },
    {
      "type": "Feature",
      "geometry": {
        "type": "Point",
        "coordinates": [
          -38.4854575400438,
          -12.9350075624948
        ]
      },
      "properties": {
        "id": "530",
        "nome": "Vivia Deus Filho do Kalonga",
        "lideranca": "Bernadete Vita Barbosa",
        "nacao": "Angola",
        "ano_fundacao": "1990",
        "regente": "Oxum e Oxumaré",
        "bairro": "São Caetano",
        "cep": "40391-204",
        "telefone": "3304-1038",
        "foto_thumb": "http://www.terreiros.ceao.ufba.br/_FT/pq/530.jpg",
        "foto_grande": "http://www.terreiros.ceao.ufba.br/_FT/gd/530.jpg"
      }
    },
    {
      "type": "Feature",
      "geometry": {
        "type": "Point",
        "coordinates": [
          -38.4879291456677,
          -12.9351262474192
        ]
      },
      "properties": {
        "id": "531",
        "nome": "Centro do Cabolco Sete Flechas",
        "lideranca": "Vera Coutinho Viana",
        "nacao": "Keto Angola",
        "ano_fundacao": "2005",
        "regente": "Iansã Balé e Oxóssi",
        "bairro": "São Caetano",
        "endereco": "Rua Engº Austriquiano, 155-B",
        "cep": "40391-204",
        "telefone": "3304-7116",
        "foto_thumb": "http://www.terreiros.ceao.ufba.br/_FT/pq/531.jpg",
        "foto_grande": "http://www.terreiros.ceao.ufba.br/_FT/gd/531.jpg"
      }
    },
    {
      "type": "Feature",
      "geometry": {
        "type": "Point",
        "coordinates": [
          -38.4870985936332,
          -12.9343864454646
        ]
      },
      "properties": {
        "id": "532",
        "nome": "Terreiro Oyá de Balé",
        "lideranca": "Neide de Agemira Ferreira Melkiades",
        "nacao": "Keto",
        "ano_fundacao": "0",
        "regente": "Iansã Akoró Balé",
        "bairro": "São Caetano",
        "endereco": "Rua Nestor Duarte, 138 fundo",
        "cep": "41395-240",
        "telefone": "3403-6363",
        "foto_thumb": "http://www.terreiros.ceao.ufba.br/_FT/pq/532.jpg",
        "foto_grande": "http://www.terreiros.ceao.ufba.br/_FT/gd/532.jpg"
      }
    },
    {
      "type": "Feature",
      "geometry": {
        "type": "Point",
        "coordinates": [
          -38.4838512798423,
          -12.934188625558
        ]
      },
      "properties": {
        "id": "533",
        "nome": "Ilê Axé Oju Ominirê Anã",
        "lideranca": "Milton dos Santos Almeida",
        "nacao": "Keto",
        "ano_fundacao": "2002",
        "regente": "Ogum",
        "bairro": "São Caetano",
        "endereco": "Rua Nestor Duarte, 143, Estrada Velha",
        "cep": "40395-240",
        "telefone": "9911-4234",
        "foto_thumb": "http://www.terreiros.ceao.ufba.br/_FT/pq/533.jpg",
        "foto_grande": "http://www.terreiros.ceao.ufba.br/_FT/gd/533.jpg"
      }
    },
    {
      "type": "Feature",
      "geometry": {
        "type": "Point",
        "coordinates": [
          -38.4853642599096,
          -12.9350935619845
        ]
      },
      "properties": {
        "id": "534",
        "nome": "Terreiro de Obaluaiê",
        "lideranca": "Edvaldo Soares Bessa",
        "nacao": "Umbanda",
        "ano_fundacao": "2004",
        "regente": "Oxóssi",
        "bairro": "Boa Vista de São Caetano",
        "endereco": "Rua Primavera, 105",
        "cep": "40387-166",
        "telefone": "9197-2148",
        "foto_thumb": "http://www.terreiros.ceao.ufba.br/_FT/pq/534.jpg",
        "foto_grande": "http://www.terreiros.ceao.ufba.br/_FT/gd/534.jpg"
      }
    },
    {
      "type": "Feature",
      "geometry": {
        "type": "Point",
        "coordinates": [
          -38.4762835006597,
          -12.9239617375468
        ]
      },
      "properties": {
        "id": "536",
        "nome": "Ilê Axé Megê Okê Raiz de Omim Ambukê",
        "lideranca": "Sandra Maria dos Reis",
        "nacao": "Keto",
        "ano_fundacao": "1995",
        "regente": "Ogum",
        "bairro": "São Caetano",
        "endereco": "Rua Nova Brejal, 80",
        "cep": "40349-045",
        "telefone": "9188-1548",
        "foto_thumb": "http://www.terreiros.ceao.ufba.br/_FT/pq/536.jpg",
        "foto_grande": "http://www.terreiros.ceao.ufba.br/_FT/gd/536.jpg"
      }
    },
    {
      "type": "Feature",
      "geometry": {
        "type": "Point",
        "coordinates": [
          -38.4848743953569,
          -12.935475040234
        ]
      },
      "properties": {
        "id": "537",
        "nome": "Ilê Axé Olu Omim Oforogy",
        "lideranca": "Jailson Rodrigues das Neves",
        "nacao": "Keto",
        "ano_fundacao": "1982",
        "regente": "Oxum",
        "bairro": "Boa Vista de São Caetano",
        "endereco": "Rua Rodovia A, 1ª Trav. Rodovia A",
        "cep": "40385-000",
        "telefone": "3259-0868",
        "foto_thumb": "http://www.terreiros.ceao.ufba.br/_FT/pq/537.jpg",
        "foto_grande": "http://www.terreiros.ceao.ufba.br/_FT/gd/537.jpg"
      }
    },
    {
      "type": "Feature",
      "geometry": {
        "type": "Point",
        "coordinates": [
          -38.4765973370249,
          -12.927725276746
        ]
      },
      "properties": {
        "id": "538",
        "nome": "Unzó Sasaganzuá Kanjoanlonjolo Kangunga Kiasampala Kanua",
        "lideranca": "Selma Dias de Q. dos Santos",
        "nacao": "Angola",
        "ano_fundacao": "0",
        "regente": "Angorô",
        "bairro": "São Caetano",
        "endereco": "Rua Nova Brejal, 129",
        "cep": "40349-045",
        "telefone": "9178-3173",
        "foto_thumb": "http://www.terreiros.ceao.ufba.br/_FT/pq/538.jpg",
        "foto_grande": "http://www.terreiros.ceao.ufba.br/_FT/gd/538.jpg"
      }
    },
    {
      "type": "Feature",
      "geometry": {
        "type": "Point",
        "coordinates": [
          -38.4842655982224,
          -12.9352013903756
        ]
      },
      "properties": {
        "id": "539",
        "nome": "Terreiro Lemba Tumbangy",
        "lideranca": "Maria de Lourdes Santos",
        "nacao": "Angola",
        "ano_fundacao": "1971",
        "regente": "Obaluaê e Ogum",
        "bairro": "Lobato",
        "endereco": "Rua do Amparo, Jardim Lobato",
        "cep": "40337-050",
        "telefone": "3293-3441",
        "foto_thumb": "http://www.terreiros.ceao.ufba.br/_FT/pq/539.jpg",
        "foto_grande": "http://www.terreiros.ceao.ufba.br/_FT/gd/539.jpg"
      }
    },
    {
      "type": "Feature",
      "geometry": {
        "type": "Point",
        "coordinates": [
          -38.4822704118105,
          -12.9161678131313
        ]
      },
      "properties": {
        "id": "540",
        "nome": "Ilê Axé Kossi Obá Afiolorum",
        "lideranca": "Cléber Marques Rodrigues",
        "nacao": "Keto",
        "ano_fundacao": "2003",
        "regente": "Logunedé",
        "bairro": "Lobato",
        "telefone": "3215-1825",
        "foto_thumb": "http://www.terreiros.ceao.ufba.br/_FT/pq/540.jpg",
        "foto_grande": "http://www.terreiros.ceao.ufba.br/_FT/gd/540.jpg"
      }
    },
    {
      "type": "Feature",
      "geometry": {
        "type": "Point",
        "coordinates": [
          -38.4855163664309,
          -12.9292785474775
        ]
      },
      "properties": {
        "id": "541",
        "nome": "Terreiro de Oyá Deonin",
        "lideranca": "Vera Lúcia Macedo de Sena",
        "nacao": "Keto",
        "ano_fundacao": "1986",
        "regente": "Oxum e Iansã",
        "bairro": "Lobato",
        "cep": "40470-380",
        "telefone": "9109-7531",
        "foto_thumb": "http://www.terreiros.ceao.ufba.br/_FT/pq/541.jpg",
        "foto_grande": "http://www.terreiros.ceao.ufba.br/_FT/gd/541.jpg"
      }
    },
    {
      "type": "Feature",
      "geometry": {
        "type": "Point",
        "coordinates": [
          -38.4831675185811,
          -12.9219223163857
        ]
      },
      "properties": {
        "id": "542",
        "nome": "Unzo Indembwa Kamumzambi",
        "lideranca": "Francisco de Assis da Silva Bezerra",
        "nacao": "Angola",
        "ano_fundacao": "1991",
        "regente": "Tempo",
        "bairro": "Lobato",
        "endereco": "1ª Trav. Mamorana, Baixa do Cacau",
        "cep": "40391-298",
        "telefone": "3403-2629",
        "foto_thumb": "http://www.terreiros.ceao.ufba.br/_FT/pq/542.jpg",
        "foto_grande": "http://www.terreiros.ceao.ufba.br/_FT/gd/542.jpg"
      }
    },
    {
      "type": "Feature",
      "geometry": {
        "type": "Point",
        "coordinates": [
          -38.4859993904761,
          -12.9324874001636
        ]
      },
      "properties": {
        "id": "543",
        "nome": "Centro do Caboclo Boiadeiro",
        "lideranca": "Wagner Geostre Dias",
        "nacao": "Angola",
        "ano_fundacao": "1997",
        "regente": "Oxum",
        "bairro": "Lobato",
        "endereco": "Rua Voluntários da Pátria, 180",
        "cep": "40470-000",
        "telefone": "3304-0380",
        "foto_thumb": "http://www.terreiros.ceao.ufba.br/_FT/pq/543.jpg",
        "foto_grande": "http://www.terreiros.ceao.ufba.br/_FT/gd/543.jpg"
      }
    },
    {
      "type": "Feature",
      "geometry": {
        "type": "Point",
        "coordinates": [
          -38.4853129703305,
          -12.9294000401044
        ]
      },
      "properties": {
        "id": "544",
        "nome": "Ilê Axé Omolu Xapanan",
        "lideranca": "Antonio Delfino Bonfim",
        "nacao": "Keto",
        "ano_fundacao": "2002",
        "regente": "Omolu",
        "bairro": "Lobato",
        "endereco": "Rua Maria Amaral, 134E",
        "cep": "40440-380",
        "telefone": "3211-0522",
        "foto_thumb": "http://www.terreiros.ceao.ufba.br/_FT/pq/544.jpg",
        "foto_grande": "http://www.terreiros.ceao.ufba.br/_FT/gd/544.jpg"
      }
    },
    {
      "type": "Feature",
      "geometry": {
        "type": "Point",
        "coordinates": [
          -38.4796161613627,
          -12.9157018716071
        ]
      },
      "properties": {
        "id": "545",
        "nome": "Ilê Axé Bualeji",
        "lideranca": "Antonieta de Souza",
        "nacao": "Keto",
        "ano_fundacao": "1973",
        "regente": "Oxóssi",
        "bairro": "Lobato",
        "endereco": "Rua Monteiro Lobato, 538, Jardim Lobato",
        "cep": "40470-100",
        "telefone": "3246-1457",
        "foto_thumb": "http://www.terreiros.ceao.ufba.br/_FT/pq/545.jpg",
        "foto_grande": "http://www.terreiros.ceao.ufba.br/_FT/gd/545.jpg"
      }
    },
    {
      "type": "Feature",
      "geometry": {
        "type": "Point",
        "coordinates": [
          -38.4806017231146,
          -12.9142047185293
        ]
      },
      "properties": {
        "id": "546",
        "nome": "Filho de Omin Tundê",
        "lideranca": "Virgínia Nascimento Santos Pimentel",
        "nacao": "Keto",
        "ano_fundacao": "1976",
        "regente": "Oxum",
        "bairro": "Lobato",
        "endereco": "Rua Oscar Cordeiro, 70, Jardim Lobato",
        "cep": "40470-090",
        "telefone": "3246-2198",
        "foto_thumb": "http://www.terreiros.ceao.ufba.br/_FT/pq/546.jpg",
        "foto_grande": "http://www.terreiros.ceao.ufba.br/_FT/gd/546.jpg"
      }
    },
    {
      "type": "Feature",
      "geometry": {
        "type": "Point",
        "coordinates": [
          -38.4802426744819,
          -12.9135479269208
        ]
      },
      "properties": {
        "id": "547",
        "nome": "Ilê Axé Omom Efun",
        "lideranca": "Fernando José Silva Bezerra",
        "nacao": "Keto",
        "ano_fundacao": "1990",
        "regente": "Logunedé",
        "bairro": "Lobato",
        "endereco": "Rua Manuel, Av. São Salvador, casa 85",
        "cep": "40391-298",
        "telefone": "3403-5640",
        "foto_thumb": "http://www.terreiros.ceao.ufba.br/_FT/pq/547.jpg",
        "foto_grande": "http://www.terreiros.ceao.ufba.br/_FT/gd/547.jpg"
      }
    },
    {
      "type": "Feature",
      "geometry": {
        "type": "Point",
        "coordinates": [
          -38.4857311115582,
          -12.9330738317972
        ]
      },
      "properties": {
        "id": "548",
        "nome": "Ylê Axé Omin Tundê",
        "lideranca": "Florenice Muniz Barreto",
        "nacao": "Keto",
        "ano_fundacao": "1966",
        "regente": "Iemanjá",
        "bairro": "Lobato",
        "cep": "40470-636",
        "telefone": "3293-6791",
        "foto_thumb": "http://www.terreiros.ceao.ufba.br/_FT/pq/548.jpg",
        "foto_grande": "http://www.terreiros.ceao.ufba.br/_FT/gd/548.jpg"
      }
    },
    {
      "type": "Feature",
      "geometry": {
        "type": "Point",
        "coordinates": [
          -38.4762346822604,
          -12.856421568342
        ]
      },
      "properties": {
        "id": "550",
        "nome": "Ilê Axé Oxumaré",
        "lideranca": "Paulo Roberto Bitenccurt",
        "nacao": "Keto",
        "ano_fundacao": "1987",
        "regente": "Oxumaré",
        "bairro": "Bairro da Paz",
        "endereco": "Rua da Paz de Cima, 3",
        "cep": "41610-330",
        "telefone": "Não tem",
        "foto_thumb": "http://www.terreiros.ceao.ufba.br/_FT/pq/550.jpg",
        "foto_grande": "http://www.terreiros.ceao.ufba.br/_FT/gd/550.jpg"
      }
    },
    {
      "type": "Feature",
      "geometry": {
        "type": "Point",
        "coordinates": [
          -38.3739241449954,
          -12.9303441162991
        ]
      },
      "properties": {
        "id": "551",
        "nome": "Terreiro Ladê Pademim",
        "lideranca": "Maria Eusébia do Rosário",
        "nacao": "Keto",
        "ano_fundacao": "1958",
        "regente": "Oxum",
        "bairro": "Bairro da Paz",
        "endereco": "Rua 28 de Dezembro, 2",
        "telefone": "3368-0538",
        "foto_thumb": "http://www.terreiros.ceao.ufba.br/_FT/pq/551.jpg",
        "foto_grande": "http://www.terreiros.ceao.ufba.br/_FT/gd/551.jpg"
      }
    },
    {
      "type": "Feature",
      "geometry": {
        "type": "Point",
        "coordinates": [
          -38.3735439490608,
          -12.9314076042852
        ]
      },
      "properties": {
        "id": "552",
        "nome": "Centro do Caboclo Guerreiro",
        "lideranca": "Carlos Alexandre Virgens de Jesus",
        "nacao": "Angola",
        "ano_fundacao": "1997",
        "regente": "Iemanjá e Oxalá",
        "bairro": "Itapuã",
        "endereco": "Rua 1º de maio, 30 Nova Brasília",
        "cep": "41630-020",
        "telefone": "3285-2317",
        "foto_thumb": "http://www.terreiros.ceao.ufba.br/_FT/pq/552.jpg",
        "foto_grande": "http://www.terreiros.ceao.ufba.br/_FT/gd/552.jpg"
      }
    },
    {
      "type": "Feature",
      "geometry": {
        "type": "Point",
        "coordinates": [
          -38.3600128955787,
          -12.9380149880651
        ]
      },
      "properties": {
        "id": "553",
        "nome": "Ilê Axé Ogum Ifá",
        "lideranca": "David Ferreira",
        "nacao": "Ijexá",
        "ano_fundacao": "1993",
        "regente": "Logunedé",
        "bairro": "Bairro da Paz",
        "endereco": "Rua Salvador da Pátria, 50",
        "cep": "41515-090",
        "telefone": "8119-3087",
        "foto_thumb": "http://www.terreiros.ceao.ufba.br/_FT/pq/553.jpg",
        "foto_grande": "http://www.terreiros.ceao.ufba.br/_FT/gd/553.jpg"
      }
    },
    {
      "type": "Feature",
      "geometry": {
        "type": "Point",
        "coordinates": [
          -38.3723834375306,
          -12.9272030256923
        ]
      },
      "properties": {
        "id": "554",
        "nome": "Ilê Axé Omim Oya",
        "lideranca": "Neucinéia N. dos Santos",
        "nacao": "Keto",
        "ano_fundacao": "1984",
        "regente": "Oxum",
        "bairro": "Valéria",
        "endereco": "Rua Petrolinia Dércia, 147",
        "cep": "41300-465",
        "telefone": "3302-2974/ 3306-6799",
        "foto_thumb": "http://www.terreiros.ceao.ufba.br/_FT/pq/554.jpg",
        "foto_grande": "http://www.terreiros.ceao.ufba.br/_FT/gd/554.jpg"
      }
    },
    {
      "type": "Feature",
      "geometry": {
        "type": "Point",
        "coordinates": [
          -38.4432264060189,
          -12.8638838951698
        ]
      },
      "properties": {
        "id": "555",
        "nome": "Terreiro de Ogum Ilyede",
        "lideranca": "Waldemira Maria de Figueiredo",
        "nacao": "Angola",
        "ano_fundacao": "1975",
        "regente": "Ogum",
        "bairro": "Valéria",
        "endereco": "Rua Tânia Durão  Chácara Santa Bárbara",
        "telefone": "3301-6679",
        "foto_thumb": "http://www.terreiros.ceao.ufba.br/_FT/pq/555.jpg",
        "foto_grande": "http://www.terreiros.ceao.ufba.br/_FT/gd/555.jpg"
      }
    },
    {
      "type": "Feature",
      "geometry": {
        "type": "Point",
        "coordinates": [
          -38.4319736537733,
          -12.8733460974007
        ]
      },
      "properties": {
        "id": "556",
        "nome": "Ilê Axé Zécide Dam",
        "lideranca": "Romilda América da Conceição",
        "nacao": "Jêje",
        "ano_fundacao": "1988",
        "regente": "Becen",
        "bairro": "Valéria",
        "endereco": "Rua Diogo Fred, 30-A",
        "cep": "41301-240",
        "telefone": "3301-4382",
        "foto_thumb": "http://www.terreiros.ceao.ufba.br/_FT/pq/556.jpg",
        "foto_grande": "http://www.terreiros.ceao.ufba.br/_FT/gd/556.jpg"
      }
    },
    {
      "type": "Feature",
      "geometry": {
        "type": "Point",
        "coordinates": [
          -38.4375506570858,
          -12.8825107075374
        ]
      },
      "properties": {
        "id": "557",
        "nome": "Onzo Mean Avulô Unzambe",
        "lideranca": "Idalha Sampaio da Encarnação",
        "nacao": "Angola",
        "ano_fundacao": "1998",
        "regente": "Oxumaré",
        "bairro": "Valéria",
        "endereco": "Rua da Paz, 14",
        "cep": "40305-020",
        "telefone": "3215-6641",
        "foto_thumb": "http://www.terreiros.ceao.ufba.br/_FT/pq/557.jpg",
        "foto_grande": "http://www.terreiros.ceao.ufba.br/_FT/gd/557.jpg"
      }
    },
    {
      "type": "Feature",
      "geometry": {
        "type": "Point",
        "coordinates": [
          -38.4432903931867,
          -12.8804807422146
        ]
      },
      "properties": {
        "id": "558",
        "nome": "Ilê Axé Lira de Ouro",
        "lideranca": "Valtércio dos Santos",
        "nacao": "Keto",
        "ano_fundacao": "1985",
        "regente": "Oxum",
        "bairro": "Valéria",
        "endereco": "2ª Trav. Nossa Senhora das Graças (Nova Brasília de Valéria)",
        "cep": "41306-015",
        "telefone": "8123-7730",
        "foto_thumb": "http://www.terreiros.ceao.ufba.br/_FT/pq/558.jpg",
        "foto_grande": "http://www.terreiros.ceao.ufba.br/_FT/gd/558.jpg"
      }
    },
    {
      "type": "Feature",
      "geometry": {
        "type": "Point",
        "coordinates": [
          -38.4402606419582,
          -12.8603834743211
        ]
      },
      "properties": {
        "id": "559",
        "nome": "Ilê Axé Orumicila Raízes de Jidereci",
        "lideranca": "Wilson",
        "nacao": "Keto",
        "ano_fundacao": "1991",
        "regente": "Oxum",
        "bairro": "Valéria",
        "endereco": "2ª Trav. Nossa Senhora das Graças (Nova Brasília de Valéria)",
        "cep": "41306-015",
        "telefone": "3291-3116",
        "foto_thumb": "http://www.terreiros.ceao.ufba.br/_FT/pq/559.jpg",
        "foto_grande": "http://www.terreiros.ceao.ufba.br/_FT/gd/559.jpg"
      }
    },
    {
      "type": "Feature",
      "geometry": {
        "type": "Point",
        "coordinates": [
          -38.4400469534653,
          -12.8603712932692
        ]
      },
      "properties": {
        "id": "560",
        "nome": "Ylê Axé Omin Denin",
        "lideranca": "Adailda Barros dos Santos",
        "nacao": "Keto",
        "ano_fundacao": "1981",
        "regente": "Oxum",
        "bairro": "Paripe",
        "endereco": "Rua 28 de Março,  quadra 3",
        "telefone": "3397-1659",
        "foto_thumb": "http://www.terreiros.ceao.ufba.br/_FT/pq/560.jpg",
        "foto_grande": "http://www.terreiros.ceao.ufba.br/_FT/gd/560.jpg"
      }
    },
    {
      "type": "Feature",
      "geometry": {
        "type": "Point",
        "coordinates": [
          -38.477184386651,
          -12.8310898555573
        ]
      },
      "properties": {
        "id": "562",
        "nome": "Ilê Gedemerê",
        "lideranca": "Edileuza de Jesus",
        "nacao": "Keto",
        "ano_fundacao": "1976",
        "regente": "Ogum",
        "bairro": "Paripe",
        "endereco": "Rua Venezuela, 234",
        "cep": "40820-070",
        "telefone": "3521-0479",
        "foto_thumb": "http://www.terreiros.ceao.ufba.br/_FT/pq/562.jpg",
        "foto_grande": "http://www.terreiros.ceao.ufba.br/_FT/gd/562.jpg"
      }
    },
    {
      "type": "Feature",
      "geometry": {
        "type": "Point",
        "coordinates": [
          -38.4682410541827,
          -12.8363867732133
        ]
      },
      "properties": {
        "id": "563",
        "nome": "Ilê Axé Omindê",
        "lideranca": "Gilberto Santos",
        "nacao": "Keto",
        "ano_fundacao": "1960",
        "regente": "Oxum",
        "bairro": "Paripe",
        "endereco": "Rua São Paulo, 153",
        "cep": "40820-190",
        "telefone": "3397-1724",
        "foto_thumb": "http://www.terreiros.ceao.ufba.br/_FT/pq/563.jpg",
        "foto_grande": "http://www.terreiros.ceao.ufba.br/_FT/gd/563.jpg"
      }
    },
    {
      "type": "Feature",
      "geometry": {
        "type": "Point",
        "coordinates": [
          -38.4661113023061,
          -12.8318567068371
        ]
      },
      "properties": {
        "id": "565",
        "nome": "Ilê Asé Oyá Lecy",
        "lideranca": "Antônio Márcio de Santana",
        "nacao": "Keto",
        "ano_fundacao": "2005",
        "regente": "Iansã",
        "bairro": "Paripe",
        "cep": "40760-190",
        "telefone": "3217-9326",
        "foto_thumb": "http://www.terreiros.ceao.ufba.br/_FT/pq/565.jpg",
        "foto_grande": "http://www.terreiros.ceao.ufba.br/_FT/gd/565.jpg"
      }
    },
    {
      "type": "Feature",
      "geometry": {
        "type": "Point",
        "coordinates": [
          -38.4688795800943,
          -12.8300198587983
        ]
      },
      "properties": {
        "id": "566",
        "nome": "Ilê Três Unidos",
        "lideranca": "Elisa Maria das Dores",
        "nacao": "Keto",
        "ano_fundacao": "1970",
        "regente": "Xangô",
        "bairro": "Paripe",
        "telefone": "3217-2047",
        "foto_thumb": "http://www.terreiros.ceao.ufba.br/_FT/pq/566.jpg",
        "foto_grande": "http://www.terreiros.ceao.ufba.br/_FT/gd/566.jpg"
      }
    },
    {
      "type": "Feature",
      "geometry": {
        "type": "Point",
        "coordinates": [
          -38.4663795169475,
          -12.8275737155727
        ]
      },
      "properties": {
        "id": "567",
        "nome": "Oxum Apará",
        "lideranca": "Raimundo de Jesus Gualberto",
        "nacao": "Angola",
        "ano_fundacao": "1999",
        "regente": "Oxum",
        "bairro": "Paripe",
        "endereco": "Rua João Martins, 15A",
        "cep": "40820-120",
        "telefone": "3408-2310",
        "foto_thumb": "http://www.terreiros.ceao.ufba.br/_FT/pq/567.jpg",
        "foto_grande": "http://www.terreiros.ceao.ufba.br/_FT/gd/567.jpg"
      }
    },
    {
      "type": "Feature",
      "geometry": {
        "type": "Point",
        "coordinates": [
          -38.4672029084711,
          -12.8253090364314
        ]
      },
      "properties": {
        "id": "569",
        "nome": "Oxossi Guerreiro",
        "lideranca": "Margarida Nascimento dos Santos",
        "nacao": "Keto",
        "ano_fundacao": "2001",
        "regente": "Oxóssi",
        "bairro": "Paripe",
        "endereco": "Rua Humberto Silva, 13E",
        "cep": "40810-590",
        "telefone": "3397-3038",
        "foto_thumb": "http://www.terreiros.ceao.ufba.br/_FT/pq/569.jpg",
        "foto_grande": "http://www.terreiros.ceao.ufba.br/_FT/gd/569.jpg"
      }
    },
    {
      "type": "Feature",
      "geometry": {
        "type": "Point",
        "coordinates": [
          -38.4755497687699,
          -12.8288045311302
        ]
      },
      "properties": {
        "id": "570",
        "nome": "Ilê Axé Iamim",
        "lideranca": "Miriam Pereira Toschina Rufino",
        "nacao": "Keto",
        "ano_fundacao": "1964",
        "regente": "Iemanjá",
        "bairro": "São Marcos",
        "endereco": "Rua Punciano Ferreira , 34E",
        "cep": "41250-253",
        "telefone": "3212-3346",
        "foto_thumb": "http://www.terreiros.ceao.ufba.br/_FT/pq/570.jpg",
        "foto_grande": "http://www.terreiros.ceao.ufba.br/_FT/gd/570.jpg"
      }
    },
    {
      "type": "Feature",
      "geometry": {
        "type": "Point",
        "coordinates": [
          -38.4395832960416,
          -12.9241161248942
        ]
      },
      "properties": {
        "id": "571",
        "nome": "Não informado",
        "lideranca": "Tânia Paula dos Santos",
        "nacao": "Keto Angola",
        "ano_fundacao": "2000",
        "regente": "Iansã",
        "bairro": "São Marcos",
        "endereco": "Rua San Martin, 121",
        "cep": "41253-090",
        "telefone": "3393-9038 (orelhão)",
        "foto_thumb": "http://www.terreiros.ceao.ufba.br/_FT/pq/571.jpg",
        "foto_grande": "http://www.terreiros.ceao.ufba.br/_FT/gd/571.jpg"
      }
    },
    {
      "type": "Feature",
      "geometry": {
        "type": "Point",
        "coordinates": [
          -38.4420880571019,
          -12.9244915150601
        ]
      },
      "properties": {
        "id": "572",
        "nome": "Terreiro de Omolu",
        "lideranca": "Carmelita Bastos Souza",
        "nacao": "Keto Angola",
        "ano_fundacao": "1966",
        "regente": "Omolu",
        "bairro": "São Marcos",
        "endereco": "Rua Santa Rita, 30E",
        "cep": "41247-080",
        "telefone": "Não tem",
        "foto_thumb": "http://www.terreiros.ceao.ufba.br/_FT/pq/572.jpg",
        "foto_grande": "http://www.terreiros.ceao.ufba.br/_FT/gd/572.jpg"
      }
    },
    {
      "type": "Feature",
      "geometry": {
        "type": "Point",
        "coordinates": [
          -38.4405062122781,
          -12.9217376841131
        ]
      },
      "properties": {
        "id": "573",
        "nome": "Ilê Axé Jegbé Omom Tojadé Ati Kereliwi",
        "lideranca": "Norma Sueli Borges",
        "nacao": "Jêje Savalú",
        "ano_fundacao": "1995",
        "regente": "Becen",
        "bairro": "Fazenda Grande III/IV",
        "endereco": "Estrada Velha do Coqueiro Grande, Rua Heráclito, s/n",
        "cep": "41345-580",
        "telefone": "3313-4292/ 3305-1053",
        "foto_thumb": "http://www.terreiros.ceao.ufba.br/_FT/pq/573.jpg",
        "foto_grande": "http://www.terreiros.ceao.ufba.br/_FT/gd/573.jpg"
      }
    },
    {
      "type": "Feature",
      "geometry": {
        "type": "Point",
        "coordinates": [
          -38.3955740200225,
          -12.9096072211847
        ]
      },
      "properties": {
        "id": "574",
        "nome": "Terreiro de Ògún",
        "lideranca": "Yara França dos Santos",
        "nacao": "Angola",
        "ano_fundacao": "1990",
        "regente": "Ogum",
        "bairro": "Jardim Cruzeiro",
        "endereco": "Rua Getúlio Vargas, 17",
        "cep": "40430-190",
        "telefone": "3313-1873/ 3312-2728",
        "foto_thumb": "http://www.terreiros.ceao.ufba.br/_FT/pq/574.jpg",
        "foto_grande": "http://www.terreiros.ceao.ufba.br/_FT/gd/574.jpg"
      }
    },
    {
      "type": "Feature",
      "geometry": {
        "type": "Point",
        "coordinates": [
          -38.4996479632362,
          -12.932294262942
        ]
      },
      "properties": {
        "id": "575",
        "nome": "Ilê Axé Jagum Juleui",
        "lideranca": "Marcos Antônio Rodrigues Poppe",
        "nacao": "Keto",
        "ano_fundacao": "1983",
        "regente": "Obaluaê",
        "bairro": "Uruguai",
        "endereco": "Rua Matias de Alburquerque, 206",
        "cep": "40450-105",
        "telefone": "3312-9313/ 3389-6150",
        "foto_thumb": "http://www.terreiros.ceao.ufba.br/_FT/pq/575.jpg",
        "foto_grande": "http://www.terreiros.ceao.ufba.br/_FT/gd/575.jpg"
      }
    },
    {
      "type": "Feature",
      "geometry": {
        "type": "Point",
        "coordinates": [
          -38.4993863200368,
          -12.938684432938
        ]
      },
      "properties": {
        "id": "576",
        "nome": "Não informado",
        "lideranca": "Osvaldo Santos de Araújo",
        "nacao": "Keto",
        "ano_fundacao": "1996",
        "regente": "Ogum Xeroquê",
        "bairro": "Vila Rui Barbosa",
        "endereco": "Rua Monteiro Lobato, travessa Tupinambé, 26",
        "cep": "40430-140",
        "telefone": "3207-1804",
        "foto_thumb": "http://www.terreiros.ceao.ufba.br/_FT/pq/576.jpg",
        "foto_grande": "http://www.terreiros.ceao.ufba.br/_FT/gd/576.jpg"
      }
    },
    {
      "type": "Feature",
      "geometry": {
        "type": "Point",
        "coordinates": [
          -38.5002344149944,
          -12.9315541440411
        ]
      },
      "properties": {
        "id": "577",
        "nome": "Caminho da Luz",
        "lideranca": "Carlos Tadeu Lira da Silveira",
        "nacao": "Angola",
        "ano_fundacao": "1991",
        "regente": "Oxalá",
        "bairro": "Calçada",
        "endereco": "Rua Barão da Vila da Barra, 4B",
        "cep": "40410-400",
        "telefone": "3316-7705",
        "foto_thumb": "http://www.terreiros.ceao.ufba.br/_FT/pq/577.jpg",
        "foto_grande": "http://www.terreiros.ceao.ufba.br/_FT/gd/577.jpg"
      }
    },
    {
      "type": "Feature",
      "geometry": {
        "type": "Point",
        "coordinates": [
          -38.4975825787398,
          -12.9466805166123
        ]
      },
      "properties": {
        "id": "578",
        "nome": "Ilê Axé Babá Alá Omim",
        "lideranca": "Luzival L. do Nascimento",
        "nacao": "Keto",
        "ano_fundacao": "1999",
        "regente": "Oxaguiã",
        "bairro": "Curuzu",
        "endereco": "Rua da Alegria , 114",
        "cep": "40365-180",
        "telefone": "3388-2014/ 3386-6647",
        "foto_thumb": "http://www.terreiros.ceao.ufba.br/_FT/pq/578.jpg",
        "foto_grande": "http://www.terreiros.ceao.ufba.br/_FT/gd/578.jpg"
      }
    },
    {
      "type": "Feature",
      "geometry": {
        "type": "Point",
        "coordinates": [
          -38.4866299200688,
          -12.9429092113687
        ]
      },
      "properties": {
        "id": "579",
        "nome": "Ilê Axé Odé Afamim",
        "lideranca": "José Carlos P. Montenegro",
        "nacao": "Keto",
        "ano_fundacao": "1991",
        "regente": "Logunedé",
        "bairro": "Liberdade",
        "endereco": "Rua Agra, 56",
        "cep": "40365-500",
        "telefone": "3256-2742",
        "foto_thumb": "http://www.terreiros.ceao.ufba.br/_FT/pq/579.jpg",
        "foto_grande": "http://www.terreiros.ceao.ufba.br/_FT/gd/579.jpg"
      }
    },
    {
      "type": "Feature",
      "geometry": {
        "type": "Point",
        "coordinates": [
          -38.487641504492,
          -12.943650388863
        ]
      },
      "properties": {
        "id": "580",
        "nome": "Terreiro Mofunjá",
        "lideranca": "Luis dos Santos",
        "nacao": "Angola",
        "ano_fundacao": "1999",
        "regente": "Obaluaê",
        "bairro": "Liberdade",
        "endereco": "3ª Trav. Alvarenga Peixoto, 21",
        "cep": "40366-080",
        "telefone": "3388-2977",
        "foto_thumb": "http://www.terreiros.ceao.ufba.br/_FT/pq/580.jpg",
        "foto_grande": "http://www.terreiros.ceao.ufba.br/_FT/gd/580.jpg"
      }
    },
    {
      "type": "Feature",
      "geometry": {
        "type": "Point",
        "coordinates": [
          -38.4881784147348,
          -12.9439950337108
        ]
      },
      "properties": {
        "id": "581",
        "nome": "Ilê Axé Odégé",
        "lideranca": "Sandra Conceição Pitta de Carvalho",
        "nacao": "Keto",
        "ano_fundacao": "1979",
        "regente": "não informado",
        "bairro": "Liberdade",
        "endereco": "Rua São Salvador, 76",
        "cep": "40325-660",
        "telefone": "3326-9337",
        "foto_thumb": "http://www.terreiros.ceao.ufba.br/_FT/pq/581.jpg",
        "foto_grande": "http://www.terreiros.ceao.ufba.br/_FT/gd/581.jpg"
      }
    },
    {
      "type": "Feature",
      "geometry": {
        "type": "Point",
        "coordinates": [
          -38.4923644453959,
          -12.9509463247152
        ]
      },
      "properties": {
        "id": "582",
        "nome": "Ale Baché Iageré",
        "lideranca": "Maria de São Pedro Amadeus dos Santos",
        "nacao": "Keto",
        "ano_fundacao": "1991",
        "regente": "Iansã",
        "bairro": "Curuzu",
        "endereco": "1ª Avenida Vila Operaria, 67, fundo",
        "cep": "40365-775",
        "telefone": "3388-4127",
        "foto_thumb": "http://www.terreiros.ceao.ufba.br/_FT/pq/582.jpg",
        "foto_grande": "http://www.terreiros.ceao.ufba.br/_FT/gd/582.jpg"
      }
    },
    {
      "type": "Feature",
      "geometry": {
        "type": "Point",
        "coordinates": [
          -38.4866162973181,
          -12.9467657595946
        ]
      },
      "properties": {
        "id": "583",
        "nome": "Onzo Congo Mutalombó de Unzambe",
        "lideranca": "Joselito Rocha Santos",
        "nacao": "Angola",
        "ano_fundacao": "1980",
        "regente": "Oxóssi",
        "bairro": "Fazenda Grande do Retiro",
        "endereco": "Rua Melo Morais Filho, 59-B",
        "cep": "40350-000",
        "telefone": "3382-2136",
        "foto_thumb": "http://www.terreiros.ceao.ufba.br/_FT/pq/583.jpg",
        "foto_grande": "http://www.terreiros.ceao.ufba.br/_FT/gd/583.jpg"
      }
    },
    {
      "type": "Feature",
      "geometry": {
        "type": "Point",
        "coordinates": [
          -38.4747317231459,
          -12.9473902595177
        ]
      },
      "properties": {
        "id": "584",
        "nome": "Ilê Axé Ôia Ômin Obá",
        "lideranca": "Marcos Antônio Conceição Mota",
        "nacao": "Keto",
        "ano_fundacao": "2002",
        "regente": "Iansã",
        "bairro": "San Martin",
        "endereco": "2ª Trav. Lídio dos Santos, 3",
        "cep": "40355-020",
        "telefone": "3383-4662",
        "foto_thumb": "http://www.terreiros.ceao.ufba.br/_FT/pq/584.jpg",
        "foto_grande": "http://www.terreiros.ceao.ufba.br/_FT/gd/584.jpg"
      }
    },
    {
      "type": "Feature",
      "geometry": {
        "type": "Point",
        "coordinates": [
          -38.4831735822,
          -12.9422131722
        ]
      },
      "properties": {
        "id": "585",
        "nome": "Ilê Axé Ibá Nereô",
        "lideranca": "Jilmar Ferreira da Cruz",
        "nacao": "Keto",
        "ano_fundacao": "2002",
        "regente": "Oxum",
        "bairro": "San Martin",
        "endereco": "Rua Alto da Boa Esperança, 118 Fonte do Capim",
        "cep": "40350-030",
        "telefone": "3244-5390",
        "foto_thumb": "http://www.terreiros.ceao.ufba.br/_FT/pq/585.jpg",
        "foto_grande": "http://www.terreiros.ceao.ufba.br/_FT/gd/585.jpg"
      }
    },
    {
      "type": "Feature",
      "geometry": {
        "type": "Point",
        "coordinates": [
          -38.4813812688065,
          -12.9403509356481
        ]
      },
      "properties": {
        "id": "586",
        "nome": "Ilê Axé Ibá Jidegi",
        "lideranca": "Paulo Roberto Cruz dos Santos",
        "nacao": "Keto",
        "ano_fundacao": "2003",
        "regente": "Obaluaê",
        "bairro": "San Martin",
        "endereco": "Rua Alto da Boa Esperança, 116, Fonte do Capim",
        "cep": "40355-030",
        "telefone": "3389-8228",
        "foto_thumb": "http://www.terreiros.ceao.ufba.br/_FT/pq/586.jpg",
        "foto_grande": "http://www.terreiros.ceao.ufba.br/_FT/gd/586.jpg"
      }
    },
    {
      "type": "Feature",
      "geometry": {
        "type": "Point",
        "coordinates": [
          -38.4816435208207,
          -12.9410492476148
        ]
      },
      "properties": {
        "id": "587",
        "nome": "Ilê Axé Ômin Obá",
        "lideranca": "Maria Helena Silva Reis",
        "nacao": "Keto",
        "ano_fundacao": "1966",
        "regente": "Oxum",
        "bairro": "San Martin",
        "endereco": "Rua Lídio dos Santos , 100",
        "cep": "40355-010",
        "telefone": "3389-6531",
        "foto_thumb": "http://www.terreiros.ceao.ufba.br/_FT/pq/587.jpg",
        "foto_grande": "http://www.terreiros.ceao.ufba.br/_FT/gd/587.jpg"
      }
    },
    {
      "type": "Feature",
      "geometry": {
        "type": "Point",
        "coordinates": [
          -38.4821266830325,
          -12.9410908310044
        ]
      },
      "properties": {
        "id": "588",
        "nome": "Terreiro Dandalunda",
        "lideranca": "Dina dos Anjos",
        "nacao": "Keto",
        "ano_fundacao": "1992",
        "regente": "Oxum",
        "bairro": "Fazenda Grande do Retiro",
        "endereco": "Rua Rio Nilo, 02",
        "cep": "40355-140",
        "telefone": "3244-5594",
        "foto_thumb": "http://www.terreiros.ceao.ufba.br/_FT/pq/588.jpg",
        "foto_grande": "http://www.terreiros.ceao.ufba.br/_FT/gd/588.jpg"
      }
    },
    {
      "type": "Feature",
      "geometry": {
        "type": "Point",
        "coordinates": [
          -38.4825748557929,
          -12.9392354199824
        ]
      },
      "properties": {
        "id": "589",
        "nome": "Ilê Axé Oyá Onirá",
        "lideranca": "Jacira Maura dos Santos",
        "nacao": "Keto",
        "ano_fundacao": "1995",
        "regente": "Iansã",
        "bairro": "Pau da Lima",
        "endereco": "Rua São Luis , 34",
        "cep": "41235-520",
        "telefone": "3393-6716",
        "foto_thumb": "http://www.terreiros.ceao.ufba.br/_FT/pq/589.jpg",
        "foto_grande": "http://www.terreiros.ceao.ufba.br/_FT/gd/589.jpg"
      }
    },
    {
      "type": "Feature",
      "geometry": {
        "type": "Point",
        "coordinates": [
          -38.447279794245,
          -12.9249853374771
        ]
      },
      "properties": {
        "id": "590",
        "nome": "Ilê Axé Oiá Larê",
        "lideranca": "Zilda Floriano dos Santos",
        "nacao": "Keto",
        "ano_fundacao": "1979",
        "regente": "Iansã",
        "bairro": "Fazenda Grande do Retiro",
        "endereco": "Rua Dr. Pedro Araújo , 29",
        "cep": "40357-030",
        "telefone": "3303-2925",
        "foto_thumb": "http://www.terreiros.ceao.ufba.br/_FT/pq/590.jpg",
        "foto_grande": "http://www.terreiros.ceao.ufba.br/_FT/gd/590.jpg"
      }
    },
    {
      "type": "Feature",
      "geometry": {
        "type": "Point",
        "coordinates": [
          -38.4813717312178,
          -12.9460989738528
        ]
      },
      "properties": {
        "id": "591",
        "nome": "Ilê Axé Oni Obá",
        "lideranca": "Evandro Alves dos Santos",
        "nacao": "Keto",
        "ano_fundacao": "1995",
        "regente": "Xangô",
        "bairro": "Fazenda Grande do Retiro",
        "endereco": "Rua Mello Moraes Filho , 96",
        "cep": "40350-000",
        "telefone": "3258-4582",
        "foto_thumb": "http://www.terreiros.ceao.ufba.br/_FT/pq/591.jpg",
        "foto_grande": "http://www.terreiros.ceao.ufba.br/_FT/gd/591.jpg"
      }
    },
    {
      "type": "Feature",
      "geometry": {
        "type": "Point",
        "coordinates": [
          -38.4745519230291,
          -12.9470895461326
        ]
      },
      "properties": {
        "id": "592",
        "nome": "Não informado",
        "lideranca": "Marinalva Nascimento dos Santos",
        "nacao": "Keto",
        "ano_fundacao": "1996",
        "regente": "Logunedé",
        "bairro": "Fazenda Grande do Retiro",
        "cep": "40335-690",
        "telefone": "3389-9482",
        "foto_thumb": "http://www.terreiros.ceao.ufba.br/_FT/pq/592.jpg",
        "foto_grande": "http://www.terreiros.ceao.ufba.br/_FT/gd/592.jpg"
      }
    },
    {
      "type": "Feature",
      "geometry": {
        "type": "Point",
        "coordinates": [
          -38.4744096237896,
          -12.9471769940582
        ]
      },
      "properties": {
        "id": "593",
        "nome": "Ilê Axé Oquefunã",
        "lideranca": "José Raimundo de Oliveira Baraúna",
        "nacao": "Keto",
        "ano_fundacao": "1986",
        "regente": "Obaluaê",
        "bairro": "Lobato",
        "endereco": "Rua França Teixeira, 15, Boiadeiro",
        "telefone": "3215-1600",
        "foto_thumb": "http://www.terreiros.ceao.ufba.br/_FT/pq/593.jpg",
        "foto_grande": "http://www.terreiros.ceao.ufba.br/_FT/gd/593.jpg"
      }
    },
    {
      "type": "Feature",
      "geometry": {
        "type": "Point",
        "coordinates": [
          -38.4782766201,
          -12.9061265741
        ]
      },
      "properties": {
        "id": "594",
        "nome": "Ilê Axé Ufá Lossileuá",
        "lideranca": "Paulo Sérgio dos Santos",
        "nacao": "Keto",
        "ano_fundacao": "2003",
        "regente": "Logunedé",
        "bairro": "Plataforma",
        "endereco": "2ª Travessa Rio Negro, 30",
        "cep": "40710-782",
        "telefone": "8184-7062",
        "foto_thumb": "http://www.terreiros.ceao.ufba.br/_FT/pq/594.jpg",
        "foto_grande": "http://www.terreiros.ceao.ufba.br/_FT/gd/594.jpg"
      }
    },
    {
      "type": "Feature",
      "geometry": {
        "type": "Point",
        "coordinates": [
          -38.4764199648847,
          -12.8952041859794
        ]
      },
      "properties": {
        "id": "596",
        "nome": "Ilê Axé Di Oyá",
        "lideranca": "Cícera Conceição Silva",
        "nacao": "Keto",
        "ano_fundacao": "1993",
        "regente": "Iansã e Obaluaê",
        "bairro": "Plataforma",
        "cep": "40717-190",
        "telefone": "3293-3685/ 9108-7419",
        "foto_thumb": "http://www.terreiros.ceao.ufba.br/_FT/pq/596.jpg",
        "foto_grande": "http://www.terreiros.ceao.ufba.br/_FT/gd/596.jpg"
      }
    },
    {
      "type": "Feature",
      "geometry": {
        "type": "Point",
        "coordinates": [
          -38.4717576580886,
          -12.8999581356953
        ]
      },
      "properties": {
        "id": "597",
        "nome": "Terreiro de Obaluaiê",
        "lideranca": "Rosalva Silva Bispo",
        "nacao": "Keto",
        "ano_fundacao": "1996",
        "regente": "Obaluaê",
        "bairro": "Plataforma",
        "cep": "40717-180",
        "telefone": "8857-4617",
        "foto_thumb": "http://www.terreiros.ceao.ufba.br/_FT/pq/597.jpg",
        "foto_grande": "http://www.terreiros.ceao.ufba.br/_FT/gd/597.jpg"
      }
    },
    {
      "type": "Feature",
      "geometry": {
        "type": "Point",
        "coordinates": [
          -38.4743072026645,
          -12.9038349126321
        ]
      },
      "properties": {
        "id": "598",
        "nome": "Ilê Axé de Oyá",
        "lideranca": "Lázaro José Lopes",
        "nacao": "Keto",
        "ano_fundacao": "1977",
        "regente": "Iansã",
        "bairro": "Plataforma",
        "cep": "40717-180",
        "telefone": "3392-2276",
        "foto_thumb": "http://www.terreiros.ceao.ufba.br/_FT/pq/598.jpg",
        "foto_grande": "http://www.terreiros.ceao.ufba.br/_FT/gd/598.jpg"
      }
    },
    {
      "type": "Feature",
      "geometry": {
        "type": "Point",
        "coordinates": [
          -38.4730608289848,
          -12.9029036014033
        ]
      },
      "properties": {
        "id": "599",
        "nome": "Daminikongo Muende de Umzambe",
        "lideranca": "Leônidas Leandro Mota",
        "nacao": "Angola",
        "ano_fundacao": "1997",
        "regente": "Ogum de Lei",
        "bairro": "Fazenda Grande III",
        "cep": "41345-100",
        "telefone": "3494-1354/ 3235-0500/ 8881-9783",
        "foto_thumb": "http://www.terreiros.ceao.ufba.br/_FT/pq/599.jpg",
        "foto_grande": "http://www.terreiros.ceao.ufba.br/_FT/gd/599.jpg"
      }
    },
    {
      "type": "Feature",
      "geometry": {
        "type": "Point",
        "coordinates": [
          -38.5109610351837,
          -12.9963647044811
        ]
      },
      "properties": {
        "id": "600",
        "nome": "Ilê Axé Odé Bomim",
        "lideranca": "Ana Cristina dos Santos Cerqueira",
        "nacao": "Keto",
        "ano_fundacao": "1975",
        "regente": "Oxossi e Obaluaê",
        "bairro": "São Gonçalo",
        "endereco": "Rua São Carlos, 73-E",
        "cep": "41190-130",
        "telefone": "3433-1061",
        "foto_thumb": "http://www.terreiros.ceao.ufba.br/_FT/pq/600.jpg",
        "foto_grande": "http://www.terreiros.ceao.ufba.br/_FT/gd/600.jpg"
      }
    },
    {
      "type": "Feature",
      "geometry": {
        "type": "Point",
        "coordinates": [
          -38.4636853694944,
          -12.9489515331453
        ]
      },
      "properties": {
        "id": "601",
        "nome": "Centro de Caboclo Sultão das Matas",
        "lideranca": "Maria Conceição Souza dos Santos Costa",
        "nacao": "Caboclo Jêje",
        "ano_fundacao": "1989",
        "regente": "Caboclo Sultão das Matas",
        "bairro": "São Gonçalo",
        "endereco": "Rua Boa Esperança, 231 E casa",
        "cep": "41185-010",
        "telefone": "3494-7908",
        "foto_thumb": "http://www.terreiros.ceao.ufba.br/_FT/pq/601.jpg",
        "foto_grande": "http://www.terreiros.ceao.ufba.br/_FT/gd/601.jpg"
      }
    },
    {
      "type": "Feature",
      "geometry": {
        "type": "Point",
        "coordinates": [
          -38.4623004238834,
          -12.9516402599984
        ]
      },
      "properties": {
        "id": "602",
        "nome": "Terreiro de Oxum",
        "lideranca": "Vitória Maria de Oliveria",
        "nacao": "Keto",
        "ano_fundacao": "1996",
        "regente": "Oxum",
        "bairro": "Curuzu",
        "endereco": "1ª Trav. do Progresso, 62",
        "cep": "40365-310",
        "telefone": "3252-1193",
        "foto_thumb": "http://www.terreiros.ceao.ufba.br/_FT/pq/602.jpg",
        "foto_grande": "http://www.terreiros.ceao.ufba.br/_FT/gd/602.jpg"
      }
    },
    {
      "type": "Feature",
      "geometry": {
        "type": "Point",
        "coordinates": [
          -38.4847820105606,
          -12.9451435530474
        ]
      },
      "properties": {
        "id": "603",
        "nome": "Centro Mensageiro da Paz",
        "lideranca": "Maria de Lourdes Alves",
        "nacao": "Não informado",
        "ano_fundacao": "1986",
        "regente": "Caboclo Sultão das Matas",
        "bairro": "Cabula",
        "cep": "41185-130",
        "telefone": "3384-0557",
        "foto_thumb": "http://www.terreiros.ceao.ufba.br/_FT/pq/603.jpg",
        "foto_grande": "http://www.terreiros.ceao.ufba.br/_FT/gd/603.jpg"
      }
    },
    {
      "type": "Feature",
      "geometry": {
        "type": "Point",
        "coordinates": [
          -38.468020374499,
          -12.9524417029041
        ]
      },
      "properties": {
        "id": "604",
        "nome": "Unzó Kunã Lembên'kossi",
        "lideranca": "Flor de Lis Carvalho C. Santos",
        "nacao": "Angola",
        "ano_fundacao": "1989",
        "regente": "Ogum",
        "bairro": "São Caetano",
        "cep": "40395-240",
        "telefone": "3259-2624",
        "foto_thumb": "http://www.terreiros.ceao.ufba.br/_FT/pq/604.jpg",
        "foto_grande": "http://www.terreiros.ceao.ufba.br/_FT/gd/604.jpg"
      }
    },
    {
      "type": "Feature",
      "geometry": {
        "type": "Point",
        "coordinates": [
          -38.4870480383434,
          -12.9350629626404
        ]
      },
      "properties": {
        "id": "605",
        "nome": "Ilê Axé Ioromissilá",
        "lideranca": "Wilson Trindade Filho",
        "nacao": "Angola",
        "ano_fundacao": "1996",
        "regente": "Oxum",
        "bairro": "São Caetano",
        "endereco": "Rua 3 de Dezembro, 55",
        "cep": "40381-050",
        "telefone": "3249-1137",
        "foto_thumb": "http://www.terreiros.ceao.ufba.br/_FT/pq/605.jpg",
        "foto_grande": "http://www.terreiros.ceao.ufba.br/_FT/gd/605.jpg"
      }
    },
    {
      "type": "Feature",
      "geometry": {
        "type": "Point",
        "coordinates": [
          -38.4805654653218,
          -12.9275811527451
        ]
      },
      "properties": {
        "id": "606",
        "nome": "Ilê Axé Oyá Sindiá",
        "lideranca": "Maria Altamira Santos",
        "nacao": "Keto",
        "ano_fundacao": "2001",
        "regente": "Iansã",
        "bairro": "Boa Vista de São Caetano",
        "endereco": "3ª Travessa da Independência, s/n",
        "cep": "40387-190",
        "telefone": "3259-5669",
        "foto_thumb": "http://www.terreiros.ceao.ufba.br/_FT/pq/606.jpg",
        "foto_grande": "http://www.terreiros.ceao.ufba.br/_FT/gd/606.jpg"
      }
    },
    {
      "type": "Feature",
      "geometry": {
        "type": "Point",
        "coordinates": [
          -38.4771673466155,
          -12.9227703597722
        ]
      },
      "properties": {
        "id": "607",
        "nome": "Ilê Obá Oxê Lodô",
        "lideranca": "Manuel de Araújo dos Santos",
        "nacao": "Keto",
        "ano_fundacao": "1971",
        "regente": "Xangô",
        "bairro": "Boa Vista de São Caetano",
        "cep": "41250-000",
        "telefone": "3303-6727",
        "foto_thumb": "http://www.terreiros.ceao.ufba.br/_FT/pq/607.jpg",
        "foto_grande": "http://www.terreiros.ceao.ufba.br/_FT/gd/607.jpg"
      }
    },
    {
      "type": "Feature",
      "geometry": {
        "type": "Point",
        "coordinates": [
          -38.4772374586147,
          -12.923302319784
        ]
      },
      "properties": {
        "id": "608",
        "nome": "Ilê Axé Vodu Moquatijauê",
        "lideranca": "Marcio Oliveira dos Santos",
        "nacao": "Keto",
        "ano_fundacao": "1978",
        "regente": "Ogum",
        "bairro": "Boa Vista de São Caetano",
        "endereco": "Rua Raimunda Pinheiro (Alto da B.V.)",
        "cep": "40386-020",
        "telefone": "3303-2427",
        "foto_thumb": "http://www.terreiros.ceao.ufba.br/_FT/pq/608.jpg",
        "foto_grande": "http://www.terreiros.ceao.ufba.br/_FT/gd/608.jpg"
      }
    },
    {
      "type": "Feature",
      "geometry": {
        "type": "Point",
        "coordinates": [
          -38.4790074359,
          -12.9221444664412
        ]
      },
      "properties": {
        "id": "609",
        "nome": "Centro de Umbanda Obaluaiê",
        "lideranca": "Seris Farias da Silva Neto",
        "nacao": "Umbanda",
        "ano_fundacao": "1981",
        "regente": "Obaluaê",
        "bairro": "Boa Vista de São Caetano",
        "endereco": "Rua 22 de Março, 2",
        "cep": "40320-380",
        "telefone": "3259-1228",
        "foto_thumb": "http://www.terreiros.ceao.ufba.br/_FT/pq/609.jpg",
        "foto_grande": "http://www.terreiros.ceao.ufba.br/_FT/gd/609.jpg"
      }
    },
    {
      "type": "Feature",
      "geometry": {
        "type": "Point",
        "coordinates": [
          -38.479281160212,
          -12.9255278238228
        ]
      },
      "properties": {
        "id": "610",
        "nome": "Terreiro de Omolu Ajunzutuntu Qué",
        "lideranca": "Maria Santana Souza",
        "nacao": "Keto",
        "ano_fundacao": "1960",
        "regente": "Obaluaê e Omolu",
        "bairro": "Boa Vista de São Caetano",
        "endereco": "Rua do Abacateiro, 19",
        "cep": "40387-320",
        "telefone": "3304-3642",
        "foto_thumb": "http://www.terreiros.ceao.ufba.br/_FT/pq/610.jpg",
        "foto_grande": "http://www.terreiros.ceao.ufba.br/_FT/gd/610.jpg"
      }
    },
    {
      "type": "Feature",
      "geometry": {
        "type": "Point",
        "coordinates": [
          -38.4796720624721,
          -12.9240149644983
        ]
      },
      "properties": {
        "id": "611",
        "nome": "Gimboleci",
        "lideranca": "Sérgio Antônio Pereira Gomes",
        "nacao": "Keto",
        "ano_fundacao": "1974",
        "regente": "Padilha",
        "bairro": "Boa Vista de São Caetano",
        "cep": "40387-030",
        "telefone": "3259-3838",
        "foto_thumb": "http://www.terreiros.ceao.ufba.br/_FT/pq/611.jpg",
        "foto_grande": "http://www.terreiros.ceao.ufba.br/_FT/gd/611.jpg"
      }
    },
    {
      "type": "Feature",
      "geometry": {
        "type": "Point",
        "coordinates": [
          -38.4775618774897,
          -12.9257655952679
        ]
      },
      "properties": {
        "id": "612",
        "nome": "Inkosse Lembá Diunzambi",
        "lideranca": "Hélio Rangel Filho",
        "nacao": "Angola",
        "ano_fundacao": "1994",
        "regente": "Ogum",
        "bairro": "São Caetano",
        "cep": "41395-240",
        "telefone": "3303-4213",
        "foto_thumb": "http://www.terreiros.ceao.ufba.br/_FT/pq/612.jpg",
        "foto_grande": "http://www.terreiros.ceao.ufba.br/_FT/gd/612.jpg"
      }
    },
    {
      "type": "Feature",
      "geometry": {
        "type": "Point",
        "coordinates": [
          -38.4869695280998,
          -12.9350450617831
        ]
      },
      "properties": {
        "id": "613",
        "nome": "Terreiro de Caboclo",
        "lideranca": "Genivaldo Persa Leite",
        "nacao": "Keto",
        "ano_fundacao": "0",
        "regente": "Iemanjá",
        "bairro": "Boa Vista de São Caetano",
        "endereco": "Rua da Alegria",
        "cep": "40387-030",
        "telefone": "3259-5251",
        "foto_thumb": "http://www.terreiros.ceao.ufba.br/_FT/pq/613.jpg",
        "foto_grande": "http://www.terreiros.ceao.ufba.br/_FT/gd/613.jpg"
      }
    },
    {
      "type": "Feature",
      "geometry": {
        "type": "Point",
        "coordinates": [
          -38.4782577653744,
          -12.9231534073519
        ]
      },
      "properties": {
        "id": "614",
        "nome": "Ilê Axé Idan Tenemim",
        "lideranca": "Maria Ângela Oliveira de Jesus",
        "nacao": "Jêje",
        "ano_fundacao": "1988",
        "regente": "Oxumaré",
        "bairro": "Curuzu",
        "endereco": "1ª Trav. da Vila Operaria, 27",
        "cep": "40365-805",
        "telefone": "3388-6213",
        "foto_thumb": "http://www.terreiros.ceao.ufba.br/_FT/pq/614.jpg",
        "foto_grande": "http://www.terreiros.ceao.ufba.br/_FT/gd/614.jpg"
      }
    },
    {
      "type": "Feature",
      "geometry": {
        "type": "Point",
        "coordinates": [
          -38.486988176592,
          -12.9466028596589
        ]
      },
      "properties": {
        "id": "615",
        "nome": "Ilê Axé Oni Ozoani",
        "lideranca": "Eliana de Souza Oliveira",
        "nacao": "Keto",
        "ano_fundacao": "1996",
        "regente": "Omolu e Oxum",
        "bairro": "Curuzu",
        "endereco": "1ª Trav. da Vila Operaria, 19",
        "cep": "40365-805",
        "telefone": "3256-3350",
        "foto_thumb": "http://www.terreiros.ceao.ufba.br/_FT/pq/615.jpg",
        "foto_grande": "http://www.terreiros.ceao.ufba.br/_FT/gd/615.jpg"
      }
    },
    {
      "type": "Feature",
      "geometry": {
        "type": "Point",
        "coordinates": [
          -38.4870785732639,
          -12.946796105148
        ]
      },
      "properties": {
        "id": "616",
        "nome": "não informado",
        "lideranca": "Sonia Teixeira",
        "nacao": "Keto",
        "ano_fundacao": "2000",
        "regente": "Oxum",
        "bairro": "Curuzu",
        "endereco": "Rua Bráulio Pereira, 10",
        "cep": "40365-000",
        "telefone": "3242-2055/ 9171-2121",
        "foto_thumb": "http://www.terreiros.ceao.ufba.br/_FT/pq/616.jpg",
        "foto_grande": "http://www.terreiros.ceao.ufba.br/_FT/gd/616.jpg"
      }
    },
    {
      "type": "Feature",
      "geometry": {
        "type": "Point",
        "coordinates": [
          -38.4873442944143,
          -12.9475526556028
        ]
      },
      "properties": {
        "id": "617",
        "nome": "Vodun Zó",
        "lideranca": "Amilton Sacramento Costa",
        "nacao": "Jêje Savalu",
        "ano_fundacao": "1971",
        "regente": "Sogbó e Oiá",
        "bairro": "Liberdade",
        "endereco": "Rua do Curuzu, 222, Vila Braulino",
        "cep": "40366-110",
        "telefone": "3256-1367",
        "foto_thumb": "http://www.terreiros.ceao.ufba.br/_FT/pq/617.jpg",
        "foto_grande": "http://www.terreiros.ceao.ufba.br/_FT/gd/617.jpg"
      }
    },
    {
      "type": "Feature",
      "geometry": {
        "type": "Point",
        "coordinates": [
          -38.4866533372159,
          -12.9432788904312
        ]
      },
      "properties": {
        "id": "618",
        "nome": "Lambu Así",
        "lideranca": "Terezinha de Santana da Silva",
        "nacao": "Keto",
        "ano_fundacao": "1960",
        "regente": "Oxumaré",
        "bairro": "Curuzu",
        "endereco": "Rua Trav. Adelino Santos, 11, casa 2",
        "cep": "40365-780",
        "telefone": "3388-1753",
        "foto_thumb": "http://www.terreiros.ceao.ufba.br/_FT/pq/618.jpg",
        "foto_grande": "http://www.terreiros.ceao.ufba.br/_FT/gd/618.jpg"
      }
    },
    {
      "type": "Feature",
      "geometry": {
        "type": "Point",
        "coordinates": [
          -38.4882192449553,
          -12.9480873716569
        ]
      },
      "properties": {
        "id": "619",
        "nome": "Ilê Axé Omim Toyá",
        "lideranca": "Regina Souza Santos",
        "nacao": "Keto",
        "ano_fundacao": "1985",
        "regente": "Iansã",
        "bairro": "Águas Claras",
        "endereco": "Rua Ulisses Guimarães, 04",
        "telefone": "3309-8059",
        "foto_thumb": "http://www.terreiros.ceao.ufba.br/_FT/pq/619.jpg",
        "foto_grande": "http://www.terreiros.ceao.ufba.br/_FT/gd/619.jpg"
      }
    },
    {
      "type": "Feature",
      "geometry": {
        "type": "Point",
        "coordinates": [
          -38.4268006330921,
          -12.8802853415192
        ]
      },
      "properties": {
        "id": "620",
        "nome": "Terreiro de Imbanzãngola",
        "lideranca": "Apolonia Gomes",
        "nacao": "Angola",
        "ano_fundacao": "1946",
        "regente": "Iemanjá",
        "bairro": "Águas Claras",
        "endereco": "Rua Benedito Jenkis , 465",
        "cep": "41310-270",
        "telefone": "3395-7594",
        "foto_thumb": "http://www.terreiros.ceao.ufba.br/_FT/pq/620.jpg",
        "foto_grande": "http://www.terreiros.ceao.ufba.br/_FT/gd/620.jpg"
      }
    },
    {
      "type": "Feature",
      "geometry": {
        "type": "Point",
        "coordinates": [
          -38.4350358703882,
          -12.8940998394335
        ]
      },
      "properties": {
        "id": "621",
        "nome": "Ilê Axé Odé Lua Demim",
        "lideranca": "Josenilson Silva dos Santos",
        "nacao": "Keto",
        "ano_fundacao": "1984",
        "regente": "Oxóssi",
        "bairro": "Valéria",
        "endereco": "Rua Boca da Mata, 20",
        "cep": "41300-460",
        "telefone": "3301-4673",
        "foto_thumb": "http://www.terreiros.ceao.ufba.br/_FT/pq/621.jpg",
        "foto_grande": "http://www.terreiros.ceao.ufba.br/_FT/gd/621.jpg"
      }
    },
    {
      "type": "Feature",
      "geometry": {
        "type": "Point",
        "coordinates": [
          -38.4346390842502,
          -12.8665456129129
        ]
      },
      "properties": {
        "id": "622",
        "nome": "Ilê Omi Oro",
        "lideranca": "Raimundo Souza",
        "nacao": "Jêje",
        "ano_fundacao": "1993",
        "regente": "Oxum",
        "bairro": "Valéria",
        "endereco": "Rua Agnaldo Leite, 17",
        "cep": "41300-040",
        "telefone": "9991-5779",
        "foto_thumb": "http://www.terreiros.ceao.ufba.br/_FT/pq/622.jpg",
        "foto_grande": "http://www.terreiros.ceao.ufba.br/_FT/gd/622.jpg"
      }
    },
    {
      "type": "Feature",
      "geometry": {
        "type": "Point",
        "coordinates": [
          -38.4321214045607,
          -12.8773065547179
        ]
      },
      "properties": {
        "id": "623",
        "nome": "Ilê Axé Aira",
        "lideranca": "Ubiraci Assis dos Santos",
        "nacao": "Keto",
        "ano_fundacao": "1987",
        "regente": "Xangô",
        "bairro": "Águas Claras",
        "endereco": "Rua Benedito Jenkis , 553",
        "cep": "41310-270",
        "telefone": "3309-0176",
        "foto_thumb": "http://www.terreiros.ceao.ufba.br/_FT/pq/623.jpg",
        "foto_grande": "http://www.terreiros.ceao.ufba.br/_FT/gd/623.jpg"
      }
    },
    {
      "type": "Feature",
      "geometry": {
        "type": "Point",
        "coordinates": [
          -38.4336434113355,
          -12.8986292284342
        ]
      },
      "properties": {
        "id": "624",
        "nome": "Ilê Axé Delê Osi",
        "lideranca": "Éster Ferreira de Araújo",
        "nacao": "Keto",
        "ano_fundacao": "1998",
        "regente": "Iemanjá e Ogum",
        "bairro": "Plataforma",
        "endereco": "Rua Jaime Vieira Lima, 114",
        "cep": "40490-005",
        "telefone": "3398-0827",
        "foto_thumb": "http://www.terreiros.ceao.ufba.br/_FT/pq/624.jpg",
        "foto_grande": "http://www.terreiros.ceao.ufba.br/_FT/gd/624.jpg"
      }
    },
    {
      "type": "Feature",
      "geometry": {
        "type": "Point",
        "coordinates": [
          -38.4777439525746,
          -12.9022380940194
        ]
      },
      "properties": {
        "id": "625",
        "nome": "Terreiro Tumbangola",
        "lideranca": "Marlene Ribeiro Ferreira",
        "nacao": "Angola",
        "ano_fundacao": "1970",
        "regente": "Iansã",
        "bairro": "Plataforma",
        "cep": "40490-005",
        "telefone": "não tem",
        "foto_thumb": "http://www.terreiros.ceao.ufba.br/_FT/pq/625.jpg",
        "foto_grande": "http://www.terreiros.ceao.ufba.br/_FT/gd/625.jpg"
      }
    },
    {
      "type": "Feature",
      "geometry": {
        "type": "Point",
        "coordinates": [
          -38.4781701051711,
          -12.9030900399001
        ]
      },
      "properties": {
        "id": "626",
        "nome": "Ilê Axé Ogõdossi/ Casa de Xangô",
        "lideranca": "Berenice Teixeira Santos",
        "nacao": "Keto",
        "ano_fundacao": "1946",
        "regente": "Xangô",
        "bairro": "Plataforma",
        "endereco": "Rua Jaime Vieira Lima, 20",
        "cep": "40490-005",
        "telefone": "3401-6905",
        "foto_thumb": "http://www.terreiros.ceao.ufba.br/_FT/pq/626.jpg",
        "foto_grande": "http://www.terreiros.ceao.ufba.br/_FT/gd/626.jpg"
      }
    },
    {
      "type": "Feature",
      "geometry": {
        "type": "Point",
        "coordinates": [
          -38.4777611815256,
          -12.9043431873
        ]
      },
      "properties": {
        "id": "627",
        "nome": "Ilê Axé Korôdewá",
        "lideranca": "Zenilze Costa Pires",
        "nacao": "Keto",
        "ano_fundacao": "1994",
        "regente": "Oxum",
        "bairro": "Plataforma",
        "cep": "40717-170",
        "telefone": "3398-0296",
        "foto_thumb": "http://www.terreiros.ceao.ufba.br/_FT/pq/627.jpg",
        "foto_grande": "http://www.terreiros.ceao.ufba.br/_FT/gd/627.jpg"
      }
    },
    {
      "type": "Feature",
      "geometry": {
        "type": "Point",
        "coordinates": [
          -38.4782125145751,
          -12.9022904568963
        ]
      },
      "properties": {
        "id": "628",
        "nome": "Ilê Axé Ajunssum Benoy",
        "lideranca": "Lomanto de Jesus Silva",
        "nacao": "Keto",
        "ano_fundacao": "1996",
        "regente": "Obaluaê",
        "bairro": "Plataforma",
        "endereco": "Rua 19 de março, s/n",
        "cep": "40490-188",
        "telefone": "3401-0777",
        "foto_thumb": "http://www.terreiros.ceao.ufba.br/_FT/pq/628.jpg",
        "foto_grande": "http://www.terreiros.ceao.ufba.br/_FT/gd/628.jpg"
      }
    },
    {
      "type": "Feature",
      "geometry": {
        "type": "Point",
        "coordinates": [
          -38.4763243772604,
          -12.9003195775933
        ]
      },
      "properties": {
        "id": "630",
        "nome": "Centro de Caboclo Boiadeiro",
        "lideranca": "Felicia Pereira dos Santos",
        "nacao": "Angola",
        "ano_fundacao": "1986",
        "regente": "Xangô",
        "bairro": "Periperi",
        "endereco": "Rua Gravatá, 22",
        "cep": "40720-010",
        "telefone": "8714-6134",
        "foto_thumb": "http://www.terreiros.ceao.ufba.br/_FT/pq/630.jpg",
        "foto_grande": "http://www.terreiros.ceao.ufba.br/_FT/gd/630.jpg"
      }
    },
    {
      "type": "Feature",
      "geometry": {
        "type": "Point",
        "coordinates": [
          -38.4733714957423,
          -12.8629325599667
        ]
      },
      "properties": {
        "id": "631",
        "nome": "Terreiro de Umbanda",
        "lideranca": "Ana Maria Ferreira de Jesus",
        "nacao": "Ijexá",
        "ano_fundacao": "1977",
        "regente": "não informado",
        "bairro": "Praia Grande",
        "endereco": "Rua Belo Horizonte, 954",
        "cep": "40725-130",
        "telefone": "3521-3328",
        "foto_thumb": "http://www.terreiros.ceao.ufba.br/_FT/pq/631.jpg",
        "foto_grande": "http://www.terreiros.ceao.ufba.br/_FT/gd/631.jpg"
      }
    },
    {
      "type": "Feature",
      "geometry": {
        "type": "Point",
        "coordinates": [
          -38.4725537842384,
          -12.8726386004894
        ]
      },
      "properties": {
        "id": "633",
        "nome": "Centro de Caboclo Rei das Ervas",
        "lideranca": "Elisabete Santiago Rabelo",
        "nacao": "Angola",
        "ano_fundacao": "1972",
        "regente": "Iemanjá",
        "bairro": "Periperi",
        "endereco": "Rua Rosalvo Barbosa Romeu, 13",
        "cep": "40720-550",
        "telefone": "3308-3100",
        "foto_thumb": "http://www.terreiros.ceao.ufba.br/_FT/pq/633.jpg",
        "foto_grande": "http://www.terreiros.ceao.ufba.br/_FT/gd/633.jpg"
      }
    },
    {
      "type": "Feature",
      "geometry": {
        "type": "Point",
        "coordinates": [
          -38.4729666348539,
          -12.8685677835393
        ]
      },
      "properties": {
        "id": "634",
        "nome": "Ilê Axé Omo Godoci",
        "lideranca": "Edmilson Ramos de Jesus",
        "nacao": "Keto",
        "ano_fundacao": "1995",
        "regente": "Xangô",
        "bairro": "Marechal Rondom",
        "endereco": "Rua Lígia Maria, 24 E",
        "cep": "41280-670",
        "telefone": "3211-5205",
        "foto_thumb": "http://www.terreiros.ceao.ufba.br/_FT/pq/634.jpg",
        "foto_grande": "http://www.terreiros.ceao.ufba.br/_FT/gd/634.jpg"
      }
    },
    {
      "type": "Feature",
      "geometry": {
        "type": "Point",
        "coordinates": [
          -38.4715969385205,
          -12.9104473854898
        ]
      },
      "properties": {
        "id": "635",
        "nome": "Ilê Axé Ogum Meuã",
        "lideranca": "Jucimar Sampaio Barbosa",
        "nacao": "Keto",
        "ano_fundacao": "1999",
        "regente": "Ogunjá",
        "bairro": "Marechal Rondom",
        "endereco": "Rua Itajaí, 87",
        "cep": "41280-280",
        "telefone": "3246-4797/ 3239-5788",
        "foto_thumb": "http://www.terreiros.ceao.ufba.br/_FT/pq/635.jpg",
        "foto_grande": "http://www.terreiros.ceao.ufba.br/_FT/gd/635.jpg"
      }
    },
    {
      "type": "Feature",
      "geometry": {
        "type": "Point",
        "coordinates": [
          -38.4679960777484,
          -12.9150325989579
        ]
      },
      "properties": {
        "id": "637",
        "nome": "Ilê Axé Ogum Lonã",
        "lideranca": "Albertina dos Santos Carvalho",
        "nacao": "Keto",
        "ano_fundacao": "1939",
        "regente": "Exu",
        "bairro": "Marechal Rondom",
        "endereco": "Rua Vicente Celestino, 21C",
        "cep": "41280-000",
        "telefone": "3391-0619",
        "foto_thumb": "http://www.terreiros.ceao.ufba.br/_FT/pq/637.jpg",
        "foto_grande": "http://www.terreiros.ceao.ufba.br/_FT/gd/637.jpg"
      }
    },
    {
      "type": "Feature",
      "geometry": {
        "type": "Point",
        "coordinates": [
          -38.4701865958143,
          -12.9141255085277
        ]
      },
      "properties": {
        "id": "639",
        "nome": "Ylê Axé Oiá Dejé",
        "lideranca": "Maria José Pereira Ribeiro",
        "nacao": "Keto",
        "ano_fundacao": "1991",
        "regente": "Iansã",
        "bairro": "Paripe",
        "endereco": "Rua Egito, 8E",
        "telefone": "3521-1062/ 3217-5497",
        "foto_thumb": "http://www.terreiros.ceao.ufba.br/_FT/pq/639.jpg",
        "foto_grande": "http://www.terreiros.ceao.ufba.br/_FT/gd/639.jpg"
      }
    },
    {
      "type": "Feature",
      "geometry": {
        "type": "Point",
        "coordinates": [
          -38.4694988660463,
          -12.827269882368
        ]
      },
      "properties": {
        "id": "640",
        "nome": "Ylê Axé Ogodogê",
        "lideranca": "Guilherme F. Bispo",
        "nacao": "Keto",
        "ano_fundacao": "1990",
        "regente": "Xangõ",
        "bairro": "São Tomé de Paripe",
        "endereco": "Rua Juruna , 12",
        "cep": "40800-180",
        "telefone": "3394-8184/ 9966-6506",
        "foto_thumb": "http://www.terreiros.ceao.ufba.br/_FT/pq/640.jpg",
        "foto_grande": "http://www.terreiros.ceao.ufba.br/_FT/gd/640.jpg"
      }
    },
    {
      "type": "Feature",
      "geometry": {
        "type": "Point",
        "coordinates": [
          -38.4796412131775,
          -12.8206065773177
        ]
      },
      "properties": {
        "id": "641",
        "nome": "Ylê Axé Logemin",
        "lideranca": "Wilson Silva Santos",
        "nacao": "Keto Jêje",
        "ano_fundacao": "1983",
        "regente": "Logunedé",
        "bairro": "São Tome de Paripe",
        "endereco": "Rua Juruna , 48 E",
        "cep": "40800-180",
        "telefone": "3394-8175",
        "foto_thumb": "http://www.terreiros.ceao.ufba.br/_FT/pq/641.jpg",
        "foto_grande": "http://www.terreiros.ceao.ufba.br/_FT/gd/641.jpg"
      }
    },
    {
      "type": "Feature",
      "geometry": {
        "type": "Point",
        "coordinates": [
          -38.4797779042973,
          -12.8206044091512
        ]
      },
      "properties": {
        "id": "642",
        "nome": "Ylê Axé Ibá Omin Lufã",
        "lideranca": "Carlos Antonio dos Santos",
        "nacao": "Keto",
        "ano_fundacao": "2003",
        "regente": "Oxalá",
        "bairro": "São Tomé de Paripe",
        "endereco": "Rua Marilys, 69",
        "cep": "40800-176",
        "telefone": "3307-1579",
        "foto_thumb": "http://www.terreiros.ceao.ufba.br/_FT/pq/642.jpg",
        "foto_grande": "http://www.terreiros.ceao.ufba.br/_FT/gd/642.jpg"
      }
    },
    {
      "type": "Feature",
      "geometry": {
        "type": "Point",
        "coordinates": [
          -38.4748525401827,
          -12.8208920376737
        ]
      },
      "properties": {
        "id": "643",
        "nome": "Ylê Axé de Obaluaê",
        "lideranca": "Hilda Silva Pereira",
        "nacao": "Keto",
        "ano_fundacao": "1956",
        "regente": "Obaluaê",
        "bairro": "Alto de Coutos",
        "endereco": "Rua Mangaratiba , 45 E",
        "cep": "40760-030",
        "telefone": "3397-2746",
        "foto_thumb": "http://www.terreiros.ceao.ufba.br/_FT/pq/643.jpg",
        "foto_grande": "http://www.terreiros.ceao.ufba.br/_FT/gd/643.jpg"
      }
    },
    {
      "type": "Feature",
      "geometry": {
        "type": "Point",
        "coordinates": [
          -38.4638143846645,
          -12.8538198278363
        ]
      },
      "properties": {
        "id": "644",
        "nome": "Kunzó Tateto Kimbongo Pongo Nuelo",
        "lideranca": "José Simplicio Lubarina (Kafila Panzo)",
        "nacao": "Angola",
        "ano_fundacao": "1933",
        "regente": "Panzo",
        "bairro": "São Marcos",
        "endereco": "Rua Conj. ACM, Quadra11, 329",
        "cep": "41195-010",
        "telefone": "3393-7056",
        "foto_thumb": "http://www.terreiros.ceao.ufba.br/_FT/pq/644.jpg",
        "foto_grande": "http://www.terreiros.ceao.ufba.br/_FT/gd/644.jpg"
      }
    },
    {
      "type": "Feature",
      "geometry": {
        "type": "Point",
        "coordinates": [
          -38.4377299979321,
          -12.9232418846045
        ]
      },
      "properties": {
        "id": "645",
        "nome": "Ilê Axé Siredemin",
        "lideranca": "João Bonfim S. Menezes",
        "nacao": "Keto",
        "ano_fundacao": "1986",
        "regente": "Logunedé",
        "bairro": "São Marcos",
        "cep": "41253-530",
        "telefone": "3213-6792",
        "foto_thumb": "http://www.terreiros.ceao.ufba.br/_FT/pq/645.jpg",
        "foto_grande": "http://www.terreiros.ceao.ufba.br/_FT/gd/645.jpg"
      }
    },
    {
      "type": "Feature",
      "geometry": {
        "type": "Point",
        "coordinates": [
          -38.4379967805229,
          -12.9223309475791
        ]
      },
      "properties": {
        "id": "646",
        "nome": "Ilê Axé Ewue Titum",
        "lideranca": "Edival Andrade dos Santos",
        "nacao": "Keto",
        "ano_fundacao": "1994",
        "regente": "Ossaim",
        "bairro": "São Marcos",
        "cep": "41250-900",
        "telefone": "3409-2059",
        "foto_thumb": "http://www.terreiros.ceao.ufba.br/_FT/pq/646.jpg",
        "foto_grande": "http://www.terreiros.ceao.ufba.br/_FT/gd/646.jpg"
      }
    },
    {
      "type": "Feature",
      "geometry": {
        "type": "Point",
        "coordinates": [
          -38.4328760920281,
          -12.9275008970839
        ]
      },
      "properties": {
        "id": "647",
        "nome": "Ilê Axé Faromi",
        "lideranca": "Léo Mário Ferreira Santos",
        "nacao": "Keto",
        "ano_fundacao": "2006",
        "regente": "Logunedé",
        "bairro": "São Marcos",
        "endereco": "Rua da Redenção, 14E",
        "cep": "41247-080",
        "telefone": "8838-2005",
        "foto_thumb": "http://www.terreiros.ceao.ufba.br/_FT/pq/647.jpg",
        "foto_grande": "http://www.terreiros.ceao.ufba.br/_FT/gd/647.jpg"
      }
    },
    {
      "type": "Feature",
      "geometry": {
        "type": "Point",
        "coordinates": [
          -38.4419013983628,
          -12.9227281091716
        ]
      },
      "properties": {
        "id": "648",
        "nome": "Terreiro Ajamura Undé",
        "lideranca": "Jose Honorino Santana de Almeida",
        "nacao": "Angola",
        "ano_fundacao": "1986",
        "regente": "Ogum",
        "bairro": "São Marcos",
        "cep": "41250-280",
        "telefone": "3213-8271",
        "foto_thumb": "http://www.terreiros.ceao.ufba.br/_FT/pq/648.jpg",
        "foto_grande": "http://www.terreiros.ceao.ufba.br/_FT/gd/648.jpg"
      }
    },
    {
      "type": "Feature",
      "geometry": {
        "type": "Point",
        "coordinates": [
          -38.4314441501016,
          -12.9201347720857
        ]
      },
      "properties": {
        "id": "649",
        "nome": "Mansu Ungurucemavulu",
        "lideranca": "Lindinalva Lucia da Conceição",
        "nacao": "Angola",
        "ano_fundacao": "2000",
        "regente": "Iansã",
        "bairro": "São Marcos",
        "endereco": "Rua João Melo Santos, 05, Fundo",
        "cep": "41250-300",
        "telefone": "3393-4313",
        "foto_thumb": "http://www.terreiros.ceao.ufba.br/_FT/pq/649.jpg",
        "foto_grande": "http://www.terreiros.ceao.ufba.br/_FT/gd/649.jpg"
      }
    },
    {
      "type": "Feature",
      "geometry": {
        "type": "Point",
        "coordinates": [
          -38.4328309838168,
          -12.9245890014346
        ]
      },
      "properties": {
        "id": "650",
        "nome": "Terreiro Euká te Espero",
        "lideranca": "Angélica M. Lima Batista",
        "nacao": "Keto",
        "ano_fundacao": "1958",
        "regente": "Xangô, Oxum e Obaluaê",
        "bairro": "Lobato",
        "endereco": "Rua Monteiro Lobato, 164",
        "cep": "40470-100",
        "telefone": "3246-8013",
        "foto_thumb": "http://www.terreiros.ceao.ufba.br/_FT/pq/650.jpg",
        "foto_grande": "http://www.terreiros.ceao.ufba.br/_FT/gd/650.jpg"
      }
    },
    {
      "type": "Feature",
      "geometry": {
        "type": "Point",
        "coordinates": [
          -38.4813059585924,
          -12.9145938651785
        ]
      },
      "properties": {
        "id": "651",
        "nome": "Ilê Axé Tundemin",
        "lideranca": "Fernando Rosa de Jesus",
        "nacao": "Ijexá",
        "ano_fundacao": "1984",
        "regente": "Oxum",
        "bairro": "Lobato",
        "cep": "40470-740",
        "telefone": "3392-9934",
        "foto_thumb": "http://www.terreiros.ceao.ufba.br/_FT/pq/651.jpg",
        "foto_grande": "http://www.terreiros.ceao.ufba.br/_FT/gd/651.jpg"
      }
    },
    {
      "type": "Feature",
      "geometry": {
        "type": "Point",
        "coordinates": [
          -38.4775529890309,
          -12.9084979129437
        ]
      },
      "properties": {
        "id": "652",
        "nome": "Ilê Axè Azuani",
        "lideranca": "Marizete da Cruz Silva",
        "nacao": "Keto",
        "ano_fundacao": "1980",
        "regente": "Obaluaê",
        "bairro": "Alto do Cabrito",
        "endereco": "Rua São João",
        "telefone": "3239-0030",
        "foto_thumb": "http://www.terreiros.ceao.ufba.br/_FT/pq/652.jpg",
        "foto_grande": "http://www.terreiros.ceao.ufba.br/_FT/gd/652.jpg"
      }
    },
    {
      "type": "Feature",
      "geometry": {
        "type": "Point",
        "coordinates": [
          -38.4772811046664,
          -12.9128541835988
        ]
      },
      "properties": {
        "id": "653",
        "nome": "Terreiro Yunsum",
        "lideranca": "Sônia Maria dos Santos Reis",
        "nacao": "Keto",
        "ano_fundacao": "1961",
        "regente": "Ogum",
        "bairro": "Alto do Cabrito",
        "endereco": "Rua Praça do Cabrito , 102-E",
        "cep": "40480-470",
        "telefone": "3211-2614",
        "foto_thumb": "http://www.terreiros.ceao.ufba.br/_FT/pq/653.jpg",
        "foto_grande": "http://www.terreiros.ceao.ufba.br/_FT/gd/653.jpg"
      }
    },
    {
      "type": "Feature",
      "geometry": {
        "type": "Point",
        "coordinates": [
          -38.4767783965596,
          -12.9118072266982
        ]
      },
      "properties": {
        "id": "654",
        "nome": "Terreiro de Oxumaré",
        "lideranca": "Antônio José Viana de Carvalho",
        "nacao": "Jêje",
        "ano_fundacao": "1969",
        "regente": "Oxumaré",
        "bairro": "Alto do Cabrito",
        "endereco": "Rua Praça do Cabrito , 142",
        "cep": "40470-480",
        "telefone": "3239-7344",
        "foto_thumb": "http://www.terreiros.ceao.ufba.br/_FT/pq/654.jpg",
        "foto_grande": "http://www.terreiros.ceao.ufba.br/_FT/gd/654.jpg"
      }
    },
    {
      "type": "Feature",
      "geometry": {
        "type": "Point",
        "coordinates": [
          -38.4764239124742,
          -12.9119026077437
        ]
      },
      "properties": {
        "id": "655",
        "nome": "Ilê Axé",
        "lideranca": "Idalina Paraguaçu Peres",
        "nacao": "Angola",
        "ano_fundacao": "2002",
        "regente": "Xangô",
        "bairro": "Paripe",
        "endereco": "Rua Juruna, 10E",
        "cep": "40800-180",
        "telefone": "não tem",
        "foto_thumb": "http://www.terreiros.ceao.ufba.br/_FT/pq/655.jpg",
        "foto_grande": "http://www.terreiros.ceao.ufba.br/_FT/gd/655.jpg"
      }
    },
    {
      "type": "Feature",
      "geometry": {
        "type": "Point",
        "coordinates": [
          -38.4816039466536,
          -12.8194397907391
        ]
      },
      "properties": {
        "id": "656",
        "nome": "Ilê Axé Cubalé de Oyá",
        "lideranca": "Noélia Cabral Antunes",
        "nacao": "Keto",
        "ano_fundacao": "1981",
        "regente": "Oiá",
        "bairro": "Lobato",
        "cep": "40470-380",
        "telefone": "3392-0279",
        "foto_thumb": "http://www.terreiros.ceao.ufba.br/_FT/pq/656.jpg",
        "foto_grande": "http://www.terreiros.ceao.ufba.br/_FT/gd/656.jpg"
      }
    },
    {
      "type": "Feature",
      "geometry": {
        "type": "Point",
        "coordinates": [
          -38.4969049521097,
          -12.9206526381351
        ]
      },
      "properties": {
        "id": "657",
        "nome": "Ylê Axé Ominarê",
        "lideranca": "Alba Santos Oliveira",
        "nacao": "Keto",
        "ano_fundacao": "1997",
        "regente": "Oxum",
        "bairro": "São Tomé de Paripe",
        "endereco": "Rua Corredor da Base, 25",
        "telefone": "3394-8267",
        "foto_thumb": "http://www.terreiros.ceao.ufba.br/_FT/pq/657.jpg",
        "foto_grande": "http://www.terreiros.ceao.ufba.br/_FT/gd/657.jpg"
      }
    },
    {
      "type": "Feature",
      "geometry": {
        "type": "Point",
        "coordinates": [
          -38.4835722469953,
          -12.8185692080909
        ]
      },
      "properties": {
        "id": "658",
        "nome": "Ylê Axé Obakinãn",
        "lideranca": "Nivaldo Conceição Bahia Junior",
        "nacao": "Angola",
        "ano_fundacao": "2003",
        "regente": "Oxóssi",
        "bairro": "São Tomé de Paripe",
        "endereco": "Rua Jurema",
        "cep": "40800-260",
        "telefone": "3217-3631"
      }
    },
    {
      "type": "Feature",
      "geometry": {
        "type": "Point",
        "coordinates": [
          -38.4794606373547,
          -12.8203887663305
        ]
      },
      "properties": {
        "id": "659",
        "nome": "Ylê Omin Deleua",
        "lideranca": "Crispiniana F. Conceição",
        "nacao": "Keto",
        "ano_fundacao": "1997",
        "regente": "Oxum",
        "bairro": "Paripe",
        "endereco": "Rua São José",
        "cep": "40810-720",
        "telefone": "3307-0340/ 4856",
        "foto_thumb": "http://www.terreiros.ceao.ufba.br/_FT/pq/659.jpg",
        "foto_grande": "http://www.terreiros.ceao.ufba.br/_FT/gd/659.jpg"
      }
    },
    {
      "type": "Feature",
      "geometry": {
        "type": "Point",
        "coordinates": [
          -38.4823501872068,
          -12.8214295129685
        ]
      },
      "properties": {
        "id": "660",
        "nome": "Ylê Axé Omi Ialodê",
        "lideranca": "Nilma Anunciação Silva Guimarães",
        "nacao": "Keto",
        "ano_fundacao": "1990",
        "regente": "Oxum",
        "bairro": "São Tomé de Paripe",
        "cep": "40800-272",
        "telefone": "3394-8183",
        "foto_thumb": "http://www.terreiros.ceao.ufba.br/_FT/pq/660.jpg",
        "foto_grande": "http://www.terreiros.ceao.ufba.br/_FT/gd/660.jpg"
      }
    },
    {
      "type": "Feature",
      "geometry": {
        "type": "Point",
        "coordinates": [
          -38.4841416748454,
          -12.8194853881878
        ]
      },
      "properties": {
        "id": "663",
        "nome": "Ilê Axé Ifãn Adaguegi",
        "lideranca": "Darci Contreiros de Vasconcellos",
        "nacao": "Angola Keto",
        "ano_fundacao": "1977",
        "regente": "Obaluaê",
        "bairro": "Campinas de Pirajá",
        "endereco": "Rua Campinas de Pirajá, 33",
        "cep": "41270-000",
        "telefone": "3391-2378",
        "foto_thumb": "http://www.terreiros.ceao.ufba.br/_FT/pq/663.jpg",
        "foto_grande": "http://www.terreiros.ceao.ufba.br/_FT/gd/663.jpg"
      }
    },
    {
      "type": "Feature",
      "geometry": {
        "type": "Point",
        "coordinates": [
          -38.4648753146714,
          -12.9149945600106
        ]
      },
      "properties": {
        "id": "664",
        "nome": "Não informado",
        "lideranca": "Maria Lucia Bomfim Santos",
        "nacao": "Keto",
        "ano_fundacao": "1986",
        "regente": "Ogum Xeroquê",
        "bairro": "Marechal Rondom",
        "endereco": "Rua Nossa Senhora do Pilar",
        "cep": "41280-740",
        "telefone": "3239-9903",
        "foto_thumb": "http://www.terreiros.ceao.ufba.br/_FT/pq/664.jpg",
        "foto_grande": "http://www.terreiros.ceao.ufba.br/_FT/gd/664.jpg"
      }
    },
    {
      "type": "Feature",
      "geometry": {
        "type": "Point",
        "coordinates": [
          -38.4701665522656,
          -12.9156483349008
        ]
      },
      "properties": {
        "id": "665",
        "nome": "Ilê Axé Ominilê",
        "lideranca": "Otamira de Jesus",
        "nacao": "Keto",
        "ano_fundacao": "1975",
        "regente": "Oxum",
        "bairro": "Campinas de Pirajá",
        "endereco": "Rua Santo Antônio, casa 3 E, Osório Vilas Boas",
        "cep": "41275-168",
        "telefone": "3391-8086/ 8111-1806",
        "foto_thumb": "http://www.terreiros.ceao.ufba.br/_FT/pq/665.jpg",
        "foto_grande": "http://www.terreiros.ceao.ufba.br/_FT/gd/665.jpg"
      }
    },
    {
      "type": "Feature",
      "geometry": {
        "type": "Point",
        "coordinates": [
          -38.4627700246484,
          -12.9142043030056
        ]
      },
      "properties": {
        "id": "668",
        "nome": "Terreiro Ilê Axé Oyá Olojum",
        "lideranca": "Maria Olga Ferreira Paim",
        "nacao": "Angola",
        "ano_fundacao": "1993",
        "regente": "Iansã",
        "bairro": "Pau da Lima",
        "endereco": "Rua Avani Ferreira, 31",
        "cep": "41235-680",
        "telefone": "3212-8983",
        "foto_thumb": "http://www.terreiros.ceao.ufba.br/_FT/pq/668.jpg",
        "foto_grande": "http://www.terreiros.ceao.ufba.br/_FT/gd/668.jpg"
      }
    },
    {
      "type": "Feature",
      "geometry": {
        "type": "Point",
        "coordinates": [
          -38.443385110653,
          -12.9196856213149
        ]
      },
      "properties": {
        "id": "669",
        "nome": "Ilê Omô Oconlá Passadãn",
        "lideranca": "Valter Nascimento Francisco",
        "nacao": "Jêje",
        "ano_fundacao": "2005",
        "regente": "Logunedé",
        "bairro": "Pau da Lima",
        "endereco": "Rua Paracaína, 34-E",
        "telefone": "3213-5706",
        "foto_thumb": "http://www.terreiros.ceao.ufba.br/_FT/pq/669.jpg",
        "foto_grande": "http://www.terreiros.ceao.ufba.br/_FT/gd/669.jpg"
      }
    },
    {
      "type": "Feature",
      "geometry": {
        "type": "Point",
        "coordinates": [
          -38.4420433605088,
          -12.9187086132407
        ]
      },
      "properties": {
        "id": "670",
        "nome": "Terreiro Iasitomin",
        "lideranca": "Marcos Roberto Galiza",
        "nacao": "Keto",
        "ano_fundacao": "1986",
        "regente": "Iemanjá",
        "bairro": "Pau da lima",
        "endereco": "Rua Travessa Janaira, 79",
        "cep": "41235-030",
        "telefone": "3213-1801",
        "foto_thumb": "http://www.terreiros.ceao.ufba.br/_FT/pq/670.jpg",
        "foto_grande": "http://www.terreiros.ceao.ufba.br/_FT/gd/670.jpg"
      }
    },
    {
      "type": "Feature",
      "geometry": {
        "type": "Point",
        "coordinates": [
          -38.4446804019707,
          -12.9199386151125
        ]
      },
      "properties": {
        "id": "671",
        "nome": "Não informado",
        "lideranca": "Rita Bárbara Loureiro Sacramento",
        "nacao": "Keto",
        "ano_fundacao": "1999",
        "regente": "Iansã",
        "bairro": "Bairro da Paz",
        "endereco": "1ª Trav. Alto da Bela Vista, 32",
        "cep": "41515-018",
        "telefone": "3367-3986",
        "foto_thumb": "http://www.terreiros.ceao.ufba.br/_FT/pq/671.jpg",
        "foto_grande": "http://www.terreiros.ceao.ufba.br/_FT/gd/671.jpg"
      }
    },
    {
      "type": "Feature",
      "geometry": {
        "type": "Point",
        "coordinates": [
          -38.3773240544184,
          -12.9253747007626
        ]
      },
      "properties": {
        "id": "672",
        "nome": "Gira de Caboclo de Serra Negra",
        "lideranca": "Antonio Lima dos Santos",
        "nacao": "Keto",
        "ano_fundacao": "2000",
        "regente": "Oxum Apará",
        "bairro": "Bairro da Paz",
        "endereco": "Rua Ubatã, 4",
        "cep": "41515-324",
        "telefone": "9954-5825",
        "foto_thumb": "http://www.terreiros.ceao.ufba.br/_FT/pq/672.jpg",
        "foto_grande": "http://www.terreiros.ceao.ufba.br/_FT/gd/672.jpg"
      }
    },
    {
      "type": "Feature",
      "geometry": {
        "type": "Point",
        "coordinates": [
          -38.3709804373671,
          -12.93083939376
        ]
      },
      "properties": {
        "id": "673",
        "nome": "Ilê Axé Oxe Obá",
        "lideranca": "Nadiane Nascimento do Carmo",
        "nacao": "Keto",
        "ano_fundacao": "1976",
        "regente": "Xangô",
        "bairro": "Valéria",
        "endereco": "Rua das Palmeiras (Nova Brasília de Valéria)",
        "cep": "41306-200",
        "telefone": "8893-3995"
      }
    },
    {
      "type": "Feature",
      "geometry": {
        "type": "Point",
        "coordinates": [
          -38.4360399309409,
          -12.8555077819201
        ]
      },
      "properties": {
        "id": "674",
        "nome": "Não informado",
        "lideranca": "Jailson Bispo Alves",
        "nacao": "Keto",
        "ano_fundacao": "1983",
        "regente": "Oxum",
        "bairro": "Bairro da Paz",
        "endereco": "Rua Floriano Peixoto, 8",
        "cep": "41630-097",
        "telefone": "3367-3243",
        "foto_thumb": "http://www.terreiros.ceao.ufba.br/_FT/pq/674.jpg",
        "foto_grande": "http://www.terreiros.ceao.ufba.br/_FT/gd/674.jpg"
      }
    },
    {
      "type": "Feature",
      "geometry": {
        "type": "Point",
        "coordinates": [
          -38.3771086086924,
          -12.930749175464
        ]
      },
      "properties": {
        "id": "675",
        "nome": "Centro Espirita Caboclo Tumba Jussara",
        "lideranca": "Gilson Monteiro dos Santos",
        "nacao": "Umbanda",
        "ano_fundacao": "1991",
        "regente": "Obaluaê",
        "bairro": "Bairro da Paz",
        "endereco": "7ª Travessa Ubatã, 12",
        "cep": "41515-246",
        "telefone": "3286-4584",
        "foto_thumb": "http://www.terreiros.ceao.ufba.br/_FT/pq/675.jpg",
        "foto_grande": "http://www.terreiros.ceao.ufba.br/_FT/gd/675.jpg"
      }
    },
    {
      "type": "Feature",
      "geometry": {
        "type": "Point",
        "coordinates": [
          -38.370961252605,
          -12.9303422729131
        ]
      },
      "properties": {
        "id": "676",
        "nome": "Guerreiro de Gongá",
        "lideranca": "Ana Maria Evangelista dos Santos",
        "nacao": "Angola",
        "ano_fundacao": "1998",
        "regente": "Oxum",
        "bairro": "Bairro da Paz",
        "endereco": "7ª Travessa Ubatã, 2",
        "cep": "41515-246",
        "telefone": "Não tem",
        "foto_thumb": "http://www.terreiros.ceao.ufba.br/_FT/pq/676.jpg",
        "foto_grande": "http://www.terreiros.ceao.ufba.br/_FT/gd/676.jpg"
      }
    },
    {
      "type": "Feature",
      "geometry": {
        "type": "Point",
        "coordinates": [
          -38.3705993833686,
          -12.930266333371
        ]
      },
      "properties": {
        "id": "677",
        "nome": "Ilê Axé Temin Gemin de Olorum",
        "lideranca": "Nilson Souza",
        "nacao": "Keto",
        "ano_fundacao": "2002",
        "regente": "Ogum",
        "bairro": "Bairro da Paz",
        "endereco": "Rua da Jamaica, 64",
        "cep": "41515-070",
        "telefone": "3368-0034"
      }
    },
    {
      "type": "Feature",
      "geometry": {
        "type": "Point",
        "coordinates": [
          -38.3720335253871,
          -12.92454713266
        ]
      },
      "properties": {
        "id": "678",
        "nome": "Ilê Axé Odo Omim",
        "lideranca": "Iraci Odete",
        "nacao": "Keto",
        "ano_fundacao": "1978",
        "regente": "Xangô",
        "bairro": "Águas Claras",
        "endereco": "Rua Frank Nalva , 194",
        "cep": "41310-340",
        "telefone": "3215-9217/ 1992",
        "foto_thumb": "http://www.terreiros.ceao.ufba.br/_FT/pq/678.jpg",
        "foto_grande": "http://www.terreiros.ceao.ufba.br/_FT/gd/678.jpg"
      }
    },
    {
      "type": "Feature",
      "geometry": {
        "type": "Point",
        "coordinates": [
          -38.4318341695827,
          -12.8987141340982
        ]
      },
      "properties": {
        "id": "679",
        "nome": "Unzó Gunzelê Kuna Zambi",
        "lideranca": "Cleuza Maria Mercês Costa",
        "nacao": "Angola",
        "ano_fundacao": "1986",
        "regente": "Oxóssi",
        "bairro": "Águas Claras",
        "endereco": "2ª Trav. Jacob de Carvalho, 14",
        "cep": "41310-645",
        "telefone": "3219-7997",
        "foto_thumb": "http://www.terreiros.ceao.ufba.br/_FT/pq/679.jpg",
        "foto_grande": "http://www.terreiros.ceao.ufba.br/_FT/gd/679.jpg"
      }
    },
    {
      "type": "Feature",
      "geometry": {
        "type": "Point",
        "coordinates": [
          -38.4330787549545,
          -12.8954024424096
        ]
      },
      "properties": {
        "id": "680",
        "nome": "Não informado",
        "lideranca": "Eliene Nascimento Assunção",
        "nacao": "Angola",
        "ano_fundacao": "2002",
        "regente": "Padilha",
        "bairro": "São Marcos",
        "endereco": "Rua João Melo Santos, 06, Fundo",
        "cep": "41250-300",
        "telefone": "3393-4313",
        "foto_thumb": "http://www.terreiros.ceao.ufba.br/_FT/pq/680.jpg",
        "foto_grande": "http://www.terreiros.ceao.ufba.br/_FT/gd/680.jpg"
      }
    },
    {
      "type": "Feature",
      "geometry": {
        "type": "Point",
        "coordinates": [
          -38.4330616962229,
          -12.9243912473212
        ]
      },
      "properties": {
        "id": "681",
        "nome": "Centro Espírita Laje Grande",
        "lideranca": "Joana Maria da Conceição",
        "nacao": "Ojafurum Ijexá",
        "ano_fundacao": "1971",
        "regente": "Ogum",
        "bairro": "São Marcos",
        "cep": "41256-900",
        "telefone": "3393-9179",
        "foto_thumb": "http://www.terreiros.ceao.ufba.br/_FT/pq/681.jpg",
        "foto_grande": "http://www.terreiros.ceao.ufba.br/_FT/gd/681.jpg"
      }
    },
    {
      "type": "Feature",
      "geometry": {
        "type": "Point",
        "coordinates": [
          -38.4308695085431,
          -12.9184202940819
        ]
      },
      "properties": {
        "id": "683",
        "nome": "Casa do Caboclo Pedra Preta",
        "lideranca": "Ivana da Silva de Souza",
        "nacao": "Keto",
        "ano_fundacao": "1996",
        "regente": "Oxum",
        "bairro": "Liberdade",
        "endereco": "3ª Trav. Tenente Mario Alves, 13",
        "cep": "40365-035",
        "telefone": "3256-2681",
        "foto_thumb": "http://www.terreiros.ceao.ufba.br/_FT/pq/683.jpg",
        "foto_grande": "http://www.terreiros.ceao.ufba.br/_FT/gd/683.jpg"
      }
    },
    {
      "type": "Feature",
      "geometry": {
        "type": "Point",
        "coordinates": [
          -38.4898250203056,
          -12.9494972740996
        ]
      },
      "properties": {
        "id": "684",
        "nome": "Ilê Axé Obá Omom Omim Nibu",
        "lideranca": "Ana Maria Paranhos",
        "nacao": "Keto",
        "ano_fundacao": "2002",
        "regente": "Xangô",
        "bairro": "Liberdade",
        "endereco": "Rua Adelino Santos, 30",
        "cep": "40375-430",
        "telefone": "3243-0912",
        "foto_thumb": "http://www.terreiros.ceao.ufba.br/_FT/pq/684.jpg",
        "foto_grande": "http://www.terreiros.ceao.ufba.br/_FT/gd/684.jpg"
      }
    },
    {
      "type": "Feature",
      "geometry": {
        "type": "Point",
        "coordinates": [
          -38.4895442847461,
          -12.9479870937033
        ]
      },
      "properties": {
        "id": "685",
        "nome": "Aze de Obaluaé",
        "lideranca": "Everaldo Campos de Almeida",
        "nacao": "Angola",
        "ano_fundacao": "1996",
        "regente": "Omolu",
        "bairro": "Curuzu",
        "endereco": "3ª Trav. do Progresso , 44B",
        "cep": "40365-005",
        "telefone": "3386-9000",
        "foto_thumb": "http://www.terreiros.ceao.ufba.br/_FT/pq/685.jpg",
        "foto_grande": "http://www.terreiros.ceao.ufba.br/_FT/gd/685.jpg"
      }
    },
    {
      "type": "Feature",
      "geometry": {
        "type": "Point",
        "coordinates": [
          -38.4861092604695,
          -12.9446699022338
        ]
      },
      "properties": {
        "id": "686",
        "nome": "Canzo Mucambo",
        "lideranca": "Edelzuita Vitória dos Santos",
        "nacao": "Angola",
        "ano_fundacao": "1965",
        "regente": "Oxóssi",
        "bairro": "Liberdade",
        "endereco": "3ª Trav. Progresso de Baixo, 26",
        "telefone": "3386-8055",
        "foto_thumb": "http://www.terreiros.ceao.ufba.br/_FT/pq/686.jpg",
        "foto_grande": "http://www.terreiros.ceao.ufba.br/_FT/gd/686.jpg"
      }
    },
    {
      "type": "Feature",
      "geometry": {
        "type": "Point",
        "coordinates": [
          -38.4854110991454,
          -12.9444309475003
        ]
      },
      "properties": {
        "id": "687",
        "nome": "Airá Omim",
        "lideranca": "Maria Clarisse dos Santos",
        "nacao": "Keto",
        "ano_fundacao": "1979",
        "regente": "Xangô e Oxum",
        "bairro": "Curuzu",
        "endereco": "2ª Trav. do Progresso , 18",
        "cep": "40366-035",
        "telefone": "3386-4292",
        "foto_thumb": "http://www.terreiros.ceao.ufba.br/_FT/pq/687.jpg",
        "foto_grande": "http://www.terreiros.ceao.ufba.br/_FT/gd/687.jpg"
      }
    },
    {
      "type": "Feature",
      "geometry": {
        "type": "Point",
        "coordinates": [
          -38.4853557309187,
          -12.9448370405934
        ]
      },
      "properties": {
        "id": "688",
        "nome": "Ilê Axé Ajunsu",
        "lideranca": "Umberto Luis Campos Ribeiro",
        "nacao": "Keto",
        "ano_fundacao": "1995",
        "regente": "Omolu",
        "bairro": "São Tomé de Paripe",
        "endereco": "Rua Ailton Melo, 21F",
        "cep": "40800-162",
        "telefone": "3492-1656",
        "foto_thumb": "http://www.terreiros.ceao.ufba.br/_FT/pq/688.jpg",
        "foto_grande": "http://www.terreiros.ceao.ufba.br/_FT/gd/688.jpg"
      }
    },
    {
      "type": "Feature",
      "geometry": {
        "type": "Point",
        "coordinates": [
          -38.4725988321678,
          -12.8212908203155
        ]
      },
      "properties": {
        "id": "689",
        "nome": "Não informado",
        "lideranca": "Rute Maria Prado Oliveira",
        "nacao": "Ijexá Keto",
        "ano_fundacao": "1976",
        "regente": "Obaluaê",
        "bairro": "São Cristóvão",
        "endereco": "Rua Bela Vista do Aeroporto, 78",
        "cep": "41510-600",
        "telefone": "3252-0648"
      }
    },
    {
      "type": "Feature",
      "geometry": {
        "type": "Point",
        "coordinates": [
          -38.3492017820037,
          -12.9134031628922
        ]
      },
      "properties": {
        "id": "690",
        "nome": "Terreiro de Inquince Amilongá Odoyá",
        "lideranca": "Edna Ribeiro do Carmo",
        "nacao": "Angola",
        "ano_fundacao": "1986",
        "regente": "Iemanjá",
        "bairro": "São Cristóvão",
        "endereco": "Rua São Roque, 42",
        "cep": "41510-020",
        "telefone": "3377-2057",
        "foto_thumb": "http://www.terreiros.ceao.ufba.br/_FT/pq/690.jpg",
        "foto_grande": "http://www.terreiros.ceao.ufba.br/_FT/gd/690.jpg"
      }
    },
    {
      "type": "Feature",
      "geometry": {
        "type": "Point",
        "coordinates": [
          -38.351529451792,
          -12.9125307481088
        ]
      },
      "properties": {
        "id": "691",
        "nome": "Ilê Axé Oju Omin",
        "lideranca": "Alisson Trindade Moura",
        "nacao": "Keto",
        "ano_fundacao": "1993",
        "regente": "Oxum",
        "bairro": "São Cristóvão",
        "endereco": "Rua Stella Maris, 07",
        "cep": "41500-000",
        "telefone": "3365-4624"
      }
    },
    {
      "type": "Feature",
      "geometry": {
        "type": "Point",
        "coordinates": [
          -38.3492569020354,
          -12.9160268101991
        ]
      },
      "properties": {
        "id": "693",
        "nome": "Terreiro de Odé Sete Folhas",
        "lideranca": "Rubem Martins Santos",
        "nacao": "Keto",
        "ano_fundacao": "1957",
        "regente": "Oxóssi",
        "bairro": "Periperi",
        "endereco": "Rua Ambrosio Calmon, 111",
        "cep": "40725-630",
        "telefone": "3397-7953",
        "foto_thumb": "http://www.terreiros.ceao.ufba.br/_FT/pq/693.jpg",
        "foto_grande": "http://www.terreiros.ceao.ufba.br/_FT/gd/693.jpg"
      }
    },
    {
      "type": "Feature",
      "geometry": {
        "type": "Point",
        "coordinates": [
          -38.4740410986988,
          -12.8630102721752
        ]
      },
      "properties": {
        "id": "694",
        "nome": "Unzó Amaze Di Umzambe",
        "lideranca": "Glede Selma Silva Leite",
        "nacao": "Angola",
        "ano_fundacao": "1966",
        "regente": "Oxum",
        "bairro": "Lobato",
        "cep": "40349-340",
        "telefone": "3304-0477",
        "foto_thumb": "http://www.terreiros.ceao.ufba.br/_FT/pq/694.jpg",
        "foto_grande": "http://www.terreiros.ceao.ufba.br/_FT/gd/694.jpg"
      }
    },
    {
      "type": "Feature",
      "geometry": {
        "type": "Point",
        "coordinates": [
          -38.490080719585,
          -12.9357965590739
        ]
      },
      "properties": {
        "id": "695",
        "nome": "Unzó Di Angorô",
        "lideranca": "Maria de Lourdes da Cruz Santos",
        "nacao": "Angola",
        "ano_fundacao": "1945",
        "regente": "Angorô",
        "bairro": "Plataforma",
        "cep": "40717-190",
        "telefone": "3398-0225",
        "foto_thumb": "http://www.terreiros.ceao.ufba.br/_FT/pq/695.jpg",
        "foto_grande": "http://www.terreiros.ceao.ufba.br/_FT/gd/695.jpg"
      }
    },
    {
      "type": "Feature",
      "geometry": {
        "type": "Point",
        "coordinates": [
          -38.4740912302191,
          -12.8996101412263
        ]
      },
      "properties": {
        "id": "696",
        "nome": "Terreiro Boiadeiro Divizá",
        "lideranca": "Maria Joaquina Santos Brito",
        "nacao": "Angola",
        "ano_fundacao": "1982",
        "regente": "Oxum",
        "bairro": "Plataforma",
        "cep": "40717-180",
        "telefone": "3390-9982",
        "foto_thumb": "http://www.terreiros.ceao.ufba.br/_FT/pq/696.jpg",
        "foto_grande": "http://www.terreiros.ceao.ufba.br/_FT/gd/696.jpg"
      }
    },
    {
      "type": "Feature",
      "geometry": {
        "type": "Point",
        "coordinates": [
          -38.4731582548807,
          -12.9029285840523
        ]
      },
      "properties": {
        "id": "697",
        "nome": "Ilê Axé Medaw Ojidã",
        "lideranca": "Maria Ventura da Silva",
        "nacao": "Keto",
        "ano_fundacao": "1996",
        "regente": "Oxumarê, Obaluaê e Xangô",
        "bairro": "Plataforma",
        "cep": "40717-180",
        "telefone": "não tem",
        "foto_thumb": "http://www.terreiros.ceao.ufba.br/_FT/pq/697.jpg",
        "foto_grande": "http://www.terreiros.ceao.ufba.br/_FT/gd/697.jpg"
      }
    },
    {
      "type": "Feature",
      "geometry": {
        "type": "Point",
        "coordinates": [
          -38.4715408366881,
          -12.8996463123827
        ]
      },
      "properties": {
        "id": "698",
        "nome": "Casa de Giro",
        "lideranca": "Marlene Melo dos Santos",
        "nacao": "Keto",
        "ano_fundacao": "2003",
        "regente": "Oxaumaré",
        "bairro": "Plataforma",
        "endereco": "Estrada do Cabrito, Rua das Fontes, 669E",
        "telefone": "3218-7134",
        "foto_thumb": "http://www.terreiros.ceao.ufba.br/_FT/pq/698.jpg",
        "foto_grande": "http://www.terreiros.ceao.ufba.br/_FT/gd/698.jpg"
      }
    },
    {
      "type": "Feature",
      "geometry": {
        "type": "Point",
        "coordinates": [
          -38.4719323614527,
          -12.9001198189253
        ]
      },
      "properties": {
        "id": "699",
        "nome": "Ilê Axé Oyá Ibá Gan",
        "lideranca": "José Carlos Spinelli dos Santos",
        "nacao": "Keto",
        "ano_fundacao": "1986",
        "regente": "Iansã",
        "bairro": "Bairro da Paz",
        "endereco": "Rua Machado de Assis, 32, Areial",
        "cep": "41515-030",
        "telefone": "3367-3670",
        "foto_thumb": "http://www.terreiros.ceao.ufba.br/_FT/pq/699.jpg",
        "foto_grande": "http://www.terreiros.ceao.ufba.br/_FT/gd/699.jpg"
      }
    },
    {
      "type": "Feature",
      "geometry": {
        "type": "Point",
        "coordinates": [
          -38.38058763389,
          -12.9352590633386
        ]
      },
      "properties": {
        "id": "700",
        "nome": "Ilê Axé Ebí Oka Okiká",
        "lideranca": "Arlete Felix do Nascimento",
        "nacao": "Nagô Vodum",
        "ano_fundacao": "1963",
        "regente": "Ogum Idã",
        "bairro": "Cabula II",
        "endereco": "Rua Josete Bispo , 35 E",
        "cep": "41185-165",
        "telefone": "3385-3034",
        "foto_thumb": "http://www.terreiros.ceao.ufba.br/_FT/pq/700.jpg",
        "foto_grande": "http://www.terreiros.ceao.ufba.br/_FT/gd/700.jpg"
      }
    },
    {
      "type": "Feature",
      "geometry": {
        "type": "Point",
        "coordinates": [
          -38.4608305485238,
          -12.9502422392392
        ]
      },
      "properties": {
        "id": "701",
        "nome": "Ilê Axé Oyá Omim",
        "lideranca": "Luis Jorge Charmite dos Santos",
        "nacao": "Keto",
        "ano_fundacao": "1996",
        "regente": "Ogum",
        "bairro": "Bairro da Paz",
        "endereco": "1ª Travessa da Bela Vista, 30",
        "cep": "41515-018",
        "telefone": "3368-0356",
        "foto_thumb": "http://www.terreiros.ceao.ufba.br/_FT/pq/701.jpg",
        "foto_grande": "http://www.terreiros.ceao.ufba.br/_FT/gd/701.jpg"
      }
    },
    {
      "type": "Feature",
      "geometry": {
        "type": "Point",
        "coordinates": [
          -38.3769545660525,
          -12.9252908346539
        ]
      },
      "properties": {
        "id": "702",
        "nome": "Ilê Axé Oluajê Omi Sogum",
        "lideranca": "Roberto Santana dos Santos",
        "nacao": "Keto",
        "ano_fundacao": "2002",
        "regente": "Omolu",
        "bairro": "Bairro da Paz",
        "endereco": "Rua Princesa Isabel da Paz, 53",
        "cep": "41610-000",
        "telefone": "3368-2786/ 9918-8408",
        "foto_thumb": "http://www.terreiros.ceao.ufba.br/_FT/pq/702.jpg",
        "foto_grande": "http://www.terreiros.ceao.ufba.br/_FT/gd/702.jpg"
      }
    },
    {
      "type": "Feature",
      "geometry": {
        "type": "Point",
        "coordinates": [
          -38.3772947257962,
          -12.9292357889864
        ]
      },
      "properties": {
        "id": "703",
        "nome": "Não informado",
        "lideranca": "Fernando Baraúna dos Santos",
        "nacao": "Keto",
        "ano_fundacao": "1998",
        "regente": "Oxóssi",
        "bairro": "Bairro da Paz",
        "endereco": "2ª travessa Manoel Devoto, 8",
        "cep": "41515-088",
        "telefone": "3368-0051",
        "foto_thumb": "http://www.terreiros.ceao.ufba.br/_FT/pq/703.jpg",
        "foto_grande": "http://www.terreiros.ceao.ufba.br/_FT/gd/703.jpg"
      }
    },
    {
      "type": "Feature",
      "geometry": {
        "type": "Point",
        "coordinates": [
          -38.3779211232486,
          -12.9307718600282
        ]
      },
      "properties": {
        "id": "704",
        "nome": "Não informado",
        "lideranca": "Eliara Albuquerque Santos",
        "nacao": "Keto",
        "ano_fundacao": "2005",
        "regente": "Ogum",
        "bairro": "Periperi",
        "endereco": "Rua do Gravatá, 101",
        "cep": "40720-010",
        "telefone": "3307-1639",
        "foto_thumb": "http://www.terreiros.ceao.ufba.br/_FT/pq/704.jpg",
        "foto_grande": "http://www.terreiros.ceao.ufba.br/_FT/gd/704.jpg"
      }
    },
    {
      "type": "Feature",
      "geometry": {
        "type": "Point",
        "coordinates": [
          -38.4734527367829,
          -12.8630718421785
        ]
      },
      "properties": {
        "id": "705",
        "nome": "Centro Espiritual Senhor do Bomfim",
        "lideranca": "Emílio Bispo dos Santos",
        "nacao": "Todas",
        "ano_fundacao": "1978",
        "regente": "Ogum de Ronda",
        "bairro": "Dom Avelar",
        "endereco": "Rua dos Romanos, 71-E",
        "cep": "41315-086",
        "telefone": "3215-2337",
        "foto_thumb": "http://www.terreiros.ceao.ufba.br/_FT/pq/705.jpg",
        "foto_grande": "http://www.terreiros.ceao.ufba.br/_FT/gd/705.jpg"
      }
    },
    {
      "type": "Feature",
      "geometry": {
        "type": "Point",
        "coordinates": [
          -38.4432247622181,
          -12.9008177140166
        ]
      },
      "properties": {
        "id": "706",
        "nome": "Centro de Caboclo Serra Negra da Aldeia de Jequitiriça",
        "lideranca": "Maria das Graças Bulcão dos Santos",
        "nacao": "Umbanda",
        "ano_fundacao": "1962",
        "regente": "Caboclo Serra Negra e Boiadeiro",
        "bairro": "Dom Avelar",
        "endereco": "Rua dos Dominicanos, 60 E",
        "cep": "41315-140",
        "telefone": "3391-6286",
        "foto_thumb": "http://www.terreiros.ceao.ufba.br/_FT/pq/706.jpg",
        "foto_grande": "http://www.terreiros.ceao.ufba.br/_FT/gd/706.jpg"
      }
    },
    {
      "type": "Feature",
      "geometry": {
        "type": "Point",
        "coordinates": [
          -38.4485484329762,
          -12.9022156978164
        ]
      },
      "properties": {
        "id": "707",
        "nome": "Ilê Axé Omim Ambuké",
        "lideranca": "Luis Marques de Avezedo",
        "nacao": "Vodum Nagô",
        "ano_fundacao": "1986",
        "regente": "Oxum",
        "bairro": "Liberdade",
        "endereco": "Rua Ladeira da Graciosa, 8, São Lourenço",
        "cep": "40370-540",
        "telefone": "3316-0390",
        "foto_thumb": "http://www.terreiros.ceao.ufba.br/_FT/pq/707.jpg",
        "foto_grande": "http://www.terreiros.ceao.ufba.br/_FT/gd/707.jpg"
      }
    },
    {
      "type": "Feature",
      "geometry": {
        "type": "Point",
        "coordinates": [
          -38.4916234911404,
          -12.9406223208229
        ]
      },
      "properties": {
        "id": "708",
        "nome": "não informado",
        "lideranca": "Tânia Maria Sacramento de Jesus",
        "nacao": "Keto",
        "ano_fundacao": "1998",
        "regente": "Iansã",
        "bairro": "Curuzu",
        "endereco": "1ª Trav. do Progresso, 23A",
        "cep": "40365-310",
        "telefone": "9958-5976",
        "foto_thumb": "http://www.terreiros.ceao.ufba.br/_FT/pq/708.jpg",
        "foto_grande": "http://www.terreiros.ceao.ufba.br/_FT/gd/708.jpg"
      }
    },
    {
      "type": "Feature",
      "geometry": {
        "type": "Point",
        "coordinates": [
          -38.4856079000586,
          -12.9454190635132
        ]
      },
      "properties": {
        "id": "709",
        "nome": "Unzo do Longatana Unzambe",
        "lideranca": "Maria Beatriz Natividade Santos",
        "nacao": "Angola",
        "ano_fundacao": "1986",
        "regente": "Iemanjá",
        "bairro": "Liberdade",
        "cep": "40375-040",
        "telefone": "3243-9172",
        "foto_thumb": "http://www.terreiros.ceao.ufba.br/_FT/pq/709.jpg",
        "foto_grande": "http://www.terreiros.ceao.ufba.br/_FT/gd/709.jpg"
      }
    },
    {
      "type": "Feature",
      "geometry": {
        "type": "Point",
        "coordinates": [
          -38.4953380720557,
          -12.9462989616129
        ]
      },
      "properties": {
        "id": "710",
        "nome": "Casa de Obá",
        "lideranca": "Edgar Conceição Filho",
        "nacao": "Jêje",
        "ano_fundacao": "1982",
        "regente": "Sogbô",
        "bairro": "Pau da Lima",
        "endereco": "Rua Nossa Senhora Auxiliadora, 142, casa 2",
        "cep": "41235-590",
        "telefone": "3393-8642",
        "foto_thumb": "http://www.terreiros.ceao.ufba.br/_FT/pq/710.jpg",
        "foto_grande": "http://www.terreiros.ceao.ufba.br/_FT/gd/710.jpg"
      }
    },
    {
      "type": "Feature",
      "geometry": {
        "type": "Point",
        "coordinates": [
          -38.4458858010701,
          -12.9247193674114
        ]
      },
      "properties": {
        "id": "711",
        "nome": "Ilê Axé Mocir Boiá Raiz de Monajá",
        "lideranca": "Conceição Costa Silva",
        "nacao": "Keto",
        "ano_fundacao": "1996",
        "regente": "Iansã",
        "bairro": "Fazenda Grande do Retiro",
        "endereco": "Rua Melo Morais Filho, 16-E",
        "cep": "40350-000",
        "telefone": "3258-1215",
        "foto_thumb": "http://www.terreiros.ceao.ufba.br/_FT/pq/711.jpg",
        "foto_grande": "http://www.terreiros.ceao.ufba.br/_FT/gd/711.jpg"
      }
    },
    {
      "type": "Feature",
      "geometry": {
        "type": "Point",
        "coordinates": [
          -38.4761782356371,
          -12.9500492468576
        ]
      },
      "properties": {
        "id": "712",
        "nome": "Terreiro Acafunge de Agiomim",
        "lideranca": "Junival dos Santos Sales",
        "nacao": "Angola",
        "ano_fundacao": "1994",
        "regente": "Obaluaê",
        "bairro": "Pau da Lima",
        "cep": "41253-180",
        "telefone": "não tem",
        "foto_thumb": "http://www.terreiros.ceao.ufba.br/_FT/pq/712.jpg",
        "foto_grande": "http://www.terreiros.ceao.ufba.br/_FT/gd/712.jpg"
      }
    },
    {
      "type": "Feature",
      "geometry": {
        "type": "Point",
        "coordinates": [
          -38.441605228745,
          -12.9203560133734
        ]
      },
      "properties": {
        "id": "713",
        "nome": "Ilê Axé Logocir",
        "lideranca": "José Jorge Tiburcio",
        "nacao": "Keto",
        "ano_fundacao": "1991",
        "regente": "Ogum Marinho",
        "bairro": "Alto do Peru",
        "endereco": "Rua do Oriente, 176, fundo",
        "cep": "40357-110",
        "telefone": "3403-6303",
        "foto_thumb": "http://www.terreiros.ceao.ufba.br/_FT/pq/713.jpg",
        "foto_grande": "http://www.terreiros.ceao.ufba.br/_FT/gd/713.jpg"
      }
    },
    {
      "type": "Feature",
      "geometry": {
        "type": "Point",
        "coordinates": [
          -38.4831373463809,
          -12.9355623671428
        ]
      },
      "properties": {
        "id": "716",
        "nome": "Oiyá Kassarongongo Gente de Guiné",
        "lideranca": "Astéria Ferreia Matos",
        "nacao": "Angola",
        "ano_fundacao": "1946",
        "regente": "Iansã e Caboclo Gentil de Guiné",
        "bairro": "Ilha Amarela",
        "endereco": "Rua Cabaceiras, 12",
        "cep": "40717-780",
        "telefone": "3218-6523",
        "foto_thumb": "http://www.terreiros.ceao.ufba.br/_FT/pq/716.jpg",
        "foto_grande": "http://www.terreiros.ceao.ufba.br/_FT/gd/716.jpg"
      }
    },
    {
      "type": "Feature",
      "geometry": {
        "type": "Point",
        "coordinates": [
          -38.471407520857,
          -12.8873444560527
        ]
      },
      "properties": {
        "id": "717",
        "nome": "Ilê Axé Ominfá",
        "lideranca": "Ninfa de Sena Lima",
        "nacao": "Keto",
        "ano_fundacao": "1993",
        "regente": "Oxum",
        "bairro": "Plataforma",
        "endereco": "Rua Carolina, 126",
        "cep": "40717-625",
        "telefone": "3398-2078",
        "foto_thumb": "http://www.terreiros.ceao.ufba.br/_FT/pq/717.jpg",
        "foto_grande": "http://www.terreiros.ceao.ufba.br/_FT/gd/717.jpg"
      }
    },
    {
      "type": "Feature",
      "geometry": {
        "type": "Point",
        "coordinates": [
          -38.4887693913573,
          -12.894537656932
        ]
      },
      "properties": {
        "id": "718",
        "nome": "Casa de Giro",
        "lideranca": "Joselita Ventura dos Santos",
        "nacao": "Angola",
        "ano_fundacao": "1996",
        "regente": "Oxum Apará",
        "bairro": "Plataforma",
        "endereco": "1ª Travessa da Paz de São João",
        "cep": "40490-022",
        "telefone": "3401-3452",
        "foto_thumb": "http://www.terreiros.ceao.ufba.br/_FT/pq/718.jpg",
        "foto_grande": "http://www.terreiros.ceao.ufba.br/_FT/gd/718.jpg"
      }
    },
    {
      "type": "Feature",
      "geometry": {
        "type": "Point",
        "coordinates": [
          -38.4786782019903,
          -12.8980094870278
        ]
      },
      "properties": {
        "id": "719",
        "nome": "Atim Sibewí Dewzambi",
        "lideranca": "Inamárcia Silva Ribeiro",
        "nacao": "Angola",
        "ano_fundacao": "1978",
        "regente": "Iansã",
        "bairro": "Rio Sena",
        "endereco": "5ª Travessa Costa Santos, 39E",
        "cep": "40715-483",
        "telefone": "3218-3438/ 8864-4179",
        "foto_thumb": "http://www.terreiros.ceao.ufba.br/_FT/pq/719.jpg",
        "foto_grande": "http://www.terreiros.ceao.ufba.br/_FT/gd/719.jpg"
      }
    },
    {
      "type": "Feature",
      "geometry": {
        "type": "Point",
        "coordinates": [
          -38.460889388383,
          -12.9500936600767
        ]
      },
      "properties": {
        "id": "720",
        "nome": "Ilê Axé D'já Omim",
        "lideranca": "Valdemira do Espírito Santo",
        "nacao": "Keto",
        "ano_fundacao": "1979",
        "regente": "Oxum e Ogum",
        "bairro": "Águas Claras",
        "endereco": "Rua Frank Nalva Souza, 30",
        "cep": "41310-340",
        "telefone": "3215-9478/ 8821-3037",
        "foto_thumb": "http://www.terreiros.ceao.ufba.br/_FT/pq/720.jpg",
        "foto_grande": "http://www.terreiros.ceao.ufba.br/_FT/gd/720.jpg"
      }
    },
    {
      "type": "Feature",
      "geometry": {
        "type": "Point",
        "coordinates": [
          -38.4342590796438,
          -12.8932943802757
        ]
      },
      "properties": {
        "id": "721",
        "nome": "Unzo Aganju Lembe Aluanda",
        "lideranca": "Doralice dos Santos Souto",
        "nacao": "Angola",
        "ano_fundacao": "1970",
        "regente": "Oxum",
        "bairro": "Águas Claras",
        "endereco": "Rua Benedito Jenkis , 513",
        "cep": "41310-270",
        "telefone": "3219-3904",
        "foto_thumb": "http://www.terreiros.ceao.ufba.br/_FT/pq/721.jpg",
        "foto_grande": "http://www.terreiros.ceao.ufba.br/_FT/gd/721.jpg"
      }
    },
    {
      "type": "Feature",
      "geometry": {
        "type": "Point",
        "coordinates": [
          -38.4353776230824,
          -12.896336972504
        ]
      },
      "properties": {
        "id": "722",
        "nome": "Ilê Axé Odé Nita Lewy Ese",
        "lideranca": "Luis Alberto Xavier de Castro",
        "nacao": "Keto",
        "ano_fundacao": "1984",
        "regente": "Oxossi",
        "bairro": "Águas Claras",
        "cep": "41310-320",
        "telefone": "3238-7067",
        "foto_thumb": "http://www.terreiros.ceao.ufba.br/_FT/pq/722.jpg",
        "foto_grande": "http://www.terreiros.ceao.ufba.br/_FT/gd/722.jpg"
      }
    },
    {
      "type": "Feature",
      "geometry": {
        "type": "Point",
        "coordinates": [
          -38.4316485991161,
          -12.8993676311302
        ]
      },
      "properties": {
        "id": "723",
        "nome": "Unzó Kuna Inkisi Tombensi Malaula",
        "lideranca": "Juracy Xavier Passinho",
        "nacao": "Angola",
        "ano_fundacao": "1976",
        "regente": "Dandalunda e Oxum",
        "bairro": "Águas Claras",
        "endereco": "Rua Martacênia , 133 E",
        "cep": "41310-160",
        "telefone": "3395-3429",
        "foto_thumb": "http://www.terreiros.ceao.ufba.br/_FT/pq/723.jpg",
        "foto_grande": "http://www.terreiros.ceao.ufba.br/_FT/gd/723.jpg"
      }
    },
    {
      "type": "Feature",
      "geometry": {
        "type": "Point",
        "coordinates": [
          -38.432200224115,
          -12.8939369474284
        ]
      },
      "properties": {
        "id": "724",
        "nome": "Mansun Bandun Kuêkuê de Inkinansaba Filho",
        "lideranca": "Ildecilia Bomfim Cabral",
        "nacao": "Angola",
        "ano_fundacao": "1974",
        "regente": "Omolu e Oxum",
        "bairro": "Cajazeiras XI",
        "endereco": "2ª Trav. Paloma do Carmo, 17, Lot. Santo Antonio",
        "telefone": "3309-5713/ 9971-4772",
        "foto_thumb": "http://www.terreiros.ceao.ufba.br/_FT/pq/724.jpg",
        "foto_grande": "http://www.terreiros.ceao.ufba.br/_FT/gd/724.jpg"
      }
    },
    {
      "type": "Feature",
      "geometry": {
        "type": "Point",
        "coordinates": [
          -38.4070431702935,
          -12.8743153553545
        ]
      },
      "properties": {
        "id": "725",
        "nome": "Ilê Axé Ojá Min",
        "lideranca": "Gilson Leandro do Nascimento",
        "nacao": "Keto",
        "ano_fundacao": "1969",
        "regente": "Oxalá",
        "bairro": "Dom Avelar",
        "endereco": "Rua dos Dominicanos , 88 E",
        "cep": "41315-140",
        "telefone": "3246-2516",
        "foto_thumb": "http://www.terreiros.ceao.ufba.br/_FT/pq/725.jpg",
        "foto_grande": "http://www.terreiros.ceao.ufba.br/_FT/gd/725.jpg"
      }
    },
    {
      "type": "Feature",
      "geometry": {
        "type": "Point",
        "coordinates": [
          -38.4491738745529,
          -12.9029228067836
        ]
      },
      "properties": {
        "id": "726",
        "nome": "Ilê Azé Iatemi",
        "lideranca": "Enivaldina do Rosário Santos",
        "nacao": "Keto",
        "ano_fundacao": "1989",
        "regente": "Oxum Apará",
        "bairro": "Dom Avelar",
        "endereco": "Rua dos Dominicanos, 96 E",
        "cep": "41315-140",
        "telefone": "3246-2277",
        "foto_thumb": "http://www.terreiros.ceao.ufba.br/_FT/pq/726.jpg",
        "foto_grande": "http://www.terreiros.ceao.ufba.br/_FT/gd/726.jpg"
      }
    },
    {
      "type": "Feature",
      "geometry": {
        "type": "Point",
        "coordinates": [
          -38.4491164904327,
          -12.9028402258215
        ]
      },
      "properties": {
        "id": "727",
        "nome": "Ilê Axé Corominam de Jy",
        "lideranca": "Cristóvão Assunção de Santana",
        "nacao": "Keto",
        "ano_fundacao": "1988",
        "regente": "Oxum",
        "bairro": "Dom Avelar",
        "endereco": "Rua da Sacramentina, 77",
        "cep": "41315-130",
        "telefone": "3246-3580",
        "foto_thumb": "http://www.terreiros.ceao.ufba.br/_FT/pq/727.jpg",
        "foto_grande": "http://www.terreiros.ceao.ufba.br/_FT/gd/727.jpg"
      }
    },
    {
      "type": "Feature",
      "geometry": {
        "type": "Point",
        "coordinates": [
          -38.4501321146167,
          -12.9026483043046
        ]
      },
      "properties": {
        "id": "728",
        "nome": "Casa de Oxumaré",
        "lideranca": "Maura Emília Santos",
        "nacao": "Keto",
        "ano_fundacao": "1976",
        "regente": "Oxumaré",
        "bairro": "Dom Avelar",
        "endereco": "Rua das Carmelitas, 66",
        "cep": "41315-180",
        "telefone": "3321-5850",
        "foto_thumb": "http://www.terreiros.ceao.ufba.br/_FT/pq/728.jpg",
        "foto_grande": "http://www.terreiros.ceao.ufba.br/_FT/gd/728.jpg"
      }
    },
    {
      "type": "Feature",
      "geometry": {
        "type": "Point",
        "coordinates": [
          -38.4467612537808,
          -12.9022225571838
        ]
      },
      "properties": {
        "id": "729",
        "nome": "Casa Caboclo Tupinambá",
        "lideranca": "Marina da Silva Menezes",
        "nacao": "Keto",
        "ano_fundacao": "1993",
        "regente": "Caboclo Tupinambá",
        "bairro": "Dom Avelar",
        "endereco": "Rua dos Dominicanos, 42 E",
        "cep": "41315-140",
        "telefone": "3391-5824",
        "foto_thumb": "http://www.terreiros.ceao.ufba.br/_FT/pq/729.jpg",
        "foto_grande": "http://www.terreiros.ceao.ufba.br/_FT/gd/729.jpg"
      }
    },
    {
      "type": "Feature",
      "geometry": {
        "type": "Point",
        "coordinates": [
          -38.4484614618469,
          -12.9021378830682
        ]
      },
      "properties": {
        "id": "730",
        "nome": "Batifolhinha",
        "lideranca": "Ana Lúcia Souza Amorim",
        "nacao": "Angola",
        "ano_fundacao": "1954",
        "regente": "Iansã",
        "bairro": "Campinas de Pirajá",
        "endereco": "Rua Garrido, 3",
        "cep": "41275-500",
        "telefone": "3391-0886/ 0304",
        "foto_thumb": "http://www.terreiros.ceao.ufba.br/_FT/pq/730.jpg",
        "foto_grande": "http://www.terreiros.ceao.ufba.br/_FT/gd/730.jpg"
      }
    },
    {
      "type": "Feature",
      "geometry": {
        "type": "Point",
        "coordinates": [
          -38.4670949082231,
          -12.9182949262293
        ]
      },
      "properties": {
        "id": "731",
        "nome": "Ilê Axé Obá Aiyê",
        "lideranca": "Cleonice N. de Jesus Dias",
        "nacao": "Keto",
        "ano_fundacao": "1977",
        "regente": "Obaluaê e Iansã",
        "bairro": "Campinas de Pirajá",
        "cep": "41275-690",
        "telefone": "3246-7299",
        "foto_thumb": "http://www.terreiros.ceao.ufba.br/_FT/pq/731.jpg",
        "foto_grande": "http://www.terreiros.ceao.ufba.br/_FT/gd/731.jpg"
      }
    },
    {
      "type": "Feature",
      "geometry": {
        "type": "Point",
        "coordinates": [
          -38.4693439379229,
          -12.9247415315114
        ]
      },
      "properties": {
        "id": "732",
        "nome": "Unzó Kondiogongo",
        "lideranca": "Creoza Silva Costa",
        "nacao": "Keto",
        "ano_fundacao": "1980",
        "regente": "Obaluaê",
        "bairro": "Campinas de Pirajá",
        "endereco": "2ª Travessa Boa Paz, 5E",
        "cep": "41270-248",
        "telefone": "3392-4481/ 3392-9059",
        "foto_thumb": "http://www.terreiros.ceao.ufba.br/_FT/pq/732.jpg",
        "foto_grande": "http://www.terreiros.ceao.ufba.br/_FT/gd/732.jpg"
      }
    },
    {
      "type": "Feature",
      "geometry": {
        "type": "Point",
        "coordinates": [
          -38.4729602846872,
          -12.9249064023467
        ]
      },
      "properties": {
        "id": "733",
        "nome": "Não informado",
        "lideranca": "Iraildes Antonia de Oliveira",
        "nacao": "Ijexá",
        "ano_fundacao": "1984",
        "regente": "Ogum",
        "bairro": "Campinas de Pirajá",
        "cep": "41275-250",
        "telefone": "3929-0591/ 3211-7522",
        "foto_thumb": "http://www.terreiros.ceao.ufba.br/_FT/pq/733.jpg",
        "foto_grande": "http://www.terreiros.ceao.ufba.br/_FT/gd/733.jpg"
      }
    },
    {
      "type": "Feature",
      "geometry": {
        "type": "Point",
        "coordinates": [
          -38.4708883387227,
          -12.9271111648158
        ]
      },
      "properties": {
        "id": "734",
        "nome": "Kaê Adamoxi Oraibó Megí",
        "lideranca": "Wellington dos Santos Souza",
        "nacao": "Angola",
        "ano_fundacao": "1988",
        "regente": "Ogum",
        "bairro": "Pirajá",
        "endereco": "1ª Trav. Alvorada, 161",
        "cep": "41290-515",
        "telefone": "9976-8307/ 3391-3511",
        "foto_thumb": "http://www.terreiros.ceao.ufba.br/_FT/pq/734.jpg",
        "foto_grande": "http://www.terreiros.ceao.ufba.br/_FT/gd/734.jpg"
      }
    },
    {
      "type": "Feature",
      "geometry": {
        "type": "Point",
        "coordinates": [
          -38.4662162378491,
          -12.900970419024
        ]
      },
      "properties": {
        "id": "735",
        "nome": "Onirê Dó Oxossi",
        "lideranca": "Berenice Correia",
        "nacao": "Keto",
        "ano_fundacao": "1971",
        "regente": "Oxóssi",
        "bairro": "Pirajá",
        "endereco": "2ª Trav. Alice, 41E",
        "cep": "41290-628",
        "telefone": "3215-3964",
        "foto_thumb": "http://www.terreiros.ceao.ufba.br/_FT/pq/735.jpg",
        "foto_grande": "http://www.terreiros.ceao.ufba.br/_FT/gd/735.jpg"
      }
    },
    {
      "type": "Feature",
      "geometry": {
        "type": "Point",
        "coordinates": [
          -38.4645991001311,
          -12.8979683457235
        ]
      },
      "properties": {
        "id": "736",
        "nome": "Terreiro Venci Tudo",
        "lideranca": "Maria Lúcia Pereira da Silva",
        "nacao": "Angola",
        "ano_fundacao": "1949",
        "regente": "Ogum",
        "bairro": "Pirajá",
        "endereco": "Rua Elizário da Cruz , 52",
        "cep": "41295-100",
        "telefone": "3211-3341",
        "foto_thumb": "http://www.terreiros.ceao.ufba.br/_FT/pq/736.jpg",
        "foto_grande": "http://www.terreiros.ceao.ufba.br/_FT/gd/736.jpg"
      }
    },
    {
      "type": "Feature",
      "geometry": {
        "type": "Point",
        "coordinates": [
          -38.466909255124,
          -12.898438892372
        ]
      },
      "properties": {
        "id": "737",
        "nome": "Mansubandu Kuenkue Do Inkinomsabu",
        "lideranca": "Marilda Ferreira Rodrigues",
        "nacao": "Angola",
        "ano_fundacao": "1946",
        "regente": "Oxum",
        "bairro": "Pirajá",
        "endereco": "Rua 24 de Agosto 168, Fim de Linha",
        "cep": "41291-150",
        "telefone": "3246-3356",
        "foto_thumb": "http://www.terreiros.ceao.ufba.br/_FT/pq/737.jpg",
        "foto_grande": "http://www.terreiros.ceao.ufba.br/_FT/gd/737.jpg"
      }
    },
    {
      "type": "Feature",
      "geometry": {
        "type": "Point",
        "coordinates": [
          -38.465379884101,
          -12.8999882226945
        ]
      },
      "properties": {
        "id": "738",
        "nome": "Terreiro Oju Dan",
        "lideranca": "Nilson Cunha da Silva",
        "nacao": "Keto",
        "ano_fundacao": "1976",
        "regente": "Oxumaré",
        "bairro": "Pirajá",
        "endereco": "Rua São Jorge, 34",
        "cep": "41290-430",
        "telefone": "3215-9835/ 8779-3798",
        "foto_thumb": "http://www.terreiros.ceao.ufba.br/_FT/pq/738.jpg",
        "foto_grande": "http://www.terreiros.ceao.ufba.br/_FT/gd/738.jpg"
      }
    },
    {
      "type": "Feature",
      "geometry": {
        "type": "Point",
        "coordinates": [
          -38.4636881162158,
          -12.9002918964082
        ]
      },
      "properties": {
        "id": "739",
        "nome": "Ilê Axé Obakan",
        "lideranca": "Alfredo Santos Nogueira",
        "nacao": "Keto",
        "ano_fundacao": "1976",
        "regente": "Xangô",
        "bairro": "Pirajá",
        "cep": "41290-400",
        "telefone": "3246-7973",
        "foto_thumb": "http://www.terreiros.ceao.ufba.br/_FT/pq/739.jpg",
        "foto_grande": "http://www.terreiros.ceao.ufba.br/_FT/gd/739.jpg"
      }
    },
    {
      "type": "Feature",
      "geometry": {
        "type": "Point",
        "coordinates": [
          -38.4627421426495,
          -12.8992561186546
        ]
      },
      "properties": {
        "id": "740",
        "nome": "Ylê Axé Jagun",
        "lideranca": "Elzeni Nunes dos Santos",
        "nacao": "Keto",
        "ano_fundacao": "1957",
        "regente": "Omolu",
        "bairro": "Alto de Coutos",
        "endereco": "Rua Lucíola, 50E",
        "cep": "40750-390",
        "telefone": "3217-7069",
        "foto_thumb": "http://www.terreiros.ceao.ufba.br/_FT/pq/740.jpg",
        "foto_grande": "http://www.terreiros.ceao.ufba.br/_FT/gd/740.jpg"
      }
    },
    {
      "type": "Feature",
      "geometry": {
        "type": "Point",
        "coordinates": [
          -38.4699342372764,
          -12.8537572116912
        ]
      },
      "properties": {
        "id": "741",
        "nome": "Não informado",
        "lideranca": "Valdice do Nascimento",
        "nacao": "Keto",
        "ano_fundacao": "2006",
        "regente": "Iansã",
        "bairro": "Alto de Coutos",
        "cep": "40717-300",
        "telefone": "3217-5032",
        "foto_thumb": "http://www.terreiros.ceao.ufba.br/_FT/pq/741.jpg",
        "foto_grande": "http://www.terreiros.ceao.ufba.br/_FT/gd/741.jpg"
      }
    },
    {
      "type": "Feature",
      "geometry": {
        "type": "Point",
        "coordinates": [
          -38.4676650671368,
          -12.853682761063
        ]
      },
      "properties": {
        "id": "742",
        "nome": "Ylê Axé Omidolá",
        "lideranca": "Adilson Ramos",
        "nacao": "Keto",
        "ano_fundacao": "1990",
        "regente": "Oxum",
        "bairro": "Alto de Coutos",
        "endereco": "Rua 2 de julho, 281E",
        "cep": "40750-380",
        "telefone": "3408-8320",
        "foto_thumb": "http://www.terreiros.ceao.ufba.br/_FT/pq/742.jpg",
        "foto_grande": "http://www.terreiros.ceao.ufba.br/_FT/gd/742.jpg"
      }
    },
    {
      "type": "Feature",
      "geometry": {
        "type": "Point",
        "coordinates": [
          -38.4673771055591,
          -12.8534323608838
        ]
      },
      "properties": {
        "id": "743",
        "nome": "Ylê Axé Tatacaíana",
        "lideranca": "Teresa Pereira dos Santos",
        "nacao": "Angola",
        "ano_fundacao": "1987",
        "regente": "Iansã",
        "bairro": "Paripe",
        "endereco": "Rua das flores de Paripe, 11",
        "cep": "40810-530",
        "telefone": "9148-6778",
        "foto_thumb": "http://www.terreiros.ceao.ufba.br/_FT/pq/743.jpg",
        "foto_grande": "http://www.terreiros.ceao.ufba.br/_FT/gd/743.jpg"
      }
    },
    {
      "type": "Feature",
      "geometry": {
        "type": "Point",
        "coordinates": [
          -38.4632739645456,
          -12.8444818296236
        ]
      },
      "properties": {
        "id": "744",
        "nome": "Ylê Axé Omin Alá",
        "lideranca": "Benedito Conceição Correia",
        "nacao": "Nagô",
        "ano_fundacao": "1986",
        "regente": "Xangô",
        "bairro": "Fazenda Coutos",
        "endereco": "Rua Henrique Marques, 4, 1ª Travessa",
        "cep": "40730-062",
        "telefone": "8102-6913",
        "foto_thumb": "http://www.terreiros.ceao.ufba.br/_FT/pq/744.jpg",
        "foto_grande": "http://www.terreiros.ceao.ufba.br/_FT/gd/744.jpg"
      }
    },
    {
      "type": "Feature",
      "geometry": {
        "type": "Point",
        "coordinates": [
          -38.4632081231894,
          -12.8493406547981
        ]
      },
      "properties": {
        "id": "745",
        "nome": "Ylê Axé",
        "lideranca": "Maria do Carmo dos Santos",
        "nacao": "Angola",
        "ano_fundacao": "1983",
        "regente": "Oxum Apará",
        "bairro": "Fazenda Coutos",
        "endereco": "Rua Henrique Marques, 24E",
        "cep": "40730-440",
        "telefone": "não tem",
        "foto_thumb": "http://www.terreiros.ceao.ufba.br/_FT/pq/745.jpg",
        "foto_grande": "http://www.terreiros.ceao.ufba.br/_FT/gd/745.jpg"
      }
    },
    {
      "type": "Feature",
      "geometry": {
        "type": "Point",
        "coordinates": [
          -38.463204342622,
          -12.8492240561439
        ]
      },
      "properties": {
        "id": "746",
        "nome": "Ylê Axé Geroquemí",
        "lideranca": "Evangivaldo Souza Magalhães",
        "nacao": "Keto",
        "ano_fundacao": "1976",
        "regente": "Omolu",
        "bairro": "Paripe",
        "endereco": "3ª Travessa Joaquim Nabuco, 10",
        "cep": "40730-250",
        "telefone": "3397-7981",
        "foto_thumb": "http://www.terreiros.ceao.ufba.br/_FT/pq/746.jpg",
        "foto_grande": "http://www.terreiros.ceao.ufba.br/_FT/gd/746.jpg"
      }
    },
    {
      "type": "Feature",
      "geometry": {
        "type": "Point",
        "coordinates": [
          -38.4655238866008,
          -12.848969675337
        ]
      },
      "properties": {
        "id": "747",
        "nome": "Ilê Axé Tologinan",
        "lideranca": "Ângela Maria Fernandes dos Santos",
        "nacao": "Keto",
        "ano_fundacao": "1988",
        "regente": "Ogum",
        "bairro": "Paripe",
        "endereco": "Rua Almirante Mourão de Sá, 20",
        "cep": "40800-600",
        "telefone": "3521-1277",
        "foto_thumb": "http://www.terreiros.ceao.ufba.br/_FT/pq/747.jpg",
        "foto_grande": "http://www.terreiros.ceao.ufba.br/_FT/gd/747.jpg"
      }
    },
    {
      "type": "Feature",
      "geometry": {
        "type": "Point",
        "coordinates": [
          -38.4636316066871,
          -12.8454926683088
        ]
      },
      "properties": {
        "id": "748",
        "nome": "Ylê Axé Mouricidam",
        "lideranca": "Nestor Dias da Cruz",
        "nacao": "Angola",
        "ano_fundacao": "2002",
        "regente": "Ogum",
        "bairro": "Paripe",
        "cep": "40830-580",
        "telefone": "3397-2324",
        "foto_thumb": "http://www.terreiros.ceao.ufba.br/_FT/pq/748.jpg",
        "foto_grande": "http://www.terreiros.ceao.ufba.br/_FT/gd/748.jpg"
      }
    },
    {
      "type": "Feature",
      "geometry": {
        "type": "Point",
        "coordinates": [
          -38.4646797363283,
          -12.8447281189798
        ]
      },
      "properties": {
        "id": "749",
        "nome": "Ylê Axé Yatomin Yalassé",
        "lideranca": "Maria Helena Costa",
        "nacao": "Angola",
        "ano_fundacao": "1981",
        "regente": "Oxum",
        "bairro": "Paripe",
        "endereco": "Rua Tenerife, 9",
        "telefone": "3251-1494",
        "foto_thumb": "http://www.terreiros.ceao.ufba.br/_FT/pq/749.jpg",
        "foto_grande": "http://www.terreiros.ceao.ufba.br/_FT/gd/749.jpg"
      }
    },
    {
      "type": "Feature",
      "geometry": {
        "type": "Point",
        "coordinates": [
          -38.4637250953648,
          -12.8446595848758
        ]
      },
      "properties": {
        "id": "752",
        "nome": "Itubenssara",
        "lideranca": "Célia Ferreira de Assis",
        "nacao": "Angola",
        "ano_fundacao": "1960",
        "regente": "Obaluaê",
        "bairro": "Plataforma",
        "cep": "40717-520",
        "telefone": "3398-3990",
        "foto_thumb": "http://www.terreiros.ceao.ufba.br/_FT/pq/752.jpg",
        "foto_grande": "http://www.terreiros.ceao.ufba.br/_FT/gd/752.jpg"
      }
    },
    {
      "type": "Feature",
      "geometry": {
        "type": "Point",
        "coordinates": [
          -38.4839593331479,
          -12.9011752924117
        ]
      },
      "properties": {
        "id": "753",
        "nome": "Unzó Kassanji Rew Uzambi",
        "lideranca": "Carmelita Santana dos Reis",
        "nacao": "Angola",
        "ano_fundacao": "1997",
        "regente": "Iansã",
        "bairro": "Plataforma",
        "endereco": "Rua dos Ferroviários, 83",
        "cep": "40717-000",
        "telefone": "3398-5667",
        "foto_thumb": "http://www.terreiros.ceao.ufba.br/_FT/pq/753.jpg",
        "foto_grande": "http://www.terreiros.ceao.ufba.br/_FT/gd/753.jpg"
      }
    },
    {
      "type": "Feature",
      "geometry": {
        "type": "Point",
        "coordinates": [
          -38.4826024708711,
          -12.9013263053398
        ]
      },
      "properties": {
        "id": "754",
        "nome": "Terreiro Oiá Min",
        "lideranca": "Keila dos Anjos de Oliveira",
        "nacao": "Keto",
        "ano_fundacao": "2003",
        "regente": "Iansã",
        "bairro": "Plataforma",
        "endereco": "Rua das Bananeiras, 49",
        "cep": "40717-070",
        "telefone": "8145-2947",
        "foto_thumb": "http://www.terreiros.ceao.ufba.br/_FT/pq/754.jpg",
        "foto_grande": "http://www.terreiros.ceao.ufba.br/_FT/gd/754.jpg"
      }
    },
    {
      "type": "Feature",
      "geometry": {
        "type": "Point",
        "coordinates": [
          -38.4829959106173,
          -12.8949465372251
        ]
      },
      "properties": {
        "id": "755",
        "nome": "Centro de Umbanda Oxóssi Guerreiro",
        "lideranca": "Maria das Neves",
        "nacao": "Umbanda",
        "ano_fundacao": "1970",
        "regente": "Oxossi",
        "bairro": "Águas Claras",
        "endereco": "Rua São João Batista, 28-E",
        "cep": "41311-428",
        "telefone": "3215-6759",
        "foto_thumb": "http://www.terreiros.ceao.ufba.br/_FT/pq/755.jpg",
        "foto_grande": "http://www.terreiros.ceao.ufba.br/_FT/gd/755.jpg"
      }
    },
    {
      "type": "Feature",
      "geometry": {
        "type": "Point",
        "coordinates": [
          -38.4405050753376,
          -12.8904886238977
        ]
      },
      "properties": {
        "id": "756",
        "nome": "Terreiro Sultão das Matas",
        "lideranca": "Oneide Concha da Silva",
        "nacao": "Keto",
        "ano_fundacao": "2001",
        "regente": "Nanã Buruku",
        "bairro": "Cajazeiras VII",
        "endereco": "Rua A, Casa 2",
        "telefone": "3395-3356",
        "foto_thumb": "http://www.terreiros.ceao.ufba.br/_FT/pq/756.jpg",
        "foto_grande": "http://www.terreiros.ceao.ufba.br/_FT/gd/756.jpg"
      }
    },
    {
      "type": "Feature",
      "geometry": {
        "type": "Point",
        "coordinates": [
          -38.4287149890637,
          -12.887826539712
        ]
      },
      "properties": {
        "id": "757",
        "nome": "Ilê Axé Omim Odé",
        "lideranca": "Ivanilce Germana da Conceição",
        "nacao": "Keto Angola",
        "ano_fundacao": "1986",
        "regente": "Oxum",
        "bairro": "Águas Claras",
        "endereco": "Rua Vilma Moreira, 35-E",
        "cep": "41310-095",
        "telefone": "3238-7506",
        "foto_thumb": "http://www.terreiros.ceao.ufba.br/_FT/pq/757.jpg",
        "foto_grande": "http://www.terreiros.ceao.ufba.br/_FT/gd/757.jpg"
      }
    },
    {
      "type": "Feature",
      "geometry": {
        "type": "Point",
        "coordinates": [
          -38.430669728246,
          -12.8852149678531
        ]
      },
      "properties": {
        "id": "758",
        "nome": "Ilê Axé Ala Omim Guiam",
        "lideranca": "Jumar Santos da Paixão",
        "nacao": "Keto Alaketo",
        "ano_fundacao": "1997",
        "regente": "não informado",
        "bairro": "Cajazeiras XI",
        "telefone": "Não tem",
        "foto_thumb": "http://www.terreiros.ceao.ufba.br/_FT/pq/758.jpg",
        "foto_grande": "http://www.terreiros.ceao.ufba.br/_FT/gd/758.jpg"
      }
    },
    {
      "type": "Feature",
      "geometry": {
        "type": "Point",
        "coordinates": [
          -38.464878702035,
          -12.8491399681415
        ]
      },
      "properties": {
        "id": "759",
        "nome": "Não informado",
        "lideranca": "Maria Ângela Rocha Santos",
        "nacao": "Jêje Angola Keto",
        "ano_fundacao": "2001",
        "regente": "Oxóssi",
        "bairro": "Cajazeiras XI",
        "endereco": "Rua Paloma do Carmo (1ª Trav.) s/n",
        "telefone": "3238-5786",
        "foto_thumb": "http://www.terreiros.ceao.ufba.br/_FT/pq/759.jpg",
        "foto_grande": "http://www.terreiros.ceao.ufba.br/_FT/gd/759.jpg"
      }
    },
    {
      "type": "Feature",
      "geometry": {
        "type": "Point",
        "coordinates": [
          -38.4078494131663,
          -12.8761386479958
        ]
      },
      "properties": {
        "id": "760",
        "nome": "Terreiro Tingongo Muende",
        "lideranca": "Geovania Macedo Valença",
        "nacao": "Keto Angola",
        "ano_fundacao": "1982",
        "regente": "Obaluaê",
        "bairro": "Cajazeiras XI",
        "endereco": "Rua Jucelino Kubchek, 7-E",
        "telefone": "3395-3533",
        "foto_thumb": "http://www.terreiros.ceao.ufba.br/_FT/pq/760.jpg",
        "foto_grande": "http://www.terreiros.ceao.ufba.br/_FT/gd/760.jpg"
      }
    },
    {
      "type": "Feature",
      "geometry": {
        "type": "Point",
        "coordinates": [
          -38.4055483911021,
          -12.8868990633569
        ]
      },
      "properties": {
        "id": "761",
        "nome": "Ilê Tomim Kiosise Ayo",
        "lideranca": "Iaraci Santos Brito",
        "nacao": "Keto",
        "ano_fundacao": "1992",
        "regente": "Oxum",
        "bairro": "Cajazeiras XI",
        "endereco": "Rua Flaviano da Apresentação, 29, Lot. Santo Antonio",
        "telefone": "3309-3499",
        "foto_thumb": "http://www.terreiros.ceao.ufba.br/_FT/pq/761.jpg",
        "foto_grande": "http://www.terreiros.ceao.ufba.br/_FT/gd/761.jpg"
      }
    },
    {
      "type": "Feature",
      "geometry": {
        "type": "Point",
        "coordinates": [
          -38.409528575572,
          -12.8787435132909
        ]
      },
      "properties": {
        "id": "762",
        "nome": "Ilê Axé Oya Tojinam",
        "lideranca": "Gildete Maria de Souza",
        "nacao": "Keto",
        "ano_fundacao": "1986",
        "regente": "não informado",
        "bairro": "Cajazeiras XI",
        "endereco": "Rua Maria das Dores Leite, 07, Lot. Santo Antonio",
        "telefone": "não tem",
        "foto_thumb": "http://www.terreiros.ceao.ufba.br/_FT/pq/762.jpg",
        "foto_grande": "http://www.terreiros.ceao.ufba.br/_FT/gd/762.jpg"
      }
    },
    {
      "type": "Feature",
      "geometry": {
        "type": "Point",
        "coordinates": [
          -38.4059119694892,
          -12.8783762215623
        ]
      },
      "properties": {
        "id": "763",
        "nome": "Unzó Catulande de Umzambe",
        "lideranca": "Elisabet da Silva Cavalcante",
        "nacao": "Angola",
        "ano_fundacao": "2005",
        "regente": "Oxalá",
        "bairro": "Cajazeiras XI",
        "endereco": "Rua Nossa Senhora de Lourdes, 710",
        "telefone": "3238-5474",
        "foto_thumb": "http://www.terreiros.ceao.ufba.br/_FT/pq/763.jpg",
        "foto_grande": "http://www.terreiros.ceao.ufba.br/_FT/gd/763.jpg"
      }
    },
    {
      "type": "Feature",
      "geometry": {
        "type": "Point",
        "coordinates": [
          -38.4026152353207,
          -12.8778172625829
        ]
      },
      "properties": {
        "id": "764",
        "nome": "Terreiro Yé Guinã",
        "lideranca": "Lídio Ferreira de Oliveira",
        "nacao": "Alaketo",
        "ano_fundacao": "1956",
        "regente": "Oxum",
        "bairro": "Liberdade",
        "endereco": "Rua Rio Prado , 72",
        "cep": "40375-040",
        "telefone": "Não tem",
        "foto_thumb": "http://www.terreiros.ceao.ufba.br/_FT/pq/764.jpg",
        "foto_grande": "http://www.terreiros.ceao.ufba.br/_FT/gd/764.jpg"
      }
    },
    {
      "type": "Feature",
      "geometry": {
        "type": "Point",
        "coordinates": [
          -38.4952911739717,
          -12.9464746075989
        ]
      },
      "properties": {
        "id": "765",
        "nome": "não informado",
        "lideranca": "Cainara Braz Augusto",
        "nacao": "Keto",
        "ano_fundacao": "1991",
        "regente": "Obaluaê",
        "bairro": "Liberdade",
        "endereco": "Rua Raimundo Mesquita, 142",
        "cep": "40375-000",
        "telefone": "3243-5019",
        "foto_thumb": "http://www.terreiros.ceao.ufba.br/_FT/pq/765.jpg",
        "foto_grande": "http://www.terreiros.ceao.ufba.br/_FT/gd/765.jpg"
      }
    },
    {
      "type": "Feature",
      "geometry": {
        "type": "Point",
        "coordinates": [
          -38.4958038595389,
          -12.9448211475034
        ]
      },
      "properties": {
        "id": "766",
        "nome": "Ilê Axé Oxum Dey Orixalá",
        "lideranca": "Aníbal Telles Pinto",
        "nacao": "Keto Ijexá",
        "ano_fundacao": "1922",
        "regente": "Oxum",
        "endereco": "Rua da Central, 32",
        "bairro": "Liberdade",
        "cep": "40370-010",
        "telefone": "Não tem",
        "foto_thumb": "http://www.terreiros.ceao.ufba.br/_FT/pq/766.jpg",
        "foto_grande": "http://www.terreiros.ceao.ufba.br/_FT/gd/766.jpg"
      }
    },
    {
      "type": "Feature",
      "geometry": {
        "type": "Point",
        "coordinates": [
          -38.4931001097228,
          -12.9465390421821
        ]
      },
      "properties": {
        "id": "767",
        "nome": "Ilê Axé Jagum Bomim",
        "lideranca": "Catarina Brito Cunha",
        "nacao": "Alaketo",
        "ano_fundacao": "1996",
        "regente": "Oxalá e Oxumaré",
        "bairro": "Liberdade",
        "endereco": "Rua Praça Raimundo Freixeiras, Largo do Ouro Sieiro, 17",
        "cep": "40675-220",
        "telefone": "3241-6338/ 3242-5914/ 3607-1033",
        "foto_thumb": "http://www.terreiros.ceao.ufba.br/_FT/pq/767.jpg",
        "foto_grande": "http://www.terreiros.ceao.ufba.br/_FT/gd/767.jpg"
      }
    },
    {
      "type": "Feature",
      "geometry": {
        "type": "Point",
        "coordinates": [
          -38.4968903447027,
          -12.9517879714592
        ]
      },
      "properties": {
        "id": "768",
        "nome": "Kaiango Kapango",
        "lideranca": "Regina Maria de Oliveira",
        "nacao": "Angola",
        "ano_fundacao": "1990",
        "regente": "Iansã e Oxumaré",
        "bairro": "Liberdade",
        "endereco": "1ª Trav. Rio Prado, 72E",
        "cep": "40325-295",
        "telefone": "3242-0801/ 3241-0834",
        "foto_thumb": "http://www.terreiros.ceao.ufba.br/_FT/pq/768.jpg",
        "foto_grande": "http://www.terreiros.ceao.ufba.br/_FT/gd/768.jpg"
      }
    },
    {
      "type": "Feature",
      "geometry": {
        "type": "Point",
        "coordinates": [
          -38.4953252555031,
          -12.9477383767909
        ]
      },
      "properties": {
        "id": "769",
        "nome": "Omo Ajagum Torundé",
        "lideranca": "Edson Silva Moreno",
        "nacao": "Jêje",
        "ano_fundacao": "1990",
        "regente": "Obaluaê",
        "bairro": "Liberdade",
        "endereco": "Rua Prof. Walson Lopes, 12 (Rua do Céu)",
        "cep": "40325-870",
        "telefone": "3243-8896",
        "foto_thumb": "http://www.terreiros.ceao.ufba.br/_FT/pq/769.jpg",
        "foto_grande": "http://www.terreiros.ceao.ufba.br/_FT/gd/769.jpg"
      }
    },
    {
      "type": "Feature",
      "geometry": {
        "type": "Point",
        "coordinates": [
          -38.4914342256922,
          -12.9495455339931
        ]
      },
      "properties": {
        "id": "770",
        "nome": "Centro Cafungé",
        "lideranca": "Lázaro Itamar de Carvalho",
        "nacao": "Keto",
        "ano_fundacao": "1992",
        "regente": "Omolu",
        "bairro": "Liberdade",
        "endereco": "Rua Camamu, 38, Térreo",
        "cep": "40375-110",
        "telefone": "3242-4240",
        "foto_thumb": "http://www.terreiros.ceao.ufba.br/_FT/pq/770.jpg",
        "foto_grande": "http://www.terreiros.ceao.ufba.br/_FT/gd/770.jpg"
      }
    },
    {
      "type": "Feature",
      "geometry": {
        "type": "Point",
        "coordinates": [
          -38.4947779206408,
          -12.9470194232903
        ]
      },
      "properties": {
        "id": "771",
        "nome": "Iê Iê Ominlaxé",
        "lideranca": "Maria Tereza de Carvalho Natividade",
        "nacao": "Keto",
        "ano_fundacao": "1981",
        "regente": "Oxum Apará",
        "bairro": "Plataforma",
        "endereco": "Rua Alto do Manuel Monte, 328  E",
        "cep": "40717-080",
        "telefone": "3398-0757",
        "foto_thumb": "http://www.terreiros.ceao.ufba.br/_FT/pq/771.jpg",
        "foto_grande": "http://www.terreiros.ceao.ufba.br/_FT/gd/771.jpg"
      }
    },
    {
      "type": "Feature",
      "geometry": {
        "type": "Point",
        "coordinates": [
          -38.4833869649869,
          -12.8963787227424
        ]
      },
      "properties": {
        "id": "772",
        "nome": "Não informado",
        "lideranca": "Altamira Santana Cardoso",
        "nacao": "Angola",
        "ano_fundacao": "1971",
        "regente": "Oxóssi",
        "bairro": "Plataforma",
        "endereco": "Rua Mabaço de Cima, 87",
        "cep": "40717-060",
        "telefone": "3398-0091",
        "foto_thumb": "http://www.terreiros.ceao.ufba.br/_FT/pq/772.jpg",
        "foto_grande": "http://www.terreiros.ceao.ufba.br/_FT/gd/772.jpg"
      }
    },
    {
      "type": "Feature",
      "geometry": {
        "type": "Point",
        "coordinates": [
          -38.4863421977845,
          -12.8928096975947
        ]
      },
      "properties": {
        "id": "773",
        "nome": "Terreiro São Roque",
        "lideranca": "Eulália dos Santos",
        "nacao": "Angola",
        "ano_fundacao": "1975",
        "regente": "Omolu",
        "bairro": "Boa Vista do Lobato",
        "endereco": "Rua Itaquaraci, 10 E",
        "cep": "40483-020",
        "telefone": "3293-1247",
        "foto_thumb": "http://www.terreiros.ceao.ufba.br/_FT/pq/773.jpg",
        "foto_grande": "http://www.terreiros.ceao.ufba.br/_FT/gd/773.jpg"
      }
    },
    {
      "type": "Feature",
      "geometry": {
        "type": "Point",
        "coordinates": [
          -38.475122890979,
          -12.919367702165
        ]
      },
      "properties": {
        "id": "774",
        "nome": "Ilê Axé de Caboclo Yru",
        "lideranca": "Jorge Sampaio Ribeiro",
        "nacao": "Keto",
        "ano_fundacao": "1996",
        "regente": "Iansã",
        "bairro": "Plataforma",
        "endereco": "2ª Travessa Santo Antonio de Plataforma, 59C",
        "cep": "40717-740",
        "telefone": "3398-6857",
        "foto_thumb": "http://www.terreiros.ceao.ufba.br/_FT/pq/774.jpg",
        "foto_grande": "http://www.terreiros.ceao.ufba.br/_FT/gd/774.jpg"
      }
    },
    {
      "type": "Feature",
      "geometry": {
        "type": "Point",
        "coordinates": [
          -38.4897395399531,
          -12.8950654895875
        ]
      },
      "properties": {
        "id": "775",
        "nome": "Ilê Axé Oyá Kedemin",
        "lideranca": "Vicélia de Jesus Freitas",
        "nacao": "Keto",
        "ano_fundacao": "1986",
        "regente": "Oiá Balé",
        "bairro": "Plataforma",
        "endereco": "2ª Trav. Antonio Balbino , 83 E",
        "cep": "40713-550",
        "telefone": "3218-3054",
        "foto_thumb": "http://www.terreiros.ceao.ufba.br/_FT/pq/775.jpg",
        "foto_grande": "http://www.terreiros.ceao.ufba.br/_FT/gd/775.jpg"
      }
    },
    {
      "type": "Feature",
      "geometry": {
        "type": "Point",
        "coordinates": [
          -38.4863610564049,
          -12.8939281895381
        ]
      },
      "properties": {
        "id": "776",
        "nome": "Terreiro Atim Taumbira",
        "lideranca": "Raimundo André Teixeira",
        "nacao": "Angola",
        "ano_fundacao": "1964",
        "regente": "Oxóssi",
        "bairro": "Plataforma",
        "endereco": "Rua da Bananeira, 29",
        "cep": "40717-290",
        "telefone": "3398-5445",
        "foto_thumb": "http://www.terreiros.ceao.ufba.br/_FT/pq/776.jpg",
        "foto_grande": "http://www.terreiros.ceao.ufba.br/_FT/gd/776.jpg"
      }
    },
    {
      "type": "Feature",
      "geometry": {
        "type": "Point",
        "coordinates": [
          -38.4847181538529,
          -12.8962282306908
        ]
      },
      "properties": {
        "id": "777",
        "nome": "Terreiro Estrela do Mar",
        "lideranca": "Ainá Costa da Silva",
        "nacao": "Angola",
        "ano_fundacao": "1941",
        "regente": "Oxum Apará",
        "bairro": "Plataforma",
        "endereco": "Rua Alto do Manuel Monte, 2E",
        "cep": "40717-080",
        "telefone": "3218-7833",
        "foto_thumb": "http://www.terreiros.ceao.ufba.br/_FT/pq/777.jpg",
        "foto_grande": "http://www.terreiros.ceao.ufba.br/_FT/gd/777.jpg"
      }
    },
    {
      "type": "Feature",
      "geometry": {
        "type": "Point",
        "coordinates": [
          -38.4844413789034,
          -12.8967009774572
        ]
      },
      "properties": {
        "id": "778",
        "nome": "Ylê Axé Omolú Agiloman",
        "lideranca": "Juvenal Soares",
        "nacao": "Keto",
        "ano_fundacao": "2006",
        "regente": "Omolu",
        "bairro": "Alto de Coutos",
        "endereco": "Rua 2 de julho, 253E",
        "cep": "40750-380",
        "telefone": "3521-6607",
        "foto_thumb": "http://www.terreiros.ceao.ufba.br/_FT/pq/778.jpg",
        "foto_grande": "http://www.terreiros.ceao.ufba.br/_FT/gd/778.jpg"
      }
    },
    {
      "type": "Feature",
      "geometry": {
        "type": "Point",
        "coordinates": [
          -38.4680050252455,
          -12.8531219833782
        ]
      },
      "properties": {
        "id": "779",
        "nome": "Ylê Asé de Omolú",
        "lideranca": "Raimundo de Castro Carvalho",
        "nacao": "Keto",
        "ano_fundacao": "1976",
        "regente": "Obaluaê",
        "bairro": "Alto de Coutos",
        "endereco": "Rua Luanda, quadra 17, lote 37, Parque Selubal",
        "cep": "40750-400",
        "telefone": "3521-3767",
        "foto_thumb": "http://www.terreiros.ceao.ufba.br/_FT/pq/779.jpg",
        "foto_grande": "http://www.terreiros.ceao.ufba.br/_FT/gd/779.jpg"
      }
    },
    {
      "type": "Feature",
      "geometry": {
        "type": "Point",
        "coordinates": [
          -38.467203852868,
          -12.8551581494176
        ]
      },
      "properties": {
        "id": "781",
        "nome": "Ylê Axé Alaodô Elewejugbe",
        "lideranca": "Jair de Souza Santiago Ferreiro",
        "nacao": "Keto",
        "ano_fundacao": "1999",
        "regente": "Oxaguiã",
        "bairro": "Alto de Coutos",
        "endereco": "Rua da Alegria, 16E",
        "cep": "40750-272",
        "telefone": "3217-4806",
        "foto_thumb": "http://www.terreiros.ceao.ufba.br/_FT/pq/781.jpg",
        "foto_grande": "http://www.terreiros.ceao.ufba.br/_FT/gd/781.jpg"
      }
    },
    {
      "type": "Feature",
      "geometry": {
        "type": "Point",
        "coordinates": [
          -38.464088024684,
          -12.8514465730672
        ]
      },
      "properties": {
        "id": "782",
        "nome": "Ylê Axé Santa Bárbara (Iansã)",
        "lideranca": "Domingas de Souza Barbosa dos Reis",
        "nacao": "Keto",
        "ano_fundacao": "1961",
        "regente": "Iansã",
        "bairro": "Alto de Coutos",
        "endereco": "Rua Jubiabá, 938E",
        "cep": "40760-310",
        "telefone": "3307-2564",
        "foto_thumb": "http://www.terreiros.ceao.ufba.br/_FT/pq/782.jpg",
        "foto_grande": "http://www.terreiros.ceao.ufba.br/_FT/gd/782.jpg"
      }
    },
    {
      "type": "Feature",
      "geometry": {
        "type": "Point",
        "coordinates": [
          -38.4674136264637,
          -12.8522312900578
        ]
      },
      "properties": {
        "id": "783",
        "nome": "Ylê Axé Iamidowgi",
        "lideranca": "Marinalva Pereira da Silva",
        "nacao": "Keto",
        "ano_fundacao": "1991",
        "regente": "Iemanjá",
        "bairro": "Alto de Coutos",
        "cep": "40760-210",
        "telefone": "3521-0218",
        "foto_thumb": "http://www.terreiros.ceao.ufba.br/_FT/pq/783.jpg",
        "foto_grande": "http://www.terreiros.ceao.ufba.br/_FT/gd/783.jpg"
      }
    },
    {
      "type": "Feature",
      "geometry": {
        "type": "Point",
        "coordinates": [
          -38.4626141538913,
          -12.8515472582343
        ]
      },
      "properties": {
        "id": "784",
        "nome": "Ilê Axé Dmin",
        "lideranca": "Florisvaldo Gabriel de Morais",
        "nacao": "Keto",
        "ano_fundacao": "1970",
        "regente": "Oxum e Oxóssi",
        "bairro": "Pirajá",
        "endereco": "Rua 8 de novembro, 1010",
        "cep": "41209-480",
        "telefone": "3215-0111/ 9906-9131",
        "foto_thumb": "http://www.terreiros.ceao.ufba.br/_FT/pq/784.jpg",
        "foto_grande": "http://www.terreiros.ceao.ufba.br/_FT/gd/784.jpg"
      }
    },
    {
      "type": "Feature",
      "geometry": {
        "type": "Point",
        "coordinates": [
          -38.467226354846,
          -12.9035328017978
        ]
      },
      "properties": {
        "id": "785",
        "nome": "Ilê Axé Odé Bulerin",
        "lideranca": "Maria Luiza de Oliveria Cardoso",
        "nacao": "Keto",
        "ano_fundacao": "2002",
        "regente": "Oxóssi e Iansã",
        "bairro": "Pirajá",
        "endereco": "Rua 8 de novembro, Trav.  Visconde de Pirajá, 44E",
        "cep": "41290-610",
        "telefone": "3391-2218/ 8108-7484",
        "foto_thumb": "http://www.terreiros.ceao.ufba.br/_FT/pq/785.jpg",
        "foto_grande": "http://www.terreiros.ceao.ufba.br/_FT/gd/785.jpg"
      }
    },
    {
      "type": "Feature",
      "geometry": {
        "type": "Point",
        "coordinates": [
          -38.4631778402384,
          -12.9018393208569
        ]
      },
      "properties": {
        "id": "787",
        "nome": "Centro Umbandista Caboclo Rei do Congo",
        "lideranca": "Luzia Maria Souza A. Teixeira",
        "nacao": "Keto",
        "ano_fundacao": "1978",
        "regente": "Obaluaê",
        "bairro": "Pirajá I",
        "endereco": "Conj. Pirajá I, Caminho 34, Casa 3, Rua Vivendas dos Passaros",
        "cep": "41290-540",
        "telefone": "3391-2861",
        "foto_thumb": "http://www.terreiros.ceao.ufba.br/_FT/pq/787.jpg",
        "foto_grande": "http://www.terreiros.ceao.ufba.br/_FT/gd/787.jpg"
      }
    },
    {
      "type": "Feature",
      "geometry": {
        "type": "Point",
        "coordinates": [
          -38.457399579595,
          -12.8939626845309
        ]
      },
      "properties": {
        "id": "788",
        "nome": "Ilê Axé Oyá",
        "lideranca": "Anízia da Rocha Pitta Silva",
        "nacao": "Keto",
        "ano_fundacao": "1983",
        "regente": "Iansã",
        "bairro": "Pirajá I",
        "endereco": "Rua Mário Lago, Caminho 31, Casa 5",
        "cep": "41290-540",
        "telefone": "3392-0232",
        "foto_thumb": "http://www.terreiros.ceao.ufba.br/_FT/pq/788.jpg",
        "foto_grande": "http://www.terreiros.ceao.ufba.br/_FT/gd/788.jpg"
      }
    },
    {
      "type": "Feature",
      "geometry": {
        "type": "Point",
        "coordinates": [
          -38.4575808501428,
          -12.8917923468944
        ]
      },
      "properties": {
        "id": "789",
        "nome": "Ilê Axé Azooane Jibã Silê",
        "lideranca": "Marinalva Barbosa de Lima",
        "nacao": "Keto",
        "ano_fundacao": "1996",
        "regente": "Obaluaê",
        "bairro": "Pirajá I",
        "endereco": "Conj. Pirajá I, Rua da Flor, Via Local II, Casa 21",
        "cep": "41290-540",
        "telefone": "3392-1591/ 9977-1377",
        "foto_thumb": "http://www.terreiros.ceao.ufba.br/_FT/pq/789.jpg",
        "foto_grande": "http://www.terreiros.ceao.ufba.br/_FT/gd/789.jpg"
      }
    },
    {
      "type": "Feature",
      "geometry": {
        "type": "Point",
        "coordinates": [
          -38.4540893961849,
          -12.8935302274941
        ]
      },
      "properties": {
        "id": "790",
        "nome": "Omi Deayá Diunzambí",
        "lideranca": "Antônio Paulo dos Santos Neves",
        "nacao": "Angola",
        "ano_fundacao": "2003",
        "regente": "Ogum",
        "bairro": "Pirajá",
        "endereco": "Rua 1º de janeiro, 62",
        "cep": "41290-350",
        "telefone": "3293-0784/ 8874-8865",
        "foto_thumb": "http://www.terreiros.ceao.ufba.br/_FT/pq/790.jpg",
        "foto_grande": "http://www.terreiros.ceao.ufba.br/_FT/gd/790.jpg"
      }
    },
    {
      "type": "Feature",
      "geometry": {
        "type": "Point",
        "coordinates": [
          -38.4603106290647,
          -12.8983935789407
        ]
      },
      "properties": {
        "id": "791",
        "nome": "Ilê Axé Oyá Jerê",
        "lideranca": "Claudemiriam Lage de Jesus",
        "nacao": "Keto",
        "ano_fundacao": "1968",
        "regente": "Iansã",
        "bairro": "Pirajá",
        "endereco": "Rua Elísio Mesqueta, 273",
        "cep": "41295-360",
        "telefone": "3293-0723/ 8816-3758",
        "foto_thumb": "http://www.terreiros.ceao.ufba.br/_FT/pq/791.jpg",
        "foto_grande": "http://www.terreiros.ceao.ufba.br/_FT/gd/791.jpg"
      }
    },
    {
      "type": "Feature",
      "geometry": {
        "type": "Point",
        "coordinates": [
          -38.463379557804,
          -12.8964424576879
        ]
      },
      "properties": {
        "id": "792",
        "nome": "Terreiro de Oxum",
        "lideranca": "Célia Maria Pinto da  Conceição",
        "nacao": "Angola",
        "ano_fundacao": "0",
        "regente": "Oxum",
        "bairro": "Pirajá",
        "cep": "41291-135",
        "telefone": "3460-5277",
        "foto_thumb": "http://www.terreiros.ceao.ufba.br/_FT/pq/792.jpg",
        "foto_grande": "http://www.terreiros.ceao.ufba.br/_FT/gd/792.jpg"
      }
    },
    {
      "type": "Feature",
      "geometry": {
        "type": "Point",
        "coordinates": [
          -38.4664959801491,
          -12.8974385872708
        ]
      },
      "properties": {
        "id": "793",
        "nome": "Olorum Ioyá",
        "lideranca": "Lindenar dos Santos Silva",
        "nacao": "Keto",
        "ano_fundacao": "1979",
        "regente": "Iansã",
        "bairro": "Pirajá",
        "endereco": "Rua Elísio Mesquita Nova, 277",
        "cep": "41295-360",
        "telefone": "9924-3156/ 3246-2183",
        "foto_thumb": "http://www.terreiros.ceao.ufba.br/_FT/pq/793.jpg",
        "foto_grande": "http://www.terreiros.ceao.ufba.br/_FT/gd/793.jpg"
      }
    },
    {
      "type": "Feature",
      "geometry": {
        "type": "Point",
        "coordinates": [
          -38.4635519791169,
          -12.8963637992961
        ]
      },
      "properties": {
        "id": "794",
        "nome": "Terreiro de Kossamango",
        "lideranca": "Maria Cléia dos Santos Almeida",
        "nacao": "Angola",
        "ano_fundacao": "1973",
        "regente": "Iansã Balé",
        "bairro": "Plataforma",
        "cep": "40717-080",
        "telefone": "não tem",
        "foto_thumb": "http://www.terreiros.ceao.ufba.br/_FT/pq/794.jpg",
        "foto_grande": "http://www.terreiros.ceao.ufba.br/_FT/gd/794.jpg"
      }
    },
    {
      "type": "Feature",
      "geometry": {
        "type": "Point",
        "coordinates": [
          -38.4829958485223,
          -12.896122347139
        ]
      },
      "properties": {
        "id": "796",
        "nome": "Ilê Axé Kalé Bokun",
        "lideranca": "Estelita Lima Calmon",
        "nacao": "Ijexá",
        "ano_fundacao": "1933",
        "regente": "Logunedé",
        "bairro": "Plataforma",
        "endereco": "Rua Antonio Balbino, 98A",
        "cep": "40710-635",
        "telefone": "3398-1697/ 9147-8221",
        "foto_thumb": "http://www.terreiros.ceao.ufba.br/_FT/pq/796.jpg",
        "foto_grande": "http://www.terreiros.ceao.ufba.br/_FT/gd/796.jpg"
      }
    },
    {
      "type": "Feature",
      "geometry": {
        "type": "Point",
        "coordinates": [
          -38.4848684367979,
          -12.893244094958
        ]
      },
      "properties": {
        "id": "797",
        "nome": "Terreiro Jiji",
        "lideranca": "Paulina dos Santos",
        "nacao": "Keto",
        "ano_fundacao": "1956",
        "regente": "Obaluaê",
        "bairro": "Pirajá",
        "endereco": "Rua Alcina, 15- E",
        "cep": "41295-150",
        "telefone": "3215-0339",
        "foto_thumb": "http://www.terreiros.ceao.ufba.br/_FT/pq/797.jpg",
        "foto_grande": "http://www.terreiros.ceao.ufba.br/_FT/gd/797.jpg"
      }
    },
    {
      "type": "Feature",
      "geometry": {
        "type": "Point",
        "coordinates": [
          -38.4659918888024,
          -12.8983429746126
        ]
      },
      "properties": {
        "id": "798",
        "nome": "Centro do Caboclo do Juremeira",
        "lideranca": "Terezinha Alves dos Santos",
        "nacao": "Angola",
        "ano_fundacao": "1959",
        "regente": "Obaluaê",
        "bairro": "Castelo Branco",
        "endereco": "Rua I, caminho 6, casa 18, etapa",
        "telefone": "3238-9274",
        "foto_thumb": "http://www.terreiros.ceao.ufba.br/_FT/pq/798.jpg",
        "foto_grande": "http://www.terreiros.ceao.ufba.br/_FT/gd/798.jpg"
      }
    },
    {
      "type": "Feature",
      "geometry": {
        "type": "Point",
        "coordinates": [
          -38.4332303203431,
          -12.9063742545718
        ]
      },
      "properties": {
        "id": "799",
        "nome": "Centro Caboclo Boiadeiro",
        "lideranca": "João Pereira dos Santos Filho",
        "nacao": "Keto",
        "ano_fundacao": "1992",
        "regente": "Oxum",
        "bairro": "Castelo Branco",
        "endereco": "Rua Caminho 3, Casa 39, 3ª Etapa",
        "cep": "41321-245",
        "telefone": "3305-7131",
        "foto_thumb": "http://www.terreiros.ceao.ufba.br/_FT/pq/799.jpg",
        "foto_grande": "http://www.terreiros.ceao.ufba.br/_FT/gd/799.jpg"
      }
    },
    {
      "type": "Feature",
      "geometry": {
        "type": "Point",
        "coordinates": [
          -38.431793659868,
          -12.9050627552509
        ]
      },
      "properties": {
        "id": "801",
        "nome": "Ilê Axé Di Oyá",
        "lideranca": "Vanda da Silva Gomes",
        "nacao": "Keto",
        "ano_fundacao": "1981",
        "regente": "Iansã",
        "bairro": "Castelo Branco",
        "endereco": "Rua J, 19, 3ª Etapa, setor 2, qd 14",
        "cep": "41320-310",
        "telefone": "3305-7023",
        "foto_thumb": "http://www.terreiros.ceao.ufba.br/_FT/pq/801.jpg",
        "foto_grande": "http://www.terreiros.ceao.ufba.br/_FT/gd/801.jpg"
      }
    },
    {
      "type": "Feature",
      "geometry": {
        "type": "Point",
        "coordinates": [
          -38.4307866361184,
          -12.9021208846554
        ]
      },
      "properties": {
        "id": "802",
        "nome": "Caboclo Lage Grande da Bahia",
        "lideranca": "Petrúcia dos Santos Silva (Mãe Pel)",
        "nacao": "Angola",
        "ano_fundacao": "1965",
        "regente": "Oxalá",
        "bairro": "Castelo Branco",
        "endereco": "Rua 13, 3ª Etapa, 45",
        "cep": "41320-210",
        "telefone": "3395-6483",
        "foto_thumb": "http://www.terreiros.ceao.ufba.br/_FT/pq/802.jpg",
        "foto_grande": "http://www.terreiros.ceao.ufba.br/_FT/gd/802.jpg"
      }
    },
    {
      "type": "Feature",
      "geometry": {
        "type": "Point",
        "coordinates": [
          -38.4334507503706,
          -12.9030417166528
        ]
      },
      "properties": {
        "id": "803",
        "nome": "Jakurika Atim de Uzambe",
        "lideranca": "Eliedna dos Santos Castro",
        "nacao": "Angola",
        "ano_fundacao": "1974",
        "regente": "Obaluaê",
        "bairro": "Castelo Branco",
        "endereco": "3ª Etapa Castelo Branco, 11, Rua 27",
        "telefone": "3395-9971/ 9991-1835",
        "foto_thumb": "http://www.terreiros.ceao.ufba.br/_FT/pq/803.jpg",
        "foto_grande": "http://www.terreiros.ceao.ufba.br/_FT/gd/803.jpg"
      }
    },
    {
      "type": "Feature",
      "geometry": {
        "type": "Point",
        "coordinates": [
          -38.4293410195784,
          -12.9002582402925
        ]
      },
      "properties": {
        "id": "804",
        "nome": "Terreiro de Jiloá",
        "lideranca": "Aurelice Ferreira dos Santos",
        "nacao": "Angola",
        "ano_fundacao": "1999",
        "regente": "Obaluaê, Iansã e Iemanjá",
        "bairro": "Plataforma",
        "endereco": "Rua Mabaço de Cima, 91E",
        "cep": "40717-060",
        "telefone": "não tem",
        "foto_thumb": "http://www.terreiros.ceao.ufba.br/_FT/pq/804.jpg",
        "foto_grande": "http://www.terreiros.ceao.ufba.br/_FT/gd/804.jpg"
      }
    },
    {
      "type": "Feature",
      "geometry": {
        "type": "Point",
        "coordinates": [
          -38.4864933463643,
          -12.8925249275006
        ]
      },
      "properties": {
        "id": "805",
        "nome": "Não informado",
        "lideranca": "Maria Isaura Nogueira dos Santos",
        "nacao": "Keto",
        "ano_fundacao": "2001",
        "regente": "Xangô",
        "bairro": "Plataforma",
        "endereco": "Rua Mabaço de Cima, 43",
        "cep": "40717-060",
        "telefone": "8816-3725",
        "foto_thumb": "http://www.terreiros.ceao.ufba.br/_FT/pq/805.jpg",
        "foto_grande": "http://www.terreiros.ceao.ufba.br/_FT/gd/805.jpg"
      }
    },
    {
      "type": "Feature",
      "geometry": {
        "type": "Point",
        "coordinates": [
          -38.4852740347096,
          -12.8920306472927
        ]
      },
      "properties": {
        "id": "806",
        "nome": "Senzala Religiosa Mukunndewá",
        "lideranca": "Valdeci Teixeira Barbosa",
        "nacao": "Bantu",
        "ano_fundacao": "1991",
        "regente": "Ogum",
        "bairro": "Plataforma",
        "cep": "40717-500",
        "telefone": "9926-7949",
        "foto_thumb": "http://www.terreiros.ceao.ufba.br/_FT/pq/806.jpg",
        "foto_grande": "http://www.terreiros.ceao.ufba.br/_FT/gd/806.jpg"
      }
    },
    {
      "type": "Feature",
      "geometry": {
        "type": "Point",
        "coordinates": [
          -38.4789413305205,
          -12.8978443646006
        ]
      },
      "properties": {
        "id": "807",
        "nome": "Ilê Olorum Axé Giocan",
        "lideranca": "Nilma Nascimento Teixeira",
        "nacao": "Keto",
        "ano_fundacao": "1994",
        "regente": "Obaluaê",
        "bairro": "Boa Vista do Lobato",
        "endereco": "Rua Humberto Barreto , 151",
        "cep": "41270-720",
        "telefone": "3211-1887",
        "foto_thumb": "http://www.terreiros.ceao.ufba.br/_FT/pq/807.jpg",
        "foto_grande": "http://www.terreiros.ceao.ufba.br/_FT/gd/807.jpg"
      }
    },
    {
      "type": "Feature",
      "geometry": {
        "type": "Point",
        "coordinates": [
          -38.4737608521321,
          -12.9182168778388
        ]
      },
      "properties": {
        "id": "808",
        "nome": "Lembá Dilé",
        "lideranca": "Roberto Batista",
        "nacao": "Angola",
        "ano_fundacao": "2003",
        "regente": "Oxalá",
        "bairro": "Boa Vista do Lobato",
        "cep": "40455-971",
        "telefone": "3246-3452",
        "foto_thumb": "http://www.terreiros.ceao.ufba.br/_FT/pq/808.jpg",
        "foto_grande": "http://www.terreiros.ceao.ufba.br/_FT/gd/808.jpg"
      }
    },
    {
      "type": "Feature",
      "geometry": {
        "type": "Point",
        "coordinates": [
          -38.4738348152708,
          -12.9187516342545
        ]
      },
      "properties": {
        "id": "809",
        "nome": "Não informado",
        "lideranca": "Alberto Anastácio de Jesus",
        "nacao": "Angola",
        "ano_fundacao": "1993",
        "regente": "Oxum",
        "bairro": "Boa Vista do Lobato",
        "endereco": "Rua João Rodrigues Mendes, 1776",
        "telefone": "3392-3300",
        "foto_thumb": "http://www.terreiros.ceao.ufba.br/_FT/pq/809.jpg",
        "foto_grande": "http://www.terreiros.ceao.ufba.br/_FT/gd/809.jpg"
      }
    },
    {
      "type": "Feature",
      "geometry": {
        "type": "Point",
        "coordinates": [
          -38.4765518670706,
          -12.9192986948664
        ]
      },
      "properties": {
        "id": "810",
        "nome": "Terreiro de Iemanjá",
        "lideranca": "Valdelice Santos Queiroz",
        "nacao": "Keto",
        "ano_fundacao": "1986",
        "regente": "Iemanjá",
        "bairro": "Boa Vista do Lobato",
        "endereco": "Rua Boa Ventura, 151",
        "cep": "40470-760",
        "telefone": "3211-4804",
        "foto_thumb": "http://www.terreiros.ceao.ufba.br/_FT/pq/810.jpg",
        "foto_grande": "http://www.terreiros.ceao.ufba.br/_FT/gd/810.jpg"
      }
    },
    {
      "type": "Feature",
      "geometry": {
        "type": "Point",
        "coordinates": [
          -38.4785052178106,
          -12.9192482758294
        ]
      },
      "properties": {
        "id": "811",
        "nome": "Ylê Axé Obá Oxé Ynã",
        "lideranca": "Maria da Conceição da Silva Santos",
        "nacao": "Keto Angola",
        "ano_fundacao": "1992",
        "regente": "Xangô e Iemanjá",
        "bairro": "Eng. Velho de Brotas",
        "endereco": "Rua Monte Belém de Cima, 29",
        "cep": "40243-180",
        "telefone": "3489-0778",
        "foto_thumb": "http://www.terreiros.ceao.ufba.br/_FT/pq/811.jpg",
        "foto_grande": "http://www.terreiros.ceao.ufba.br/_FT/gd/811.jpg"
      }
    },
    {
      "type": "Feature",
      "geometry": {
        "type": "Point",
        "coordinates": [
          -38.5054556329862,
          -12.9882542182024
        ]
      },
      "properties": {
        "id": "812",
        "nome": "Terreiro Tolomim",
        "lideranca": "Edvaldo Cordeiro",
        "nacao": "Keto",
        "ano_fundacao": "1991",
        "regente": "Ogum",
        "bairro": "Cajazeiras XI",
        "endereco": "Rua Nossa Senhora de Lourdes, Loteam. Sto. Antonio  Faz. Boa União",
        "telefone": "3309-2933",
        "foto_thumb": "http://www.terreiros.ceao.ufba.br/_FT/pq/812.jpg",
        "foto_grande": "http://www.terreiros.ceao.ufba.br/_FT/gd/812.jpg"
      }
    },
    {
      "type": "Feature",
      "geometry": {
        "type": "Point",
        "coordinates": [
          -38.3998419905387,
          -12.8788608831905
        ]
      },
      "properties": {
        "id": "813",
        "nome": "Ilê Axé Ominanji",
        "lideranca": "Juciara Ramos Moreira",
        "nacao": "Keto Angola",
        "ano_fundacao": "2002",
        "regente": "Iemanjá",
        "bairro": "Cajazeiras XI",
        "endereco": "Rua Nossa Senhora de Lourdes, 64",
        "telefone": "3238-0051",
        "foto_thumb": "http://www.terreiros.ceao.ufba.br/_FT/pq/813.jpg",
        "foto_grande": "http://www.terreiros.ceao.ufba.br/_FT/gd/813.jpg"
      }
    },
    {
      "type": "Feature",
      "geometry": {
        "type": "Point",
        "coordinates": [
          -38.4004416918816,
          -12.8786290793539
        ]
      },
      "properties": {
        "id": "814",
        "nome": "Ilê Axé Omim Ofá",
        "lideranca": "Francisco Ramos Brandão Neto",
        "nacao": "Keto",
        "ano_fundacao": "1993",
        "regente": "Oxóssi e Oxum",
        "bairro": "Cajazeiras XI",
        "endereco": "Rua Nossa Senhora Maria de Lourdes, 449",
        "telefone": "3219-6539/ 8848-6493",
        "foto_thumb": "http://www.terreiros.ceao.ufba.br/_FT/pq/814.jpg",
        "foto_grande": "http://www.terreiros.ceao.ufba.br/_FT/gd/814.jpg"
      }
    },
    {
      "type": "Feature",
      "geometry": {
        "type": "Point",
        "coordinates": [
          -38.3993991662785,
          -12.8784990101186
        ]
      },
      "properties": {
        "id": "815",
        "nome": "Kanzua Inkonsi Danbeleuci Di Umzambi",
        "lideranca": "Ubiraci Gomes Ferão",
        "nacao": "Angola",
        "ano_fundacao": "1994",
        "regente": "Ogum",
        "bairro": "Cajazeiras XI",
        "endereco": "Rua Paraíso, 39, Loteamento Sto. Antonio",
        "telefone": "3219-0605",
        "foto_thumb": "http://www.terreiros.ceao.ufba.br/_FT/pq/815.jpg",
        "foto_grande": "http://www.terreiros.ceao.ufba.br/_FT/gd/815.jpg"
      }
    },
    {
      "type": "Feature",
      "geometry": {
        "type": "Point",
        "coordinates": [
          -38.4086944302902,
          -12.880922489227
        ]
      },
      "properties": {
        "id": "816",
        "nome": "Ilê Axé Ojo Oya",
        "lideranca": "Bárbara Maria Pereira Amorim",
        "nacao": "Keto",
        "ano_fundacao": "2002",
        "regente": "Iansã",
        "bairro": "Cajazeiras XI",
        "endereco": "Rua Alameda M, 3, Loteamento Sto. Antonio",
        "telefone": "3238-0026",
        "foto_thumb": "http://www.terreiros.ceao.ufba.br/_FT/pq/816.jpg",
        "foto_grande": "http://www.terreiros.ceao.ufba.br/_FT/gd/816.jpg"
      }
    },
    {
      "type": "Feature",
      "geometry": {
        "type": "Point",
        "coordinates": [
          -38.4080775736426,
          -12.8797873853278
        ]
      },
      "properties": {
        "id": "817",
        "nome": "Ilê Axé Omam Ogum La Nam",
        "lideranca": "Adilson Reis dos Santos",
        "nacao": "Keto Angola",
        "ano_fundacao": "2002",
        "regente": "Ogum e Tempo",
        "bairro": "Cajazeiras XI",
        "endereco": "Rua Nossa Senhora de Lourdes, 370, Lotemento Sto. Antonio",
        "telefone": "3395-6150",
        "foto_thumb": "http://www.terreiros.ceao.ufba.br/_FT/pq/817.jpg",
        "foto_grande": "http://www.terreiros.ceao.ufba.br/_FT/gd/817.jpg"
      }
    },
    {
      "type": "Feature",
      "geometry": {
        "type": "Point",
        "coordinates": [
          -38.4000977407684,
          -12.8789942031446
        ]
      },
      "properties": {
        "id": "818",
        "nome": "Ilê Axé Oromila de Leua",
        "lideranca": "Edite Alves da Silva",
        "nacao": "Keto",
        "ano_fundacao": "1981",
        "regente": "Oxum",
        "bairro": "Cajazeiras XI",
        "endereco": "Rua Nossa Senhora das Lourdes, 708",
        "telefone": "3238-7034",
        "foto_thumb": "http://www.terreiros.ceao.ufba.br/_FT/pq/818.jpg",
        "foto_grande": "http://www.terreiros.ceao.ufba.br/_FT/gd/818.jpg"
      }
    },
    {
      "type": "Feature",
      "geometry": {
        "type": "Point",
        "coordinates": [
          -38.3990680675524,
          -12.8789002657175
        ]
      },
      "properties": {
        "id": "819",
        "nome": "Ylê Axé Yatobolssê",
        "lideranca": "Lúcia das Graças Santos",
        "nacao": "Keto",
        "ano_fundacao": "0",
        "regente": "Oxum",
        "bairro": "Alto de Coutos",
        "endereco": "Rua Nova Constituinte, 581E",
        "cep": "40720-250",
        "telefone": "3397-4624",
        "foto_thumb": "http://www.terreiros.ceao.ufba.br/_FT/pq/819.jpg",
        "foto_grande": "http://www.terreiros.ceao.ufba.br/_FT/gd/819.jpg"
      }
    },
    {
      "type": "Feature",
      "geometry": {
        "type": "Point",
        "coordinates": [
          -38.4594549246823,
          -12.85933768353
        ]
      },
      "properties": {
        "id": "821",
        "nome": "Terreiro Unzo Mbaambuluseena Ye Teempu",
        "lideranca": "Maria Nanci dos Santos",
        "nacao": "Angola",
        "ano_fundacao": "2000",
        "regente": "Iansã",
        "bairro": "Paripe",
        "endereco": "Rua Salomé, 34, Subestação da Luz",
        "cep": "40810-170",
        "telefone": "8144-8034",
        "foto_thumb": "http://www.terreiros.ceao.ufba.br/_FT/pq/821.jpg",
        "foto_grande": "http://www.terreiros.ceao.ufba.br/_FT/gd/821.jpg"
      }
    },
    {
      "type": "Feature",
      "geometry": {
        "type": "Point",
        "coordinates": [
          -38.4550683176857,
          -12.8405598390146
        ]
      },
      "properties": {
        "id": "822",
        "nome": "Ylê Axé Ijdums (Ita Ajaduemci)",
        "lideranca": "Antonio Pedreira de Jesus",
        "nacao": "Nagô Jêje",
        "ano_fundacao": "1990",
        "regente": "Oxalá",
        "bairro": "Alto de Coutos",
        "endereco": "Rua São Francisco, s/n",
        "cep": "40810-040",
        "telefone": "3308-1872",
        "foto_thumb": "http://www.terreiros.ceao.ufba.br/_FT/pq/822.jpg",
        "foto_grande": "http://www.terreiros.ceao.ufba.br/_FT/gd/822.jpg"
      }
    },
    {
      "type": "Feature",
      "geometry": {
        "type": "Point",
        "coordinates": [
          -38.4613020204758,
          -12.8625232047884
        ]
      },
      "properties": {
        "id": "823",
        "nome": "Terreiro Gunzó Luango",
        "lideranca": "Reinaldo Silva Ferreira",
        "nacao": "Angola",
        "ano_fundacao": "0",
        "regente": "Xangô",
        "bairro": "Paripe",
        "endereco": "Rua Antonio Balbino, 41E",
        "telefone": "3521-2419 (recado)/ 9239-1391",
        "foto_thumb": "http://www.terreiros.ceao.ufba.br/_FT/pq/823.jpg",
        "foto_grande": "http://www.terreiros.ceao.ufba.br/_FT/gd/823.jpg"
      }
    },
    {
      "type": "Feature",
      "geometry": {
        "type": "Point",
        "coordinates": [
          -38.4549920970076,
          -12.8404039272435
        ]
      },
      "properties": {
        "id": "824",
        "nome": "Ylê Axé Deumin Geré Gombira Axé",
        "lideranca": "Maria José Santos Batista",
        "nacao": "Keto",
        "ano_fundacao": "2003",
        "regente": "Oxum",
        "bairro": "Paripe",
        "endereco": "Rua Salomé, 67",
        "cep": "40830-580",
        "telefone": "3521-4943",
        "foto_thumb": "http://www.terreiros.ceao.ufba.br/_FT/pq/824.jpg",
        "foto_grande": "http://www.terreiros.ceao.ufba.br/_FT/gd/824.jpg"
      }
    },
    {
      "type": "Feature",
      "geometry": {
        "type": "Point",
        "coordinates": [
          -38.4550409614375,
          -12.8418125632887
        ]
      },
      "properties": {
        "id": "825",
        "nome": "Terreiro Jussa Condirê",
        "lideranca": "Gerson Santana dos Santos",
        "nacao": "Angola",
        "ano_fundacao": "1986",
        "regente": "Ogum",
        "bairro": "Paripe",
        "endereco": "Rua Salomé, 63E",
        "cep": "40810-170",
        "telefone": "3521-2419",
        "foto_thumb": "http://www.terreiros.ceao.ufba.br/_FT/pq/825.jpg",
        "foto_grande": "http://www.terreiros.ceao.ufba.br/_FT/gd/825.jpg"
      }
    },
    {
      "type": "Feature",
      "geometry": {
        "type": "Point",
        "coordinates": [
          -38.4551240974485,
          -12.8419572582922
        ]
      },
      "properties": {
        "id": "826",
        "nome": "Centro Sutão das Matas",
        "lideranca": "Raymunda Santos dos Reis",
        "nacao": "Keto",
        "ano_fundacao": "1986",
        "regente": "Oxum e Obaluaê",
        "bairro": "Curuzu",
        "endereco": "1ª Trav. da Vila Operária, 01A",
        "cep": "40365-805",
        "telefone": "3243-4166",
        "foto_thumb": "http://www.terreiros.ceao.ufba.br/_FT/pq/826.jpg",
        "foto_grande": "http://www.terreiros.ceao.ufba.br/_FT/gd/826.jpg"
      }
    },
    {
      "type": "Feature",
      "geometry": {
        "type": "Point",
        "coordinates": [
          -38.4874060452099,
          -12.9473253947605
        ]
      },
      "properties": {
        "id": "827",
        "nome": "Ilê Axé Jitolu",
        "lideranca": "Hilda Dias dos Santos",
        "nacao": "Jêje Savalu",
        "ano_fundacao": "1938",
        "regente": "Obaluaê",
        "bairro": "Liberdade",
        "endereco": "Rua do Curuzu, 231",
        "cep": "40366-110",
        "telefone": "3386-2148",
        "foto_thumb": "http://www.terreiros.ceao.ufba.br/_FT/pq/827.jpg",
        "foto_grande": "http://www.terreiros.ceao.ufba.br/_FT/gd/827.jpg"
      }
    },
    {
      "type": "Feature",
      "geometry": {
        "type": "Point",
        "coordinates": [
          -38.4854322970354,
          -12.9437309401579
        ]
      },
      "properties": {
        "id": "828",
        "nome": "Ilê Axé Gibaneji",
        "lideranca": "Luis Lazaro Ferreira da Paixão",
        "nacao": "Keto",
        "ano_fundacao": "1987",
        "regente": "Obaluaê",
        "bairro": "Santa Mônica",
        "endereco": "Rua Mário Kertész, 116E, Térreo",
        "cep": "40335-025",
        "telefone": "8833-1373",
        "foto_thumb": "http://www.terreiros.ceao.ufba.br/_FT/pq/828.jpg",
        "foto_grande": "http://www.terreiros.ceao.ufba.br/_FT/gd/828.jpg"
      }
    },
    {
      "type": "Feature",
      "geometry": {
        "type": "Point",
        "coordinates": [
          -38.487426763796,
          -12.9487797566337
        ]
      },
      "properties": {
        "id": "829",
        "nome": "Centro Mãe Celia",
        "lideranca": "Dilcelia Alves dos Santos",
        "nacao": "Keto",
        "ano_fundacao": "1997",
        "regente": "Caboclo Catendé",
        "bairro": "Liberdade",
        "endereco": "Rua Alto do Abacate, 42",
        "cep": "40370-570",
        "telefone": "não informado",
        "foto_thumb": "http://www.terreiros.ceao.ufba.br/_FT/pq/829.jpg",
        "foto_grande": "http://www.terreiros.ceao.ufba.br/_FT/gd/829.jpg"
      }
    },
    {
      "type": "Feature",
      "geometry": {
        "type": "Point",
        "coordinates": [
          -38.4914602156131,
          -12.9451828217669
        ]
      },
      "properties": {
        "id": "830",
        "nome": "Terreiro de Xangô",
        "lideranca": "Carmem Alves dos Santos",
        "nacao": "Keto",
        "ano_fundacao": "1961",
        "regente": "Xangô",
        "bairro": "Liberdade",
        "cep": "40370-300",
        "telefone": "não informado",
        "foto_thumb": "http://www.terreiros.ceao.ufba.br/_FT/pq/830.jpg",
        "foto_grande": "http://www.terreiros.ceao.ufba.br/_FT/gd/830.jpg"
      }
    },
    {
      "type": "Feature",
      "geometry": {
        "type": "Point",
        "coordinates": [
          -38.4914695793226,
          -12.9453417371734
        ]
      },
      "properties": {
        "id": "831",
        "nome": "Não informado",
        "lideranca": "José Jorge Oliveira de Jesus",
        "nacao": "Keto",
        "ano_fundacao": "1984",
        "regente": "Iemanjá",
        "bairro": "Bairro da Paz",
        "cep": "41515-248",
        "telefone": "3367-3554",
        "foto_thumb": "http://www.terreiros.ceao.ufba.br/_FT/pq/831.jpg",
        "foto_grande": "http://www.terreiros.ceao.ufba.br/_FT/gd/831.jpg"
      }
    },
    {
      "type": "Feature",
      "geometry": {
        "type": "Point",
        "coordinates": [
          -38.3756750154718,
          -12.926753828881
        ]
      },
      "properties": {
        "id": "832",
        "nome": "Sessão de Giro",
        "lideranca": "Iraci Lopes Costa Santos",
        "nacao": "Keto",
        "ano_fundacao": "2000",
        "regente": "Oxum",
        "bairro": "Cabula",
        "endereco": "Rua Corina Barradas, 8, Estrada das Barreiras",
        "cep": "41195-399",
        "telefone": "3257-0857",
        "foto_thumb": "http://www.terreiros.ceao.ufba.br/_FT/pq/832.jpg",
        "foto_grande": "http://www.terreiros.ceao.ufba.br/_FT/gd/832.jpg"
      }
    },
    {
      "type": "Feature",
      "geometry": {
        "type": "Point",
        "coordinates": [
          -38.4526002689186,
          -12.9422875370324
        ]
      },
      "properties": {
        "id": "833",
        "nome": "Ilê Ogum Edi Alaki Koisan",
        "lideranca": "Maria Beatriz dos Santos",
        "nacao": "Keto",
        "ano_fundacao": "1984",
        "regente": "Logunedé",
        "bairro": "Boca do Rio",
        "endereco": "Rua Dom  Eugênio Sales , 86",
        "cep": "40706-670",
        "telefone": "3230-7187",
        "foto_thumb": "http://www.terreiros.ceao.ufba.br/_FT/pq/833.jpg",
        "foto_grande": "http://www.terreiros.ceao.ufba.br/_FT/gd/833.jpg"
      }
    },
    {
      "type": "Feature",
      "geometry": {
        "type": "Point",
        "coordinates": [
          -38.419964207815,
          -12.9743486410028
        ]
      },
      "properties": {
        "id": "835",
        "nome": "Unzo Bakisé Sasa Ganzua Gongará Kaiango",
        "lideranca": "José Carlos Paim",
        "nacao": "Angola",
        "ano_fundacao": "1995",
        "regente": "Kaiango Kapango",
        "bairro": "Cabula",
        "endereco": "Conjunto ACM, Rua Padre Anchieta s/n",
        "telefone": "3384-3727/ 3327-7161",
        "foto_thumb": "http://www.terreiros.ceao.ufba.br/_FT/pq/835.jpg",
        "foto_grande": "http://www.terreiros.ceao.ufba.br/_FT/gd/835.jpg"
      }
    },
    {
      "type": "Feature",
      "geometry": {
        "type": "Point",
        "coordinates": [
          -38.4632045682757,
          -12.9419525636672
        ]
      },
      "properties": {
        "id": "836",
        "nome": "Ilê Ashé Vodum Kaiôgy",
        "lideranca": "Elizabeth Ferreira Sacramento",
        "nacao": "Keto",
        "ano_fundacao": "1980",
        "regente": "Obaluaê",
        "bairro": "Bairro da Paz",
        "endereco": "Rua da Jamaica, Trav. 29 de Setembro, 23",
        "cep": "40515-284",
        "telefone": "9172-0041",
        "foto_thumb": "http://www.terreiros.ceao.ufba.br/_FT/pq/836.jpg",
        "foto_grande": "http://www.terreiros.ceao.ufba.br/_FT/gd/836.jpg"
      }
    },
    {
      "type": "Feature",
      "geometry": {
        "type": "Point",
        "coordinates": [
          -38.3724805413061,
          -12.925510278554
        ]
      },
      "properties": {
        "id": "837",
        "nome": "Centro de Oxalá",
        "lideranca": "Bonfim Manoel de Jesus Teixeira",
        "nacao": "Jêje",
        "ano_fundacao": "1993",
        "regente": "Oxalá",
        "bairro": "Bairro da Paz",
        "endereco": "4º Travessa do Sossego",
        "cep": "41515-162",
        "telefone": "3254-7651",
        "foto_thumb": "http://www.terreiros.ceao.ufba.br/_FT/pq/837.jpg",
        "foto_grande": "http://www.terreiros.ceao.ufba.br/_FT/gd/837.jpg"
      }
    },
    {
      "type": "Feature",
      "geometry": {
        "type": "Point",
        "coordinates": [
          -38.3763320158992,
          -12.9286307938693
        ]
      },
      "properties": {
        "id": "838",
        "nome": "Ilê Axé Iá Omi Efom",
        "lideranca": "Aidete dos Santos",
        "nacao": "Keto",
        "ano_fundacao": "1974",
        "regente": "Oxum",
        "bairro": "Castelo Branco",
        "endereco": "Rua 29, Casa 1, 3ª Etapa",
        "cep": "41320-760",
        "telefone": "3253-0162",
        "foto_thumb": "http://www.terreiros.ceao.ufba.br/_FT/pq/838.jpg",
        "foto_grande": "http://www.terreiros.ceao.ufba.br/_FT/gd/838.jpg"
      }
    },
    {
      "type": "Feature",
      "geometry": {
        "type": "Point",
        "coordinates": [
          -38.4290878701475,
          -12.8991442889312
        ]
      },
      "properties": {
        "id": "839",
        "nome": "Ilê Axé Omilandena Togí",
        "lideranca": "José Ari da Silva Filho",
        "nacao": "Keto",
        "ano_fundacao": "1996",
        "regente": "Oxum",
        "bairro": "Castelo Branco",
        "endereco": "Rua 6 de Janeiro, casa 21, Loteamento São Cristóvão",
        "cep": "41334-316",
        "telefone": "3219-7557",
        "foto_thumb": "http://www.terreiros.ceao.ufba.br/_FT/pq/839.jpg",
        "foto_grande": "http://www.terreiros.ceao.ufba.br/_FT/gd/839.jpg"
      }
    },
    {
      "type": "Feature",
      "geometry": {
        "type": "Point",
        "coordinates": [
          -38.4231479270893,
          -12.9029236797437
        ]
      },
      "properties": {
        "id": "840",
        "nome": "Lembaroci",
        "lideranca": "Antonia M. S. Nascimento",
        "nacao": "Angola Keto",
        "ano_fundacao": "1991",
        "regente": "Oxalá",
        "bairro": "Castelo Branco",
        "endereco": "Rua Sacramento, qd. 2, 28, Cajazeiras 4",
        "telefone": "Não tem",
        "foto_thumb": "http://www.terreiros.ceao.ufba.br/_FT/pq/840.jpg",
        "foto_grande": "http://www.terreiros.ceao.ufba.br/_FT/gd/840.jpg"
      }
    },
    {
      "type": "Feature",
      "geometry": {
        "type": "Point",
        "coordinates": [
          -38.4392056709406,
          -12.9044840718658
        ]
      },
      "properties": {
        "id": "841",
        "nome": "Terreiro de Giboum Cafungé",
        "lideranca": "Amilton Anunciação de Souza",
        "nacao": "Angola",
        "ano_fundacao": "1983",
        "regente": "Obaluaê",
        "bairro": "Vila Canária",
        "endereco": "Rua São Pedro, 52, Travessa São Benedito",
        "cep": "41390-000",
        "telefone": "3211-9284",
        "foto_thumb": "http://www.terreiros.ceao.ufba.br/_FT/pq/841.jpg",
        "foto_grande": "http://www.terreiros.ceao.ufba.br/_FT/gd/841.jpg"
      }
    },
    {
      "type": "Feature",
      "geometry": {
        "type": "Point",
        "coordinates": [
          -38.4424918898216,
          -12.9084937464718
        ]
      },
      "properties": {
        "id": "842",
        "nome": "Terreiro Omodualá",
        "lideranca": "Aurivaldo Ribeiro dos Santos",
        "nacao": "Keto Angola",
        "ano_fundacao": "1981",
        "regente": "Oxalá",
        "bairro": "Vila Canária",
        "endereco": "Rua José Gomes de Aguiar, 52",
        "cep": "41390-200",
        "telefone": "3215-4431",
        "foto_thumb": "http://www.terreiros.ceao.ufba.br/_FT/pq/842.jpg",
        "foto_grande": "http://www.terreiros.ceao.ufba.br/_FT/gd/842.jpg"
      }
    },
    {
      "type": "Feature",
      "geometry": {
        "type": "Point",
        "coordinates": [
          -38.4398208801287,
          -12.911348913248
        ]
      },
      "properties": {
        "id": "843",
        "nome": "Ilê Axé Eiê Oman",
        "lideranca": "João Costa Silva",
        "nacao": "Keto",
        "ano_fundacao": "1986",
        "regente": "Oxum",
        "bairro": "Vila Canária",
        "endereco": "Rua Direta do Ypiranga, s/n",
        "cep": "41390-800",
        "telefone": "3215-3741",
        "foto_thumb": "http://www.terreiros.ceao.ufba.br/_FT/pq/843.jpg",
        "foto_grande": "http://www.terreiros.ceao.ufba.br/_FT/gd/843.jpg"
      }
    },
    {
      "type": "Feature",
      "geometry": {
        "type": "Point",
        "coordinates": [
          -38.4419695286209,
          -12.9107068606758
        ]
      },
      "properties": {
        "id": "844",
        "nome": "Abacá Axé Zazi Mucundê",
        "lideranca": "Durvalina Martins Moncorgo",
        "nacao": "Angola",
        "ano_fundacao": "1933",
        "regente": "Xangõ",
        "bairro": "Vila Canária",
        "endereco": "Rua Altair Humberto Santos, 17",
        "cep": "41390-065",
        "telefone": "3211-9850",
        "foto_thumb": "http://www.terreiros.ceao.ufba.br/_FT/pq/844.jpg",
        "foto_grande": "http://www.terreiros.ceao.ufba.br/_FT/gd/844.jpg"
      }
    },
    {
      "type": "Feature",
      "geometry": {
        "type": "Point",
        "coordinates": [
          -38.4434578319683,
          -12.9095686703123
        ]
      },
      "properties": {
        "id": "845",
        "nome": "Terreiro de Boiadeiro",
        "lideranca": "Crispim Conceição Santos",
        "nacao": "Keto",
        "ano_fundacao": "1970",
        "regente": "Oiá",
        "bairro": "Vila Canária",
        "endereco": "Rua Antônio Rômulo, 30",
        "cep": "41390-070",
        "telefone": "3215-4506",
        "foto_thumb": "http://www.terreiros.ceao.ufba.br/_FT/pq/845.jpg",
        "foto_grande": "http://www.terreiros.ceao.ufba.br/_FT/gd/845.jpg"
      }
    },
    {
      "type": "Feature",
      "geometry": {
        "type": "Point",
        "coordinates": [
          -38.4406074854615,
          -12.9104170621986
        ]
      },
      "properties": {
        "id": "846",
        "nome": "Ylê Axé Yadi",
        "lideranca": "Maria Luiza Alves Sá Barreto",
        "nacao": "Keto",
        "ano_fundacao": "1987",
        "regente": "Oxum",
        "bairro": "Fazenda Coutos",
        "endereco": "Rua Álvaro Leitegel , 414",
        "cep": "40730-595",
        "telefone": "3217-5008",
        "foto_thumb": "http://www.terreiros.ceao.ufba.br/_FT/pq/846.jpg",
        "foto_grande": "http://www.terreiros.ceao.ufba.br/_FT/gd/846.jpg"
      }
    },
    {
      "type": "Feature",
      "geometry": {
        "type": "Point",
        "coordinates": [
          -38.4572129648254,
          -12.8470082779562
        ]
      },
      "properties": {
        "id": "847",
        "nome": "Ylê Axé Oya Misi",
        "lideranca": "Carmem França",
        "nacao": "Keto",
        "ano_fundacao": "1994",
        "regente": "Iansã",
        "bairro": "Fazenda Coutos",
        "endereco": "Rua Conceição do Jacuípe, 07",
        "cep": "40750-120",
        "telefone": "3397-2330",
        "foto_thumb": "http://www.terreiros.ceao.ufba.br/_FT/pq/847.jpg",
        "foto_grande": "http://www.terreiros.ceao.ufba.br/_FT/gd/847.jpg"
      }
    },
    {
      "type": "Feature",
      "geometry": {
        "type": "Point",
        "coordinates": [
          -38.4545723720214,
          -12.8503161420323
        ]
      },
      "properties": {
        "id": "848",
        "nome": "Ylê Axé Odé Ofá Omi Nilê",
        "lideranca": "Jorge Antônio Conceição de Souza",
        "nacao": "Keto",
        "ano_fundacao": "2003",
        "regente": "Oxóssi",
        "bairro": "Fazenda Coutos",
        "endereco": "Rua Salvador, 26",
        "cep": "40781-040",
        "telefone": "3521-7542",
        "foto_thumb": "http://www.terreiros.ceao.ufba.br/_FT/pq/848.jpg",
        "foto_grande": "http://www.terreiros.ceao.ufba.br/_FT/gd/848.jpg"
      }
    },
    {
      "type": "Feature",
      "geometry": {
        "type": "Point",
        "coordinates": [
          -38.4520471642169,
          -12.8478396059151
        ]
      },
      "properties": {
        "id": "849",
        "nome": "Ilê Axé Ofá Eran",
        "lideranca": "Edival de Santana Pereira",
        "nacao": "Keto",
        "ano_fundacao": "1981",
        "regente": "Oxóssi",
        "bairro": "Santa Mônica",
        "endereco": "Rua Mario Kertész, 22",
        "cep": "40335-025",
        "telefone": "3256-9370",
        "foto_thumb": "http://www.terreiros.ceao.ufba.br/_FT/pq/849.jpg",
        "foto_grande": "http://www.terreiros.ceao.ufba.br/_FT/gd/849.jpg"
      }
    },
    {
      "type": "Feature",
      "geometry": {
        "type": "Point",
        "coordinates": [
          -38.487895536549,
          -12.9486801160239
        ]
      },
      "properties": {
        "id": "850",
        "nome": "Centro de Giro Eru de Visaura",
        "lideranca": "Jocelia Freitas Lima",
        "nacao": "Keto",
        "ano_fundacao": "1999",
        "regente": "Oxum Apará",
        "bairro": "Liberdade",
        "endereco": "Rua da Gengibirra de Cima, 39",
        "cep": "40370-500",
        "telefone": "3386-5077",
        "foto_thumb": "http://www.terreiros.ceao.ufba.br/_FT/pq/850.jpg",
        "foto_grande": "http://www.terreiros.ceao.ufba.br/_FT/gd/850.jpg"
      }
    },
    {
      "type": "Feature",
      "geometry": {
        "type": "Point",
        "coordinates": [
          -38.4908739910504,
          -12.9425284120569
        ]
      },
      "properties": {
        "id": "851",
        "nome": "Terreiro de Oxossi",
        "lideranca": "Joana Angélica Cardoso da Silva",
        "nacao": "Keto",
        "ano_fundacao": "1974",
        "regente": "Oxóssi",
        "bairro": "Pau da Lima",
        "endereco": "Rua da Paz , 84",
        "cep": "41235-100",
        "telefone": "3393-5233",
        "foto_thumb": "http://www.terreiros.ceao.ufba.br/_FT/pq/851.jpg",
        "foto_grande": "http://www.terreiros.ceao.ufba.br/_FT/gd/851.jpg"
      }
    },
    {
      "type": "Feature",
      "geometry": {
        "type": "Point",
        "coordinates": [
          -38.4452550825634,
          -12.9252158302872
        ]
      },
      "properties": {
        "id": "852",
        "nome": "Ilê Axé Ogunsi",
        "lideranca": "Nilza Moreira Souza",
        "nacao": "Keto",
        "ano_fundacao": "1988",
        "regente": "Ogum",
        "bairro": "Pero Vaz",
        "cep": "40335-611",
        "telefone": "3388-5029",
        "foto_thumb": "http://www.terreiros.ceao.ufba.br/_FT/pq/852.jpg",
        "foto_grande": "http://www.terreiros.ceao.ufba.br/_FT/gd/852.jpg"
      }
    },
    {
      "type": "Feature",
      "geometry": {
        "type": "Point",
        "coordinates": [
          -38.4895062261769,
          -12.9540571199855
        ]
      },
      "properties": {
        "id": "853",
        "nome": "Ilê Axé Oromimladé",
        "lideranca": "Carmem Ribeiro",
        "nacao": "Keto",
        "ano_fundacao": "1953",
        "regente": "Oxum",
        "bairro": "Liberdade",
        "endereco": "Rua Damião de Góes , 90",
        "cep": "40325-680",
        "telefone": "3241-2656",
        "foto_thumb": "http://www.terreiros.ceao.ufba.br/_FT/pq/853.jpg",
        "foto_grande": "http://www.terreiros.ceao.ufba.br/_FT/gd/853.jpg"
      }
    },
    {
      "type": "Feature",
      "geometry": {
        "type": "Point",
        "coordinates": [
          -38.4918177844376,
          -12.9496024720774
        ]
      },
      "properties": {
        "id": "854",
        "nome": "Ilê Axé Omi Ndako",
        "lideranca": "Valceria Santana de Jesus",
        "nacao": "Keto",
        "ano_fundacao": "1966",
        "regente": "Xangô",
        "bairro": "Liberdade",
        "endereco": "Rua Capitão Franco, 23",
        "cep": "40327-580",
        "telefone": "3241-9326",
        "foto_thumb": "http://www.terreiros.ceao.ufba.br/_FT/pq/854.jpg",
        "foto_grande": "http://www.terreiros.ceao.ufba.br/_FT/gd/854.jpg"
      }
    },
    {
      "type": "Feature",
      "geometry": {
        "type": "Point",
        "coordinates": [
          -38.4930549366412,
          -12.9452796590622
        ]
      },
      "properties": {
        "id": "855",
        "nome": "Terreiro Kidanadana",
        "lideranca": "Roque Pereira da Silva",
        "nacao": "Jêje",
        "ano_fundacao": "1997",
        "regente": "Oxóssi",
        "bairro": "Cajazeiras XI",
        "endereco": "Rua Maria Antonieta, 33-E",
        "cep": "41330-446",
        "telefone": "3309-4106",
        "foto_thumb": "http://www.terreiros.ceao.ufba.br/_FT/pq/855.jpg",
        "foto_grande": "http://www.terreiros.ceao.ufba.br/_FT/gd/855.jpg"
      }
    },
    {
      "type": "Feature",
      "geometry": {
        "type": "Point",
        "coordinates": [
          -38.4026104352846,
          -12.8799130317453
        ]
      },
      "properties": {
        "id": "856",
        "nome": "Ilê Axé Arulefá Omim Jinan",
        "lideranca": "José Ivo Silva Lima",
        "nacao": "Keto",
        "ano_fundacao": "1988",
        "regente": "Oxóssi",
        "bairro": "Cajazeiras XI",
        "endereco": "Rua Maria Antonieta, 5 Trav. Loteamento N.Sa. de Lourdes",
        "telefone": "3305-4312/ 8864-4731",
        "foto_thumb": "http://www.terreiros.ceao.ufba.br/_FT/pq/856.jpg",
        "foto_grande": "http://www.terreiros.ceao.ufba.br/_FT/gd/856.jpg"
      }
    },
    {
      "type": "Feature",
      "geometry": {
        "type": "Point",
        "coordinates": [
          -38.4020383118237,
          -12.8797474582033
        ]
      },
      "properties": {
        "id": "857",
        "nome": "Centro Oxóssi Caçador",
        "lideranca": "Darcilene Macedo de Carvalho",
        "nacao": "Keto",
        "ano_fundacao": "2000",
        "regente": "Oxóssi",
        "bairro": "Cajazeiras XI",
        "endereco": "Rua Nossa Sra de Lourdes, Loteamento Sto Antonio",
        "telefone": "3353-4596/ 3238-1199",
        "foto_thumb": "http://www.terreiros.ceao.ufba.br/_FT/pq/857.jpg",
        "foto_grande": "http://www.terreiros.ceao.ufba.br/_FT/gd/857.jpg"
      }
    },
    {
      "type": "Feature",
      "geometry": {
        "type": "Point",
        "coordinates": [
          -38.4009067210566,
          -12.8780261785126
        ]
      },
      "properties": {
        "id": "858",
        "nome": "Unzó Niquice Kwa Ningunzo Kayango",
        "lideranca": "Jucelina Santos Nascimento",
        "nacao": "Angola",
        "ano_fundacao": "2000",
        "regente": "Bamburucema",
        "bairro": "Cajazeiras XI",
        "endereco": "Rua Nossa Sra de Lourdes, 743, Loteamento Sto Antonio",
        "telefone": "8165-2735",
        "foto_thumb": "http://www.terreiros.ceao.ufba.br/_FT/pq/858.jpg",
        "foto_grande": "http://www.terreiros.ceao.ufba.br/_FT/gd/858.jpg"
      }
    },
    {
      "type": "Feature",
      "geometry": {
        "type": "Point",
        "coordinates": [
          -38.3997986523594,
          -12.8791023388512
        ]
      },
      "properties": {
        "id": "859",
        "nome": "Não informado",
        "lideranca": "Rosivaldo Sampaio Aragão",
        "nacao": "Angola",
        "ano_fundacao": "1996",
        "regente": "Omolu, Oxóssi e Oxum",
        "bairro": "Cajazeiras XI",
        "telefone": "8894-9969",
        "foto_thumb": "http://www.terreiros.ceao.ufba.br/_FT/pq/859.jpg",
        "foto_grande": "http://www.terreiros.ceao.ufba.br/_FT/gd/859.jpg"
      }
    },
    {
      "type": "Feature",
      "geometry": {
        "type": "Point",
        "coordinates": [
          -38.408111263461,
          -12.8838840936413
        ]
      },
      "properties": {
        "id": "860",
        "nome": "Não informado",
        "lideranca": "Noelia Lacerda de Santana",
        "nacao": "Keto",
        "ano_fundacao": "1988",
        "regente": "não informado",
        "bairro": "Cajazeiras XI",
        "endereco": "Rua Jorge Osório da Silva,16",
        "telefone": "3238-3206",
        "foto_thumb": "http://www.terreiros.ceao.ufba.br/_FT/pq/860.jpg",
        "foto_grande": "http://www.terreiros.ceao.ufba.br/_FT/gd/860.jpg"
      }
    },
    {
      "type": "Feature",
      "geometry": {
        "type": "Point",
        "coordinates": [
          -38.4080283162896,
          -12.8845075479852
        ]
      },
      "properties": {
        "id": "861",
        "nome": "Não informado",
        "lideranca": "Creuza Maria de Santos",
        "nacao": "Jêje Nagô",
        "ano_fundacao": "1985",
        "regente": "Obaluaê",
        "bairro": "Cajazeiras XI",
        "endereco": "Rua B, Quadra C, Caminho 9, casa 22",
        "telefone": "3309-2753",
        "foto_thumb": "http://www.terreiros.ceao.ufba.br/_FT/pq/861.jpg",
        "foto_grande": "http://www.terreiros.ceao.ufba.br/_FT/gd/861.jpg"
      }
    },
    {
      "type": "Feature",
      "geometry": {
        "type": "Point",
        "coordinates": [
          -38.4087839579689,
          -12.8830497017272
        ]
      },
      "properties": {
        "id": "862",
        "nome": "Mutalombo Yê Kaiongo",
        "lideranca": "Jorge Barreto dos Santos",
        "nacao": "Angola Paketan",
        "ano_fundacao": "1971",
        "regente": "Mutalombo",
        "bairro": "Cajazeiras XI",
        "cep": "41347-050",
        "telefone": "9131-7672",
        "foto_thumb": "http://www.terreiros.ceao.ufba.br/_FT/pq/862.jpg",
        "foto_grande": "http://www.terreiros.ceao.ufba.br/_FT/gd/862.jpg"
      }
    },
    {
      "type": "Feature",
      "geometry": {
        "type": "Point",
        "coordinates": [
          -38.4012296925207,
          -12.8838674759282
        ]
      },
      "properties": {
        "id": "863",
        "nome": "Ylê Axé Ogum Torodê",
        "lideranca": "Maria Jorgina Teixeira Barbosa",
        "nacao": "Keto",
        "ano_fundacao": "1999",
        "regente": "Ogum",
        "bairro": "Alto de Coutos",
        "telefone": "3521-0289",
        "foto_thumb": "http://www.terreiros.ceao.ufba.br/_FT/pq/863.jpg",
        "foto_grande": "http://www.terreiros.ceao.ufba.br/_FT/gd/863.jpg"
      }
    },
    {
      "type": "Feature",
      "geometry": {
        "type": "Point",
        "coordinates": [
          -38.4687818592,
          -12.8520881661
        ]
      },
      "properties": {
        "id": "864",
        "nome": "Ylê Axé Oya Deleci",
        "lideranca": "Antônia Maria da Cruz dos Santos",
        "nacao": "Keto",
        "ano_fundacao": "2006",
        "regente": "Iansã",
        "bairro": "Alto de Coutos",
        "endereco": "Rua do Guiné, 03",
        "cep": "40750-124",
        "telefone": "3407-5701",
        "foto_thumb": "http://www.terreiros.ceao.ufba.br/_FT/pq/864.jpg",
        "foto_grande": "http://www.terreiros.ceao.ufba.br/_FT/gd/864.jpg"
      }
    },
    {
      "type": "Feature",
      "geometry": {
        "type": "Point",
        "coordinates": [
          -38.4647171190597,
          -12.8574210340459
        ]
      },
      "properties": {
        "id": "866",
        "nome": "Ylê Axé Vence Demanda",
        "lideranca": "Joselita Balbino da Cruz Reis",
        "nacao": "Keto",
        "ano_fundacao": "1977",
        "regente": "Oxum Apará",
        "bairro": "Alto de Coutos",
        "endereco": "Rua Tira Chapéu ,40",
        "cep": "40760-140",
        "telefone": "3521-1924",
        "foto_thumb": "http://www.terreiros.ceao.ufba.br/_FT/pq/866.jpg",
        "foto_grande": "http://www.terreiros.ceao.ufba.br/_FT/gd/866.jpg"
      }
    },
    {
      "type": "Feature",
      "geometry": {
        "type": "Point",
        "coordinates": [
          -38.4717989996556,
          -12.8508467868113
        ]
      },
      "properties": {
        "id": "868",
        "nome": "Ylê Axé Kal",
        "lideranca": "Ângela Maria dos Santos Prado",
        "nacao": "Keto Angola",
        "ano_fundacao": "1991",
        "regente": "Nanã",
        "bairro": "Fazenda Coutos III",
        "endereco": "Rua Almeida Junior, 19E",
        "cep": "40730-575",
        "telefone": "3408-5936",
        "foto_thumb": "http://www.terreiros.ceao.ufba.br/_FT/pq/868.jpg",
        "foto_grande": "http://www.terreiros.ceao.ufba.br/_FT/gd/868.jpg"
      }
    },
    {
      "type": "Feature",
      "geometry": {
        "type": "Point",
        "coordinates": [
          -38.4605007319558,
          -12.8495142318409
        ]
      },
      "properties": {
        "id": "869",
        "nome": "Ilê Axé Unzó Lecousi de Inzambe",
        "lideranca": "Eunice Santos de Souza",
        "nacao": "Angola",
        "ano_fundacao": "1928",
        "regente": "Ogum",
        "bairro": "Periperi",
        "endereco": "Rua Alexandre Grambel, 42E",
        "cep": "40760-550",
        "telefone": "3521-6956",
        "foto_thumb": "http://www.terreiros.ceao.ufba.br/_FT/pq/869.jpg",
        "foto_grande": "http://www.terreiros.ceao.ufba.br/_FT/gd/869.jpg"
      }
    },
    {
      "type": "Feature",
      "geometry": {
        "type": "Point",
        "coordinates": [
          -38.4735181218608,
          -12.8599931288869
        ]
      },
      "properties": {
        "id": "870",
        "nome": "Terreiro Unzó Insumbuessi",
        "lideranca": "George da Cruz Santos",
        "nacao": "Angola",
        "ano_fundacao": "1991",
        "regente": "Kafungi",
        "bairro": "Boa Vista do Lobato",
        "endereco": "Rua Osvaldo Martins de Castro, 111E",
        "cep": "40480-160",
        "telefone": "3292-1331",
        "foto_thumb": "http://www.terreiros.ceao.ufba.br/_FT/pq/870.jpg",
        "foto_grande": "http://www.terreiros.ceao.ufba.br/_FT/gd/870.jpg"
      }
    },
    {
      "type": "Feature",
      "geometry": {
        "type": "Point",
        "coordinates": [
          -38.4774374859248,
          -12.9180414170991
        ]
      },
      "properties": {
        "id": "871",
        "nome": "Ilê Axé Omim Leleuá",
        "lideranca": "Levina Alves da Silva",
        "nacao": "Angola",
        "ano_fundacao": "1991",
        "regente": "Oxum Apará",
        "bairro": "Boa Vista do Lobato",
        "endereco": "Rua ACM, 33E",
        "cep": "40480-060",
        "telefone": "3293-1120",
        "foto_thumb": "http://www.terreiros.ceao.ufba.br/_FT/pq/871.jpg",
        "foto_grande": "http://www.terreiros.ceao.ufba.br/_FT/gd/871.jpg"
      }
    },
    {
      "type": "Feature",
      "geometry": {
        "type": "Point",
        "coordinates": [
          -38.4742997765305,
          -12.9201940889834
        ]
      },
      "properties": {
        "id": "872",
        "nome": "Terreiro de Ulufamin",
        "lideranca": "Valdete Ramos dos Santos",
        "nacao": "Keto",
        "ano_fundacao": "1976",
        "regente": "Oxalá",
        "bairro": "Boa Vista do Lobato",
        "cep": "40455-971",
        "telefone": "Não tem",
        "foto_thumb": "http://www.terreiros.ceao.ufba.br/_FT/pq/872.jpg",
        "foto_grande": "http://www.terreiros.ceao.ufba.br/_FT/gd/872.jpg"
      }
    },
    {
      "type": "Feature",
      "geometry": {
        "type": "Point",
        "coordinates": [
          -38.473715728751,
          -12.9190202567556
        ]
      },
      "properties": {
        "id": "873",
        "nome": "Terreiro Centro de Oxum",
        "lideranca": "Maria do Carmo Oliveira",
        "nacao": "Keto",
        "ano_fundacao": "1969",
        "regente": "Oxum",
        "bairro": "Boa Vista do Lobato",
        "endereco": "Rua Itaquaraci, 211 E",
        "cep": "40487-000",
        "telefone": "3293-1302",
        "foto_thumb": "http://www.terreiros.ceao.ufba.br/_FT/pq/873.jpg",
        "foto_grande": "http://www.terreiros.ceao.ufba.br/_FT/gd/873.jpg"
      }
    },
    {
      "type": "Feature",
      "geometry": {
        "type": "Point",
        "coordinates": [
          -38.4768638954899,
          -12.9203672536664
        ]
      },
      "properties": {
        "id": "874",
        "nome": "Terreiro de Iemanjá",
        "lideranca": "Maria Valdelice de Jesus",
        "nacao": "Keto",
        "ano_fundacao": "1976",
        "regente": "Iemanjá",
        "bairro": "Boa Vista do Lobato",
        "endereco": "Rua Luciana Barreto , 14 E",
        "cep": "40480-200",
        "telefone": "3211-9374",
        "foto_thumb": "http://www.terreiros.ceao.ufba.br/_FT/pq/874.jpg",
        "foto_grande": "http://www.terreiros.ceao.ufba.br/_FT/gd/874.jpg"
      }
    },
    {
      "type": "Feature",
      "geometry": {
        "type": "Point",
        "coordinates": [
          -38.4760179756342,
          -12.9176305731388
        ]
      },
      "properties": {
        "id": "875",
        "nome": "Sessão de Umbanda",
        "lideranca": "Sara Barreto",
        "nacao": "Angola",
        "ano_fundacao": "1999",
        "regente": "Ogum",
        "bairro": "Alto do Cabrito",
        "endereco": "Rua Cabritolândia, 372E",
        "cep": "40480-580",
        "telefone": "3239-6871",
        "foto_thumb": "http://www.terreiros.ceao.ufba.br/_FT/pq/875.jpg",
        "foto_grande": "http://www.terreiros.ceao.ufba.br/_FT/gd/875.jpg"
      }
    },
    {
      "type": "Feature",
      "geometry": {
        "type": "Point",
        "coordinates": [
          -38.4744552121585,
          -12.9134536698059
        ]
      },
      "properties": {
        "id": "876",
        "nome": "Ilê Axé Orossidan",
        "lideranca": "Gabriel Santana Borges",
        "nacao": "Keto",
        "ano_fundacao": "1956",
        "regente": "Becen",
        "bairro": "Alto do Cabrito",
        "cep": "40480-470",
        "telefone": "8106-3763",
        "foto_thumb": "http://www.terreiros.ceao.ufba.br/_FT/pq/876.jpg",
        "foto_grande": "http://www.terreiros.ceao.ufba.br/_FT/gd/876.jpg"
      }
    },
    {
      "type": "Feature",
      "geometry": {
        "type": "Point",
        "coordinates": [
          -38.4737133112002,
          -12.9115214531422
        ]
      },
      "properties": {
        "id": "877",
        "nome": "Ilê Axé Omolu Omin D'Unzambi",
        "lideranca": "Rosalina Santos de Jesus",
        "nacao": "Angola",
        "ano_fundacao": "0",
        "regente": "Obaluaê",
        "bairro": "Plataforma",
        "endereco": "Rua Olímpia, 315",
        "cep": "40713-500",
        "telefone": "3398-6917",
        "foto_thumb": "http://www.terreiros.ceao.ufba.br/_FT/pq/877.jpg",
        "foto_grande": "http://www.terreiros.ceao.ufba.br/_FT/gd/877.jpg"
      }
    },
    {
      "type": "Feature",
      "geometry": {
        "type": "Point",
        "coordinates": [
          -38.4791402964284,
          -12.8922601776786
        ]
      },
      "properties": {
        "id": "879",
        "nome": "Centro de Caboclo Rei da Marujada",
        "lideranca": "Nerivaldo da Silva Alexandrino",
        "nacao": "Keto",
        "ano_fundacao": "2003",
        "regente": "Xangô",
        "bairro": "Plataforma",
        "endereco": "Rua Olímpia, 311B",
        "cep": "40713-500",
        "telefone": "3398-2536",
        "foto_thumb": "http://www.terreiros.ceao.ufba.br/_FT/pq/879.jpg",
        "foto_grande": "http://www.terreiros.ceao.ufba.br/_FT/gd/879.jpg"
      }
    },
    {
      "type": "Feature",
      "geometry": {
        "type": "Point",
        "coordinates": [
          -38.479373138661,
          -12.8920652537924
        ]
      },
      "properties": {
        "id": "880",
        "nome": "Ylê Axé Ogumigê Centro de Umbanda",
        "lideranca": "Raimunda Silva de Jesus",
        "nacao": "Angola",
        "ano_fundacao": "1986",
        "regente": "Ogum Megê",
        "bairro": "Periperi",
        "endereco": "Rua Alexandre Grambell, 351E",
        "cep": "40760-550",
        "telefone": "3397-1794",
        "foto_thumb": "http://www.terreiros.ceao.ufba.br/_FT/pq/880.jpg",
        "foto_grande": "http://www.terreiros.ceao.ufba.br/_FT/gd/880.jpg"
      }
    },
    {
      "type": "Feature",
      "geometry": {
        "type": "Point",
        "coordinates": [
          -38.4762701771873,
          -12.8594634073698
        ]
      },
      "properties": {
        "id": "881",
        "nome": "Ylê Axé Talaobi",
        "lideranca": "Raimundo Nonato dos Reis Santos",
        "nacao": "Keto",
        "ano_fundacao": "1972",
        "regente": "Oxaguiã",
        "bairro": "Alto de Coutos",
        "endereco": "Rua Alexandre Fleming, 75",
        "cep": "40760-680",
        "telefone": "3408-6706",
        "foto_thumb": "http://www.terreiros.ceao.ufba.br/_FT/pq/881.jpg",
        "foto_grande": "http://www.terreiros.ceao.ufba.br/_FT/gd/881.jpg"
      }
    },
    {
      "type": "Feature",
      "geometry": {
        "type": "Point",
        "coordinates": [
          -38.4734000023137,
          -12.8585817925985
        ]
      },
      "properties": {
        "id": "882",
        "nome": "Ilê Axé Jilewa",
        "lideranca": "Geraldo Luís Borges Mendes",
        "nacao": "Keto",
        "ano_fundacao": "1986",
        "regente": "Obaluaê",
        "bairro": "Fazenda Coutos",
        "endereco": "Rua 50, quadra 60, lote 66",
        "cep": "40731-390",
        "telefone": "3397-2796",
        "foto_thumb": "http://www.terreiros.ceao.ufba.br/_FT/pq/882.jpg",
        "foto_grande": "http://www.terreiros.ceao.ufba.br/_FT/gd/882.jpg"
      }
    },
    {
      "type": "Feature",
      "geometry": {
        "type": "Point",
        "coordinates": [
          -38.4567521644955,
          -12.8431482184524
        ]
      },
      "properties": {
        "id": "883",
        "nome": "Não informado",
        "lideranca": "Rosimeire Santos Santana",
        "nacao": "Keto",
        "ano_fundacao": "2004",
        "regente": "Oxalá",
        "bairro": "Fazenda Coutos",
        "endereco": "Rua Eixo 18, Casa 10",
        "cep": "40731-425",
        "telefone": "3397-7164",
        "foto_thumb": "http://www.terreiros.ceao.ufba.br/_FT/pq/883.jpg",
        "foto_grande": "http://www.terreiros.ceao.ufba.br/_FT/gd/883.jpg"
      }
    },
    {
      "type": "Feature",
      "geometry": {
        "type": "Point",
        "coordinates": [
          -38.4582336520667,
          -12.844806697157
        ]
      },
      "properties": {
        "id": "884",
        "nome": "Ylê Axé Tupiassú Centro de Caboclo",
        "lideranca": "Ubirajara Santos",
        "nacao": "Keto",
        "ano_fundacao": "1996",
        "regente": "Oxalá",
        "bairro": "Fazenda Coutos",
        "endereco": "Rua Eixo 9, quadra 18, 16E",
        "cep": "40731-345",
        "telefone": "3217-9690",
        "foto_thumb": "http://www.terreiros.ceao.ufba.br/_FT/pq/884.jpg",
        "foto_grande": "http://www.terreiros.ceao.ufba.br/_FT/gd/884.jpg"
      }
    },
    {
      "type": "Feature",
      "geometry": {
        "type": "Point",
        "coordinates": [
          -38.4590556850852,
          -12.8452536238688
        ]
      },
      "properties": {
        "id": "885",
        "nome": "Ilê Axé J'Omim Tokun",
        "lideranca": "Gilvandira Luzia Q. Souza da Silva",
        "nacao": "Keto",
        "ano_fundacao": "2004",
        "regente": "Iemanjá, Omolu e Ogum Sete Espadas",
        "bairro": "Cajazeiras XI",
        "endereco": "Rua F, Quadra F, Caminho 46, casa 9",
        "telefone": "3219-5566",
        "foto_thumb": "http://www.terreiros.ceao.ufba.br/_FT/pq/885.jpg",
        "foto_grande": "http://www.terreiros.ceao.ufba.br/_FT/gd/885.jpg"
      }
    },
    {
      "type": "Feature",
      "geometry": {
        "type": "Point",
        "coordinates": [
          -38.4138943304502,
          -12.8882689609749
        ]
      },
      "properties": {
        "id": "886",
        "nome": "Ilê Axé Oxalá Omim Awo",
        "lideranca": "Silvia Neves",
        "nacao": "Keto Angola",
        "ano_fundacao": "1985",
        "regente": "Oxalá",
        "bairro": "Cajazeiras X",
        "endereco": "Rua E, Caminho 4, Casa 6, Setor 2",
        "telefone": "9147-2527/ 9194-6608",
        "foto_thumb": "http://www.terreiros.ceao.ufba.br/_FT/pq/886.jpg",
        "foto_grande": "http://www.terreiros.ceao.ufba.br/_FT/gd/886.jpg"
      }
    },
    {
      "type": "Feature",
      "geometry": {
        "type": "Point",
        "coordinates": [
          -38.4100830529662,
          -12.8842609996523
        ]
      },
      "properties": {
        "id": "887",
        "nome": "Terreiro de Oyá",
        "lideranca": "Renilda Santana",
        "nacao": "Keto",
        "ano_fundacao": "1975",
        "regente": "Iansã",
        "bairro": "Castelo Branco",
        "endereco": "Rua 10 , Casa 15, 2ª Etapa",
        "cep": "41320-000",
        "telefone": "3305-8596",
        "foto_thumb": "http://www.terreiros.ceao.ufba.br/_FT/pq/887.jpg",
        "foto_grande": "http://www.terreiros.ceao.ufba.br/_FT/gd/887.jpg"
      }
    },
    {
      "type": "Feature",
      "geometry": {
        "type": "Point",
        "coordinates": [
          -38.4372795599168,
          -12.9002930669509
        ]
      },
      "properties": {
        "id": "888",
        "nome": "Ilê Axé Enjenoquê",
        "lideranca": "Edvaldo Sampaio Jones",
        "nacao": "Keto",
        "ano_fundacao": "1992",
        "regente": "Obaluaê",
        "bairro": "Castelo Branco",
        "endereco": "Rua 35, casa 7, 3ª etapa",
        "cep": "41320-010",
        "telefone": "3305-7125",
        "foto_thumb": "http://www.terreiros.ceao.ufba.br/_FT/pq/888.jpg",
        "foto_grande": "http://www.terreiros.ceao.ufba.br/_FT/gd/888.jpg"
      }
    },
    {
      "type": "Feature",
      "geometry": {
        "type": "Point",
        "coordinates": [
          -38.4284754588315,
          -12.9044822716064
        ]
      },
      "properties": {
        "id": "889",
        "nome": "Ylê Alé Toloji",
        "lideranca": "Manuel Rodrigues",
        "nacao": "Keto",
        "ano_fundacao": "1998",
        "regente": "Omolu",
        "bairro": "Castelo Branco",
        "endereco": "Rua J, Caminho 21, 6",
        "cep": "41330-010",
        "telefone": "3395-3122",
        "foto_thumb": "http://www.terreiros.ceao.ufba.br/_FT/pq/889.jpg",
        "foto_grande": "http://www.terreiros.ceao.ufba.br/_FT/gd/889.jpg"
      }
    },
    {
      "type": "Feature",
      "geometry": {
        "type": "Point",
        "coordinates": [
          -38.4308351495324,
          -12.9074050546139
        ]
      },
      "properties": {
        "id": "890",
        "nome": "Terreiro da Vissouro",
        "lideranca": "Maria da Glória Lima Torres",
        "nacao": "Angola",
        "ano_fundacao": "1969",
        "regente": "Kibanda Rondo Rei da Vissoura",
        "bairro": "Jardim Nova Esperança",
        "endereco": "Rua Simone Barradas, 85 E",
        "cep": "41370-030",
        "telefone": "3212-5172",
        "foto_thumb": "http://www.terreiros.ceao.ufba.br/_FT/pq/890.jpg",
        "foto_grande": "http://www.terreiros.ceao.ufba.br/_FT/gd/890.jpg"
      }
    },
    {
      "type": "Feature",
      "geometry": {
        "type": "Point",
        "coordinates": [
          -38.417741117558,
          -12.9094487640926
        ]
      },
      "properties": {
        "id": "891",
        "nome": "Terreiro de Oyá",
        "lideranca": "Elisabete Gomes dos Santos Silva",
        "nacao": "Keto",
        "ano_fundacao": "1976",
        "regente": "Iansã",
        "bairro": "Jardim Nova Esperança",
        "endereco": "Rua Simone Barradas, 58 E",
        "cep": "41370-030",
        "telefone": "3212-5232",
        "foto_thumb": "http://www.terreiros.ceao.ufba.br/_FT/pq/891.jpg",
        "foto_grande": "http://www.terreiros.ceao.ufba.br/_FT/gd/891.jpg"
      }
    },
    {
      "type": "Feature",
      "geometry": {
        "type": "Point",
        "coordinates": [
          -38.4177521419977,
          -12.9090664229978
        ]
      },
      "properties": {
        "id": "895",
        "nome": "Terreiro San Doá",
        "lideranca": "Geralda dos Santos Brandão",
        "nacao": "Keto",
        "ano_fundacao": "1971",
        "regente": "Iansã e Oxóssi",
        "bairro": "Lobato",
        "endereco": "Rua Marli Lopes, 14E, Jardim Lobato",
        "cep": "40484-210",
        "telefone": "3239-6586",
        "foto_thumb": "http://www.terreiros.ceao.ufba.br/_FT/pq/895.jpg",
        "foto_grande": "http://www.terreiros.ceao.ufba.br/_FT/gd/895.jpg"
      }
    },
    {
      "type": "Feature",
      "geometry": {
        "type": "Point",
        "coordinates": [
          -38.475264116172,
          -12.9164477839283
        ]
      },
      "properties": {
        "id": "896",
        "nome": "Kewanvolá",
        "lideranca": "Manuel Clemildo da Cruz",
        "nacao": "Angola Bantu",
        "ano_fundacao": "1962",
        "regente": "Omolu",
        "bairro": "Plataforma",
        "endereco": "Rua Manuel Monte , 261-E",
        "cep": "40717-080",
        "telefone": "3398-1563/ 3398-1966",
        "foto_thumb": "http://www.terreiros.ceao.ufba.br/_FT/pq/896.jpg",
        "foto_grande": "http://www.terreiros.ceao.ufba.br/_FT/gd/896.jpg"
      }
    },
    {
      "type": "Feature",
      "geometry": {
        "type": "Point",
        "coordinates": [
          -38.4829556766494,
          -12.8960831435932
        ]
      },
      "properties": {
        "id": "897",
        "nome": "Ilê Axé Iá Omim",
        "lideranca": "Arivaldo S. Nogueira",
        "nacao": "Keto",
        "ano_fundacao": "1986",
        "regente": "Iemanjá",
        "bairro": "Curuzu",
        "cep": "40365-160",
        "telefone": "3386-8646",
        "foto_thumb": "http://www.terreiros.ceao.ufba.br/_FT/pq/897.jpg",
        "foto_grande": "http://www.terreiros.ceao.ufba.br/_FT/gd/897.jpg"
      }
    },
    {
      "type": "Feature",
      "geometry": {
        "type": "Point",
        "coordinates": [
          -38.4877422219412,
          -12.9477429232529
        ]
      },
      "properties": {
        "id": "898",
        "nome": "Odé Bambi Logafé Iéu Omina Condé",
        "lideranca": "Antonieta Neris de Jesus",
        "nacao": "Keto",
        "ano_fundacao": "1993",
        "regente": "Logunedé",
        "bairro": "Liberdade",
        "endereco": "Rua Professor Flavio de Paula, 8, Bairro Guarani",
        "cep": "40367-540",
        "telefone": "3388-0922",
        "foto_thumb": "http://www.terreiros.ceao.ufba.br/_FT/pq/898.jpg",
        "foto_grande": "http://www.terreiros.ceao.ufba.br/_FT/gd/898.jpg"
      }
    },
    {
      "type": "Feature",
      "geometry": {
        "type": "Point",
        "coordinates": [
          -38.4916856402101,
          -12.9433700516118
        ]
      },
      "properties": {
        "id": "899",
        "nome": "Ilê Fanfun Ké",
        "lideranca": "Antonio Paulo Lima Brito",
        "nacao": "Keto",
        "ano_fundacao": "1960",
        "regente": "Oxalá",
        "bairro": "IAPI",
        "cep": "40330-160",
        "telefone": "3388-8858",
        "foto_thumb": "http://www.terreiros.ceao.ufba.br/_FT/pq/899.jpg",
        "foto_grande": "http://www.terreiros.ceao.ufba.br/_FT/gd/899.jpg"
      }
    },
    {
      "type": "Feature",
      "geometry": {
        "type": "Point",
        "coordinates": [
          -38.4822474093237,
          -12.9558998387623
        ]
      },
      "properties": {
        "id": "900",
        "nome": "Terreiro Dyalunda",
        "lideranca": "Eunice Gomes Moura",
        "nacao": "Angola",
        "ano_fundacao": "1991",
        "regente": "Oxum",
        "bairro": "Liberdade",
        "endereco": "Rua Belo Oriente, 108",
        "cep": "40325-390",
        "telefone": "3243-9390",
        "foto_thumb": "http://www.terreiros.ceao.ufba.br/_FT/pq/900.jpg",
        "foto_grande": "http://www.terreiros.ceao.ufba.br/_FT/gd/900.jpg"
      }
    },
    {
      "type": "Feature",
      "geometry": {
        "type": "Point",
        "coordinates": [
          -38.4941475805669,
          -12.9512491622072
        ]
      },
      "properties": {
        "id": "901",
        "nome": "Ilê Axé Ayrá DMim",
        "lideranca": "João Roberto Silva de Souza",
        "nacao": "Angola Keto",
        "ano_fundacao": "2002",
        "regente": "Xangô e Oxum",
        "bairro": "Liberdade",
        "cep": "40327-090",
        "telefone": "3236-1079",
        "foto_thumb": "http://www.terreiros.ceao.ufba.br/_FT/pq/901.jpg",
        "foto_grande": "http://www.terreiros.ceao.ufba.br/_FT/gd/901.jpg"
      }
    },
    {
      "type": "Feature",
      "geometry": {
        "type": "Point",
        "coordinates": [
          -38.4895228175973,
          -12.9498847830095
        ]
      },
      "properties": {
        "id": "902",
        "nome": "Bandelé Congo Filho",
        "lideranca": "Marina Alves de Moura",
        "nacao": "Angola",
        "ano_fundacao": "1965",
        "regente": "Iansã",
        "bairro": "Curuzu",
        "endereco": "Rua Progresso , 30",
        "cep": "40365-035",
        "telefone": "3305-4374",
        "foto_thumb": "http://www.terreiros.ceao.ufba.br/_FT/pq/902.jpg",
        "foto_grande": "http://www.terreiros.ceao.ufba.br/_FT/gd/902.jpg"
      }
    },
    {
      "type": "Feature",
      "geometry": {
        "type": "Point",
        "coordinates": [
          -38.4850973896206,
          -12.9447020751059
        ]
      },
      "properties": {
        "id": "903",
        "nome": "Ilê Ogum Omim Ayé",
        "lideranca": "Raimundo Gilberto Ferreira França",
        "nacao": "Keto",
        "ano_fundacao": "1983",
        "regente": "Ogum",
        "bairro": "Engomadeira",
        "telefone": "3384-2412",
        "foto_thumb": "http://www.terreiros.ceao.ufba.br/_FT/pq/903.jpg",
        "foto_grande": "http://www.terreiros.ceao.ufba.br/_FT/gd/903.jpg"
      }
    },
    {
      "type": "Feature",
      "geometry": {
        "type": "Point",
        "coordinates": [
          -38.4580895893387,
          -12.9460366101434
        ]
      },
      "properties": {
        "id": "904",
        "nome": "Ilê Axé Kafunji Odé Lefunji",
        "lideranca": "Luis Napomuceno de Jesus",
        "nacao": "Keto Angola",
        "ano_fundacao": "1971",
        "regente": "não informado",
        "bairro": "Engomadeira",
        "endereco": "Rua Sr. do Bomfim , Trav. 4 de Março, 3",
        "cep": "41200-366",
        "telefone": "3384-2410",
        "foto_thumb": "http://www.terreiros.ceao.ufba.br/_FT/pq/904.jpg",
        "foto_grande": "http://www.terreiros.ceao.ufba.br/_FT/gd/904.jpg"
      }
    },
    {
      "type": "Feature",
      "geometry": {
        "type": "Point",
        "coordinates": [
          -38.4572241849918,
          -12.946753275788
        ]
      },
      "properties": {
        "id": "905",
        "nome": "Ilê Yá Yalodeidé",
        "lideranca": "Angélica Conceição Ferreira",
        "nacao": "Keto",
        "ano_fundacao": "1996",
        "regente": "Oxum",
        "bairro": "Cabula V",
        "cep": "41180-085",
        "telefone": "3492-0669",
        "foto_thumb": "http://www.terreiros.ceao.ufba.br/_FT/pq/905.jpg",
        "foto_grande": "http://www.terreiros.ceao.ufba.br/_FT/gd/905.jpg"
      }
    },
    {
      "type": "Feature",
      "geometry": {
        "type": "Point",
        "coordinates": [
          -38.457691593893,
          -12.9569405486342
        ]
      },
      "properties": {
        "id": "906",
        "nome": "Ilê Axé Omi Dolar",
        "lideranca": "Risoleta Fonseca Carvalho",
        "nacao": "Keto",
        "ano_fundacao": "1991",
        "regente": "Oxum",
        "bairro": "Castelo Branco",
        "endereco": "Rua 23 , Quadra 4, 1ª Etapa",
        "cep": "41320-000",
        "telefone": "3215-3502/ 8185-3170",
        "foto_thumb": "http://www.terreiros.ceao.ufba.br/_FT/pq/906.jpg",
        "foto_grande": "http://www.terreiros.ceao.ufba.br/_FT/gd/906.jpg"
      }
    },
    {
      "type": "Feature",
      "geometry": {
        "type": "Point",
        "coordinates": [
          -38.43893407794,
          -12.9023689709114
        ]
      },
      "properties": {
        "id": "907",
        "nome": "Oyá Dey",
        "lideranca": "Elizabeth Souza Nascimento",
        "nacao": "Keto Jêje",
        "ano_fundacao": "1954",
        "regente": "Oiá",
        "bairro": "Castelo Branco",
        "endereco": "Rua 17 , Casa 12",
        "cep": "41320-525",
        "telefone": "3215-3005",
        "foto_thumb": "http://www.terreiros.ceao.ufba.br/_FT/pq/907.jpg",
        "foto_grande": "http://www.terreiros.ceao.ufba.br/_FT/gd/907.jpg"
      }
    },
    {
      "type": "Feature",
      "geometry": {
        "type": "Point",
        "coordinates": [
          -38.4415990911284,
          -12.9012851651382
        ]
      },
      "properties": {
        "id": "908",
        "nome": "Ilê Axé Toré Akison",
        "lideranca": "Carlos Alberto Ferreira",
        "nacao": "Keto",
        "ano_fundacao": "1998",
        "regente": "Oxum",
        "bairro": "Castelo Branco",
        "endereco": "Rua E, 55",
        "cep": "41320-000",
        "telefone": "3238-3867/ 8115-1988",
        "foto_thumb": "http://www.terreiros.ceao.ufba.br/_FT/pq/908.jpg",
        "foto_grande": "http://www.terreiros.ceao.ufba.br/_FT/gd/908.jpg"
      }
    },
    {
      "type": "Feature",
      "geometry": {
        "type": "Point",
        "coordinates": [
          -38.4371773264136,
          -12.9009888139772
        ]
      },
      "properties": {
        "id": "909",
        "nome": "Obá Orun Ifá",
        "lideranca": "Claudemira P. Costa",
        "nacao": "Keto",
        "ano_fundacao": "1955",
        "regente": "Xangô",
        "bairro": "Castelo Branco",
        "endereco": "Rua A 3ª Etapa 152",
        "telefone": "não informado",
        "foto_thumb": "http://www.terreiros.ceao.ufba.br/_FT/pq/909.jpg",
        "foto_grande": "http://www.terreiros.ceao.ufba.br/_FT/gd/909.jpg"
      }
    },
    {
      "type": "Feature",
      "geometry": {
        "type": "Point",
        "coordinates": [
          -38.4367788394645,
          -12.9037219185978
        ]
      },
      "properties": {
        "id": "910",
        "nome": "Terreiro Santa Bárbara",
        "lideranca": "Vandete Pereira de Santana",
        "nacao": "Angola",
        "ano_fundacao": "1996",
        "regente": "Iansã",
        "bairro": "Castelo Branco",
        "endereco": "Rua 1, 3ª Etapa",
        "cep": "41320-010",
        "telefone": "9968-6975",
        "foto_thumb": "http://www.terreiros.ceao.ufba.br/_FT/pq/910.jpg",
        "foto_grande": "http://www.terreiros.ceao.ufba.br/_FT/gd/910.jpg"
      }
    },
    {
      "type": "Feature",
      "geometry": {
        "type": "Point",
        "coordinates": [
          -38.4376828337296,
          -12.9061387626633
        ]
      },
      "properties": {
        "id": "911",
        "nome": "Ilê Axé Bábá Alá Ayê",
        "lideranca": "Cláudia Miranda Santos",
        "nacao": "Keto",
        "ano_fundacao": "1988",
        "regente": "Oxalá",
        "bairro": "Castelo Branco",
        "endereco": "Rua 56, 11",
        "telefone": "3238-0722/ 3238-0726",
        "foto_thumb": "http://www.terreiros.ceao.ufba.br/_FT/pq/911.jpg",
        "foto_grande": "http://www.terreiros.ceao.ufba.br/_FT/gd/911.jpg"
      }
    },
    {
      "type": "Feature",
      "geometry": {
        "type": "Point",
        "coordinates": [
          -38.4218409735087,
          -12.9053736630155
        ]
      },
      "properties": {
        "id": "912",
        "nome": "Não informado",
        "lideranca": "Maria Julia Gomes",
        "nacao": "Keto",
        "ano_fundacao": "1964",
        "regente": "Iansã Balé",
        "bairro": "Castelo Branco",
        "endereco": "Rua 56, casa 4, fim de linha",
        "telefone": "3219-3640/ 8846-3640",
        "foto_thumb": "http://www.terreiros.ceao.ufba.br/_FT/pq/912.jpg",
        "foto_grande": "http://www.terreiros.ceao.ufba.br/_FT/gd/912.jpg"
      }
    },
    {
      "type": "Feature",
      "geometry": {
        "type": "Point",
        "coordinates": [
          -38.422363883692,
          -12.9051681964685
        ]
      },
      "properties": {
        "id": "913",
        "nome": "Ilê Axé Aira Dju",
        "lideranca": "Jutacira Santos de Carvalho",
        "nacao": "Keto",
        "ano_fundacao": "2000",
        "regente": "Xangô",
        "bairro": "Cajazeiras X",
        "telefone": "3395-2615",
        "foto_thumb": "http://www.terreiros.ceao.ufba.br/_FT/pq/913.jpg",
        "foto_grande": "http://www.terreiros.ceao.ufba.br/_FT/gd/913.jpg"
      }
    },
    {
      "type": "Feature",
      "geometry": {
        "type": "Point",
        "coordinates": [
          -38.4096099217414,
          -12.8825223556809
        ]
      },
      "properties": {
        "id": "914",
        "nome": "Obagegemim",
        "lideranca": "Augusta Mª da C. Marques",
        "nacao": "Ijexá",
        "ano_fundacao": "1984",
        "regente": "não informado",
        "bairro": "Vale do Ogunjá",
        "endereco": "Rua Padre Eloy, 15 E,",
        "cep": "40290-190",
        "telefone": "3276-1162",
        "foto_thumb": "http://www.terreiros.ceao.ufba.br/_FT/pq/914.jpg",
        "foto_grande": "http://www.terreiros.ceao.ufba.br/_FT/gd/914.jpg"
      }
    },
    {
      "type": "Feature",
      "geometry": {
        "type": "Point",
        "coordinates": [
          -38.4945128544542,
          -12.993548984566
        ]
      },
      "properties": {
        "id": "915",
        "nome": "Não informado",
        "lideranca": "Ubiraci Gomes",
        "nacao": "Angola",
        "ano_fundacao": "1988",
        "regente": "Obaluaê",
        "bairro": "Cajazeiras XI",
        "telefone": "9914-6720",
        "foto_thumb": "http://www.terreiros.ceao.ufba.br/_FT/pq/915.jpg",
        "foto_grande": "http://www.terreiros.ceao.ufba.br/_FT/gd/915.jpg"
      }
    },
    {
      "type": "Feature",
      "geometry": {
        "type": "Point",
        "coordinates": [
          -38.4095677875822,
          -12.8848158689968
        ]
      },
      "properties": {
        "id": "916",
        "nome": "Ilê Axé Miró",
        "lideranca": "Nem",
        "nacao": "Keto",
        "ano_fundacao": "1997",
        "regente": "Ogum",
        "bairro": "Cajazeiras XI",
        "endereco": "Rua Monte Ipitanga  Final do caminho 20",
        "telefone": "Não tem",
        "foto_thumb": "http://www.terreiros.ceao.ufba.br/_FT/pq/916.jpg",
        "foto_grande": "http://www.terreiros.ceao.ufba.br/_FT/gd/916.jpg"
      }
    },
    {
      "type": "Feature",
      "geometry": {
        "type": "Point",
        "coordinates": [
          -38.4094964541989,
          -12.8847200121534
        ]
      },
      "properties": {
        "id": "917",
        "nome": "Ilê Axé Dale Omo Iji Focam",
        "lideranca": "Getúlio Solano da Cruz",
        "nacao": "Keto",
        "ano_fundacao": "1979",
        "regente": "Oxóssi",
        "bairro": "Cajazeiras XI",
        "endereco": "Rua Monte Ipitanga  final do caminho 20",
        "telefone": "9996-0614",
        "foto_thumb": "http://www.terreiros.ceao.ufba.br/_FT/pq/917.jpg",
        "foto_grande": "http://www.terreiros.ceao.ufba.br/_FT/gd/917.jpg"
      }
    },
    {
      "type": "Feature",
      "geometry": {
        "type": "Point",
        "coordinates": [
          -38.4092521853089,
          -12.8849904722223
        ]
      },
      "properties": {
        "id": "918",
        "nome": "Não informado",
        "lideranca": "Maria José Santos",
        "nacao": "Angola",
        "ano_fundacao": "1986",
        "regente": "Iansã",
        "bairro": "Plataforma",
        "endereco": "Rua Senhor do Bonfim, 11-A",
        "telefone": "não tem",
        "foto_thumb": "http://www.terreiros.ceao.ufba.br/_FT/pq/918.jpg",
        "foto_grande": "http://www.terreiros.ceao.ufba.br/_FT/gd/918.jpg"
      }
    },
    {
      "type": "Feature",
      "geometry": {
        "type": "Point",
        "coordinates": [
          -38.4766807005054,
          -12.8992227221713
        ]
      },
      "properties": {
        "id": "919",
        "nome": "Afroxi Ilê",
        "lideranca": "Delza Santos da Silva",
        "nacao": "Angola",
        "ano_fundacao": "1995",
        "regente": "Oxóssi, Oxum, Nanã e Ogum",
        "bairro": "Plataforma",
        "endereco": "Estrada do Cabrito, São João, Rua dos Ferroviários , 203, fundo",
        "cep": "40717-000",
        "telefone": "9616-7857",
        "foto_thumb": "http://www.terreiros.ceao.ufba.br/_FT/pq/919.jpg",
        "foto_grande": "http://www.terreiros.ceao.ufba.br/_FT/gd/919.jpg"
      }
    },
    {
      "type": "Feature",
      "geometry": {
        "type": "Point",
        "coordinates": [
          -38.4805722719621,
          -12.8983959686141
        ]
      },
      "properties": {
        "id": "920",
        "nome": "Casa de Giro",
        "lideranca": "Irene Souza dos Santos",
        "nacao": "Keto",
        "ano_fundacao": "1964",
        "regente": "Logunedé",
        "bairro": "Plataforma",
        "endereco": "Estrada do Cabrito, Rua dos Ferroviários, 104E",
        "cep": "40717-000",
        "telefone": "8884-1816",
        "foto_thumb": "http://www.terreiros.ceao.ufba.br/_FT/pq/920.jpg",
        "foto_grande": "http://www.terreiros.ceao.ufba.br/_FT/gd/920.jpg"
      }
    },
    {
      "type": "Feature",
      "geometry": {
        "type": "Point",
        "coordinates": [
          -38.4817779272558,
          -12.8989159874896
        ]
      },
      "properties": {
        "id": "921",
        "nome": "Não informado",
        "lideranca": "Eunice Silva Santos",
        "nacao": "Keto",
        "ano_fundacao": "1996",
        "regente": "Iemanjá",
        "bairro": "Plataforma",
        "endereco": "Rua Iguaçu, 75",
        "cep": "40718-160",
        "telefone": "3318-3074",
        "foto_thumb": "http://www.terreiros.ceao.ufba.br/_FT/pq/921.jpg",
        "foto_grande": "http://www.terreiros.ceao.ufba.br/_FT/gd/921.jpg"
      }
    },
    {
      "type": "Feature",
      "geometry": {
        "type": "Point",
        "coordinates": [
          -38.4792932750647,
          -12.8914121417072
        ]
      },
      "properties": {
        "id": "922",
        "nome": "Centro Espírita Ogum de Roda",
        "lideranca": "Jaílse Souza dos Santos",
        "nacao": "Angola",
        "ano_fundacao": "1991",
        "regente": "Ogum",
        "bairro": "Plataforma",
        "endereco": "Rua dos Ferroviários, 155",
        "cep": "40717-000",
        "telefone": "3218-9970",
        "foto_thumb": "http://www.terreiros.ceao.ufba.br/_FT/pq/922.jpg",
        "foto_grande": "http://www.terreiros.ceao.ufba.br/_FT/gd/922.jpg"
      }
    },
    {
      "type": "Feature",
      "geometry": {
        "type": "Point",
        "coordinates": [
          -38.4817003473776,
          -12.8991479708632
        ]
      },
      "properties": {
        "id": "923",
        "nome": "Filho do Terreiro de Angola",
        "lideranca": "Dejanira de Jesus Silva",
        "nacao": "Angola",
        "ano_fundacao": "1986",
        "regente": "Iansã",
        "bairro": "Itacaranha",
        "endereco": "Rua Rio Madeira, 65",
        "cep": "40710-310",
        "telefone": "8193-3931",
        "foto_thumb": "http://www.terreiros.ceao.ufba.br/_FT/pq/923.jpg",
        "foto_grande": "http://www.terreiros.ceao.ufba.br/_FT/gd/923.jpg"
      }
    },
    {
      "type": "Feature",
      "geometry": {
        "type": "Point",
        "coordinates": [
          -38.4806444804422,
          -12.8869285633063
        ]
      },
      "properties": {
        "id": "924",
        "nome": "Ilê Axé Orô Domin Ofí Lerió",
        "lideranca": "Maria de Lourdes Moares",
        "nacao": "Keto",
        "ano_fundacao": "1992",
        "regente": "Oxum",
        "bairro": "Itacaranha",
        "endereco": "Rua Prof. Lustosa , 83 E",
        "cep": "40713-630",
        "telefone": "3401-1000",
        "foto_thumb": "http://www.terreiros.ceao.ufba.br/_FT/pq/924.jpg",
        "foto_grande": "http://www.terreiros.ceao.ufba.br/_FT/gd/924.jpg"
      }
    },
    {
      "type": "Feature",
      "geometry": {
        "type": "Point",
        "coordinates": [
          -38.4831009209177,
          -12.8881986564512
        ]
      },
      "properties": {
        "id": "925",
        "nome": "Cacique de Luanda",
        "lideranca": "Maria Clara Batista Souza",
        "nacao": "Keto Ijexá",
        "ano_fundacao": "1968",
        "regente": "Oxum e Oxóssi",
        "bairro": "Plataforma",
        "endereco": "Rua Pirami, 282E, Bariri",
        "cep": "40715-710",
        "telefone": "3218-3869",
        "foto_thumb": "http://www.terreiros.ceao.ufba.br/_FT/pq/925.jpg",
        "foto_grande": "http://www.terreiros.ceao.ufba.br/_FT/gd/925.jpg"
      }
    },
    {
      "type": "Feature",
      "geometry": {
        "type": "Point",
        "coordinates": [
          -38.4806362886077,
          -12.8888961853322
        ]
      },
      "properties": {
        "id": "926",
        "nome": "Ilê Axé Anan Dewá",
        "lideranca": "Eliana da Silva Santos",
        "nacao": "Angola",
        "ano_fundacao": "1961",
        "regente": "Nanã",
        "bairro": "Escada",
        "endereco": "Rua Alto do Coqueiral, 305E",
        "telefone": "3401-4683",
        "foto_thumb": "http://www.terreiros.ceao.ufba.br/_FT/pq/926.jpg",
        "foto_grande": "http://www.terreiros.ceao.ufba.br/_FT/gd/926.jpg"
      }
    },
    {
      "type": "Feature",
      "geometry": {
        "type": "Point",
        "coordinates": [
          -38.4772521513037,
          -12.8795257015503
        ]
      },
      "properties": {
        "id": "927",
        "nome": "Ilê Axé Ogodô Olonan",
        "lideranca": "Elizabete de Jesus Silva",
        "nacao": "Keto",
        "ano_fundacao": "1977",
        "regente": "Xangô",
        "bairro": "Itacaranha",
        "endereco": "Rua Rio Madeira , 247",
        "cep": "40710-310",
        "telefone": "3398-3093",
        "foto_thumb": "http://www.terreiros.ceao.ufba.br/_FT/pq/927.jpg",
        "foto_grande": "http://www.terreiros.ceao.ufba.br/_FT/gd/927.jpg"
      }
    },
    {
      "type": "Feature",
      "geometry": {
        "type": "Point",
        "coordinates": [
          -38.480842167547,
          -12.8871637041997
        ]
      },
      "properties": {
        "id": "928",
        "nome": "Ylê Axé Terreiro Espada Guerreira",
        "lideranca": "Bernadete Maria dos Santos",
        "nacao": "Angola",
        "ano_fundacao": "1981",
        "regente": "Iansã",
        "bairro": "Alto de Coutos",
        "endereco": "Rua Trav. Alto do Cerqueira, 113 E",
        "cep": "40750-560",
        "telefone": "3521-1765",
        "foto_thumb": "http://www.terreiros.ceao.ufba.br/_FT/pq/928.jpg",
        "foto_grande": "http://www.terreiros.ceao.ufba.br/_FT/gd/928.jpg"
      }
    },
    {
      "type": "Feature",
      "geometry": {
        "type": "Point",
        "coordinates": [
          -38.4610441064742,
          -12.8559870479211
        ]
      },
      "properties": {
        "id": "929",
        "nome": "Terreiro Kaianguelê Izambe",
        "lideranca": "Ivonete Santos dos Anjos",
        "nacao": "Angola",
        "ano_fundacao": "1994",
        "regente": "Iansã",
        "bairro": "Fazenda Coutos I",
        "endereco": "Rua da Caixa dÁgua, 48E",
        "cep": "40730-010",
        "telefone": "3315-0615",
        "foto_thumb": "http://www.terreiros.ceao.ufba.br/_FT/pq/929.jpg",
        "foto_grande": "http://www.terreiros.ceao.ufba.br/_FT/gd/929.jpg"
      }
    },
    {
      "type": "Feature",
      "geometry": {
        "type": "Point",
        "coordinates": [
          -38.4548399810651,
          -12.8494611928983
        ]
      },
      "properties": {
        "id": "931",
        "nome": "Ilê Axé Faramim",
        "lideranca": "Reijane Farias de Souza",
        "nacao": "Keto",
        "ano_fundacao": "1998",
        "regente": "Iansã",
        "bairro": "Caixa DÁgua",
        "endereco": "4ª Trav. Marquês de Souza, 2 (Av. Peixe)",
        "telefone": "9101-0105",
        "foto_thumb": "http://www.terreiros.ceao.ufba.br/_FT/pq/931.jpg",
        "foto_grande": "http://www.terreiros.ceao.ufba.br/_FT/gd/931.jpg"
      }
    },
    {
      "type": "Feature",
      "geometry": {
        "type": "Point",
        "coordinates": [
          -38.4895662043092,
          -12.9540355304583
        ]
      },
      "properties": {
        "id": "932",
        "nome": "Ilê Axé Odé Tomim",
        "lideranca": "Hildeval de Miranda Andrade",
        "nacao": "Keto",
        "ano_fundacao": "1993",
        "regente": "Oxóssi",
        "bairro": "Cajazeiras XI",
        "endereco": "Rua Maria Antonieta, 38",
        "cep": "41330-440",
        "telefone": "9959-1978",
        "foto_thumb": "http://www.terreiros.ceao.ufba.br/_FT/pq/932.jpg",
        "foto_grande": "http://www.terreiros.ceao.ufba.br/_FT/gd/932.jpg"
      }
    },
    {
      "type": "Feature",
      "geometry": {
        "type": "Point",
        "coordinates": [
          -38.4027801900042,
          -12.8804277544387
        ]
      },
      "properties": {
        "id": "933",
        "nome": "Ilê Axé Oyá Odé",
        "lideranca": "Dulcinéia Batista de Carvalho",
        "nacao": "Angola",
        "ano_fundacao": "1993",
        "regente": "Iansã e Oxóssi",
        "bairro": "Cajazeiras XI",
        "endereco": "Quadra F, Rua E, Caminho 66, Casa 14",
        "telefone": "3305-9281",
        "foto_thumb": "http://www.terreiros.ceao.ufba.br/_FT/pq/933.jpg",
        "foto_grande": "http://www.terreiros.ceao.ufba.br/_FT/gd/933.jpg"
      }
    },
    {
      "type": "Feature",
      "geometry": {
        "type": "Point",
        "coordinates": [
          -38.4089784197963,
          -12.8835187310622
        ]
      },
      "properties": {
        "id": "934",
        "nome": "Ogum De lê",
        "lideranca": "Ivonete Souza dos Santos",
        "nacao": "Angola",
        "ano_fundacao": "1974",
        "regente": "Oxalá",
        "bairro": "Escada",
        "endereco": "Rua São Félix, 38E",
        "telefone": "8878-7409",
        "foto_thumb": "http://www.terreiros.ceao.ufba.br/_FT/pq/934.jpg",
        "foto_grande": "http://www.terreiros.ceao.ufba.br/_FT/gd/934.jpg"
      }
    },
    {
      "type": "Feature",
      "geometry": {
        "type": "Point",
        "coordinates": [
          -38.4791011500543,
          -12.8882035808754
        ]
      },
      "properties": {
        "id": "935",
        "nome": "Centro de Giro do Caboclo Pedra Preta",
        "lideranca": "Eliene Lima da Anunciação",
        "nacao": "Keto",
        "ano_fundacao": "1994",
        "regente": "Iansã",
        "bairro": "Escada",
        "endereco": "1ª Travessa Ladeira da Terezinha, 333/ Rua Balneário de Escada",
        "cep": "40711-130",
        "telefone": "3218-6914",
        "foto_thumb": "http://www.terreiros.ceao.ufba.br/_FT/pq/935.jpg",
        "foto_grande": "http://www.terreiros.ceao.ufba.br/_FT/gd/935.jpg"
      }
    },
    {
      "type": "Feature",
      "geometry": {
        "type": "Point",
        "coordinates": [
          -38.4799734451705,
          -12.8804098616829
        ]
      },
      "properties": {
        "id": "936",
        "nome": "Ilê Axé Obá Omom Nibu",
        "lideranca": "José Jorge Branco",
        "nacao": "Keto",
        "ano_fundacao": "2001",
        "regente": "Logunedé",
        "bairro": "Cajazeiras XI",
        "telefone": "3382-9099",
        "foto_thumb": "http://www.terreiros.ceao.ufba.br/_FT/pq/936.jpg",
        "foto_grande": "http://www.terreiros.ceao.ufba.br/_FT/gd/936.jpg"
      }
    },
    {
      "type": "Feature",
      "geometry": {
        "type": "Point",
        "coordinates": [
          -38.405272454603,
          -12.880456486477
        ]
      },
      "properties": {
        "id": "937",
        "nome": "Ilê Axé Ya Lemi",
        "lideranca": "Ana Lúcia Santos dos Santos",
        "nacao": "Jêje Keto",
        "ano_fundacao": "1992",
        "regente": "Iemanjá Ogunté",
        "bairro": "Cajazeiras XI",
        "telefone": "3302-3808",
        "foto_thumb": "http://www.terreiros.ceao.ufba.br/_FT/pq/937.jpg",
        "foto_grande": "http://www.terreiros.ceao.ufba.br/_FT/gd/937.jpg"
      }
    },
    {
      "type": "Feature",
      "geometry": {
        "type": "Point",
        "coordinates": [
          -38.4139760593943,
          -12.8808738041313
        ]
      },
      "properties": {
        "id": "938",
        "nome": "Serra Negra",
        "lideranca": "Maria Paim da Silva",
        "nacao": "Angola",
        "ano_fundacao": "1980",
        "regente": "Cacoclo Serra Negra",
        "bairro": "Escada",
        "endereco": "2ª Travessa da Cajá, Alto da Terezinha, 5E",
        "cep": "40711-008",
        "telefone": "3398-9340",
        "foto_thumb": "http://www.terreiros.ceao.ufba.br/_FT/pq/938.jpg",
        "foto_grande": "http://www.terreiros.ceao.ufba.br/_FT/gd/938.jpg"
      }
    },
    {
      "type": "Feature",
      "geometry": {
        "type": "Point",
        "coordinates": [
          -38.477608258543,
          -12.881813884958
        ]
      },
      "properties": {
        "id": "939",
        "nome": "Ilê Oiá Odi Koroadê",
        "lideranca": "Maria Virginia Almeida Nascimento",
        "nacao": "Keto",
        "ano_fundacao": "1987",
        "regente": "Iansã",
        "bairro": "Escada",
        "cep": "40710-250",
        "telefone": "3218-2131",
        "foto_thumb": "http://www.terreiros.ceao.ufba.br/_FT/pq/939.jpg",
        "foto_grande": "http://www.terreiros.ceao.ufba.br/_FT/gd/939.jpg"
      }
    },
    {
      "type": "Feature",
      "geometry": {
        "type": "Point",
        "coordinates": [
          -38.4816095519988,
          -12.8821370704502
        ]
      },
      "properties": {
        "id": "940",
        "nome": "Não informado",
        "lideranca": "Augusto Alves Neto",
        "nacao": "Jêje",
        "ano_fundacao": "1976",
        "regente": "Oxalufã",
        "bairro": "Escada",
        "cep": "40710-250",
        "telefone": "3398-6395",
        "foto_thumb": "http://www.terreiros.ceao.ufba.br/_FT/pq/940.jpg",
        "foto_grande": "http://www.terreiros.ceao.ufba.br/_FT/gd/940.jpg"
      }
    },
    {
      "type": "Feature",
      "geometry": {
        "type": "Point",
        "coordinates": [
          -38.4801381936989,
          -12.8796032586973
        ]
      },
      "properties": {
        "id": "941",
        "nome": "Unzó Mona Di Ameán",
        "lideranca": "Maria Angélica dos Santos Macedo",
        "nacao": "Angola",
        "ano_fundacao": "2006",
        "regente": "Dandalunda",
        "bairro": "Escada",
        "endereco": "Rua Alto da Terezinha, 82, Ladeira da Terezinha",
        "cep": "40711-160",
        "telefone": "3398-1361",
        "foto_thumb": "http://www.terreiros.ceao.ufba.br/_FT/pq/941.jpg",
        "foto_grande": "http://www.terreiros.ceao.ufba.br/_FT/gd/941.jpg"
      }
    },
    {
      "type": "Feature",
      "geometry": {
        "type": "Point",
        "coordinates": [
          -38.4786424615333,
          -12.8834607576114
        ]
      },
      "properties": {
        "id": "942",
        "nome": "Ilê Axé Omolu Jibadeô",
        "lideranca": "Iolanda de Jesus",
        "nacao": "Jêje",
        "ano_fundacao": "1982",
        "regente": "Omolu",
        "bairro": "Lobato",
        "endereco": "Rua B, Qd. 36, 961, Bela Vista do Lobato",
        "cep": "40020-000",
        "telefone": "3391-5899",
        "foto_thumb": "http://www.terreiros.ceao.ufba.br/_FT/pq/942.jpg",
        "foto_grande": "http://www.terreiros.ceao.ufba.br/_FT/gd/942.jpg"
      }
    },
    {
      "type": "Feature",
      "geometry": {
        "type": "Point",
        "coordinates": [
          -38.470686109837,
          -12.9036062209821
        ]
      },
      "properties": {
        "id": "943",
        "nome": "Terreiro de Ogum Megê",
        "lideranca": "Antonio Borges de Jesus",
        "nacao": "Angola",
        "ano_fundacao": "1965",
        "regente": "Ogum",
        "bairro": "Alto da Terezinha",
        "endereco": "Rua Mamede, 11, Alto do Coqueiral",
        "cep": "40711-096",
        "telefone": "3398-4163",
        "foto_thumb": "http://www.terreiros.ceao.ufba.br/_FT/pq/943.jpg",
        "foto_grande": "http://www.terreiros.ceao.ufba.br/_FT/gd/943.jpg"
      }
    },
    {
      "type": "Feature",
      "geometry": {
        "type": "Point",
        "coordinates": [
          -38.4771015329146,
          -12.8790366240858
        ]
      },
      "properties": {
        "id": "944",
        "nome": "Terreiro Penacho Bantu",
        "lideranca": "Abigail Rocha de Jesus",
        "nacao": "Angola",
        "ano_fundacao": "1946",
        "regente": "Oxóssi",
        "bairro": "Itacaranha",
        "endereco": "Rua Sergimirim, 91E",
        "cep": "40713-295",
        "telefone": "3398-0393",
        "foto_thumb": "http://www.terreiros.ceao.ufba.br/_FT/pq/944.jpg",
        "foto_grande": "http://www.terreiros.ceao.ufba.br/_FT/gd/944.jpg"
      }
    },
    {
      "type": "Feature",
      "geometry": {
        "type": "Point",
        "coordinates": [
          -38.4803992374988,
          -12.8857571827446
        ]
      },
      "properties": {
        "id": "947",
        "nome": "Terreiro Dêjinan",
        "lideranca": "José Mercês dos Reis S. Cruz",
        "nacao": "Keto",
        "ano_fundacao": "0",
        "regente": "Xangô",
        "bairro": "Itacaranha",
        "endereco": "Rua Muritiba , 59",
        "cep": "40215-080",
        "telefone": "3398-1678",
        "foto_thumb": "http://www.terreiros.ceao.ufba.br/_FT/pq/947.jpg",
        "foto_grande": "http://www.terreiros.ceao.ufba.br/_FT/gd/947.jpg"
      }
    },
    {
      "type": "Feature",
      "geometry": {
        "type": "Point",
        "coordinates": [
          -38.4773122363552,
          -12.8882253985725
        ]
      },
      "properties": {
        "id": "948",
        "nome": "Não informado",
        "lideranca": "Jurassi Souza Aquino",
        "nacao": "Keto",
        "ano_fundacao": "2003",
        "regente": "Oxóssi",
        "bairro": "Lobato",
        "telefone": "3218-9358",
        "foto_thumb": "http://www.terreiros.ceao.ufba.br/_FT/pq/948.jpg",
        "foto_grande": "http://www.terreiros.ceao.ufba.br/_FT/gd/948.jpg"
      }
    },
    {
      "type": "Feature",
      "geometry": {
        "type": "Point",
        "coordinates": [
          -38.4824761059621,
          -12.8841670058589
        ]
      },
      "properties": {
        "id": "949",
        "nome": "Não informado",
        "lideranca": "Suely Lopes dos Santos",
        "nacao": "Keto",
        "ano_fundacao": "1999",
        "regente": "Oxum",
        "bairro": "Escada",
        "endereco": "1ª Trav. Baixa do Cajueiro, 08",
        "telefone": "3401-0604",
        "foto_thumb": "http://www.terreiros.ceao.ufba.br/_FT/pq/949.jpg",
        "foto_grande": "http://www.terreiros.ceao.ufba.br/_FT/gd/949.jpg"
      }
    },
    {
      "type": "Feature",
      "geometry": {
        "type": "Point",
        "coordinates": [
          -38.477699945158,
          -12.8812668087134
        ]
      },
      "properties": {
        "id": "950",
        "nome": "Ylê Axé Lomin Araiê",
        "lideranca": "Josileide Santos Oliveira",
        "nacao": "Keto",
        "ano_fundacao": "1997",
        "regente": "Obaluaê",
        "bairro": "Alto do Cabrito",
        "cep": "40470-380",
        "telefone": "3246-3739",
        "foto_thumb": "http://www.terreiros.ceao.ufba.br/_FT/pq/950.jpg",
        "foto_grande": "http://www.terreiros.ceao.ufba.br/_FT/gd/950.jpg"
      }
    },
    {
      "type": "Feature",
      "geometry": {
        "type": "Point",
        "coordinates": [
          -38.4715047787634,
          -12.9040699063556
        ]
      },
      "properties": {
        "id": "951",
        "nome": "Terreiro de Oxum",
        "lideranca": "Fernando Cerqueira Chagas",
        "nacao": "Ijexá Angola",
        "ano_fundacao": "1961",
        "regente": "Oxum",
        "bairro": "Jardim Nova Esperança",
        "endereco": "Rua Simone Barradas, 123 E",
        "cep": "41370-030",
        "telefone": "3393-3738",
        "foto_thumb": "http://www.terreiros.ceao.ufba.br/_FT/pq/951.jpg",
        "foto_grande": "http://www.terreiros.ceao.ufba.br/_FT/gd/951.jpg"
      }
    },
    {
      "type": "Feature",
      "geometry": {
        "type": "Point",
        "coordinates": [
          -38.4148124707735,
          -12.908725594721
        ]
      },
      "properties": {
        "id": "952",
        "nome": "Ilê Axé Obá Omin",
        "lideranca": "Mario Domingos Reis",
        "nacao": "Keto",
        "ano_fundacao": "1978",
        "regente": "Xangô",
        "bairro": "Fazenda Grande II",
        "cep": "41340-010",
        "telefone": "3238-1443",
        "foto_thumb": "http://www.terreiros.ceao.ufba.br/_FT/pq/952.jpg",
        "foto_grande": "http://www.terreiros.ceao.ufba.br/_FT/gd/952.jpg"
      }
    },
    {
      "type": "Feature",
      "geometry": {
        "type": "Point",
        "coordinates": [
          -38.4129871320624,
          -12.907549439632
        ]
      },
      "properties": {
        "id": "953",
        "nome": "Ilê Axé De Logum Edér",
        "lideranca": "Janailton G. Nascimento",
        "nacao": "Keto",
        "ano_fundacao": "1991",
        "regente": "Logunedé",
        "bairro": "Jardim Nova Esperança",
        "endereco": "Rua Simone Barradas, 133 E",
        "cep": "41370-030",
        "telefone": "3393-3144",
        "foto_thumb": "http://www.terreiros.ceao.ufba.br/_FT/pq/953.jpg",
        "foto_grande": "http://www.terreiros.ceao.ufba.br/_FT/gd/953.jpg"
      }
    },
    {
      "type": "Feature",
      "geometry": {
        "type": "Point",
        "coordinates": [
          -38.4152944640691,
          -12.9085397590784
        ]
      },
      "properties": {
        "id": "954",
        "nome": "Ilê Babá Bokiní",
        "lideranca": "Joselita Pereira dos Santos",
        "nacao": "Keto",
        "ano_fundacao": "1960",
        "regente": "Oxóssi",
        "bairro": "Jardim Nova Esperança",
        "endereco": "Rua Pedro de Alcântara, 2 E",
        "cep": "41370-160",
        "telefone": "3393-3764",
        "foto_thumb": "http://www.terreiros.ceao.ufba.br/_FT/pq/954.jpg",
        "foto_grande": "http://www.terreiros.ceao.ufba.br/_FT/gd/954.jpg"
      }
    },
    {
      "type": "Feature",
      "geometry": {
        "type": "Point",
        "coordinates": [
          -38.4192925413846,
          -12.9101151019607
        ]
      },
      "properties": {
        "id": "955",
        "nome": "Terreiro de Oxossi Mãe Lindaura (Casa Branca)",
        "lideranca": "Lindaura Cassiano do Bomfim",
        "nacao": "Keto Angola",
        "ano_fundacao": "1956",
        "regente": "Logunedé",
        "bairro": "Sete de Abril",
        "endereco": "Rua 6 de janeiro, 29",
        "cep": "41385-140",
        "telefone": "3393-1561/ 1168",
        "foto_thumb": "http://www.terreiros.ceao.ufba.br/_FT/pq/955.jpg",
        "foto_grande": "http://www.terreiros.ceao.ufba.br/_FT/gd/955.jpg"
      }
    },
    {
      "type": "Feature",
      "geometry": {
        "type": "Point",
        "coordinates": [
          -38.4287532084699,
          -12.9127497005398
        ]
      },
      "properties": {
        "id": "956",
        "nome": "Ylê Axé Unzó Dandalunda",
        "lideranca": "Jacira Barbosa",
        "nacao": "Angola",
        "ano_fundacao": "1986",
        "regente": "Oxum",
        "bairro": "Periperi",
        "endereco": "Rua do Curió, 18E, Mirante",
        "cep": "40720-272",
        "telefone": "3308-1649",
        "foto_thumb": "http://www.terreiros.ceao.ufba.br/_FT/pq/956.jpg",
        "foto_grande": "http://www.terreiros.ceao.ufba.br/_FT/gd/956.jpg"
      }
    },
    {
      "type": "Feature",
      "geometry": {
        "type": "Point",
        "coordinates": [
          -38.4640986678812,
          -12.8727683862682
        ]
      },
      "properties": {
        "id": "958",
        "nome": "Casa de Giro",
        "lideranca": "Lucia dos Santos Gomes",
        "nacao": "Keto",
        "ano_fundacao": "1992",
        "regente": "Oxum",
        "bairro": "Periperi",
        "cep": "40720-570",
        "telefone": "3397-2422",
        "foto_thumb": "http://www.terreiros.ceao.ufba.br/_FT/pq/958.jpg",
        "foto_grande": "http://www.terreiros.ceao.ufba.br/_FT/gd/958.jpg"
      }
    },
    {
      "type": "Feature",
      "geometry": {
        "type": "Point",
        "coordinates": [
          -38.4693834942513,
          -12.8713590054445
        ]
      },
      "properties": {
        "id": "959",
        "nome": "Ilê Iyá Omi Axé Iyamassê (Terreiro do Gantois)",
        "lideranca": "Carmen Oliveira da Silva",
        "nacao": "Keto",
        "ano_fundacao": "1849",
        "regente": "Oxóssi",
        "bairro": "Federação",
        "cep": "40213-050",
        "telefone": "3321-9231",
        "foto_thumb": "http://www.terreiros.ceao.ufba.br/_FT/pq/959.jpg",
        "foto_grande": "http://www.terreiros.ceao.ufba.br/_FT/gd/959.jpg"
      }
    },
    {
      "type": "Feature",
      "geometry": {
        "type": "Point",
        "coordinates": [
          -38.5074068810842,
          -12.995272283408
        ]
      },
      "properties": {
        "id": "960",
        "nome": "Ylê Axé Undaleci",
        "lideranca": "Domingas Angélica de Jesus",
        "nacao": "Keto",
        "ano_fundacao": "2002",
        "regente": "Oxum",
        "bairro": "Praia Grande",
        "endereco": "Rua Alto do Cruzeiro, Trav. Dendezeiro 2, 46",
        "cep": "40720-570",
        "telefone": "3408-0240",
        "foto_thumb": "http://www.terreiros.ceao.ufba.br/_FT/pq/960.jpg",
        "foto_grande": "http://www.terreiros.ceao.ufba.br/_FT/gd/960.jpg"
      }
    },
    {
      "type": "Feature",
      "geometry": {
        "type": "Point",
        "coordinates": [
          -38.4705806737638,
          -12.8718394142969
        ]
      },
      "properties": {
        "id": "961",
        "nome": "Gogombera Filho do Tumba Jussara",
        "lideranca": "Ednalva Evangelista Ferreira dos Santos",
        "nacao": "Angola",
        "ano_fundacao": "2000",
        "regente": "Gongobira",
        "bairro": "Periperi",
        "endereco": "Rua Alto do Tanque, 192E",
        "cep": "40725-260",
        "telefone": "3397-4241",
        "foto_thumb": "http://www.terreiros.ceao.ufba.br/_FT/pq/961.jpg",
        "foto_grande": "http://www.terreiros.ceao.ufba.br/_FT/gd/961.jpg"
      }
    },
    {
      "type": "Feature",
      "geometry": {
        "type": "Point",
        "coordinates": [
          -38.4698322831902,
          -12.8732443332031
        ]
      },
      "properties": {
        "id": "962",
        "nome": "Ylê Ibá Ogum",
        "lideranca": "Carlos Batista dos Santos",
        "nacao": "Keto",
        "ano_fundacao": "1980",
        "regente": "Ogum",
        "bairro": "Rio Sena",
        "cep": "40725-475",
        "telefone": "3521-3262",
        "foto_thumb": "http://www.terreiros.ceao.ufba.br/_FT/pq/962.jpg",
        "foto_grande": "http://www.terreiros.ceao.ufba.br/_FT/gd/962.jpg"
      }
    },
    {
      "type": "Feature",
      "geometry": {
        "type": "Point",
        "coordinates": [
          -38.4706928347887,
          -12.874424479658
        ]
      },
      "properties": {
        "id": "964",
        "nome": "Terreiro de Oxossi",
        "lideranca": "Iraci Borba Conceição",
        "nacao": "Keto",
        "ano_fundacao": "1966",
        "regente": "Oxum",
        "bairro": "Vila Canária",
        "endereco": "Rua São Pedro, 140-E",
        "cep": "41390-000",
        "telefone": "3211-0692",
        "foto_thumb": "http://www.terreiros.ceao.ufba.br/_FT/pq/964.jpg",
        "foto_grande": "http://www.terreiros.ceao.ufba.br/_FT/gd/964.jpg"
      }
    },
    {
      "type": "Feature",
      "geometry": {
        "type": "Point",
        "coordinates": [
          -38.4428505657963,
          -12.9090457822877
        ]
      },
      "properties": {
        "id": "965",
        "nome": "Sultão das Matas",
        "lideranca": "Maria José das Chagas Pereira",
        "nacao": "Umbanda",
        "ano_fundacao": "1976",
        "regente": "Caboclo Sultão das Matas",
        "bairro": "Luis Anselmo",
        "endereco": "Rua Luis Anselmo, 120, casa 1, fundo",
        "cep": "40260-475",
        "telefone": "3381-7537",
        "foto_thumb": "http://www.terreiros.ceao.ufba.br/_FT/pq/965.jpg",
        "foto_grande": "http://www.terreiros.ceao.ufba.br/_FT/gd/965.jpg"
      }
    },
    {
      "type": "Feature",
      "geometry": {
        "type": "Point",
        "coordinates": [
          -38.4877370831703,
          -12.9747591001809
        ]
      },
      "properties": {
        "id": "966",
        "nome": "Terreiro de Ogum",
        "lideranca": "Valdete do Rosário Cabral",
        "nacao": "Keto",
        "ano_fundacao": "1961",
        "regente": "Ogum",
        "bairro": "São Marcos",
        "endereco": "Rua Getúlio Vargas, 3ª Travessa, 58",
        "cep": "41250-144",
        "telefone": "3212-4404",
        "foto_thumb": "http://www.terreiros.ceao.ufba.br/_FT/pq/966.jpg",
        "foto_grande": "http://www.terreiros.ceao.ufba.br/_FT/gd/966.jpg"
      }
    },
    {
      "type": "Feature",
      "geometry": {
        "type": "Point",
        "coordinates": [
          -38.4358895439876,
          -12.9294223406635
        ]
      },
      "properties": {
        "id": "967",
        "nome": "Terreiro de Ogunjá",
        "lideranca": "Edna Souza Santos",
        "nacao": "Keto",
        "ano_fundacao": "1926",
        "regente": "Ogum",
        "bairro": "Luis Anselmo",
        "cep": "40260-365",
        "telefone": "3381-0153",
        "foto_thumb": "http://www.terreiros.ceao.ufba.br/_FT/pq/967.jpg",
        "foto_grande": "http://www.terreiros.ceao.ufba.br/_FT/gd/967.jpg"
      }
    },
    {
      "type": "Feature",
      "geometry": {
        "type": "Point",
        "coordinates": [
          -38.4844669530587,
          -12.9745657525035
        ]
      },
      "properties": {
        "id": "968",
        "nome": "Ilê Axé Orômin Odé",
        "lideranca": "Magna Moreira de Oliveira",
        "nacao": "Keto",
        "ano_fundacao": "1987",
        "regente": "Oxum",
        "bairro": "Brotas",
        "endereco": "Rua Wilson Sanches , 10-E",
        "cep": "40285-680",
        "telefone": "3356-7562",
        "foto_thumb": "http://www.terreiros.ceao.ufba.br/_FT/pq/968.jpg",
        "foto_grande": "http://www.terreiros.ceao.ufba.br/_FT/gd/968.jpg"
      }
    },
    {
      "type": "Feature",
      "geometry": {
        "type": "Point",
        "coordinates": [
          -38.4897208483395,
          -12.9854848407473
        ]
      },
      "properties": {
        "id": "969",
        "nome": "Mutuiçara",
        "lideranca": "Angelina Matos",
        "nacao": "Angola",
        "ano_fundacao": "1969",
        "regente": "Oxum",
        "bairro": "Brotas",
        "endereco": "Rua 18 de Agosto , 143 E",
        "cep": "41296-130",
        "telefone": "3276-5085",
        "foto_thumb": "http://www.terreiros.ceao.ufba.br/_FT/pq/969.jpg",
        "foto_grande": "http://www.terreiros.ceao.ufba.br/_FT/gd/969.jpg"
      }
    },
    {
      "type": "Feature",
      "geometry": {
        "type": "Point",
        "coordinates": [
          -38.4801892812583,
          -12.9949763019934
        ]
      },
      "properties": {
        "id": "970",
        "nome": "Ilê Àse Ôni Ôfélélé",
        "lideranca": "Gilmar de Souza Moreira",
        "nacao": "Keto",
        "ano_fundacao": "1995",
        "regente": "Iansã",
        "bairro": "Brotas",
        "endereco": "Rua Daniel Lisboa, Baixa da Torre, 37",
        "cep": "40985-560",
        "telefone": "3356-1892",
        "foto_thumb": "http://www.terreiros.ceao.ufba.br/_FT/pq/970.jpg",
        "foto_grande": "http://www.terreiros.ceao.ufba.br/_FT/gd/970.jpg"
      }
    },
    {
      "type": "Feature",
      "geometry": {
        "type": "Point",
        "coordinates": [
          -38.488082062355,
          -12.9857565882103
        ]
      },
      "properties": {
        "id": "971",
        "nome": "Terreiro de Ogum (Gira do Caboclo Boiadeiro)",
        "lideranca": "Sonia de Oliveira Nascimento",
        "nacao": "Angola",
        "ano_fundacao": "1989",
        "regente": "Ogum",
        "bairro": "Sete de Abril",
        "endereco": "Rua 3, Quadra F, 21",
        "telefone": "9132-4797",
        "foto_thumb": "http://www.terreiros.ceao.ufba.br/_FT/pq/971.jpg",
        "foto_grande": "http://www.terreiros.ceao.ufba.br/_FT/gd/971.jpg"
      }
    },
    {
      "type": "Feature",
      "geometry": {
        "type": "Point",
        "coordinates": [
          -38.4243190745746,
          -12.9105417561737
        ]
      },
      "properties": {
        "id": "972",
        "nome": "Ilè Asè Iàló Òdè Idà Inà",
        "lideranca": "Ricardo Ferreira Costa",
        "nacao": "Angola Keto",
        "ano_fundacao": "1992",
        "regente": "Iansã",
        "bairro": "Sete de Abril",
        "cep": "41385-025",
        "telefone": "3213-4934/ 8832-9301",
        "foto_thumb": "http://www.terreiros.ceao.ufba.br/_FT/pq/972.jpg",
        "foto_grande": "http://www.terreiros.ceao.ufba.br/_FT/gd/972.jpg"
      }
    },
    {
      "type": "Feature",
      "geometry": {
        "type": "Point",
        "coordinates": [
          -38.4232693400105,
          -12.9087604172883
        ]
      },
      "properties": {
        "id": "973",
        "nome": "Terreiro de Oxumaré",
        "lideranca": "Ivete Barbosa Sanches",
        "nacao": "Keto Angola",
        "ano_fundacao": "1976",
        "regente": "Oxumaré, Preto Velho e Boiadeiro",
        "bairro": "Sete de Abril",
        "telefone": "3213-6344/ 8137-7577",
        "foto_thumb": "http://www.terreiros.ceao.ufba.br/_FT/pq/973.jpg",
        "foto_grande": "http://www.terreiros.ceao.ufba.br/_FT/gd/973.jpg"
      }
    },
    {
      "type": "Feature",
      "geometry": {
        "type": "Point",
        "coordinates": [
          -38.4270054495026,
          -12.908744347422
        ]
      },
      "properties": {
        "id": "974",
        "nome": "Terreiro de Umbanda São Jorge Guerreiro",
        "lideranca": "Francisco da Silva",
        "nacao": "Umbanda",
        "ano_fundacao": "1960",
        "regente": "Oxum",
        "bairro": "Sete de Abril",
        "endereco": "Rua Quiguina, Quadra 9",
        "cep": "41385-820",
        "telefone": "3409-4156",
        "foto_thumb": "http://www.terreiros.ceao.ufba.br/_FT/pq/974.jpg",
        "foto_grande": "http://www.terreiros.ceao.ufba.br/_FT/gd/974.jpg"
      }
    },
    {
      "type": "Feature",
      "geometry": {
        "type": "Point",
        "coordinates": [
          -38.4240169447,
          -12.9092871124263
        ]
      },
      "properties": {
        "id": "975",
        "nome": "Capangueiro da Vissaura",
        "lideranca": "José Santiago Oliveria",
        "nacao": "Angola",
        "ano_fundacao": "1920",
        "regente": "Logunedé",
        "bairro": "Sete de Abril",
        "endereco": "Rua 6 de Janeiro, 68 A",
        "cep": "41385-000",
        "telefone": "3213-8619",
        "foto_thumb": "http://www.terreiros.ceao.ufba.br/_FT/pq/975.jpg",
        "foto_grande": "http://www.terreiros.ceao.ufba.br/_FT/gd/975.jpg"
      }
    },
    {
      "type": "Feature",
      "geometry": {
        "type": "Point",
        "coordinates": [
          -38.4271419737987,
          -12.9128182196331
        ]
      },
      "properties": {
        "id": "976",
        "nome": "Giro de Caboclo",
        "lideranca": "Jose Alberto Freitas dos Santos",
        "nacao": "Keto Angola",
        "ano_fundacao": "2000",
        "regente": "Iansã e Oxum",
        "bairro": "Castelo Branco",
        "cep": "41322-120",
        "telefone": "3238-7300/ 9125-2082",
        "foto_thumb": "http://www.terreiros.ceao.ufba.br/_FT/pq/976.jpg",
        "foto_grande": "http://www.terreiros.ceao.ufba.br/_FT/gd/976.jpg"
      }
    },
    {
      "type": "Feature",
      "geometry": {
        "type": "Point",
        "coordinates": [
          -38.4284191937691,
          -12.9065869174201
        ]
      },
      "properties": {
        "id": "977",
        "nome": "Unzó Yeye Yeye Mim",
        "lideranca": "Aricelia Bispo Mattos",
        "nacao": "Angola",
        "ano_fundacao": "1994",
        "regente": "Oxum",
        "bairro": "Castelo Branco",
        "endereco": "Rua 8 qd. 7 nº 23 2ª Etapa",
        "telefone": "3302-6315",
        "foto_thumb": "http://www.terreiros.ceao.ufba.br/_FT/pq/977.jpg",
        "foto_grande": "http://www.terreiros.ceao.ufba.br/_FT/gd/977.jpg"
      }
    },
    {
      "type": "Feature",
      "geometry": {
        "type": "Point",
        "coordinates": [
          -38.4379872572122,
          -12.9000973710713
        ]
      },
      "properties": {
        "id": "980",
        "nome": "Casa de Umbanda",
        "lideranca": "Diva Maria Santos Paim",
        "nacao": "Angola",
        "ano_fundacao": "1986",
        "regente": "Oxum",
        "bairro": "Praia Grande",
        "endereco": "Rua Engenheiro Agenor de Freitas",
        "cep": "40735-700",
        "telefone": "3397-4483",
        "foto_thumb": "http://www.terreiros.ceao.ufba.br/_FT/pq/980.jpg",
        "foto_grande": "http://www.terreiros.ceao.ufba.br/_FT/gd/980.jpg"
      }
    },
    {
      "type": "Feature",
      "geometry": {
        "type": "Point",
        "coordinates": [
          -38.4776197383247,
          -12.8743702477409
        ]
      },
      "properties": {
        "id": "981",
        "nome": "Não informado",
        "lideranca": "Edson Couto de Santana",
        "nacao": "Keto",
        "ano_fundacao": "1986",
        "regente": "Ogum",
        "bairro": "Praia Grande",
        "endereco": "Rua Pedro Reis Gordilho, 93",
        "cep": "40725-000",
        "telefone": "3307-0519",
        "foto_thumb": "http://www.terreiros.ceao.ufba.br/_FT/pq/981.jpg",
        "foto_grande": "http://www.terreiros.ceao.ufba.br/_FT/gd/981.jpg"
      }
    },
    {
      "type": "Feature",
      "geometry": {
        "type": "Point",
        "coordinates": [
          -38.4925009009014,
          -12.9392708922007
        ]
      },
      "properties": {
        "id": "982",
        "nome": "Terreiro Lemba Junssara",
        "lideranca": "Paulo Rodrigues dos Santos",
        "nacao": "Angola",
        "ano_fundacao": "1983",
        "regente": "Lembá",
        "bairro": "Plataforma",
        "cep": "40490-350",
        "telefone": "3398-2389",
        "foto_thumb": "http://www.terreiros.ceao.ufba.br/_FT/pq/982.jpg",
        "foto_grande": "http://www.terreiros.ceao.ufba.br/_FT/gd/982.jpg"
      }
    },
    {
      "type": "Feature",
      "geometry": {
        "type": "Point",
        "coordinates": [
          -38.4783107296397,
          -12.903925210607
        ]
      },
      "properties": {
        "id": "983",
        "nome": "Ilê Axé Omin Euá",
        "lideranca": "Elza Bahia de Araújo",
        "nacao": "Keto",
        "ano_fundacao": "1962",
        "regente": "Euá",
        "bairro": "Praia Grande",
        "endereco": "Rua Nova Aliança, 505",
        "cep": "40725-040",
        "telefone": "3397-4651",
        "foto_thumb": "http://www.terreiros.ceao.ufba.br/_FT/pq/983.jpg",
        "foto_grande": "http://www.terreiros.ceao.ufba.br/_FT/gd/983.jpg"
      }
    },
    {
      "type": "Feature",
      "geometry": {
        "type": "Point",
        "coordinates": [
          -38.475464840546,
          -12.8751668049803
        ]
      },
      "properties": {
        "id": "984",
        "nome": "Ilê Axé Furican",
        "lideranca": "Pedro Raimundo Ferreira Lopes",
        "nacao": "Keto",
        "ano_fundacao": "1986",
        "regente": "Obaluaê",
        "bairro": "Rio Sena",
        "endereco": "Rua Madalena Pontes Mendes, 5",
        "cep": "40715-382",
        "telefone": "8133-9126",
        "foto_thumb": "http://www.terreiros.ceao.ufba.br/_FT/pq/984.jpg",
        "foto_grande": "http://www.terreiros.ceao.ufba.br/_FT/gd/984.jpg"
      }
    },
    {
      "type": "Feature",
      "geometry": {
        "type": "Point",
        "coordinates": [
          -38.472209009451,
          -12.8776559336929
        ]
      },
      "properties": {
        "id": "985",
        "nome": "Terreiro Monakesibi",
        "lideranca": "Agenor Alves de Freitas Filho",
        "nacao": "Angola",
        "ano_fundacao": "1984",
        "regente": "Oxum",
        "bairro": "Rio Sena",
        "cep": "40725-530",
        "telefone": "3217-7281",
        "foto_thumb": "http://www.terreiros.ceao.ufba.br/_FT/pq/985.jpg",
        "foto_grande": "http://www.terreiros.ceao.ufba.br/_FT/gd/985.jpg"
      }
    },
    {
      "type": "Feature",
      "geometry": {
        "type": "Point",
        "coordinates": [
          -38.4720171528349,
          -12.8748241695151
        ]
      },
      "properties": {
        "id": "986",
        "nome": "Reinado de Iemanjá",
        "lideranca": "Helena das Neves",
        "nacao": "Keto",
        "ano_fundacao": "1955",
        "regente": "Iemanjá",
        "bairro": "Plataforma",
        "endereco": "Rua São Bartolomeu, 123",
        "cep": "40490-246",
        "telefone": "3316-4890",
        "foto_thumb": "http://www.terreiros.ceao.ufba.br/_FT/pq/986.jpg",
        "foto_grande": "http://www.terreiros.ceao.ufba.br/_FT/gd/986.jpg"
      }
    },
    {
      "type": "Feature",
      "geometry": {
        "type": "Point",
        "coordinates": [
          -38.4729674840831,
          -12.8996966224679
        ]
      },
      "properties": {
        "id": "987",
        "nome": "Não informado",
        "lideranca": "Cássio Átila Melo dos Santos",
        "nacao": "Keto",
        "ano_fundacao": "2001",
        "regente": "Oxum",
        "bairro": "Plataforma",
        "endereco": "Rua das Pedrinhas, 94E",
        "cep": "40718-610",
        "telefone": "3218-9496",
        "foto_thumb": "http://www.terreiros.ceao.ufba.br/_FT/pq/987.jpg",
        "foto_grande": "http://www.terreiros.ceao.ufba.br/_FT/gd/987.jpg"
      }
    },
    {
      "type": "Feature",
      "geometry": {
        "type": "Point",
        "coordinates": [
          -38.4779421443594,
          -12.8918848989563
        ]
      },
      "properties": {
        "id": "988",
        "nome": "Ilê Omam Omim Tundê",
        "lideranca": "Rita de Cássia Cerqueira Guimarães",
        "nacao": "Keto",
        "ano_fundacao": "1991",
        "regente": "Oxum",
        "bairro": "Ilha Amarela",
        "endereco": "Loteamento Ilha Amarela, Rua N.Sa da Conceição, qd 6, lote 1, casa 1",
        "telefone": "3313-1159/ 9153-6703",
        "foto_thumb": "http://www.terreiros.ceao.ufba.br/_FT/pq/988.jpg",
        "foto_grande": "http://www.terreiros.ceao.ufba.br/_FT/gd/988.jpg"
      }
    },
    {
      "type": "Feature",
      "geometry": {
        "type": "Point",
        "coordinates": [
          -38.4698234619482,
          -12.8906849581007
        ]
      },
      "properties": {
        "id": "989",
        "nome": "Não informado",
        "lideranca": "Meire Marlene Melo",
        "nacao": "Angola",
        "ano_fundacao": "1986",
        "regente": "Oxum",
        "bairro": "Plataforma",
        "endereco": "2a Trav. Noroeste, 22",
        "cep": "40717-353",
        "telefone": "3218-3601",
        "foto_thumb": "http://www.terreiros.ceao.ufba.br/_FT/pq/989.jpg",
        "foto_grande": "http://www.terreiros.ceao.ufba.br/_FT/gd/989.jpg"
      }
    },
    {
      "type": "Feature",
      "geometry": {
        "type": "Point",
        "coordinates": [
          -38.480828085594,
          -12.8969328798313
        ]
      },
      "properties": {
        "id": "990",
        "nome": "Ilê Axé Lofaromin",
        "lideranca": "José Ubiratan Suzart Conceição",
        "nacao": "Keto",
        "ano_fundacao": "2005",
        "regente": "Logunedé",
        "bairro": "Plataforma",
        "cep": "40717-302",
        "telefone": "3401-1224",
        "foto_thumb": "http://www.terreiros.ceao.ufba.br/_FT/pq/990.jpg",
        "foto_grande": "http://www.terreiros.ceao.ufba.br/_FT/gd/990.jpg"
      }
    },
    {
      "type": "Feature",
      "geometry": {
        "type": "Point",
        "coordinates": [
          -38.4774404030932,
          -12.8962695615519
        ]
      },
      "properties": {
        "id": "991",
        "nome": "Ilê Axé Jibemin",
        "lideranca": "Maria Regina Ribeiro",
        "nacao": "Keto",
        "ano_fundacao": "2002",
        "regente": "Obaluaê",
        "bairro": "Plataforma",
        "endereco": "Rua Clarice Oliveira, 11,",
        "cep": "40717-510",
        "telefone": "3401-0610",
        "foto_thumb": "http://www.terreiros.ceao.ufba.br/_FT/pq/991.jpg",
        "foto_grande": "http://www.terreiros.ceao.ufba.br/_FT/gd/991.jpg"
      }
    },
    {
      "type": "Feature",
      "geometry": {
        "type": "Point",
        "coordinates": [
          -38.4802724096999,
          -12.8967101471626
        ]
      },
      "properties": {
        "id": "992",
        "nome": "Ilê Axé Tunadení",
        "lideranca": "Marinalva Santos do Nascimento",
        "nacao": "Keto",
        "ano_fundacao": "1996",
        "regente": "Iansã",
        "bairro": "Cabula V",
        "endereco": "Trav. da Gloria, 5, Rua Amazonas",
        "telefone": "3387-3454",
        "foto_thumb": "http://www.terreiros.ceao.ufba.br/_FT/pq/992.jpg",
        "foto_grande": "http://www.terreiros.ceao.ufba.br/_FT/gd/992.jpg"
      }
    },
    {
      "type": "Feature",
      "geometry": {
        "type": "Point",
        "coordinates": [
          -38.4550483488027,
          -12.9595052443535
        ]
      },
      "properties": {
        "id": "993",
        "nome": "Centro Casa de Mesa Branca Raio de Sol",
        "lideranca": "Marineide Santos Meneses",
        "nacao": "Umbanda",
        "ano_fundacao": "1997",
        "regente": "Iansã",
        "bairro": "Cabula V",
        "endereco": "Rua do Campo, s/n",
        "telefone": "3257-4134/ 9165-6966",
        "foto_thumb": "http://www.terreiros.ceao.ufba.br/_FT/pq/993.jpg",
        "foto_grande": "http://www.terreiros.ceao.ufba.br/_FT/gd/993.jpg"
      }
    },
    {
      "type": "Feature",
      "geometry": {
        "type": "Point",
        "coordinates": [
          -38.4576897352529,
          -12.9575882934475
        ]
      },
      "properties": {
        "id": "994",
        "nome": "Ilê Axé Yá Gemiodé",
        "lideranca": "Jucy Peralva Serpa",
        "nacao": "Keto",
        "ano_fundacao": "1981",
        "regente": "Oxum",
        "bairro": "Cabula V",
        "endereco": "Rua Silveira Martins, 126E (Baixa do Ovo)",
        "cep": "41150-000",
        "telefone": "3387-4528",
        "foto_thumb": "http://www.terreiros.ceao.ufba.br/_FT/pq/994.jpg",
        "foto_grande": "http://www.terreiros.ceao.ufba.br/_FT/gd/994.jpg"
      }
    },
    {
      "type": "Feature",
      "geometry": {
        "type": "Point",
        "coordinates": [
          -38.4535754895899,
          -12.9566355603412
        ]
      },
      "properties": {
        "id": "995",
        "nome": "Sessão de Giro",
        "lideranca": "Conceição de Santana",
        "nacao": "Angola",
        "ano_fundacao": "1976",
        "regente": "Oxalá",
        "bairro": "São Gonçalo",
        "endereco": "Rua 30 de Novembro, 5",
        "cep": "41190-160",
        "telefone": "3357-1331",
        "foto_thumb": "http://www.terreiros.ceao.ufba.br/_FT/pq/995.jpg",
        "foto_grande": "http://www.terreiros.ceao.ufba.br/_FT/gd/995.jpg"
      }
    },
    {
      "type": "Feature",
      "geometry": {
        "type": "Point",
        "coordinates": [
          -38.4681355856184,
          -12.9458035434181
        ]
      },
      "properties": {
        "id": "996",
        "nome": "Ilê Axé Odê Omim Losi",
        "lideranca": "Evandro Costa Jesus",
        "nacao": "Keto",
        "ano_fundacao": "1999",
        "regente": "Logunedé",
        "bairro": "São Gonçalo",
        "endereco": "Rua 30 de Novembro, 1113",
        "cep": "41190-160",
        "telefone": "8197-0338",
        "foto_thumb": "http://www.terreiros.ceao.ufba.br/_FT/pq/996.jpg",
        "foto_grande": "http://www.terreiros.ceao.ufba.br/_FT/gd/996.jpg"
      }
    },
    {
      "type": "Feature",
      "geometry": {
        "type": "Point",
        "coordinates": [
          -38.4675155418813,
          -12.9462566006103
        ]
      },
      "properties": {
        "id": "997",
        "nome": "Ilê Yia Ossohum (Terreiro de Obaluaiê)",
        "lideranca": "Jeziel Silva Anjos",
        "nacao": "Jêje Mahin Savalu",
        "ano_fundacao": "1990",
        "regente": "Azoane",
        "bairro": "Uruguai",
        "endereco": "Rua Luis Regis Pacheco, 267E",
        "cep": "40451-360",
        "telefone": "3313-7715/ 9116-0775",
        "foto_thumb": "http://www.terreiros.ceao.ufba.br/_FT/pq/997.jpg",
        "foto_grande": "http://www.terreiros.ceao.ufba.br/_FT/gd/997.jpg"
      }
    },
    {
      "type": "Feature",
      "geometry": {
        "type": "Point",
        "coordinates": [
          -38.4941921274039,
          -12.9363469694084
        ]
      },
      "properties": {
        "id": "998",
        "nome": "Umbanda",
        "lideranca": "Daniel Gomes da Paz",
        "nacao": "Umbanda",
        "ano_fundacao": "2000",
        "regente": "Oxalá",
        "bairro": "Jardim Nova Esperança",
        "telefone": "3393-8540",
        "foto_thumb": "http://www.terreiros.ceao.ufba.br/_FT/pq/998.jpg",
        "foto_grande": "http://www.terreiros.ceao.ufba.br/_FT/gd/998.jpg"
      }
    },
    {
      "type": "Feature",
      "geometry": {
        "type": "Point",
        "coordinates": [
          -38.418412783777,
          -12.9058760940389
        ]
      },
      "properties": {
        "id": "999",
        "nome": "Terreiro de Airá",
        "lideranca": "Jaguaraciara Gonçalves de Amorim",
        "nacao": "Keto Jêje",
        "ano_fundacao": "1972",
        "regente": "Xangô",
        "bairro": "Jardim Nova Esperança",
        "cep": "41370-220",
        "telefone": "3212-3100",
        "foto_thumb": "http://www.terreiros.ceao.ufba.br/_FT/pq/999.jpg",
        "foto_grande": "http://www.terreiros.ceao.ufba.br/_FT/gd/999.jpg"
      }
    },
    {
      "type": "Feature",
      "geometry": {
        "type": "Point",
        "coordinates": [
          -38.4189879888607,
          -12.9057210732107
        ]
      },
      "properties": {
        "id": "1000",
        "nome": "Ilê Axé Jidelecí Onigé",
        "lideranca": "Dalva de Jesus Santos",
        "nacao": "Keto",
        "ano_fundacao": "1994",
        "regente": "Oxóssi",
        "bairro": "Jardim Nova Esperança",
        "cep": "41370-035",
        "telefone": "3231-5387/ 3213-4415",
        "foto_thumb": "http://www.terreiros.ceao.ufba.br/_FT/pq/1000.jpg",
        "foto_grande": "http://www.terreiros.ceao.ufba.br/_FT/gd/1000.jpg"
      }
    },
    {
      "type": "Feature",
      "geometry": {
        "type": "Point",
        "coordinates": [
          -38.4194377423372,
          -12.9049032261321
        ]
      },
      "properties": {
        "id": "1001",
        "nome": "Ilé Asé Tolomogi",
        "lideranca": "Gilberto Benedito da Silva Teixeira",
        "nacao": "Keto",
        "ano_fundacao": "1981",
        "regente": "Ogum e Obaluaê",
        "bairro": "Cajazeiras IV",
        "cep": "41330-010",
        "telefone": "3309-3108",
        "foto_thumb": "http://www.terreiros.ceao.ufba.br/_FT/pq/1001.jpg",
        "foto_grande": "http://www.terreiros.ceao.ufba.br/_FT/gd/1001.jpg"
      }
    },
    {
      "type": "Feature",
      "geometry": {
        "type": "Point",
        "coordinates": [
          -38.4261799717766,
          -12.8988577206748
        ]
      },
      "properties": {
        "id": "1002",
        "nome": "Ylê Legi Odé",
        "lideranca": "Maria Helena da Silva Sacramento",
        "nacao": "Keto",
        "ano_fundacao": "1986",
        "regente": "Oxum",
        "bairro": "Novo Marotinho",
        "endereco": "4ª Travessa José Teixeira",
        "cep": "41350-380",
        "telefone": "3212-4015",
        "foto_thumb": "http://www.terreiros.ceao.ufba.br/_FT/pq/1002.jpg",
        "foto_grande": "http://www.terreiros.ceao.ufba.br/_FT/gd/1002.jpg"
      }
    },
    {
      "type": "Feature",
      "geometry": {
        "type": "Point",
        "coordinates": [
          -38.4838228550391,
          -12.9410702902815
        ]
      },
      "properties": {
        "id": "1003",
        "nome": "Ilê Jobe Omim",
        "lideranca": "Ailton Santos",
        "nacao": "Keto",
        "ano_fundacao": "1993",
        "regente": "Oxum e Obaluaê",
        "bairro": "São Gonçalo",
        "cep": "41190-280",
        "telefone": "3385-8137",
        "foto_thumb": "http://www.terreiros.ceao.ufba.br/_FT/pq/1003.jpg",
        "foto_grande": "http://www.terreiros.ceao.ufba.br/_FT/gd/1003.jpg"
      }
    },
    {
      "type": "Feature",
      "geometry": {
        "type": "Point",
        "coordinates": [
          -38.4674762254136,
          -12.9498010796967
        ]
      },
      "properties": {
        "id": "1004",
        "nome": "Ilê Axé Ogum Odé",
        "lideranca": "Maria Tereza Flor dos Santos",
        "nacao": "Keto",
        "ano_fundacao": "1987",
        "regente": "Ogum",
        "bairro": "São Gonçalo",
        "cep": "41185-390",
        "telefone": "3384-2541",
        "foto_thumb": "http://www.terreiros.ceao.ufba.br/_FT/pq/1004.jpg",
        "foto_grande": "http://www.terreiros.ceao.ufba.br/_FT/gd/1004.jpg"
      }
    },
    {
      "type": "Feature",
      "geometry": {
        "type": "Point",
        "coordinates": [
          -38.4675789437972,
          -12.9506727305146
        ]
      },
      "properties": {
        "id": "1005",
        "nome": "Terreiro Kaiaya Kesicongo",
        "lideranca": "José Roberto Souza Melquiades",
        "nacao": "Angola",
        "ano_fundacao": "1991",
        "regente": "Iemanjá",
        "bairro": "Sussuarana",
        "endereco": "Rua Graça Oliveira de Jesus, 18",
        "cep": "41214-710",
        "telefone": "3433-2272",
        "foto_thumb": "http://www.terreiros.ceao.ufba.br/_FT/pq/1005.jpg",
        "foto_grande": "http://www.terreiros.ceao.ufba.br/_FT/gd/1005.jpg"
      }
    },
    {
      "type": "Feature",
      "geometry": {
        "type": "Point",
        "coordinates": [
          -38.4420770415997,
          -12.9325056516108
        ]
      },
      "properties": {
        "id": "1006",
        "nome": "Terreiro Yndequenã",
        "lideranca": "Ivonice Santos Sacramento",
        "nacao": "Angola",
        "ano_fundacao": "1994",
        "regente": "Iansã",
        "bairro": "Cabula I",
        "endereco": "Rua Major Vitoriano Palma, 25, Conj. ACM",
        "telefone": "3385-1003",
        "foto_thumb": "http://www.terreiros.ceao.ufba.br/_FT/pq/1006.jpg",
        "foto_grande": "http://www.terreiros.ceao.ufba.br/_FT/gd/1006.jpg"
      }
    },
    {
      "type": "Feature",
      "geometry": {
        "type": "Point",
        "coordinates": [
          -38.4606351734457,
          -12.9438468037683
        ]
      },
      "properties": {
        "id": "1007",
        "nome": "Terreiro Iganlemin",
        "lideranca": "Iranildes Santos de Jesus",
        "nacao": "Keto",
        "ano_fundacao": "1976",
        "regente": "Iansã",
        "bairro": "São Gonçalo",
        "endereco": "Rua 1º de Dezembro, Trav. São José do Egito, Baixa de Santo Antonio, 136E",
        "cep": "41185-120",
        "telefone": "9936-0815",
        "foto_thumb": "http://www.terreiros.ceao.ufba.br/_FT/pq/1007.jpg",
        "foto_grande": "http://www.terreiros.ceao.ufba.br/_FT/gd/1007.jpg"
      }
    },
    {
      "type": "Feature",
      "geometry": {
        "type": "Point",
        "coordinates": [
          -38.468657970419,
          -12.9512405578697
        ]
      },
      "properties": {
        "id": "1008",
        "nome": "Ylê Axé Deneci",
        "lideranca": "Joanice Bispo dos Santos",
        "nacao": "Keto",
        "ano_fundacao": "1983",
        "regente": "Nanã",
        "bairro": "Rio Sena",
        "endereco": "Rua Joana Darc, 40E",
        "cep": "40715-440",
        "telefone": "3217-5575",
        "foto_thumb": "http://www.terreiros.ceao.ufba.br/_FT/pq/1008.jpg",
        "foto_grande": "http://www.terreiros.ceao.ufba.br/_FT/gd/1008.jpg"
      }
    },
    {
      "type": "Feature",
      "geometry": {
        "type": "Point",
        "coordinates": [
          -38.4706022106774,
          -12.8777156730572
        ]
      },
      "properties": {
        "id": "1009",
        "nome": "Ylê Axé Giro de Tupinambá",
        "lideranca": "Helene Souza dos Santos",
        "nacao": "Keto",
        "ano_fundacao": "2003",
        "regente": "Iansã",
        "bairro": "Periperi",
        "endereco": "1ª Travessa de Curió, 14B, Mirante",
        "cep": "40720-028",
        "telefone": "3407-1673",
        "foto_thumb": "http://www.terreiros.ceao.ufba.br/_FT/pq/1009.jpg",
        "foto_grande": "http://www.terreiros.ceao.ufba.br/_FT/gd/1009.jpg"
      }
    },
    {
      "type": "Feature",
      "geometry": {
        "type": "Point",
        "coordinates": [
          -38.4670689778584,
          -12.868992464988
        ]
      },
      "properties": {
        "id": "1010",
        "nome": "Ylê Axé Oia Oleké",
        "lideranca": "Joselita da Conceição de Carvalho",
        "nacao": "Keto",
        "ano_fundacao": "1991",
        "regente": "Iansã",
        "bairro": "Periperi",
        "cep": "40720-272",
        "telefone": "3407-3271",
        "foto_thumb": "http://www.terreiros.ceao.ufba.br/_FT/pq/1010.jpg",
        "foto_grande": "http://www.terreiros.ceao.ufba.br/_FT/gd/1010.jpg"
      }
    },
    {
      "type": "Feature",
      "geometry": {
        "type": "Point",
        "coordinates": [
          -38.465854335999,
          -12.8698238537308
        ]
      },
      "properties": {
        "id": "1011",
        "nome": "Ylê Axé Ozani",
        "lideranca": "Marcos Antonio da Silva Bispo",
        "nacao": "Keto",
        "ano_fundacao": "1994",
        "regente": "Omolu",
        "bairro": "Periperi",
        "endereco": "Rua Silvio Araújo, 9, Colinas",
        "cep": "40726-320",
        "telefone": "3407-6373/ 8752-1698/ 8752-1524",
        "foto_thumb": "http://www.terreiros.ceao.ufba.br/_FT/pq/1011.jpg",
        "foto_grande": "http://www.terreiros.ceao.ufba.br/_FT/gd/1011.jpg"
      }
    },
    {
      "type": "Feature",
      "geometry": {
        "type": "Point",
        "coordinates": [
          -38.4621184716573,
          -12.8691763775378
        ]
      },
      "properties": {
        "id": "1012",
        "nome": "Casa de Giro",
        "lideranca": "Alex Sandro Oliveira da Cruz",
        "nacao": "Keto",
        "ano_fundacao": "1962",
        "regente": "Euá",
        "bairro": "Praia Grande",
        "endereco": "Rua Manaus, 6",
        "cep": "40720-785",
        "telefone": "3397-4651*",
        "foto_thumb": "http://www.terreiros.ceao.ufba.br/_FT/pq/1012.jpg",
        "foto_grande": "http://www.terreiros.ceao.ufba.br/_FT/gd/1012.jpg"
      }
    },
    {
      "type": "Feature",
      "geometry": {
        "type": "Point",
        "coordinates": [
          -38.4764644971422,
          -12.8751766043102
        ]
      },
      "properties": {
        "id": "1013",
        "nome": "Ylê Axé Unzó Iukossi Mangué",
        "lideranca": "Francisca Alves de Souza",
        "nacao": "Angola",
        "ano_fundacao": "1991",
        "regente": "Ogum",
        "bairro": "Rio Sena",
        "endereco": "Rua Joana Darc, 35E",
        "cep": "40715-440",
        "telefone": "3401-6615",
        "foto_thumb": "http://www.terreiros.ceao.ufba.br/_FT/pq/1013.jpg",
        "foto_grande": "http://www.terreiros.ceao.ufba.br/_FT/gd/1013.jpg"
      }
    },
    {
      "type": "Feature",
      "geometry": {
        "type": "Point",
        "coordinates": [
          -38.4188195145309,
          -12.9099853063149
        ]
      },
      "properties": {
        "id": "1014",
        "nome": "Ilê Axé Raízes de Irê",
        "lideranca": "Wilson de Almaço",
        "nacao": "Keto",
        "ano_fundacao": "0",
        "regente": "Ogum",
        "bairro": "Rio Sena",
        "endereco": "Rua Pitágoras, 210-E",
        "cep": "40715-450",
        "telefone": "3397-9072/ 9109-2944",
        "foto_thumb": "http://www.terreiros.ceao.ufba.br/_FT/pq/1014.jpg",
        "foto_grande": "http://www.terreiros.ceao.ufba.br/_FT/gd/1014.jpg"
      }
    },
    {
      "type": "Feature",
      "geometry": {
        "type": "Point",
        "coordinates": [
          -38.4735902161208,
          -12.8763263454224
        ]
      },
      "properties": {
        "id": "1015",
        "nome": "Ylê Axé Odé Ibu",
        "lideranca": "Armando de Jesus Tavares",
        "nacao": "Keto",
        "ano_fundacao": "1976",
        "regente": "Oxóssi",
        "bairro": "Periperi",
        "endereco": "Rua Travessa 8 de Maio, 29E, Mirante",
        "cep": "40720-182",
        "telefone": "3308-1457",
        "foto_thumb": "http://www.terreiros.ceao.ufba.br/_FT/pq/1015.jpg",
        "foto_grande": "http://www.terreiros.ceao.ufba.br/_FT/gd/1015.jpg"
      }
    },
    {
      "type": "Feature",
      "geometry": {
        "type": "Point",
        "coordinates": [
          -38.4624743638477,
          -12.8727491639489
        ]
      },
      "properties": {
        "id": "1018",
        "nome": "Obá Omin Fá",
        "lideranca": "Luiz Carlos Nascimento",
        "nacao": "Keto",
        "ano_fundacao": "1964",
        "regente": "Xangô",
        "bairro": "Luis Anselmo",
        "endereco": "Rua Alto das Pedrinhas, 39",
        "cep": "40260-390",
        "telefone": "3234-5632",
        "foto_thumb": "http://www.terreiros.ceao.ufba.br/_FT/pq/1018.jpg",
        "foto_grande": "http://www.terreiros.ceao.ufba.br/_FT/gd/1018.jpg"
      }
    },
    {
      "type": "Feature",
      "geometry": {
        "type": "Point",
        "coordinates": [
          -38.4851522032028,
          -12.9757413118491
        ]
      },
      "properties": {
        "id": "1020",
        "nome": "Ilê Axé Odô Obá Biticô",
        "lideranca": "Irenea Sowzer dos Santos",
        "nacao": "Keto",
        "ano_fundacao": "1951",
        "regente": "Xangô",
        "bairro": "Luis Anselmo",
        "endereco": "Rua Luis Anselmo, 72-A",
        "cep": "40260-475",
        "telefone": "3244-9907",
        "foto_thumb": "http://www.terreiros.ceao.ufba.br/_FT/pq/1020.jpg",
        "foto_grande": "http://www.terreiros.ceao.ufba.br/_FT/gd/1020.jpg"
      }
    },
    {
      "type": "Feature",
      "geometry": {
        "type": "Point",
        "coordinates": [
          -38.4896370568911,
          -12.9743503621056
        ]
      },
      "properties": {
        "id": "1022",
        "nome": "Odê Oni Fará",
        "lideranca": "Edimilson Sampaio de Santana",
        "nacao": "Keto",
        "ano_fundacao": "1993",
        "regente": "Oxóssi",
        "bairro": "Matatu",
        "endereco": "Rua Pedro Veloso Gordilho, 14",
        "cep": "40717-120",
        "telefone": "3382-0783",
        "foto_thumb": "http://www.terreiros.ceao.ufba.br/_FT/pq/1022.jpg",
        "foto_grande": "http://www.terreiros.ceao.ufba.br/_FT/gd/1022.jpg"
      }
    },
    {
      "type": "Feature",
      "geometry": {
        "type": "Point",
        "coordinates": [
          -38.4913312706725,
          -12.9761960008907
        ]
      },
      "properties": {
        "id": "1024",
        "nome": "Ilê Axé Obá Tadé Patití Obá",
        "lideranca": "Nilza Dorotéia Souza",
        "nacao": "Keto",
        "ano_fundacao": "1907",
        "regente": "Xangô e Oxum",
        "bairro": "Eng. V. da Federação",
        "cep": "40320-220",
        "telefone": "3327-0198/ 8839-1715",
        "foto_thumb": "http://www.terreiros.ceao.ufba.br/_FT/pq/1024.jpg",
        "foto_grande": "http://www.terreiros.ceao.ufba.br/_FT/gd/1024.jpg"
      }
    },
    {
      "type": "Feature",
      "geometry": {
        "type": "Point",
        "coordinates": [
          -38.4945729324285,
          -12.9972350934319
        ]
      },
      "properties": {
        "id": "1025",
        "nome": "Terreiro Zazi Congo de Angola",
        "lideranca": "Maria Faustina Nascimento Rodrigues",
        "nacao": "Angola",
        "ano_fundacao": "1993",
        "regente": "Xangô",
        "bairro": "Saboeiro",
        "endereco": "Rua Silveria Martins, Trav. Nabicuara, s/n",
        "cep": "41180-005",
        "telefone": "3257-0997",
        "foto_thumb": "http://www.terreiros.ceao.ufba.br/_FT/pq/1025.jpg",
        "foto_grande": "http://www.terreiros.ceao.ufba.br/_FT/gd/1025.jpg"
      }
    },
    {
      "type": "Feature",
      "geometry": {
        "type": "Point",
        "coordinates": [
          -38.4554816289944,
          -12.9558840107647
        ]
      },
      "properties": {
        "id": "1026",
        "nome": "Terreiro Viva Deus Filho",
        "lideranca": "Antonia Ferreira de Almeida",
        "nacao": "Angola",
        "ano_fundacao": "1951",
        "regente": "Kigongo, Iemanjá",
        "bairro": "Engomadeira",
        "endereco": "3ª Trav. São Tomé , 53, Fim de linha",
        "cep": "41220-290",
        "telefone": "3237-1046",
        "foto_thumb": "http://www.terreiros.ceao.ufba.br/_FT/pq/1026.jpg",
        "foto_grande": "http://www.terreiros.ceao.ufba.br/_FT/gd/1026.jpg"
      }
    },
    {
      "type": "Feature",
      "geometry": {
        "type": "Point",
        "coordinates": [
          -38.4554717048428,
          -12.948396948553
        ]
      },
      "properties": {
        "id": "1027",
        "nome": "Ilê Axé Jaomim Omo Danida",
        "lideranca": "Edimilson Barbosa",
        "nacao": "Keto",
        "ano_fundacao": "2004",
        "regente": "Oxumaré",
        "bairro": "Saboeiro",
        "endereco": "Rua Santo Inácio, 170, Baixa do Ovo",
        "cep": "41180-100",
        "telefone": "8199-7726",
        "foto_thumb": "http://www.terreiros.ceao.ufba.br/_FT/pq/1027.jpg",
        "foto_grande": "http://www.terreiros.ceao.ufba.br/_FT/gd/1027.jpg"
      }
    },
    {
      "type": "Feature",
      "geometry": {
        "type": "Point",
        "coordinates": [
          -38.4535717785858,
          -12.9565838773009
        ]
      },
      "properties": {
        "id": "1028",
        "nome": "Centro Sultão das Matas",
        "lideranca": "Josineia Silva dos Santos",
        "nacao": "Angola",
        "ano_fundacao": "1988",
        "regente": "Oxum",
        "bairro": "Engomadeira",
        "endereco": "Rua 25 de Dezembro, 122",
        "cep": "41200-840",
        "telefone": "3384-9122",
        "foto_thumb": "http://www.terreiros.ceao.ufba.br/_FT/pq/1028.jpg",
        "foto_grande": "http://www.terreiros.ceao.ufba.br/_FT/gd/1028.jpg"
      }
    },
    {
      "type": "Feature",
      "geometry": {
        "type": "Point",
        "coordinates": [
          -38.4543552703202,
          -12.949349407198
        ]
      },
      "properties": {
        "id": "1029",
        "nome": "Terreiro Tologi",
        "lideranca": "Dilcéia Maria F. Moura",
        "nacao": "Alaketo",
        "ano_fundacao": "1973",
        "regente": "Ogum e Iansã",
        "bairro": "Cabula",
        "cep": "41200-125",
        "telefone": "3384-9537",
        "foto_thumb": "http://www.terreiros.ceao.ufba.br/_FT/pq/1029.jpg",
        "foto_grande": "http://www.terreiros.ceao.ufba.br/_FT/gd/1029.jpg"
      }
    },
    {
      "type": "Feature",
      "geometry": {
        "type": "Point",
        "coordinates": [
          -38.4596056410293,
          -12.9460504162031
        ]
      },
      "properties": {
        "id": "1030",
        "nome": "Casa de Lua Cheia",
        "lideranca": "João Bispo Cerqueira",
        "nacao": "Umbanda",
        "ano_fundacao": "1977",
        "regente": "Caboclo Lua Cheia",
        "bairro": "Cabula",
        "endereco": "Rua Silveira Martins, 500",
        "cep": "41150-000",
        "telefone": "3384-1804",
        "foto_thumb": "http://www.terreiros.ceao.ufba.br/_FT/pq/1030.jpg",
        "foto_grande": "http://www.terreiros.ceao.ufba.br/_FT/gd/1030.jpg"
      }
    },
    {
      "type": "Feature",
      "geometry": {
        "type": "Point",
        "coordinates": [
          -38.4583189511497,
          -12.9536004837836
        ]
      },
      "properties": {
        "id": "1031",
        "nome": "Ilê Axé Epó Agodó",
        "lideranca": "Roque Higino de Jesus",
        "nacao": "Keto",
        "ano_fundacao": "1966",
        "regente": "Xangô",
        "bairro": "Mata Escura",
        "endereco": "Rua Aberlado Magalhães , 143E",
        "cep": "41225-440",
        "telefone": "3322-7889",
        "foto_thumb": "http://www.terreiros.ceao.ufba.br/_FT/pq/1031.jpg",
        "foto_grande": "http://www.terreiros.ceao.ufba.br/_FT/gd/1031.jpg"
      }
    },
    {
      "type": "Feature",
      "geometry": {
        "type": "Point",
        "coordinates": [
          -38.469215574701,
          -12.9377349120928
        ]
      },
      "properties": {
        "id": "1032",
        "nome": "Terreiro das Águas Claras",
        "lideranca": "Railda Costa dos Santos",
        "nacao": "Keto",
        "ano_fundacao": "1961",
        "regente": "Oxum Apará",
        "bairro": "Mata Escura",
        "endereco": "Rua Direta da Mata Escura, 64",
        "cep": "41225-190",
        "telefone": "3306-3295",
        "foto_thumb": "http://www.terreiros.ceao.ufba.br/_FT/pq/1032.jpg",
        "foto_grande": "http://www.terreiros.ceao.ufba.br/_FT/gd/1032.jpg"
      }
    },
    {
      "type": "Feature",
      "geometry": {
        "type": "Point",
        "coordinates": [
          -38.4623774450216,
          -12.9361463287557
        ]
      },
      "properties": {
        "id": "1033",
        "nome": "Ilê Axé Obá Xietã",
        "lideranca": "Lázaro da Costa Vergastes",
        "nacao": "Alaketo",
        "ano_fundacao": "1934",
        "regente": "Oxaguiã",
        "bairro": "Mata Escura",
        "endereco": "Rua da União , 184, ponto 13",
        "cep": "41225-100",
        "telefone": "3306-1395",
        "foto_thumb": "http://www.terreiros.ceao.ufba.br/_FT/pq/1033.jpg",
        "foto_grande": "http://www.terreiros.ceao.ufba.br/_FT/gd/1033.jpg"
      }
    },
    {
      "type": "Feature",
      "geometry": {
        "type": "Point",
        "coordinates": [
          -38.4588587270734,
          -12.929846854677
        ]
      },
      "properties": {
        "id": "1034",
        "nome": "Unzó Sidirá Tucá Neto",
        "lideranca": "Irene Moreira da Silva",
        "nacao": "Angola",
        "ano_fundacao": "1991",
        "regente": "Iansã",
        "bairro": "Praia Grande",
        "endereco": "Rua Demóstenes Nascimento, 54",
        "cep": "40435-560",
        "telefone": "3308-0272",
        "foto_thumb": "http://www.terreiros.ceao.ufba.br/_FT/pq/1034.jpg",
        "foto_grande": "http://www.terreiros.ceao.ufba.br/_FT/gd/1034.jpg"
      }
    },
    {
      "type": "Feature",
      "geometry": {
        "type": "Point",
        "coordinates": [
          -38.4740132004434,
          -12.8683562526961
        ]
      },
      "properties": {
        "id": "1035",
        "nome": "Ingongo de Zambê",
        "lideranca": "Tânia Regina Borges Oliveira",
        "nacao": "Angola",
        "ano_fundacao": "1983",
        "regente": "Omolu do Tempo",
        "bairro": "Plataforma",
        "endereco": "Rua Ana Paula, 31  E",
        "cep": "40710-599",
        "telefone": "3316-3622",
        "foto_thumb": "http://www.terreiros.ceao.ufba.br/_FT/pq/1035.jpg",
        "foto_grande": "http://www.terreiros.ceao.ufba.br/_FT/gd/1035.jpg"
      }
    },
    {
      "type": "Feature",
      "geometry": {
        "type": "Point",
        "coordinates": [
          -38.475468634091,
          -12.8973845152528
        ]
      },
      "properties": {
        "id": "1036",
        "nome": "Ilê Ayá Banají",
        "lideranca": "Iracema do Sacramento  Silva",
        "nacao": "Keto",
        "ano_fundacao": "1983",
        "regente": "Iansã",
        "bairro": "Itacaranha",
        "endereco": "Rua Serrinha , 121",
        "cep": "40715-020",
        "telefone": "3218-9134",
        "foto_thumb": "http://www.terreiros.ceao.ufba.br/_FT/pq/1036.jpg",
        "foto_grande": "http://www.terreiros.ceao.ufba.br/_FT/gd/1036.jpg"
      }
    },
    {
      "type": "Feature",
      "geometry": {
        "type": "Point",
        "coordinates": [
          -38.4806435547166,
          -12.8877638836717
        ]
      },
      "properties": {
        "id": "1037",
        "nome": "Não informado",
        "lideranca": "Elizete de Oliveira Bispo",
        "nacao": "Angola Umbanda",
        "ano_fundacao": "1978",
        "regente": "Oxum",
        "bairro": "Boa Vista do Lobato",
        "endereco": "Rua São Luís, 19E",
        "cep": "40455-971",
        "telefone": "3211-4014",
        "foto_thumb": "http://www.terreiros.ceao.ufba.br/_FT/pq/1037.jpg",
        "foto_grande": "http://www.terreiros.ceao.ufba.br/_FT/gd/1037.jpg"
      }
    },
    {
      "type": "Feature",
      "geometry": {
        "type": "Point",
        "coordinates": [
          -38.4727295242239,
          -12.9170223390915
        ]
      },
      "properties": {
        "id": "1038",
        "nome": "Ilê Axé Afunsulê Balé",
        "lideranca": "Cezarina Pereira",
        "nacao": "Keto",
        "ano_fundacao": "1983",
        "regente": "Iansã",
        "bairro": "Alto do Cabrito",
        "endereco": "Rua São Jorge, 63",
        "cep": "40484-395",
        "telefone": "3246-8335",
        "foto_thumb": "http://www.terreiros.ceao.ufba.br/_FT/pq/1038.jpg",
        "foto_grande": "http://www.terreiros.ceao.ufba.br/_FT/gd/1038.jpg"
      }
    },
    {
      "type": "Feature",
      "geometry": {
        "type": "Point",
        "coordinates": [
          -38.4733641048548,
          -12.9086254939729
        ]
      },
      "properties": {
        "id": "1039",
        "nome": "Onzo Nguzo Za Nkisi Dandalunda Ye Tempo (Mocambo)",
        "lideranca": "Anselmo José da Gama Santos",
        "nacao": "Angola",
        "ano_fundacao": "1994",
        "regente": "Dandalunda",
        "bairro": "Trobogy",
        "endereco": "Rua Heide Carneiro, 89, Vila Dois de Julho",
        "cep": "41262-100",
        "telefone": "9181-2719/ 3360-6668",
        "foto_thumb": "http://www.terreiros.ceao.ufba.br/_FT/pq/1039.jpg",
        "foto_grande": "http://www.terreiros.ceao.ufba.br/_FT/gd/1039.jpg"
      }
    },
    {
      "type": "Feature",
      "geometry": {
        "type": "Point",
        "coordinates": [
          -38.405088151171,
          -12.9279255406076
        ]
      },
      "properties": {
        "id": "1040",
        "nome": "Ilé Axé Ominjá",
        "lideranca": "Alice Alves Veloso",
        "nacao": "Keto",
        "ano_fundacao": "1992",
        "regente": "Oxum e Omolu",
        "bairro": "Fazenda Grande II",
        "cep": "41330-075",
        "telefone": "3302-1205",
        "foto_thumb": "http://www.terreiros.ceao.ufba.br/_FT/pq/1040.jpg",
        "foto_grande": "http://www.terreiros.ceao.ufba.br/_FT/gd/1040.jpg"
      }
    },
    {
      "type": "Feature",
      "geometry": {
        "type": "Point",
        "coordinates": [
          -38.4077327205973,
          -12.9001153139675
        ]
      },
      "properties": {
        "id": "1041",
        "nome": "Moitumba Jussara",
        "lideranca": "Elza Maria Santana",
        "nacao": "Angola",
        "ano_fundacao": "1985",
        "regente": "Iansã",
        "bairro": "Fazenda Grande II",
        "endereco": "Loteam. Parque São José, Rua Lucélia Telles, 4A",
        "cep": "41340-100",
        "telefone": "8193-4360/ 8193-4352",
        "foto_thumb": "http://www.terreiros.ceao.ufba.br/_FT/pq/1041.jpg",
        "foto_grande": "http://www.terreiros.ceao.ufba.br/_FT/gd/1041.jpg"
      }
    },
    {
      "type": "Feature",
      "geometry": {
        "type": "Point",
        "coordinates": [
          -38.4079555717302,
          -12.9015210795514
        ]
      },
      "properties": {
        "id": "1042",
        "nome": "Ilê Axé Ejitolá",
        "lideranca": "Clóvis da Paixão Miranda",
        "nacao": "Keto",
        "ano_fundacao": "2004",
        "regente": "Obaluaê",
        "bairro": "Jardim Nova Esperança",
        "telefone": "3393-3615",
        "foto_thumb": "http://www.terreiros.ceao.ufba.br/_FT/pq/1042.jpg",
        "foto_grande": "http://www.terreiros.ceao.ufba.br/_FT/gd/1042.jpg"
      }
    },
    {
      "type": "Feature",
      "geometry": {
        "type": "Point",
        "coordinates": [
          -38.4216151601971,
          -12.9117391355034
        ]
      },
      "properties": {
        "id": "1043",
        "nome": "Ilê De Ajonsor",
        "lideranca": "Cleonice Barbosa Pinto",
        "nacao": "Keto",
        "ano_fundacao": "1966",
        "regente": "Obaluaê",
        "bairro": "Jardim Nova Esperança",
        "endereco": "Rua Simone Barradas, 38",
        "cep": "41370-030",
        "telefone": "3393-1233",
        "foto_thumb": "http://www.terreiros.ceao.ufba.br/_FT/pq/1043.jpg",
        "foto_grande": "http://www.terreiros.ceao.ufba.br/_FT/gd/1043.jpg"
      }
    },
    {
      "type": "Feature",
      "geometry": {
        "type": "Point",
        "coordinates": [
          -38.4185978445073,
          -12.9098961977478
        ]
      },
      "properties": {
        "id": "1044",
        "nome": "Ilê Axé Ode Unlá",
        "lideranca": "Florenice Cruz Menezes",
        "nacao": "Keto",
        "ano_fundacao": "1999",
        "regente": "Oxóssi",
        "bairro": "Jardim Nova Esperança",
        "endereco": "Rua Nair Silva, 26E",
        "cep": "41370-180",
        "telefone": "9124-9093",
        "foto_thumb": "http://www.terreiros.ceao.ufba.br/_FT/pq/1044.jpg",
        "foto_grande": "http://www.terreiros.ceao.ufba.br/_FT/gd/1044.jpg"
      }
    },
    {
      "type": "Feature",
      "geometry": {
        "type": "Point",
        "coordinates": [
          -38.4172026800638,
          -12.9100574876255
        ]
      },
      "properties": {
        "id": "1045",
        "nome": "Ogum Benãomin",
        "lideranca": "Antonio dos Santos Costa",
        "nacao": "Keto Angola",
        "ano_fundacao": "1994",
        "regente": "Ogum",
        "bairro": "Jardim Nova Esperança",
        "endereco": "Rua João Paulo II, 10",
        "cep": "41370-370",
        "telefone": "3212-6423",
        "foto_thumb": "http://www.terreiros.ceao.ufba.br/_FT/pq/1045.jpg",
        "foto_grande": "http://www.terreiros.ceao.ufba.br/_FT/gd/1045.jpg"
      }
    },
    {
      "type": "Feature",
      "geometry": {
        "type": "Point",
        "coordinates": [
          -38.4188569423693,
          -12.9128128027176
        ]
      },
      "properties": {
        "id": "1046",
        "nome": "Ilê Axé Fankami  Adeduá",
        "lideranca": "Zelita Pinto dos Santos Lopes",
        "nacao": "Keto",
        "ano_fundacao": "2003",
        "regente": "Iemanjá Ogunté",
        "bairro": "Jardim Nova Esperança",
        "endereco": "Rua Sueli Soares, 11E",
        "telefone": "3312-9999",
        "foto_thumb": "http://www.terreiros.ceao.ufba.br/_FT/pq/1046.jpg",
        "foto_grande": "http://www.terreiros.ceao.ufba.br/_FT/gd/1046.jpg"
      }
    },
    {
      "type": "Feature",
      "geometry": {
        "type": "Point",
        "coordinates": [
          -38.4199087036916,
          -12.9137480668676
        ]
      },
      "properties": {
        "id": "1047",
        "nome": "Yyá Lamin Omin Tanan",
        "lideranca": "Vitoriana da Silva Lessa",
        "nacao": "Keto",
        "ano_fundacao": "1932",
        "regente": "Caboclo Irará Imoré da Selvagem",
        "bairro": "Matatu",
        "endereco": "Rua Pequeno Saldanha, 19, Vale do Matatu",
        "cep": "40255-390",
        "telefone": "3233-5953",
        "foto_thumb": "http://www.terreiros.ceao.ufba.br/_FT/pq/1047.jpg",
        "foto_grande": "http://www.terreiros.ceao.ufba.br/_FT/gd/1047.jpg"
      }
    },
    {
      "type": "Feature",
      "geometry": {
        "type": "Point",
        "coordinates": [
          -38.4934136821817,
          -12.9768836840282
        ]
      },
      "properties": {
        "id": "1048",
        "nome": "Ilê Axé Ogum Toloni",
        "lideranca": "João Santana",
        "nacao": "Keto",
        "ano_fundacao": "2001",
        "regente": "Ogum",
        "bairro": "Matatu",
        "cep": "40250-100",
        "telefone": "3381-7494",
        "foto_thumb": "http://www.terreiros.ceao.ufba.br/_FT/pq/1048.jpg",
        "foto_grande": "http://www.terreiros.ceao.ufba.br/_FT/gd/1048.jpg"
      }
    },
    {
      "type": "Feature",
      "geometry": {
        "type": "Point",
        "coordinates": [
          -38.4890266356874,
          -12.9771389731366
        ]
      },
      "properties": {
        "id": "1049",
        "nome": "Terreiro de Airá",
        "lideranca": "Iracy Maria do Sacramento Santos",
        "nacao": "Keto",
        "ano_fundacao": "1962",
        "regente": "Xangô",
        "bairro": "Matatu",
        "endereco": "Rua Edson Saldanha, 47, Vale do Matatu",
        "cep": "40260-000",
        "telefone": "3233-0906",
        "foto_thumb": "http://www.terreiros.ceao.ufba.br/_FT/pq/1049.jpg",
        "foto_grande": "http://www.terreiros.ceao.ufba.br/_FT/gd/1049.jpg"
      }
    },
    {
      "type": "Feature",
      "geometry": {
        "type": "Point",
        "coordinates": [
          -38.4885086628173,
          -12.9766535867093
        ]
      },
      "properties": {
        "id": "1050",
        "nome": "Ilé Àse Ejó Dan",
        "lideranca": "Terezinha Lima Santos",
        "nacao": "Keto",
        "ano_fundacao": "1986",
        "regente": "Becen",
        "bairro": "Matatu",
        "endereco": "Rua Professor João Prisco Paraíso, 5ª Trav.",
        "cep": "40255-740",
        "telefone": "3234-3884",
        "foto_thumb": "http://www.terreiros.ceao.ufba.br/_FT/pq/1050.jpg",
        "foto_grande": "http://www.terreiros.ceao.ufba.br/_FT/gd/1050.jpg"
      }
    },
    {
      "type": "Feature",
      "geometry": {
        "type": "Point",
        "coordinates": [
          -38.4920273239464,
          -12.9766939331147
        ]
      },
      "properties": {
        "id": "1051",
        "nome": "Ilê Maroiá Laje Alaketu",
        "lideranca": "Jocelina Barbosa Bispo",
        "nacao": "Keto",
        "ano_fundacao": "1836",
        "regente": "Oxossi",
        "bairro": "Luis Anselmo",
        "endereco": "Rua Luis Anselmo, Av. Alaketu, 13",
        "cep": "40260-475",
        "telefone": "3382-5093",
        "foto_thumb": "http://www.terreiros.ceao.ufba.br/_FT/pq/1051.jpg",
        "foto_grande": "http://www.terreiros.ceao.ufba.br/_FT/gd/1051.jpg"
      }
    },
    {
      "type": "Feature",
      "geometry": {
        "type": "Point",
        "coordinates": [
          -38.4898833748927,
          -12.9754146354823
        ]
      },
      "properties": {
        "id": "1052",
        "nome": "Terreiro de Tupinambá",
        "lideranca": "Vera Lúcia Ailane Santos",
        "nacao": "Keto",
        "ano_fundacao": "1986",
        "regente": "Ogum Xeroquê",
        "bairro": "Mata Escura",
        "endereco": "Rua União, 63, fundo, ponto 13",
        "cep": "41225-100",
        "telefone": "9111-8009",
        "foto_thumb": "http://www.terreiros.ceao.ufba.br/_FT/pq/1052.jpg",
        "foto_grande": "http://www.terreiros.ceao.ufba.br/_FT/gd/1052.jpg"
      }
    },
    {
      "type": "Feature",
      "geometry": {
        "type": "Point",
        "coordinates": [
          -38.4579284269768,
          -12.9296501326988
        ]
      },
      "properties": {
        "id": "1053",
        "nome": "Ilê Axé Airá Dagomim",
        "lideranca": "Antônio Sérgio Medrado da Silva",
        "nacao": "Keto",
        "ano_fundacao": "1990",
        "regente": "Xangô",
        "bairro": "Mata Escura",
        "endereco": "Rua da Mangueira, 35E, ponto 13",
        "telefone": "3405-4547",
        "foto_thumb": "http://www.terreiros.ceao.ufba.br/_FT/pq/1053.jpg",
        "foto_grande": "http://www.terreiros.ceao.ufba.br/_FT/gd/1053.jpg"
      }
    },
    {
      "type": "Feature",
      "geometry": {
        "type": "Point",
        "coordinates": [
          -38.4566043229819,
          -12.9288268830103
        ]
      },
      "properties": {
        "id": "1054",
        "nome": "Terreiro Deus é Mais que Tudo",
        "lideranca": "Cremilda G. Ribeiro",
        "nacao": "Keto",
        "ano_fundacao": "1936",
        "regente": "Obaluaê",
        "bairro": "Liberdade",
        "endereco": "Rua Coronel Serra Martins, 19",
        "cep": "40370-060",
        "telefone": "3242-9995",
        "foto_thumb": "http://www.terreiros.ceao.ufba.br/_FT/pq/1054.jpg",
        "foto_grande": "http://www.terreiros.ceao.ufba.br/_FT/gd/1054.jpg"
      }
    },
    {
      "type": "Feature",
      "geometry": {
        "type": "Point",
        "coordinates": [
          -38.4943136153814,
          -12.944105266082
        ]
      },
      "properties": {
        "id": "1055",
        "nome": "Ilê Axé Mawud",
        "lideranca": "Lindinalva Santos Resende",
        "nacao": "Keto",
        "ano_fundacao": "1999",
        "regente": "Iansã",
        "bairro": "Mata Escura",
        "endereco": "Rua Monte Alegre, 9E  (próximo a penitenciária)",
        "cep": "41225-760",
        "telefone": "3314-0567",
        "foto_thumb": "http://www.terreiros.ceao.ufba.br/_FT/pq/1055.jpg",
        "foto_grande": "http://www.terreiros.ceao.ufba.br/_FT/gd/1055.jpg"
      }
    },
    {
      "type": "Feature",
      "geometry": {
        "type": "Point",
        "coordinates": [
          -38.4570675024459,
          -12.9273599164297
        ]
      },
      "properties": {
        "id": "1056",
        "nome": "Ilê Axé Oya Dé",
        "lideranca": "Wagner P. dos Santos",
        "nacao": "Keto",
        "ano_fundacao": "1992",
        "regente": "Iansã",
        "bairro": "Mata Escura",
        "endereco": "Rua do Jenipapeiro , 42  (próximo a penitenciária)",
        "cep": "41219-420",
        "telefone": "3211-9137",
        "foto_thumb": "http://www.terreiros.ceao.ufba.br/_FT/pq/1056.jpg",
        "foto_grande": "http://www.terreiros.ceao.ufba.br/_FT/gd/1056.jpg"
      }
    },
    {
      "type": "Feature",
      "geometry": {
        "type": "Point",
        "coordinates": [
          -38.4584608553518,
          -12.9273451387501
        ]
      },
      "properties": {
        "id": "1057",
        "nome": "Kavuungo Oromin Zungara",
        "lideranca": "Ana Maria Silva Barandi",
        "nacao": "Angola",
        "ano_fundacao": "2005",
        "regente": "Obaluaê",
        "bairro": "Cajazeiras XI",
        "endereco": "Rua Eraldo Tinoco, 25",
        "cep": "41330-520",
        "telefone": "3238-1845",
        "foto_thumb": "http://www.terreiros.ceao.ufba.br/_FT/pq/1057.jpg",
        "foto_grande": "http://www.terreiros.ceao.ufba.br/_FT/gd/1057.jpg"
      }
    },
    {
      "type": "Feature",
      "geometry": {
        "type": "Point",
        "coordinates": [
          -38.4120636776156,
          -12.88002582823
        ]
      },
      "properties": {
        "id": "1058",
        "nome": "Centro de Caboclo Jaguaraci",
        "lideranca": "Edna Bispo Santos",
        "nacao": "Angola",
        "ano_fundacao": "1986",
        "regente": "Oxum",
        "bairro": "Cajazeiras X",
        "telefone": "3305-0605",
        "foto_thumb": "http://www.terreiros.ceao.ufba.br/_FT/pq/1058.jpg",
        "foto_grande": "http://www.terreiros.ceao.ufba.br/_FT/gd/1058.jpg"
      }
    },
    {
      "type": "Feature",
      "geometry": {
        "type": "Point",
        "coordinates": [
          -38.4104929739875,
          -12.8962232550159
        ]
      },
      "properties": {
        "id": "1059",
        "nome": "Manso Dadalungua Concuazenza",
        "lideranca": "Noélia Nascimento da Silva",
        "nacao": "Angola Keto",
        "ano_fundacao": "1940",
        "regente": "Ogum e Oxum",
        "bairro": "Estrada Velha do Aeroporto",
        "cep": "41345-040",
        "telefone": "3302-0077",
        "foto_thumb": "http://www.terreiros.ceao.ufba.br/_FT/pq/1059.jpg",
        "foto_grande": "http://www.terreiros.ceao.ufba.br/_FT/gd/1059.jpg"
      }
    },
    {
      "type": "Feature",
      "geometry": {
        "type": "Point",
        "coordinates": [
          -38.3896686667561,
          -12.9097249753078
        ]
      },
      "properties": {
        "id": "1060",
        "nome": "Terreiro de Sultão das Matas",
        "lideranca": "Ana das Dores Silva",
        "nacao": "Angola",
        "ano_fundacao": "1992",
        "regente": "Sultão das Matas e Ogum",
        "bairro": "Cajazeiras XI",
        "telefone": "3395-1458",
        "foto_thumb": "http://www.terreiros.ceao.ufba.br/_FT/pq/1060.jpg",
        "foto_grande": "http://www.terreiros.ceao.ufba.br/_FT/gd/1060.jpg"
      }
    },
    {
      "type": "Feature",
      "geometry": {
        "type": "Point",
        "coordinates": [
          -38.4133015069257,
          -12.8804841538999
        ]
      },
      "properties": {
        "id": "1061",
        "nome": "Ilê Axé Pandamim Bomifá",
        "lideranca": "Conceição Angélica dos Santos",
        "nacao": "Keto",
        "ano_fundacao": "1978",
        "regente": "Oxum",
        "bairro": "Tancredo Neves",
        "endereco": "Rua Maranguape, 102E",
        "cep": "41207-530",
        "telefone": "3395-1276",
        "foto_thumb": "http://www.terreiros.ceao.ufba.br/_FT/pq/1061.jpg",
        "foto_grande": "http://www.terreiros.ceao.ufba.br/_FT/gd/1061.jpg"
      }
    },
    {
      "type": "Feature",
      "geometry": {
        "type": "Point",
        "coordinates": [
          -38.4522184436972,
          -12.9500523593205
        ]
      },
      "properties": {
        "id": "1062",
        "nome": "Terreiro Oya Omim Olorum",
        "lideranca": "Valdelice Beatriz dos Santos",
        "nacao": "Keto",
        "ano_fundacao": "2001",
        "regente": "Iansã Balé",
        "bairro": "Tancredo Neves",
        "endereco": "Rua Fernando Luis, 57E",
        "cep": "41207-500",
        "telefone": "3361-8376",
        "foto_thumb": "http://www.terreiros.ceao.ufba.br/_FT/pq/1062.jpg",
        "foto_grande": "http://www.terreiros.ceao.ufba.br/_FT/gd/1062.jpg"
      }
    },
    {
      "type": "Feature",
      "geometry": {
        "type": "Point",
        "coordinates": [
          -38.453237194323,
          -12.9507951178067
        ]
      },
      "properties": {
        "id": "1063",
        "nome": "Ylê Axé Oxaladê",
        "lideranca": "Marinalva Ferreira dos Santos",
        "nacao": "Keto",
        "ano_fundacao": "1988",
        "regente": "Oxalá",
        "bairro": "Rio Sena",
        "endereco": "Rua Cardeal Jeau, 48E",
        "cep": "40715-366",
        "telefone": "3388-8042",
        "foto_thumb": "http://www.terreiros.ceao.ufba.br/_FT/pq/1063.jpg",
        "foto_grande": "http://www.terreiros.ceao.ufba.br/_FT/gd/1063.jpg"
      }
    },
    {
      "type": "Feature",
      "geometry": {
        "type": "Point",
        "coordinates": [
          -38.4706678815019,
          -12.8762089301092
        ]
      },
      "properties": {
        "id": "1064",
        "nome": "Terreiro Oba Dobé",
        "lideranca": "Nelza Magalhães Santana",
        "nacao": "Keto",
        "ano_fundacao": "2001",
        "regente": "Xangô",
        "bairro": "Alto da Terezinha",
        "endereco": "Rua Cardeal Jean, 187",
        "cep": "40715-366",
        "telefone": "3314-2212/ 9123-8909",
        "foto_thumb": "http://www.terreiros.ceao.ufba.br/_FT/pq/1064.jpg",
        "foto_grande": "http://www.terreiros.ceao.ufba.br/_FT/gd/1064.jpg"
      }
    },
    {
      "type": "Feature",
      "geometry": {
        "type": "Point",
        "coordinates": [
          -38.4729001750263,
          -12.8801797796563
        ]
      },
      "properties": {
        "id": "1065",
        "nome": "Ylê Axé Cafougi de Unzame",
        "lideranca": "Everaldice Maria dos Santos Santana",
        "nacao": "Angola",
        "ano_fundacao": "1966",
        "regente": "Obaluaê",
        "bairro": "Rio Sena",
        "endereco": "Rua da Vitória, 185",
        "cep": "40715-340",
        "telefone": "3218-1543",
        "foto_thumb": "http://www.terreiros.ceao.ufba.br/_FT/pq/1065.jpg",
        "foto_grande": "http://www.terreiros.ceao.ufba.br/_FT/gd/1065.jpg"
      }
    },
    {
      "type": "Feature",
      "geometry": {
        "type": "Point",
        "coordinates": [
          -38.4740406531184,
          -12.8805338749272
        ]
      },
      "properties": {
        "id": "1066",
        "nome": "Não informado",
        "lideranca": "Kátia Celene Silva",
        "nacao": "Keto",
        "ano_fundacao": "2004",
        "regente": "Iemanjá",
        "bairro": "Alto da Terezinha",
        "endereco": "Rua São Jorge, 86/  Rua Maria Cecila",
        "cep": "40715-360",
        "telefone": "3401-4870",
        "foto_thumb": "http://www.terreiros.ceao.ufba.br/_FT/pq/1066.jpg",
        "foto_grande": "http://www.terreiros.ceao.ufba.br/_FT/gd/1066.jpg"
      }
    },
    {
      "type": "Feature",
      "geometry": {
        "type": "Point",
        "coordinates": [
          -38.4734578512853,
          -12.8821595223085
        ]
      },
      "properties": {
        "id": "1067",
        "nome": "Não informado",
        "lideranca": "Edson Teles de Menezes Filho",
        "nacao": "Angola",
        "ano_fundacao": "2004",
        "regente": "Tempo",
        "endereco": "Rua Joana Darc",
        "bairro": "Rio Sena",
        "cep": "40715-440",
        "telefone": "3218-0569/ 9952-3945",
        "foto_thumb": "http://www.terreiros.ceao.ufba.br/_FT/pq/1067.jpg",
        "foto_grande": "http://www.terreiros.ceao.ufba.br/_FT/gd/1067.jpg"
      }
    },
    {
      "type": "Feature",
      "geometry": {
        "type": "Point",
        "coordinates": [
          -38.4703520784773,
          -12.8773395788084
        ]
      },
      "properties": {
        "id": "1068",
        "nome": "Ylê Axé Oxum Apará",
        "lideranca": "Dalva Ramos da Silva",
        "nacao": "Keto",
        "ano_fundacao": "1992",
        "regente": "Oxum Apará",
        "bairro": "Rio Sena",
        "endereco": "Rua Maria Cecília, 328E",
        "cep": "40715-400",
        "telefone": "3218-2869",
        "foto_thumb": "http://www.terreiros.ceao.ufba.br/_FT/pq/1068.jpg",
        "foto_grande": "http://www.terreiros.ceao.ufba.br/_FT/gd/1068.jpg"
      }
    },
    {
      "type": "Feature",
      "geometry": {
        "type": "Point",
        "coordinates": [
          -38.4714922297919,
          -12.8801303928766
        ]
      },
      "properties": {
        "id": "1070",
        "nome": "Terreiro Omi Nidê",
        "lideranca": "Valdimira Maria Trindade dos Santos",
        "nacao": "Angola",
        "ano_fundacao": "1951",
        "regente": "Ogum",
        "bairro": "Alto da Terezinha",
        "endereco": "Rua Getulio Vargas, 177",
        "cep": "41711-320",
        "telefone": "3218-0096",
        "foto_thumb": "http://www.terreiros.ceao.ufba.br/_FT/pq/1070.jpg",
        "foto_grande": "http://www.terreiros.ceao.ufba.br/_FT/gd/1070.jpg"
      }
    },
    {
      "type": "Feature",
      "geometry": {
        "type": "Point",
        "coordinates": [
          -38.4723020548911,
          -12.8790002706841
        ]
      },
      "properties": {
        "id": "1071",
        "nome": "Ilê Axé de Oxum",
        "lideranca": "Maria Vitória de Jesus",
        "nacao": "Keto",
        "ano_fundacao": "1987",
        "regente": "Oxum",
        "bairro": "Jardim Nova Esperança",
        "endereco": "Rua Simone Barradas, Caminho 1, Lot. 96",
        "cep": "41370-030",
        "telefone": "3409-1142/ 8824-3818",
        "foto_thumb": "http://www.terreiros.ceao.ufba.br/_FT/pq/1071.jpg",
        "foto_grande": "http://www.terreiros.ceao.ufba.br/_FT/gd/1071.jpg"
      }
    },
    {
      "type": "Feature",
      "geometry": {
        "type": "Point",
        "coordinates": [
          -38.42118158728,
          -12.9126136032287
        ]
      },
      "properties": {
        "id": "1074",
        "nome": "Ilê Axé Fili bomim",
        "lideranca": "José dos Santos Bispo",
        "nacao": "Keto",
        "ano_fundacao": "1992",
        "regente": "Oxum",
        "bairro": "Tancredo Neves",
        "endereco": "Rua Luis Freitas , 373",
        "cep": "41207-490",
        "telefone": "3232-2669",
        "foto_thumb": "http://www.terreiros.ceao.ufba.br/_FT/pq/1074.jpg",
        "foto_grande": "http://www.terreiros.ceao.ufba.br/_FT/gd/1074.jpg"
      }
    },
    {
      "type": "Feature",
      "geometry": {
        "type": "Point",
        "coordinates": [
          -38.4533027115091,
          -12.9487393923715
        ]
      },
      "properties": {
        "id": "1075",
        "nome": "Terreiro Olufanjá",
        "lideranca": "Elenice Oliveira da Conceição",
        "nacao": "Keto",
        "ano_fundacao": "1969",
        "regente": "Oxalá",
        "bairro": "Tancredo Neves",
        "endereco": "Rua Alagoas, 92/94 (Beirú)",
        "cep": "41210-160",
        "telefone": "3230-8366",
        "foto_thumb": "http://www.terreiros.ceao.ufba.br/_FT/pq/1075.jpg",
        "foto_grande": "http://www.terreiros.ceao.ufba.br/_FT/gd/1075.jpg"
      }
    },
    {
      "type": "Feature",
      "geometry": {
        "type": "Point",
        "coordinates": [
          -38.448413449214,
          -12.9477860345052
        ]
      },
      "properties": {
        "id": "1077",
        "nome": "Centro Caboclo Sultão das Matas",
        "lideranca": "Anália Santos da silva",
        "nacao": "Caboclo",
        "ano_fundacao": "1986",
        "regente": "Caboclo Sultão das Matas",
        "bairro": "Brotas",
        "endereco": "Rua Vila Nova, 19E",
        "cep": "40276-100",
        "telefone": "3234-5222",
        "foto_thumb": "http://www.terreiros.ceao.ufba.br/_FT/pq/1077.jpg",
        "foto_grande": "http://www.terreiros.ceao.ufba.br/_FT/gd/1077.jpg"
      }
    },
    {
      "type": "Feature",
      "geometry": {
        "type": "Point",
        "coordinates": [
          -38.4802471726764,
          -12.980780824586
        ]
      },
      "properties": {
        "id": "1078",
        "nome": "Ilê Asé Onín Pó (Força da Terra)",
        "lideranca": "Edison Andrade Freire",
        "nacao": "Keto",
        "ano_fundacao": "1984",
        "regente": "Obaluaê",
        "bairro": "Periperi",
        "endereco": "Rua Beco do Ouro, s/n, Nova Costituinte",
        "cep": "40720-161",
        "telefone": "3308-4783/ 8888-7783",
        "foto_thumb": "http://www.terreiros.ceao.ufba.br/_FT/pq/1078.jpg",
        "foto_grande": "http://www.terreiros.ceao.ufba.br/_FT/gd/1078.jpg"
      }
    },
    {
      "type": "Feature",
      "geometry": {
        "type": "Point",
        "coordinates": [
          -38.4657590246207,
          -12.8604480340047
        ]
      },
      "properties": {
        "id": "1081",
        "nome": "Ilê Axé Opoufumã Dominaci",
        "lideranca": "Sione Pereira da Silva",
        "nacao": "Keto",
        "ano_fundacao": "1986",
        "regente": "Omolu",
        "bairro": "Cajazeiras IV",
        "cep": "41334-320",
        "telefone": "3253-1505",
        "foto_thumb": "http://www.terreiros.ceao.ufba.br/_FT/pq/1081.jpg",
        "foto_grande": "http://www.terreiros.ceao.ufba.br/_FT/gd/1081.jpg"
      }
    },
    {
      "type": "Feature",
      "geometry": {
        "type": "Point",
        "coordinates": [
          -38.4257999209381,
          -12.8981173449126
        ]
      },
      "properties": {
        "id": "1082",
        "nome": "Ylê Axé Alaketu Oya Mimi",
        "lideranca": "Vera Lúcia Moura dos Santos",
        "nacao": "Keto",
        "ano_fundacao": "1988",
        "regente": "Iansã",
        "bairro": "Canabrava",
        "endereco": "Rua das Cordonas, 33",
        "cep": "41206-070",
        "telefone": "3360-6460/ 8819-97226",
        "foto_thumb": "http://www.terreiros.ceao.ufba.br/_FT/pq/1082.jpg",
        "foto_grande": "http://www.terreiros.ceao.ufba.br/_FT/gd/1082.jpg"
      }
    },
    {
      "type": "Feature",
      "geometry": {
        "type": "Point",
        "coordinates": [
          -38.4212331234266,
          -12.9235555542541
        ]
      },
      "properties": {
        "id": "1084",
        "nome": "Axé Loyá",
        "lideranca": "Julio Santana Braga",
        "nacao": "Keto",
        "ano_fundacao": "1992",
        "regente": "Iansã",
        "bairro": "São Cristóvão",
        "endereco": "Rua do Raposo, 2206 (Birirpero)",
        "cep": "41507-030",
        "telefone": "3345-6594",
        "foto_thumb": "http://www.terreiros.ceao.ufba.br/_FT/pq/1084.jpg",
        "foto_grande": "http://www.terreiros.ceao.ufba.br/_FT/gd/1084.jpg"
      }
    },
    {
      "type": "Feature",
      "geometry": {
        "type": "Point",
        "coordinates": [
          -38.3652310309823,
          -12.8827222627038
        ]
      },
      "properties": {
        "id": "1085",
        "nome": "Suitala Mean",
        "lideranca": "Maria Roque Bispo de Jesus",
        "nacao": "Angola",
        "ano_fundacao": "1998",
        "regente": "Oxum",
        "bairro": "Canabrava",
        "endereco": "Rua Araújo Martins , 2ª Travessa",
        "cep": "41260-290",
        "telefone": "3462-5869/ 8885-4969",
        "foto_thumb": "http://www.terreiros.ceao.ufba.br/_FT/pq/1085.jpg",
        "foto_grande": "http://www.terreiros.ceao.ufba.br/_FT/gd/1085.jpg"
      }
    },
    {
      "type": "Feature",
      "geometry": {
        "type": "Point",
        "coordinates": [
          -38.4121280231517,
          -12.9258825316892
        ]
      },
      "properties": {
        "id": "1086",
        "nome": "ilê Axé Ogum Oyá",
        "lideranca": "Aurelino C Dias de Jesus",
        "nacao": "Angola Keto",
        "ano_fundacao": "1972",
        "regente": "Iansã",
        "bairro": "Canabrava",
        "endereco": "Rua Papa Capim, 135",
        "cep": "41260-020",
        "telefone": "3462-5886",
        "foto_thumb": "http://www.terreiros.ceao.ufba.br/_FT/pq/1086.jpg",
        "foto_grande": "http://www.terreiros.ceao.ufba.br/_FT/gd/1086.jpg"
      }
    },
    {
      "type": "Feature",
      "geometry": {
        "type": "Point",
        "coordinates": [
          -38.4208246250846,
          -12.9218744590318
        ]
      },
      "properties": {
        "id": "1087",
        "nome": "Umbanda",
        "lideranca": "Nicéia",
        "nacao": "Umbanda",
        "ano_fundacao": "1950",
        "regente": "Iansã",
        "bairro": "Castelo Branco",
        "endereco": "3ª etapa, 372",
        "telefone": "3305-7520",
        "foto_thumb": "http://www.terreiros.ceao.ufba.br/_FT/pq/1087.jpg",
        "foto_grande": "http://www.terreiros.ceao.ufba.br/_FT/gd/1087.jpg"
      }
    },
    {
      "type": "Feature",
      "geometry": {
        "type": "Point",
        "coordinates": [
          -38.4275066238948,
          -12.9026889673854
        ]
      },
      "properties": {
        "id": "1088",
        "nome": "Neto do Atombessi",
        "lideranca": "Orlando de Jesus",
        "nacao": "Angola",
        "ano_fundacao": "1984",
        "regente": "Oxossi",
        "bairro": "Canabrava",
        "endereco": "Rua das Patativas, 35E",
        "cep": "41260-010",
        "telefone": "3230-0031",
        "foto_thumb": "http://www.terreiros.ceao.ufba.br/_FT/pq/1088.jpg",
        "foto_grande": "http://www.terreiros.ceao.ufba.br/_FT/gd/1088.jpg"
      }
    },
    {
      "type": "Feature",
      "geometry": {
        "type": "Point",
        "coordinates": [
          -38.4211008971013,
          -12.9218434553035
        ]
      },
      "properties": {
        "id": "1089",
        "nome": "Não informado",
        "lideranca": "Maria da Paz Barbosa dos Santos",
        "nacao": "Keto",
        "ano_fundacao": "2001",
        "regente": "Iemanjá Ogunté",
        "bairro": "São Cristóvão",
        "cep": "41502-400",
        "telefone": "3251-4343",
        "foto_thumb": "http://www.terreiros.ceao.ufba.br/_FT/pq/1089.jpg",
        "foto_grande": "http://www.terreiros.ceao.ufba.br/_FT/gd/1089.jpg"
      }
    },
    {
      "type": "Feature",
      "geometry": {
        "type": "Point",
        "coordinates": [
          -38.3638990439,
          -12.8791414627
        ]
      },
      "properties": {
        "id": "1090",
        "nome": "Terreiro do Bate Folha",
        "lideranca": "Eduarlindo C. de Souza",
        "nacao": "Angola",
        "ano_fundacao": "1916",
        "regente": "Iansã",
        "bairro": "Mata Escura",
        "endereco": "Rua Direta da Mata Escura",
        "cep": "41225-190",
        "telefone": "3306-2163",
        "foto_thumb": "http://www.terreiros.ceao.ufba.br/_FT/pq/1090.jpg",
        "foto_grande": "http://www.terreiros.ceao.ufba.br/_FT/gd/1090.jpg"
      }
    },
    {
      "type": "Feature",
      "geometry": {
        "type": "Point",
        "coordinates": [
          -38.4632475289163,
          -12.9361638445341
        ]
      },
      "properties": {
        "id": "1091",
        "nome": "Ilê Axé Opô Afonjá",
        "lideranca": "Maria Stela de A. Santos",
        "nacao": "Keto",
        "ano_fundacao": "1910",
        "regente": "Xangõ",
        "bairro": "São Gonçalo",
        "endereco": "Rua Direta do São Gonçalo, 557",
        "telefone": "3384-5229",
        "foto_thumb": "http://www.terreiros.ceao.ufba.br/_FT/pq/1091.jpg",
        "foto_grande": "http://www.terreiros.ceao.ufba.br/_FT/gd/1091.jpg"
      }
    },
    {
      "type": "Feature",
      "geometry": {
        "type": "Point",
        "coordinates": [
          -38.4653738713226,
          -12.9501892974666
        ]
      },
      "properties": {
        "id": "1092",
        "nome": "Ilê Axé Jezubum Santa Cruz",
        "lideranca": "Clarice Santiago dos Santos",
        "nacao": "Keto Angola",
        "ano_fundacao": "1940",
        "regente": "Obaluaê e Xangô",
        "bairro": "Arenoso",
        "endereco": "Rua Manuel Rufino, 20E (Beirú)",
        "telefone": "3461-4259",
        "foto_thumb": "http://www.terreiros.ceao.ufba.br/_FT/pq/1092.jpg",
        "foto_grande": "http://www.terreiros.ceao.ufba.br/_FT/gd/1092.jpg"
      }
    },
    {
      "type": "Feature",
      "geometry": {
        "type": "Point",
        "coordinates": [
          -38.4434481883446,
          -12.9472146485941
        ]
      },
      "properties": {
        "id": "1093",
        "nome": "Ilê Axé Logum Edé",
        "lideranca": "Maria da P. dos Santos",
        "nacao": "Ijexá Keto",
        "ano_fundacao": "1975",
        "regente": "Logunedé e Iansã",
        "bairro": "Arenoso",
        "endereco": "Rua Wanderson Campelo, 39E (Beirú)",
        "telefone": "3461-4656",
        "foto_thumb": "http://www.terreiros.ceao.ufba.br/_FT/pq/1093.jpg",
        "foto_grande": "http://www.terreiros.ceao.ufba.br/_FT/gd/1093.jpg"
      }
    },
    {
      "type": "Feature",
      "geometry": {
        "type": "Point",
        "coordinates": [
          -38.4424897654272,
          -12.9475772863841
        ]
      },
      "properties": {
        "id": "1094",
        "nome": "Ilê Axé Deleomim",
        "lideranca": "Franklin de Castro Antunes",
        "nacao": "Keto",
        "ano_fundacao": "1965",
        "regente": "Oxum e Oxalá",
        "bairro": "Arenoso",
        "endereco": "Rua Vandson Campelo, 73-E (Beirú)",
        "telefone": "3461-4542",
        "foto_thumb": "http://www.terreiros.ceao.ufba.br/_FT/pq/1094.jpg",
        "foto_grande": "http://www.terreiros.ceao.ufba.br/_FT/gd/1094.jpg"
      }
    },
    {
      "type": "Feature",
      "geometry": {
        "type": "Point",
        "coordinates": [
          -38.443214336018,
          -12.9465886063021
        ]
      },
      "properties": {
        "id": "1095",
        "nome": "Ilê Axé Omim Togum",
        "lideranca": "Petronilia Santos de Paula",
        "nacao": "Keto",
        "ano_fundacao": "1977",
        "regente": "Oxum e Ogum",
        "bairro": "Arenoso",
        "endereco": "Rua Virginia Santa Izabel, 13E (Beirú)",
        "cep": "41211-560",
        "telefone": "3230-8062",
        "foto_thumb": "http://www.terreiros.ceao.ufba.br/_FT/pq/1095.jpg",
        "foto_grande": "http://www.terreiros.ceao.ufba.br/_FT/gd/1095.jpg"
      }
    },
    {
      "type": "Feature",
      "geometry": {
        "type": "Point",
        "coordinates": [
          -38.4437067310373,
          -12.9454042587476
        ]
      },
      "properties": {
        "id": "1096",
        "nome": "Terreiro Tumbeci",
        "lideranca": "Geruna Passos Santos",
        "nacao": "Angola",
        "ano_fundacao": "0",
        "regente": "Kavungo",
        "bairro": "Tancredo Neves",
        "endereco": "Rua Nossa Senhora da Conceição, 206 E (Beirú)",
        "cep": "41207-125",
        "telefone": "3362-5096",
        "foto_thumb": "http://www.terreiros.ceao.ufba.br/_FT/pq/1096.jpg",
        "foto_grande": "http://www.terreiros.ceao.ufba.br/_FT/gd/1096.jpg"
      }
    },
    {
      "type": "Feature",
      "geometry": {
        "type": "Point",
        "coordinates": [
          -38.4507079519914,
          -12.9466480381263
        ]
      },
      "properties": {
        "id": "1097",
        "nome": "Ylê Axé Baba Ijobonan Azoane Kisi",
        "lideranca": "Jairo Ribeiro",
        "nacao": "Keto",
        "ano_fundacao": "2004",
        "regente": "Obaluaê",
        "bairro": "Nova Brasília",
        "endereco": "Rua São Lázaro, s/n, Estrada Velha",
        "cep": "41350-120",
        "telefone": "3360-1154",
        "foto_thumb": "http://www.terreiros.ceao.ufba.br/_FT/pq/1097.jpg",
        "foto_grande": "http://www.terreiros.ceao.ufba.br/_FT/gd/1097.jpg"
      }
    },
    {
      "type": "Feature",
      "geometry": {
        "type": "Point",
        "coordinates": [
          -38.4088412128021,
          -12.914135756511
        ]
      },
      "properties": {
        "id": "1098",
        "nome": "Terreiro Tumba Mutá",
        "lideranca": "Magnólia Almeida Silva",
        "nacao": "Angola",
        "ano_fundacao": "2003",
        "regente": "Oxóssi",
        "bairro": "Alto da Terezinha",
        "endereco": "Rua Alto do Coqueiral, 365",
        "telefone": "9123-8907",
        "foto_thumb": "http://www.terreiros.ceao.ufba.br/_FT/pq/1098.jpg",
        "foto_grande": "http://www.terreiros.ceao.ufba.br/_FT/gd/1098.jpg"
      }
    },
    {
      "type": "Feature",
      "geometry": {
        "type": "Point",
        "coordinates": [
          -38.4773681798901,
          -12.8792770758161
        ]
      },
      "properties": {
        "id": "1099",
        "nome": "Ilê Axé Omidoiase",
        "lideranca": "Alice Dimas Santos",
        "nacao": "Keto",
        "ano_fundacao": "1969",
        "regente": "Oxum",
        "bairro": "São Tomé de Paripe",
        "endereco": "Rua Alto dos Pontes, 515E",
        "cep": "40800-210",
        "telefone": "3394-8074",
        "foto_thumb": "http://www.terreiros.ceao.ufba.br/_FT/pq/1099.jpg",
        "foto_grande": "http://www.terreiros.ceao.ufba.br/_FT/gd/1099.jpg"
      }
    },
    {
      "type": "Feature",
      "geometry": {
        "type": "Point",
        "coordinates": [
          -38.4834578397882,
          -12.8252379953793
        ]
      },
      "properties": {
        "id": "1100",
        "nome": "Ylê Axé Burugunzu Mutaragi di Uzabel",
        "lideranca": "Jairo Bispo dos Santos",
        "nacao": "Angola",
        "ano_fundacao": "1998",
        "regente": "Oxóssi",
        "bairro": "Paripe",
        "endereco": "Rua Antonio Costa, 198A",
        "cep": "40810-270",
        "telefone": "3217-2617",
        "foto_thumb": "http://www.terreiros.ceao.ufba.br/_FT/pq/1100.jpg",
        "foto_grande": "http://www.terreiros.ceao.ufba.br/_FT/gd/1100.jpg"
      }
    },
    {
      "type": "Feature",
      "geometry": {
        "type": "Point",
        "coordinates": [
          -38.4574167221403,
          -12.8415131803416
        ]
      },
      "properties": {
        "id": "1101",
        "nome": "Não informado",
        "lideranca": "Noelia Maria Santos de Jesus",
        "nacao": "Angola",
        "ano_fundacao": "2000",
        "regente": "Iemanjá",
        "bairro": "Alto da Terezinha",
        "endereco": "Rua Odete Vilares, 187E",
        "cep": "40715-320",
        "telefone": "3398-6348 (recado)",
        "foto_thumb": "http://www.terreiros.ceao.ufba.br/_FT/pq/1101.jpg",
        "foto_grande": "http://www.terreiros.ceao.ufba.br/_FT/gd/1101.jpg"
      }
    },
    {
      "type": "Feature",
      "geometry": {
        "type": "Point",
        "coordinates": [
          -38.4724231618079,
          -12.8836748770615
        ]
      },
      "properties": {
        "id": "1102",
        "nome": "Ibá Oji Tundê",
        "lideranca": "Nivaldo Antônio dos Santos",
        "nacao": "Nagô Vodum",
        "ano_fundacao": "1982",
        "regente": "Obaluaê",
        "bairro": "Barreiras",
        "endereco": "Rua Abraão, 29E, Loteamento Moisés, Conj. ACM",
        "cep": "41195-235",
        "telefone": "3433-0411/ 3384-4156",
        "foto_thumb": "http://www.terreiros.ceao.ufba.br/_FT/pq/1102.jpg",
        "foto_grande": "http://www.terreiros.ceao.ufba.br/_FT/gd/1102.jpg"
      }
    },
    {
      "type": "Feature",
      "geometry": {
        "type": "Point",
        "coordinates": [
          -38.4603992571432,
          -12.9430709683724
        ]
      },
      "properties": {
        "id": "1103",
        "nome": "Nsumbu Tambula Dicolia Meia Dandalunda (Terreiro São Roque)",
        "lideranca": "Juciara Brito de O. Souza",
        "nacao": "Amburaxó Angola",
        "ano_fundacao": "1943",
        "regente": "Nsumbu Dandalunda",
        "bairro": "Tancredo Neves",
        "endereco": "Rua Direta do Beirú (Rua Direta de Tancredo Neves), 884E",
        "cep": "41205-000",
        "telefone": "3461-2790",
        "foto_thumb": "http://www.terreiros.ceao.ufba.br/_FT/pq/1103.jpg",
        "foto_grande": "http://www.terreiros.ceao.ufba.br/_FT/gd/1103.jpg"
      }
    },
    {
      "type": "Feature",
      "geometry": {
        "type": "Point",
        "coordinates": [
          -38.4468578997,
          -12.9449566608
        ]
      },
      "properties": {
        "id": "1104",
        "nome": "Não informado",
        "lideranca": "Ildete Alves da Cruz",
        "nacao": "Angola",
        "ano_fundacao": "1991",
        "regente": "Iansã",
        "bairro": "Plataforma",
        "telefone": "3247-1014",
        "foto_thumb": "http://www.terreiros.ceao.ufba.br/_FT/pq/1104.jpg",
        "foto_grande": "http://www.terreiros.ceao.ufba.br/_FT/gd/1104.jpg"
      }
    },
    {
      "type": "Feature",
      "geometry": {
        "type": "Point",
        "coordinates": [
          -38.4771587307293,
          -12.8991331150936
        ]
      },
      "properties": {
        "id": "1105",
        "nome": "Terreiro de Angola Espada de Ouro",
        "lideranca": "Marinalva Conceição Cruz",
        "nacao": "Angola",
        "ano_fundacao": "1972",
        "regente": "Boiadeiro",
        "bairro": "Itacaranha",
        "endereco": "Rua Sergimirin, 101E",
        "cep": "40713-295",
        "telefone": "3218-2291",
        "foto_thumb": "http://www.terreiros.ceao.ufba.br/_FT/pq/1105.jpg",
        "foto_grande": "http://www.terreiros.ceao.ufba.br/_FT/gd/1105.jpg"
      }
    },
    {
      "type": "Feature",
      "geometry": {
        "type": "Point",
        "coordinates": [
          -38.4810024519259,
          -12.8859862837259
        ]
      },
      "properties": {
        "id": "1106",
        "nome": "Não informado",
        "lideranca": "Nilton Penha",
        "nacao": "Keto",
        "ano_fundacao": "2002",
        "regente": "Oxum",
        "bairro": "Praia Grande",
        "endereco": "Rua do Dendezeiro, 22",
        "cep": "40725-250",
        "telefone": "3397-2422"
      }
    },
    {
      "type": "Feature",
      "geometry": {
        "type": "Point",
        "coordinates": [
          -38.4698933855786,
          -12.8723661186512
        ]
      },
      "properties": {
        "id": "1107",
        "nome": "Unzo Humuraxá Iunsara",
        "lideranca": "Raimundo Camilo dos Santos",
        "nacao": "Angola",
        "ano_fundacao": "1998",
        "regente": "Tempo e Oxalufã",
        "bairro": "Plataforma",
        "endereco": "Rua Vila Neli, 24E",
        "cep": "40718-339",
        "telefone": "3398-2854",
        "foto_thumb": "http://www.terreiros.ceao.ufba.br/_FT/pq/1107.jpg",
        "foto_grande": "http://www.terreiros.ceao.ufba.br/_FT/gd/1107.jpg"
      }
    },
    {
      "type": "Feature",
      "geometry": {
        "type": "Point",
        "coordinates": [
          -38.4828266652266,
          -12.8954564442855
        ]
      },
      "properties": {
        "id": "1108",
        "nome": "Não informado",
        "lideranca": "Aldemírian Batista Mendes",
        "nacao": "Angola",
        "ano_fundacao": "1977",
        "regente": "Oxossi",
        "bairro": "Itacaranha",
        "endereco": "Rua Rio do Nilo, 40E",
        "cep": "40710-320",
        "telefone": "3218-9142",
        "foto_thumb": "http://www.terreiros.ceao.ufba.br/_FT/pq/1108.jpg",
        "foto_grande": "http://www.terreiros.ceao.ufba.br/_FT/gd/1108.jpg"
      }
    },
    {
      "type": "Feature",
      "geometry": {
        "type": "Point",
        "coordinates": [
          -38.4787618864881,
          -12.8870024016277
        ]
      },
      "properties": {
        "id": "1109",
        "nome": "Lediji",
        "lideranca": "Marina Ferreira Silva",
        "nacao": "Keto",
        "ano_fundacao": "0",
        "regente": "Xangô",
        "bairro": "Itacaranha",
        "endereco": "Rua Lagoa Dourada, 25E",
        "cep": "40713-360",
        "telefone": "3218-5796",
        "foto_thumb": "http://www.terreiros.ceao.ufba.br/_FT/pq/1109.jpg",
        "foto_grande": "http://www.terreiros.ceao.ufba.br/_FT/gd/1109.jpg"
      }
    },
    {
      "type": "Feature",
      "geometry": {
        "type": "Point",
        "coordinates": [
          -38.480257127453,
          -12.887370384262
        ]
      },
      "properties": {
        "id": "1110",
        "nome": "Terreiro de Oyá",
        "lideranca": "Aurezina de Lima França",
        "nacao": "Keto Angola",
        "ano_fundacao": "1967",
        "regente": "Ogum",
        "bairro": "Itacaranha",
        "endereco": "Rua da Tijuca, qd. 4, Jd. Itacaranha",
        "cep": "40715-180",
        "telefone": "3218-4849",
        "foto_thumb": "http://www.terreiros.ceao.ufba.br/_FT/pq/1110.jpg",
        "foto_grande": "http://www.terreiros.ceao.ufba.br/_FT/gd/1110.jpg"
      }
    },
    {
      "type": "Feature",
      "geometry": {
        "type": "Point",
        "coordinates": [
          -38.4749575857342,
          -12.8886262293553
        ]
      },
      "properties": {
        "id": "1111",
        "nome": "Ilê Axé Injinewá",
        "lideranca": "Joedson Moura Santos",
        "nacao": "Keto",
        "ano_fundacao": "1991",
        "regente": "Omolu",
        "bairro": "Praia Grande",
        "endereco": "Rua Pedro Lopes, 232, Trav. Dendezeiros, 36 fundo",
        "cep": "40725-110",
        "telefone": "3408-6069",
        "foto_thumb": "http://www.terreiros.ceao.ufba.br/_FT/pq/1111.jpg",
        "foto_grande": "http://www.terreiros.ceao.ufba.br/_FT/gd/1111.jpg"
      }
    },
    {
      "type": "Feature",
      "geometry": {
        "type": "Point",
        "coordinates": [
          -38.4697854089158,
          -12.8714796168669
        ]
      },
      "properties": {
        "id": "1112",
        "nome": "Terreiro Nkodiamambu",
        "lideranca": "Claudivalice Marçal Assis",
        "nacao": "Angola",
        "ano_fundacao": "1976",
        "regente": "Oxóssi",
        "bairro": "Escada",
        "cep": "40713-350",
        "telefone": "3398-3725",
        "foto_thumb": "http://www.terreiros.ceao.ufba.br/_FT/pq/1112.jpg",
        "foto_grande": "http://www.terreiros.ceao.ufba.br/_FT/gd/1112.jpg"
      }
    },
    {
      "type": "Feature",
      "geometry": {
        "type": "Point",
        "coordinates": [
          -38.4795837589295,
          -12.8836076091608
        ]
      },
      "properties": {
        "id": "1113",
        "nome": "Ilé Axé Omin Lará Odé",
        "lideranca": "Elza Evangelista dos Santos",
        "nacao": "Keto",
        "ano_fundacao": "1947",
        "regente": "Oxum",
        "bairro": "Mata Escura",
        "endereco": "Parque São Jorge, Rua Direta da Mata Escura, 205E",
        "cep": "41225-190",
        "telefone": "3306-8506 (Antônia)",
        "foto_thumb": "http://www.terreiros.ceao.ufba.br/_FT/pq/1113.jpg",
        "foto_grande": "http://www.terreiros.ceao.ufba.br/_FT/gd/1113.jpg"
      }
    },
    {
      "type": "Feature",
      "geometry": {
        "type": "Point",
        "coordinates": [
          -38.4646164187935,
          -12.9356744380166
        ]
      },
      "properties": {
        "id": "1115",
        "nome": "Centro de Oxum",
        "lideranca": "Maria José Ferreira de Souza",
        "nacao": "Ijexá",
        "ano_fundacao": "1980",
        "regente": "Oxum",
        "bairro": "Brotas",
        "endereco": "Rua Alameda Buenos Aires , 36, Candeal",
        "cep": "40296-360",
        "telefone": "3356-7360",
        "foto_thumb": "http://www.terreiros.ceao.ufba.br/_FT/pq/1115.jpg",
        "foto_grande": "http://www.terreiros.ceao.ufba.br/_FT/gd/1115.jpg"
      }
    },
    {
      "type": "Feature",
      "geometry": {
        "type": "Point",
        "coordinates": [
          -38.482603584012,
          -12.9944377160009
        ]
      },
      "properties": {
        "id": "1120",
        "nome": "Ilê Axé Tadeomin",
        "lideranca": "João Carlos Ferreira",
        "nacao": "Keto",
        "ano_fundacao": "2001",
        "regente": "Oxóssi",
        "bairro": "Plataforma",
        "endereco": "Rua Chile, São João do Cabrito, s/n",
        "cep": "40717-120",
        "telefone": "3401-3933",
        "foto_thumb": "http://www.terreiros.ceao.ufba.br/_FT/pq/1120.jpg",
        "foto_grande": "http://www.terreiros.ceao.ufba.br/_FT/gd/1120.jpg"
      }
    },
    {
      "type": "Feature",
      "geometry": {
        "type": "Point",
        "coordinates": [
          -38.48222416,
          -12.89748437
        ]
      },
      "properties": {
        "id": "1121",
        "nome": "Ilê Axé Iluaiê Obá Soju",
        "lideranca": "Valmiro dos Santos",
        "nacao": "Keto",
        "ano_fundacao": "1992",
        "regente": "Obaluaê",
        "bairro": "Liberdade",
        "endereco": "Rua Belo Oriente, 116",
        "cep": "40325-390",
        "telefone": "3241-2717/ 8863-6182",
        "foto_thumb": "http://www.terreiros.ceao.ufba.br/_FT/pq/1121.jpg",
        "foto_grande": "http://www.terreiros.ceao.ufba.br/_FT/gd/1121.jpg"
      }
    },
    {
      "type": "Feature",
      "geometry": {
        "type": "Point",
        "coordinates": [
          -38.4946736305996,
          -12.9516895471026
        ]
      },
      "properties": {
        "id": "1122",
        "nome": "Nananci Amozi Amazi D'Umzambi",
        "lideranca": "Cremilda Conceição Pessoa",
        "nacao": "Angola",
        "ano_fundacao": "1999",
        "regente": "Nanã",
        "bairro": "Fazenda Grande II",
        "endereco": "Rua Jaguaribe I, Cam. 6, Casa 33",
        "cep": "41651-040",
        "telefone": "3302-6359",
        "foto_thumb": "http://www.terreiros.ceao.ufba.br/_FT/pq/1122.jpg",
        "foto_grande": "http://www.terreiros.ceao.ufba.br/_FT/gd/1122.jpg"
      }
    },
    {
      "type": "Feature",
      "geometry": {
        "type": "Point",
        "coordinates": [
          -38.4046202208193,
          -12.903562500032
        ]
      },
      "properties": {
        "id": "1123",
        "nome": "Terreiro de Lemba",
        "lideranca": "Gilmar Pereira da Silva",
        "nacao": "Angola",
        "ano_fundacao": "1993",
        "regente": "Oxalá",
        "bairro": "Fazenda Grande II",
        "endereco": "Rua Jaguaribe I, Cam. 6, Casa 26",
        "cep": "41651-040",
        "telefone": "3395-6075/ 8148-6236",
        "foto_thumb": "http://www.terreiros.ceao.ufba.br/_FT/pq/1123.jpg",
        "foto_grande": "http://www.terreiros.ceao.ufba.br/_FT/gd/1123.jpg"
      }
    },
    {
      "type": "Feature",
      "geometry": {
        "type": "Point",
        "coordinates": [
          -38.4046440240662,
          -12.9035718788392
        ]
      },
      "properties": {
        "id": "1125",
        "nome": "Centro de Umbanda Ogum de Ronda",
        "lideranca": "Josete Belanizia Santos",
        "nacao": "Umbanda",
        "ano_fundacao": "1964",
        "regente": "Ogum de Ronda",
        "bairro": "Cajazeiras IV",
        "telefone": "3309-3013",
        "foto_thumb": "http://www.terreiros.ceao.ufba.br/_FT/pq/1125.jpg",
        "foto_grande": "http://www.terreiros.ceao.ufba.br/_FT/gd/1125.jpg"
      }
    },
    {
      "type": "Feature",
      "geometry": {
        "type": "Point",
        "coordinates": [
          -38.423917461919,
          -12.8973669710734
        ]
      },
      "properties": {
        "id": "1126",
        "nome": "Ilé Asé Babá Inlé Funjenan",
        "lideranca": "Ana Maria de Lima",
        "nacao": "Keto Jêje",
        "ano_fundacao": "2006",
        "regente": "Oxaguiã",
        "bairro": "Jardim Cajazeiras",
        "endereco": "Rua Juracy Trindade, 125E",
        "cep": "41230-540",
        "telefone": "3392-7283",
        "foto_thumb": "http://www.terreiros.ceao.ufba.br/_FT/pq/1126.jpg",
        "foto_grande": "http://www.terreiros.ceao.ufba.br/_FT/gd/1126.jpg"
      }
    },
    {
      "type": "Feature",
      "geometry": {
        "type": "Point",
        "coordinates": [
          -38.4474434787354,
          -12.9134852909132
        ]
      },
      "properties": {
        "id": "1127",
        "nome": "Ilé Asé Babá Yá Lekwe",
        "lideranca": "João de Oliveira Tourinho",
        "nacao": "Keto",
        "ano_fundacao": "1992",
        "regente": "Oxalá",
        "bairro": "Jardim Cajazeiras",
        "endereco": "Rua Juraci Trindade, 40, fim da rua",
        "cep": "41230-540",
        "telefone": "9207-5676",
        "foto_thumb": "http://www.terreiros.ceao.ufba.br/_FT/pq/1127.jpg",
        "foto_grande": "http://www.terreiros.ceao.ufba.br/_FT/gd/1127.jpg"
      }
    },
    {
      "type": "Feature",
      "geometry": {
        "type": "Point",
        "coordinates": [
          -38.4472713514492,
          -12.914455295911
        ]
      },
      "properties": {
        "id": "1128",
        "nome": "Centro de Caboclo Eru da Aldeia de Jequiriça",
        "lideranca": "Valdete Cardoso Teles",
        "nacao": "Keto Angola",
        "ano_fundacao": "1997",
        "regente": "Ogum de Ronda e Oxum Apará",
        "endereco": "Rua Pastor Rodrigues Santana, s/n",
        "bairro": "Jardim Cajazeiras",
        "cep": "41390-340",
        "telefone": "3392-5384/ 8138-4595",
        "foto_thumb": "http://www.terreiros.ceao.ufba.br/_FT/pq/1128.jpg",
        "foto_grande": "http://www.terreiros.ceao.ufba.br/_FT/gd/1128.jpg"
      }
    },
    {
      "type": "Feature",
      "geometry": {
        "type": "Point",
        "coordinates": [
          -38.4455893536441,
          -12.9150143204422
        ]
      },
      "properties": {
        "id": "1130",
        "nome": "Ilê Asé Odé Lodemí Filho de Lembá",
        "lideranca": "Jeferson Silva Cardoso",
        "nacao": "Keto",
        "ano_fundacao": "1998",
        "regente": "Oxóssi",
        "bairro": "Cajazeiras X",
        "endereco": "Rua E, Setor II, Caminho 4, Casa 4",
        "telefone": "8219-5562",
        "foto_thumb": "http://www.terreiros.ceao.ufba.br/_FT/pq/1130.jpg",
        "foto_grande": "http://www.terreiros.ceao.ufba.br/_FT/gd/1130.jpg"
      }
    },
    {
      "type": "Feature",
      "geometry": {
        "type": "Point",
        "coordinates": [
          -38.4098744550928,
          -12.8806830538052
        ]
      },
      "properties": {
        "id": "1131",
        "nome": "Não informado",
        "lideranca": "Maria Valdelice Nilo",
        "nacao": "Keto Angola",
        "ano_fundacao": "1976",
        "regente": "Iansã e Ogum",
        "bairro": "Plataforma",
        "endereco": "Rua Planalto Real, 26 A",
        "cep": "40717-302",
        "telefone": "3218-9362",
        "foto_thumb": "http://www.terreiros.ceao.ufba.br/_FT/pq/1131.jpg",
        "foto_grande": "http://www.terreiros.ceao.ufba.br/_FT/gd/1131.jpg"
      }
    },
    {
      "type": "Feature",
      "geometry": {
        "type": "Point",
        "coordinates": [
          -38.4777396278083,
          -12.8931286553331
        ]
      },
      "properties": {
        "id": "1132",
        "nome": "Giro de Caboclo",
        "lideranca": "Jurandir de Matos Santana",
        "nacao": "Keto",
        "ano_fundacao": "2002",
        "regente": "Oxossi",
        "bairro": "Boa Vista do Lobato",
        "endereco": "Rua São Luís, 114",
        "telefone": "Não tem",
        "foto_thumb": "http://www.terreiros.ceao.ufba.br/_FT/pq/1132.jpg",
        "foto_grande": "http://www.terreiros.ceao.ufba.br/_FT/gd/1132.jpg"
      }
    },
    {
      "type": "Feature",
      "geometry": {
        "type": "Point",
        "coordinates": [
          -38.4736632988926,
          -12.9173047925497
        ]
      },
      "properties": {
        "id": "1133",
        "nome": "Ynssu Gunzu Kilombata",
        "lideranca": "Maria Antônia Pereira Góes",
        "nacao": "Angola",
        "ano_fundacao": "1982",
        "regente": "Oxóssi",
        "bairro": "Alto do Cabrito",
        "endereco": "Rua Oscar Duque de Almeida, 233",
        "cep": "40480-580",
        "telefone": "3392-6594",
        "foto_thumb": "http://www.terreiros.ceao.ufba.br/_FT/pq/1133.jpg",
        "foto_grande": "http://www.terreiros.ceao.ufba.br/_FT/gd/1133.jpg"
      }
    },
    {
      "type": "Feature",
      "geometry": {
        "type": "Point",
        "coordinates": [
          -38.4729442631027,
          -12.9155876771982
        ]
      },
      "properties": {
        "id": "1134",
        "nome": "Não informado",
        "lideranca": "Mário Cipriano da Silva Filho",
        "nacao": "Keto",
        "ano_fundacao": "1991",
        "regente": "Obaluaê",
        "bairro": "Praia Grande",
        "endereco": "Rua Itiúba, 59E",
        "cep": "40725-140",
        "telefone": "3217-2798",
        "foto_thumb": "http://www.terreiros.ceao.ufba.br/_FT/pq/1134.jpg",
        "foto_grande": "http://www.terreiros.ceao.ufba.br/_FT/gd/1134.jpg"
      }
    },
    {
      "type": "Feature",
      "geometry": {
        "type": "Point",
        "coordinates": [
          -38.4720544846642,
          -12.8722446127691
        ]
      },
      "properties": {
        "id": "1135",
        "nome": "Ilê Axé Odé Kilondira Okideton",
        "lideranca": "Iraci Sales Dias",
        "nacao": "Keto",
        "ano_fundacao": "2006",
        "regente": "Oxóssi",
        "bairro": "Praia Grande",
        "endereco": "Rua Belo Horizontes, 20E (Alto do Cruzeiro)",
        "cep": "40725-130",
        "telefone": "3408-5067",
        "foto_thumb": "http://www.terreiros.ceao.ufba.br/_FT/pq/1135.jpg",
        "foto_grande": "http://www.terreiros.ceao.ufba.br/_FT/gd/1135.jpg"
      }
    },
    {
      "type": "Feature",
      "geometry": {
        "type": "Point",
        "coordinates": [
          -38.472288206083,
          -12.8722934442023
        ]
      },
      "properties": {
        "id": "1136",
        "nome": "Unzo Mutalajin Di Unzambi",
        "lideranca": "Joselino Bispo dos Santos",
        "nacao": "Angola",
        "ano_fundacao": "2000",
        "regente": "Oxóssi",
        "bairro": "Periperi",
        "endereco": "Rua São José de Periperi, Mirante",
        "cep": "40720-356",
        "telefone": "3308-2081"
      }
    },
    {
      "type": "Feature",
      "geometry": {
        "type": "Point",
        "coordinates": [
          -38.4684854413561,
          -12.8729223100975
        ]
      },
      "properties": {
        "id": "1137",
        "nome": "Ilê Axé Odé Ninjewá",
        "lideranca": "Miriam Passos da Silva Santos",
        "nacao": "Keto Jêje",
        "ano_fundacao": "1984",
        "regente": "Oxóssi",
        "bairro": "Periperi",
        "endereco": "5ª Trav. Santa Maria, 2, Mirante",
        "cep": "40720-134",
        "telefone": "3308-3319",
        "foto_thumb": "http://www.terreiros.ceao.ufba.br/_FT/pq/1137.jpg",
        "foto_grande": "http://www.terreiros.ceao.ufba.br/_FT/gd/1137.jpg"
      }
    },
    {
      "type": "Feature",
      "geometry": {
        "type": "Point",
        "coordinates": [
          -38.467920547387,
          -12.8741149918414
        ]
      },
      "properties": {
        "id": "1139",
        "nome": "Ylê Axé Oiassi (umbanda)",
        "lideranca": "Nalzedi Torres de Souza",
        "nacao": "Angola Umbanda",
        "ano_fundacao": "1979",
        "regente": "Tempo",
        "bairro": "Fazenda Coutos",
        "endereco": "Rua Eixo C, quadra 31",
        "cep": "40730-630",
        "telefone": "3307-1001",
        "foto_thumb": "http://www.terreiros.ceao.ufba.br/_FT/pq/1139.jpg",
        "foto_grande": "http://www.terreiros.ceao.ufba.br/_FT/gd/1139.jpg"
      }
    },
    {
      "type": "Feature",
      "geometry": {
        "type": "Point",
        "coordinates": [
          -38.4585437719687,
          -12.849031510052
        ]
      },
      "properties": {
        "id": "1142",
        "nome": "Ilê Oiá Gibericô",
        "lideranca": "Analice de Jesus Bispo Souza",
        "nacao": "Angola",
        "ano_fundacao": "1993",
        "regente": "Iansã",
        "bairro": "Vista Alegre",
        "endereco": "Rua 22 de Março, 25E",
        "telefone": "3307-1976",
        "foto_thumb": "http://www.terreiros.ceao.ufba.br/_FT/pq/1142.jpg",
        "foto_grande": "http://www.terreiros.ceao.ufba.br/_FT/gd/1142.jpg"
      }
    },
    {
      "type": "Feature",
      "geometry": {
        "type": "Point",
        "coordinates": [
          -38.4576609126184,
          -12.8553254289142
        ]
      },
      "properties": {
        "id": "1143",
        "nome": "Ilê Axé Gisau",
        "lideranca": "Eliece Damascena Castro",
        "nacao": "Keto",
        "ano_fundacao": "1972",
        "regente": "Obaluaê",
        "bairro": "Periperi",
        "cep": "40730-330",
        "telefone": "3307-2038"
      }
    },
    {
      "type": "Feature",
      "geometry": {
        "type": "Point",
        "coordinates": [
          -38.4539432033238,
          -12.8572648187341
        ]
      },
      "properties": {
        "id": "1144",
        "nome": "Ylê Axé Omifunkó",
        "lideranca": "Maria Rosa de Azevedo Souza",
        "nacao": "Keto",
        "ano_fundacao": "1990",
        "regente": "Oxum",
        "bairro": "Periperi",
        "cep": "40735-040",
        "telefone": "3521-1370",
        "foto_thumb": "http://www.terreiros.ceao.ufba.br/_FT/pq/1144.jpg",
        "foto_grande": "http://www.terreiros.ceao.ufba.br/_FT/gd/1144.jpg"
      }
    },
    {
      "type": "Feature",
      "geometry": {
        "type": "Point",
        "coordinates": [
          -38.4530341682631,
          -12.8573143112577
        ]
      },
      "properties": {
        "id": "1146",
        "nome": "Ylê Axé Omo Loiá",
        "lideranca": "Eunice Canuta dos Santos",
        "nacao": "Keto",
        "ano_fundacao": "1987",
        "regente": "Iemanjá",
        "bairro": "Periperi",
        "cep": "40750-124",
        "telefone": "3217-2700",
        "foto_thumb": "http://www.terreiros.ceao.ufba.br/_FT/pq/1146.jpg",
        "foto_grande": "http://www.terreiros.ceao.ufba.br/_FT/gd/1146.jpg"
      }
    },
    {
      "type": "Feature",
      "geometry": {
        "type": "Point",
        "coordinates": [
          -38.45370627935,
          -12.8577356839098
        ]
      },
      "properties": {
        "id": "1147",
        "nome": "Ylê Axé Alemin",
        "lideranca": "Benedita  Maria do Nascimento Pereira",
        "nacao": "Keto",
        "ano_fundacao": "1973",
        "regente": "Oxum",
        "bairro": "Vista Alegre",
        "telefone": "3399-8933",
        "foto_thumb": "http://www.terreiros.ceao.ufba.br/_FT/pq/1147.jpg",
        "foto_grande": "http://www.terreiros.ceao.ufba.br/_FT/gd/1147.jpg"
      }
    },
    {
      "type": "Feature",
      "geometry": {
        "type": "Point",
        "coordinates": [
          -38.4575584759072,
          -12.8512618596074
        ]
      },
      "properties": {
        "id": "1148",
        "nome": "Ilê Axé Ajagum",
        "lideranca": "Carlos José do Carmo Santa Cruz",
        "nacao": "Keto Jêje",
        "ano_fundacao": "1996",
        "regente": "Obaluaê",
        "bairro": "Nova Brasília",
        "endereco": "Rua Artur Gonzáles, 9, Loteam. Vila Mar",
        "cep": "41350-320",
        "telefone": "9175-9456/ 3393-3266",
        "foto_thumb": "http://www.terreiros.ceao.ufba.br/_FT/pq/1148.jpg",
        "foto_grande": "http://www.terreiros.ceao.ufba.br/_FT/gd/1148.jpg"
      }
    },
    {
      "type": "Feature",
      "geometry": {
        "type": "Point",
        "coordinates": [
          -38.4144298482718,
          -12.9188011447405
        ]
      },
      "properties": {
        "id": "1149",
        "nome": "Terreiro de Iansã",
        "lideranca": "Solange Regis Matias",
        "nacao": "Keto Angola",
        "ano_fundacao": "1995",
        "regente": "Iansã Balé",
        "bairro": "Calabetão",
        "endereco": "Rua das Pedreiras, 83 (Baixa do Calabetão)",
        "cep": "41227-260",
        "telefone": "3215-5365",
        "foto_thumb": "http://www.terreiros.ceao.ufba.br/_FT/pq/1149.jpg",
        "foto_grande": "http://www.terreiros.ceao.ufba.br/_FT/gd/1149.jpg"
      }
    },
    {
      "type": "Feature",
      "geometry": {
        "type": "Point",
        "coordinates": [
          -38.4702401241828,
          -12.9331300743072
        ]
      },
      "properties": {
        "id": "1150",
        "nome": "Cosme e Damião da Bela União",
        "lideranca": "Maria da Gloria das Neves",
        "nacao": "Nagô",
        "ano_fundacao": "1957",
        "regente": "Oxum",
        "bairro": "Ilha de Maré",
        "endereco": "Rua do Beco, Praia Grande",
        "cep": "42500-000",
        "telefone": "3297-2193 (Renilde, sobrinha)",
        "foto_thumb": "http://www.terreiros.ceao.ufba.br/_FT/pq/1150.jpg",
        "foto_grande": "http://www.terreiros.ceao.ufba.br/_FT/gd/1150.jpg"
      }
    },
    {
      "type": "Feature",
      "geometry": {
        "type": "Point",
        "coordinates": [
          -38.5302454540608,
          -12.776138386678
        ]
      },
      "properties": {
        "id": "1151",
        "nome": "Caboclo Itapuã",
        "lideranca": "Lygia Salles",
        "nacao": "Jêje Nagô",
        "ano_fundacao": "1970",
        "regente": "Becen",
        "bairro": "Itapuã",
        "endereco": "Rua Bela Vista, 36, Alto do Coqueirinho",
        "cep": "41615-000",
        "telefone": "3286-4275/ 9962-6768",
        "foto_thumb": "http://www.terreiros.ceao.ufba.br/_FT/pq/1151.jpg",
        "foto_grande": "http://www.terreiros.ceao.ufba.br/_FT/gd/1151.jpg"
      }
    },
    {
      "type": "Feature",
      "geometry": {
        "type": "Point",
        "coordinates": [
          -38.3725680235629,
          -12.9415071826098
        ]
      },
      "properties": {
        "id": "1152",
        "nome": "Não informado",
        "lideranca": "Carmelita de Santos",
        "nacao": "Angola",
        "ano_fundacao": "2003",
        "regente": "Nanã e Ogum",
        "bairro": "Calabetão",
        "cep": "41227-174",
        "telefone": "3211-5139",
        "foto_thumb": "http://www.terreiros.ceao.ufba.br/_FT/pq/1152.jpg",
        "foto_grande": "http://www.terreiros.ceao.ufba.br/_FT/gd/1152.jpg"
      }
    },
    {
      "type": "Feature",
      "geometry": {
        "type": "Point",
        "coordinates": [
          -38.4647643093468,
          -12.9314801115702
        ]
      },
      "properties": {
        "id": "1153",
        "nome": "Ilê Axé Timbomjemi",
        "lideranca": "Maria Constância Vergne de Assis",
        "nacao": "Keto",
        "ano_fundacao": "1990",
        "regente": "Ogum",
        "bairro": "Nova Brasília",
        "endereco": "2ª Trav. Adelina Lopes",
        "cep": "41350-415",
        "telefone": "3213-1795/ 5753",
        "foto_thumb": "http://www.terreiros.ceao.ufba.br/_FT/pq/1153.jpg",
        "foto_grande": "http://www.terreiros.ceao.ufba.br/_FT/gd/1153.jpg"
      }
    },
    {
      "type": "Feature",
      "geometry": {
        "type": "Point",
        "coordinates": [
          -38.4145813123913,
          -12.9215423688248
        ]
      },
      "properties": {
        "id": "1154",
        "nome": "Ilê Axé Marê Oyá",
        "lideranca": "Clementina dos Reis",
        "nacao": "Keto Angola",
        "ano_fundacao": "2004",
        "regente": "Oxumaré e Iansã",
        "bairro": "Nova Brasília",
        "cep": "41350-250",
        "telefone": "3212-4742",
        "foto_thumb": "http://www.terreiros.ceao.ufba.br/_FT/pq/1154.jpg",
        "foto_grande": "http://www.terreiros.ceao.ufba.br/_FT/gd/1154.jpg"
      }
    },
    {
      "type": "Feature",
      "geometry": {
        "type": "Point",
        "coordinates": [
          -38.4034973464617,
          -12.9182287133765
        ]
      },
      "properties": {
        "id": "1155",
        "nome": "Ilê Axé Doromin",
        "lideranca": "Alice Santos de Oliveira",
        "nacao": "Keto",
        "ano_fundacao": "1995",
        "regente": "Oxumaré",
        "bairro": "Nova Brasília",
        "endereco": "Rua Lopes Galvão, 10, Loteam. Vilamar",
        "telefone": "3393-9261/ 8119-4961",
        "foto_thumb": "http://www.terreiros.ceao.ufba.br/_FT/pq/1155.jpg",
        "foto_grande": "http://www.terreiros.ceao.ufba.br/_FT/gd/1155.jpg"
      }
    },
    {
      "type": "Feature",
      "geometry": {
        "type": "Point",
        "coordinates": [
          -38.4139565169226,
          -12.921705939398
        ]
      },
      "properties": {
        "id": "1157",
        "nome": "Ilê Axé Agiboche",
        "lideranca": "Edson de Moura Fonseca",
        "nacao": "Keto",
        "ano_fundacao": "1993",
        "regente": "Omolu",
        "bairro": "Estrada Velha do Aeroporto",
        "cep": "41350-250",
        "telefone": "3213-1481/ 8187-1046",
        "foto_thumb": "http://www.terreiros.ceao.ufba.br/_FT/pq/1157.jpg",
        "foto_grande": "http://www.terreiros.ceao.ufba.br/_FT/gd/1157.jpg"
      }
    },
    {
      "type": "Feature",
      "geometry": {
        "type": "Point",
        "coordinates": [
          -38.4033884797562,
          -12.9160255284525
        ]
      },
      "properties": {
        "id": "1158",
        "nome": "Centro de Boiadeiro",
        "lideranca": "Edileuza dos Santos",
        "nacao": "Angola",
        "ano_fundacao": "1989",
        "regente": "Oxóssi",
        "bairro": "Tancredo Neves",
        "endereco": "Rua Lafaete Morais Sarmento, 268",
        "telefone": "3363-0113",
        "foto_thumb": "http://www.terreiros.ceao.ufba.br/_FT/pq/1158.jpg",
        "foto_grande": "http://www.terreiros.ceao.ufba.br/_FT/gd/1158.jpg"
      }
    },
    {
      "type": "Feature",
      "geometry": {
        "type": "Point",
        "coordinates": [
          -38.4455179945921,
          -12.9409355809258
        ]
      },
      "properties": {
        "id": "1159",
        "nome": "Azilô Kasangi Raiz de Omim Silê",
        "lideranca": "Ana Maria Santos Nascimento",
        "nacao": "Angola",
        "ano_fundacao": "1977",
        "regente": "Tempo",
        "bairro": "Tancredo Neves",
        "endereco": "Rua Lafaete Sarmento, 253",
        "telefone": "3376-2420",
        "foto_thumb": "http://www.terreiros.ceao.ufba.br/_FT/pq/1159.jpg",
        "foto_grande": "http://www.terreiros.ceao.ufba.br/_FT/gd/1159.jpg"
      }
    },
    {
      "type": "Feature",
      "geometry": {
        "type": "Point",
        "coordinates": [
          -38.4448358262931,
          -12.9403603599342
        ]
      },
      "properties": {
        "id": "1160",
        "nome": "Ilê Axé Mojarê",
        "lideranca": "Matilde Cândida Sousa",
        "nacao": "Keto",
        "ano_fundacao": "1998",
        "regente": "Ogum",
        "bairro": "Tancredo Neves",
        "endereco": "2ª Trav. Graça Maria, 39E, Alto do Macaco (Beirú)",
        "cep": "41207-260",
        "telefone": "3232-0499",
        "foto_thumb": "http://www.terreiros.ceao.ufba.br/_FT/pq/1160.jpg",
        "foto_grande": "http://www.terreiros.ceao.ufba.br/_FT/gd/1160.jpg"
      }
    },
    {
      "type": "Feature",
      "geometry": {
        "type": "Point",
        "coordinates": [
          -38.4445885804694,
          -12.941952980349
        ]
      },
      "properties": {
        "id": "1161",
        "nome": "Ilê Axé Ofan Onisidé Omim",
        "lideranca": "Antônio Brito de Jesus",
        "nacao": "Keto",
        "ano_fundacao": "1981",
        "regente": "Oxalá",
        "bairro": "Tancredo Neves",
        "endereco": "Rua Bahia, 468E (Beirú)",
        "cep": "41210-000",
        "telefone": "3461-6401",
        "foto_thumb": "http://www.terreiros.ceao.ufba.br/_FT/pq/1161.jpg",
        "foto_grande": "http://www.terreiros.ceao.ufba.br/_FT/gd/1161.jpg"
      }
    },
    {
      "type": "Feature",
      "geometry": {
        "type": "Point",
        "coordinates": [
          -38.4467960229098,
          -12.9491516789476
        ]
      },
      "properties": {
        "id": "1162",
        "nome": "Ilê Axé Orumilar",
        "lideranca": "Maria de Lourdes dos Santos",
        "nacao": "Keto",
        "ano_fundacao": "1986",
        "regente": "Oxum, Oxalá e Caboclo Pedra Preta",
        "bairro": "Arenoso",
        "endereco": "Rua 4 de Dezembro, 15-E (Beirú)",
        "cep": "40211-460",
        "telefone": "3232-0242",
        "foto_thumb": "http://www.terreiros.ceao.ufba.br/_FT/pq/1162.jpg",
        "foto_grande": "http://www.terreiros.ceao.ufba.br/_FT/gd/1162.jpg"
      }
    },
    {
      "type": "Feature",
      "geometry": {
        "type": "Point",
        "coordinates": [
          -38.43976052625,
          -12.9474177042301
        ]
      },
      "properties": {
        "id": "1163",
        "nome": "Oya Filha de Roxinoré Filha do Terreiro Santa Cruz",
        "lideranca": "Adalice de Andrade Santos",
        "nacao": "Keto",
        "ano_fundacao": "1997",
        "regente": "Iansã e Obaluaê",
        "bairro": "Arenoso",
        "endereco": "Rua Reinaldo Praxedes, 42E (Beirú)",
        "cep": "40211-480",
        "telefone": "3230-2840",
        "foto_thumb": "http://www.terreiros.ceao.ufba.br/_FT/pq/1163.jpg",
        "foto_grande": "http://www.terreiros.ceao.ufba.br/_FT/gd/1163.jpg"
      }
    },
    {
      "type": "Feature",
      "geometry": {
        "type": "Point",
        "coordinates": [
          -38.4431333203725,
          -12.9460607500998
        ]
      },
      "properties": {
        "id": "1164",
        "nome": "Centro de Umbanda Juriti",
        "lideranca": "Willer Cosme dos Santos",
        "nacao": "Umbanda",
        "ano_fundacao": "1980",
        "regente": "Oxossi",
        "bairro": "Cabula VI",
        "endereco": "Rua das Árvores, 5",
        "cep": "41181-280",
        "telefone": "3230-3702",
        "foto_thumb": "http://www.terreiros.ceao.ufba.br/_FT/pq/1164.jpg",
        "foto_grande": "http://www.terreiros.ceao.ufba.br/_FT/gd/1164.jpg"
      }
    },
    {
      "type": "Feature",
      "geometry": {
        "type": "Point",
        "coordinates": [
          -38.4397398898188,
          -12.9553481756673
        ]
      },
      "properties": {
        "id": "1165",
        "nome": "Ilê Axé Eugi Loia Omim",
        "lideranca": "Washington Oliveira Lima",
        "nacao": "Keto",
        "ano_fundacao": "1979",
        "regente": "Oxum",
        "bairro": "Arenoso",
        "endereco": "Rua Reinaldo Praxedes, 116 (Beirú)",
        "cep": "41211-480",
        "telefone": "3362-6411",
        "foto_thumb": "http://www.terreiros.ceao.ufba.br/_FT/pq/1165.jpg",
        "foto_grande": "http://www.terreiros.ceao.ufba.br/_FT/gd/1165.jpg"
      }
    },
    {
      "type": "Feature",
      "geometry": {
        "type": "Point",
        "coordinates": [
          -38.4413057560514,
          -12.947418091389
        ]
      },
      "properties": {
        "id": "1166",
        "nome": "Centro de Giro Jubiabá",
        "lideranca": "Izabel Balbina de Oliveira",
        "nacao": "Angola",
        "ano_fundacao": "1977",
        "regente": "Danjué Gibonã e  Caboclo Jubiabá",
        "bairro": "Cabula",
        "telefone": "Não tem",
        "foto_thumb": "http://www.terreiros.ceao.ufba.br/_FT/pq/1166.jpg",
        "foto_grande": "http://www.terreiros.ceao.ufba.br/_FT/gd/1166.jpg"
      }
    },
    {
      "type": "Feature",
      "geometry": {
        "type": "Point",
        "coordinates": [
          -38.4535713206336,
          -12.9415284291463
        ]
      },
      "properties": {
        "id": "1167",
        "nome": "Ilê Axé Ogunjá Somim",
        "lideranca": "Ademário Luciano Neves Pinheiro",
        "nacao": "Keto",
        "ano_fundacao": "1977",
        "regente": "Ogunjá",
        "bairro": "San Martin",
        "cep": "40349-652",
        "telefone": "3214-3880",
        "foto_thumb": "http://www.terreiros.ceao.ufba.br/_FT/pq/1167.jpg",
        "foto_grande": "http://www.terreiros.ceao.ufba.br/_FT/gd/1167.jpg"
      }
    },
    {
      "type": "Feature",
      "geometry": {
        "type": "Point",
        "coordinates": [
          -38.4880222100077,
          -12.9386847555957
        ]
      },
      "properties": {
        "id": "1168",
        "nome": "Centro Tupiniquim",
        "lideranca": "Luzia Nilza Barbosa Santos",
        "nacao": "Keto",
        "ano_fundacao": "1946",
        "regente": "Iansã e Ogum",
        "bairro": "Praia Grande",
        "endereco": "Rua Demóstenes Nascimento, 41",
        "cep": "40435-560",
        "telefone": "3407-4587",
        "foto_thumb": "http://www.terreiros.ceao.ufba.br/_FT/pq/1168.jpg",
        "foto_grande": "http://www.terreiros.ceao.ufba.br/_FT/gd/1168.jpg"
      }
    },
    {
      "type": "Feature",
      "geometry": {
        "type": "Point",
        "coordinates": [
          -38.474249943497,
          -12.8682739804904
        ]
      },
      "properties": {
        "id": "1169",
        "nome": "Ilê Axé Odé Oman Iá Omin Tundê",
        "lideranca": "Antônio Valter Evangelista da Silva",
        "nacao": "Keto",
        "ano_fundacao": "2003",
        "regente": "Logunedé",
        "bairro": "Plataforma",
        "cep": "40715-726",
        "telefone": "8839-4807",
        "foto_thumb": "http://www.terreiros.ceao.ufba.br/_FT/pq/1169.jpg",
        "foto_grande": "http://www.terreiros.ceao.ufba.br/_FT/gd/1169.jpg"
      }
    },
    {
      "type": "Feature",
      "geometry": {
        "type": "Point",
        "coordinates": [
          -38.4756831442755,
          -12.8952062789737
        ]
      },
      "properties": {
        "id": "1170",
        "nome": "Asé Ilê Ogiyan",
        "lideranca": "Maria dos Reis Carneiro",
        "nacao": "Jêje Savalu",
        "ano_fundacao": "1976",
        "regente": "Oxaguiã",
        "bairro": "Plataforma",
        "endereco": "Rua Sá Oliveria, 51 próx. ao fim de linha",
        "cep": "40717-380",
        "telefone": "3247-8009",
        "foto_thumb": "http://www.terreiros.ceao.ufba.br/_FT/pq/1170.jpg",
        "foto_grande": "http://www.terreiros.ceao.ufba.br/_FT/gd/1170.jpg"
      }
    },
    {
      "type": "Feature",
      "geometry": {
        "type": "Point",
        "coordinates": [
          -38.4831994365063,
          -12.9032439533648
        ]
      },
      "properties": {
        "id": "1171",
        "nome": "Não informado",
        "lideranca": "Antônio Carlos Santana de Carvalho",
        "nacao": "Keto Angola",
        "ano_fundacao": "1986",
        "regente": "Iansã",
        "bairro": "Plataforma",
        "cep": "40710-782",
        "telefone": "3398-4713",
        "foto_thumb": "http://www.terreiros.ceao.ufba.br/_FT/pq/1171.jpg",
        "foto_grande": "http://www.terreiros.ceao.ufba.br/_FT/gd/1171.jpg"
      }
    },
    {
      "type": "Feature",
      "geometry": {
        "type": "Point",
        "coordinates": [
          -38.4761781351509,
          -12.8954052591388
        ]
      },
      "properties": {
        "id": "1172",
        "nome": "Ilê Axé Xapanã",
        "lideranca": "Lázaro Américo Santana",
        "nacao": "Jêje",
        "ano_fundacao": "1999",
        "regente": "Obaluaê",
        "bairro": "Ilha Amarela",
        "endereco": "Rua Carlos Chagas, qd. 40, lote 33",
        "cep": "40715-040",
        "telefone": "9943-4814",
        "foto_thumb": "http://www.terreiros.ceao.ufba.br/_FT/pq/1172.jpg",
        "foto_grande": "http://www.terreiros.ceao.ufba.br/_FT/gd/1172.jpg"
      }
    },
    {
      "type": "Feature",
      "geometry": {
        "type": "Point",
        "coordinates": [
          -38.4724978879868,
          -12.8901402985814
        ]
      },
      "properties": {
        "id": "1173",
        "nome": "Terreiro Onipó Neto",
        "lideranca": "Roselice Santos do Amor Divino",
        "nacao": "Angola",
        "ano_fundacao": "1986",
        "regente": "Oiá",
        "bairro": "Imbuí",
        "cep": "41730-010",
        "telefone": "3362-2904",
        "foto_thumb": "http://www.terreiros.ceao.ufba.br/_FT/pq/1173.jpg",
        "foto_grande": "http://www.terreiros.ceao.ufba.br/_FT/gd/1173.jpg"
      }
    },
    {
      "type": "Feature",
      "geometry": {
        "type": "Point",
        "coordinates": [
          -38.42361679736,
          -12.9688638824204
        ]
      },
      "properties": {
        "id": "1174",
        "nome": "Centro de Giro",
        "lideranca": "Ivan dos Santos",
        "nacao": "Keto",
        "ano_fundacao": "2004",
        "regente": "Oxumaré",
        "bairro": "Plataforma",
        "cep": "40710-782",
        "telefone": "3398-4713",
        "foto_thumb": "http://www.terreiros.ceao.ufba.br/_FT/pq/1174.jpg",
        "foto_grande": "http://www.terreiros.ceao.ufba.br/_FT/gd/1174.jpg"
      }
    },
    {
      "type": "Feature",
      "geometry": {
        "type": "Point",
        "coordinates": [
          -38.4761905795056,
          -12.8952839881946
        ]
      },
      "properties": {
        "id": "1175",
        "nome": "Centro de Giro",
        "lideranca": "Carmelita Maria Santos",
        "nacao": "Ijexá",
        "ano_fundacao": "2003",
        "regente": "Oxum",
        "bairro": "Plataforma",
        "endereco": "1ª Trav. da Paz de São João, 87E",
        "cep": "40718-360",
        "telefone": "3218-0051",
        "foto_thumb": "http://www.terreiros.ceao.ufba.br/_FT/pq/1175.jpg",
        "foto_grande": "http://www.terreiros.ceao.ufba.br/_FT/gd/1175.jpg"
      }
    },
    {
      "type": "Feature",
      "geometry": {
        "type": "Point",
        "coordinates": [
          -38.4786201875734,
          -12.898033443288
        ]
      },
      "properties": {
        "id": "1176",
        "nome": "Terreiro Nanã Alodê Di Unzambi",
        "lideranca": "Cremilda Matos Pereira",
        "nacao": "Angola",
        "ano_fundacao": "1997",
        "regente": "Nanã",
        "bairro": "Ilha Amarela",
        "endereco": "Rua Cabaceira",
        "cep": "40715-020",
        "telefone": "3218-2251",
        "foto_thumb": "http://www.terreiros.ceao.ufba.br/_FT/pq/1176.jpg",
        "foto_grande": "http://www.terreiros.ceao.ufba.br/_FT/gd/1176.jpg"
      }
    },
    {
      "type": "Feature",
      "geometry": {
        "type": "Point",
        "coordinates": [
          -38.4717316957195,
          -12.8873347249535
        ]
      },
      "properties": {
        "id": "1177",
        "nome": "Yiá Teí",
        "lideranca": "Alda Queiroz",
        "nacao": "Angola",
        "ano_fundacao": "1984",
        "regente": "Oxum e Iansã",
        "bairro": "Praia Grande",
        "endereco": "Rua Amazonas, 7",
        "cep": "40725-070",
        "telefone": "3408-0584",
        "foto_thumb": "http://www.terreiros.ceao.ufba.br/_FT/pq/1177.jpg",
        "foto_grande": "http://www.terreiros.ceao.ufba.br/_FT/gd/1177.jpg"
      }
    },
    {
      "type": "Feature",
      "geometry": {
        "type": "Point",
        "coordinates": [
          -38.4764308347771,
          -12.8739959636687
        ]
      },
      "properties": {
        "id": "1178",
        "nome": "Ylê Axé Oia Deremí",
        "lideranca": "Edméia da Silva Purificação",
        "nacao": "Keto",
        "ano_fundacao": "1987",
        "regente": "Iansã",
        "bairro": "Vista Alegre",
        "endereco": "Rua Avencas, 84",
        "telefone": "3521-0949",
        "foto_thumb": "http://www.terreiros.ceao.ufba.br/_FT/pq/1178.jpg",
        "foto_grande": "http://www.terreiros.ceao.ufba.br/_FT/gd/1178.jpg"
      }
    },
    {
      "type": "Feature",
      "geometry": {
        "type": "Point",
        "coordinates": [
          -38.4588430078805,
          -12.8507820678127
        ]
      },
      "properties": {
        "id": "1179",
        "nome": "Não informado",
        "lideranca": "Maria Alice dos Santos Araújo",
        "nacao": "Angola",
        "ano_fundacao": "2002",
        "regente": "Obaluaê",
        "bairro": "Vista Alegre",
        "telefone": "3217-1080",
        "foto_thumb": "http://www.terreiros.ceao.ufba.br/_FT/pq/1179.jpg",
        "foto_grande": "http://www.terreiros.ceao.ufba.br/_FT/gd/1179.jpg"
      }
    },
    {
      "type": "Feature",
      "geometry": {
        "type": "Point",
        "coordinates": [
          -38.4571825755614,
          -12.85125053365
        ]
      },
      "properties": {
        "id": "1180",
        "nome": "Ylê Axé Akorô Gê Nãn",
        "lideranca": "Antônio de Carvalho",
        "nacao": "Keto",
        "ano_fundacao": "1989",
        "regente": "Ogum",
        "bairro": "Periperi",
        "endereco": "Rua da Paz, 100E",
        "cep": "40720-252",
        "telefone": "3397-5490",
        "foto_thumb": "http://www.terreiros.ceao.ufba.br/_FT/pq/1180.jpg",
        "foto_grande": "http://www.terreiros.ceao.ufba.br/_FT/gd/1180.jpg"
      }
    },
    {
      "type": "Feature",
      "geometry": {
        "type": "Point",
        "coordinates": [
          -38.4550324430127,
          -12.8557122656351
        ]
      },
      "properties": {
        "id": "1181",
        "nome": "Ylê Axé Ouro de Ayrá",
        "lideranca": "Valnizia Luzia Junqueira",
        "nacao": "Keto",
        "ano_fundacao": "2005",
        "regente": "Oxum",
        "bairro": "Periperi",
        "endereco": "Rua Anápolis, 21",
        "cep": "40735-030",
        "telefone": "3307-0308",
        "foto_thumb": "http://www.terreiros.ceao.ufba.br/_FT/pq/1181.jpg",
        "foto_grande": "http://www.terreiros.ceao.ufba.br/_FT/gd/1181.jpg"
      }
    },
    {
      "type": "Feature",
      "geometry": {
        "type": "Point",
        "coordinates": [
          -38.4541850852808,
          -12.8581325874388
        ]
      },
      "properties": {
        "id": "1182",
        "nome": "Ylê Axé",
        "lideranca": "Dagoberto Ribeiro de Souza",
        "nacao": "Keto",
        "ano_fundacao": "1964",
        "regente": "Oxum",
        "bairro": "Periperi",
        "endereco": "Rua Anápolis, 112",
        "cep": "40735-030",
        "telefone": "3386-3977",
        "foto_thumb": "http://www.terreiros.ceao.ufba.br/_FT/pq/1182.jpg",
        "foto_grande": "http://www.terreiros.ceao.ufba.br/_FT/gd/1182.jpg"
      }
    },
    {
      "type": "Feature",
      "geometry": {
        "type": "Point",
        "coordinates": [
          -38.4543364029,
          -12.8578157114799
        ]
      },
      "properties": {
        "id": "1183",
        "nome": "Ylê Axé Kitasú",
        "lideranca": "Jose Bonfim Coutinho",
        "nacao": "Angola",
        "ano_fundacao": "1989",
        "regente": "Tempo",
        "bairro": "Periperi",
        "cep": "40735-040",
        "telefone": "3377-7875",
        "foto_thumb": "http://www.terreiros.ceao.ufba.br/_FT/pq/1183.jpg",
        "foto_grande": "http://www.terreiros.ceao.ufba.br/_FT/gd/1183.jpg"
      }
    },
    {
      "type": "Feature",
      "geometry": {
        "type": "Point",
        "coordinates": [
          -38.4509877288376,
          -12.8576108142419
        ]
      },
      "properties": {
        "id": "1184",
        "nome": "Casa de Giro",
        "lideranca": "Rosangela Conceição Damaceno",
        "nacao": "Angola",
        "ano_fundacao": "2003",
        "regente": "Logunedé",
        "bairro": "Fazenda Coutos III",
        "endereco": "Rua Eixo 32, quadra 35, 99",
        "cep": "40731-565",
        "telefone": "8897-3747",
        "foto_thumb": "http://www.terreiros.ceao.ufba.br/_FT/pq/1184.jpg",
        "foto_grande": "http://www.terreiros.ceao.ufba.br/_FT/gd/1184.jpg"
      }
    },
    {
      "type": "Feature",
      "geometry": {
        "type": "Point",
        "coordinates": [
          -38.4569682215948,
          -12.8474949020936
        ]
      },
      "properties": {
        "id": "1185",
        "nome": "Giro de Caboclo",
        "lideranca": "Maurina Maria de Araújo",
        "nacao": "Angola",
        "ano_fundacao": "2003",
        "regente": "Iansã",
        "bairro": "Ilha Amarela",
        "endereco": "Rua do Brejinho, 78E",
        "cep": "40715-185",
        "telefone": "9963-5028",
        "foto_thumb": "http://www.terreiros.ceao.ufba.br/_FT/pq/1185.jpg",
        "foto_grande": "http://www.terreiros.ceao.ufba.br/_FT/gd/1185.jpg"
      }
    },
    {
      "type": "Feature",
      "geometry": {
        "type": "Point",
        "coordinates": [
          -38.4721200998751,
          -12.8885274578508
        ]
      },
      "properties": {
        "id": "1186",
        "nome": "Centro de Caboclo Boiadeiro",
        "lideranca": "Iraci dos Santos",
        "nacao": "Angola",
        "ano_fundacao": "1976",
        "regente": "Ogum",
        "bairro": "Ilha Amarela",
        "endereco": "Rua do Brejinho, 140E",
        "cep": "40715-185",
        "telefone": "3218-6528",
        "foto_thumb": "http://www.terreiros.ceao.ufba.br/_FT/pq/1186.jpg",
        "foto_grande": "http://www.terreiros.ceao.ufba.br/_FT/gd/1186.jpg"
      }
    },
    {
      "type": "Feature",
      "geometry": {
        "type": "Point",
        "coordinates": [
          -38.4729596632003,
          -12.8893045888163
        ]
      },
      "properties": {
        "id": "1187",
        "nome": "Unzó Malawlakuna Bate Folinha",
        "lideranca": "Gilcélia Magalhaes Chaves de Andrade",
        "nacao": "Angola",
        "ano_fundacao": "1972",
        "regente": "Iansã",
        "bairro": "Ilha Amarela",
        "endereco": "Rua da Cabaceira, 607 A",
        "cep": "40715-020",
        "telefone": "3218-3160",
        "foto_thumb": "http://www.terreiros.ceao.ufba.br/_FT/pq/1187.jpg",
        "foto_grande": "http://www.terreiros.ceao.ufba.br/_FT/gd/1187.jpg"
      }
    },
    {
      "type": "Feature",
      "geometry": {
        "type": "Point",
        "coordinates": [
          -38.4703037096087,
          -12.887038873217
        ]
      },
      "properties": {
        "id": "1189",
        "nome": "Ilê Axé Omin Roboussi",
        "lideranca": "Márcio José dos Santos Nascimento",
        "nacao": "Keto",
        "ano_fundacao": "1979",
        "regente": "Oxum",
        "bairro": "Lobato",
        "endereco": "Rua Voluntários da Pátria, 90",
        "cep": "40470-000",
        "telefone": "9956-8740"
      }
    },
    {
      "type": "Feature",
      "geometry": {
        "type": "Point",
        "coordinates": [
          -38.4894000476355,
          -12.9344730475223
        ]
      },
      "properties": {
        "id": "1190",
        "nome": "Terreiro Luandeí",
        "lideranca": "Elza Carmo Alves",
        "nacao": "Keto",
        "ano_fundacao": "1989",
        "regente": "Logunedé",
        "bairro": "Arenoso",
        "endereco": "Rua Pedro Avelino, 37, Qd.11",
        "telefone": "3461-3638",
        "foto_thumb": "http://www.terreiros.ceao.ufba.br/_FT/pq/1190.jpg",
        "foto_grande": "http://www.terreiros.ceao.ufba.br/_FT/gd/1190.jpg"
      }
    },
    {
      "type": "Feature",
      "geometry": {
        "type": "Point",
        "coordinates": [
          -38.4379578539669,
          -12.9489381650188
        ]
      },
      "properties": {
        "id": "1191",
        "nome": "Ilê Axé Oyá Desí",
        "lideranca": "Doralice Silveira dos Santos",
        "nacao": "Keto",
        "ano_fundacao": "1993",
        "regente": "Iansã",
        "bairro": "San Martin",
        "endereco": "Rua José Bonifácio, 99",
        "cep": "40349-550",
        "telefone": "3389-7749/ 8284-6927",
        "foto_thumb": "http://www.terreiros.ceao.ufba.br/_FT/pq/1191.jpg",
        "foto_grande": "http://www.terreiros.ceao.ufba.br/_FT/gd/1191.jpg"
      }
    },
    {
      "type": "Feature",
      "geometry": {
        "type": "Point",
        "coordinates": [
          -38.4838386769298,
          -12.939832030964
        ]
      },
      "properties": {
        "id": "1193",
        "nome": "Ilê Axé Iyaomiré",
        "lideranca": "Eliza Silveira Santos",
        "nacao": "Keto Angola",
        "ano_fundacao": "1987",
        "regente": "Oxum e Oxóssi",
        "bairro": "Tancredo Neves",
        "endereco": "Rua Luis Cabral , 03 B",
        "cep": "41207-725",
        "telefone": "3230-1442",
        "foto_thumb": "http://www.terreiros.ceao.ufba.br/_FT/pq/1193.jpg",
        "foto_grande": "http://www.terreiros.ceao.ufba.br/_FT/gd/1193.jpg"
      }
    },
    {
      "type": "Feature",
      "geometry": {
        "type": "Point",
        "coordinates": [
          -38.4495926408399,
          -12.9511801223131
        ]
      },
      "properties": {
        "id": "1194",
        "nome": "Funanji Filho",
        "lideranca": "Marcus Conceição de Almeida",
        "nacao": "Angola",
        "ano_fundacao": "2002",
        "regente": "Tempo",
        "bairro": "Tancredo Neves",
        "endereco": "Rua Ari Alex Brust, 28E",
        "cep": "41207-710",
        "telefone": "3232-9075",
        "foto_thumb": "http://www.terreiros.ceao.ufba.br/_FT/pq/1194.jpg",
        "foto_grande": "http://www.terreiros.ceao.ufba.br/_FT/gd/1194.jpg"
      }
    },
    {
      "type": "Feature",
      "geometry": {
        "type": "Point",
        "coordinates": [
          -38.4481546246108,
          -12.9510773842487
        ]
      },
      "properties": {
        "id": "1195",
        "nome": "Ibugbé Won Orìsá",
        "lideranca": "Juvenal da Conceição Gonzaga",
        "nacao": "Jêje Nagô",
        "ano_fundacao": "1982",
        "regente": "Oxalá",
        "bairro": "São Cristóvão",
        "cep": "41502-400",
        "telefone": "3365-0291/ 3359-6935",
        "foto_thumb": "http://www.terreiros.ceao.ufba.br/_FT/pq/1195.jpg",
        "foto_grande": "http://www.terreiros.ceao.ufba.br/_FT/gd/1195.jpg"
      }
    },
    {
      "type": "Feature",
      "geometry": {
        "type": "Point",
        "coordinates": [
          -38.4932317517168,
          -12.9411620180986
        ]
      },
      "properties": {
        "id": "1196",
        "nome": "Ylê Axé Adoniré",
        "lideranca": "Beatriz Bento Monte dos Santos",
        "nacao": "Keto",
        "ano_fundacao": "1991",
        "regente": "Oxum",
        "bairro": "Periperi",
        "endereco": "Rua das Pedrinha, 173",
        "cep": "40720-460",
        "telefone": "3353-2219",
        "foto_thumb": "http://www.terreiros.ceao.ufba.br/_FT/pq/1196.jpg",
        "foto_grande": "http://www.terreiros.ceao.ufba.br/_FT/gd/1196.jpg"
      }
    },
    {
      "type": "Feature",
      "geometry": {
        "type": "Point",
        "coordinates": [
          -38.4577766521624,
          -12.8610039008679
        ]
      },
      "properties": {
        "id": "1197",
        "nome": "Ylê Axé Tamidoré",
        "lideranca": "Jacira Maria Silva Almeida",
        "nacao": "Keto",
        "ano_fundacao": "1995",
        "regente": "Oxóssi",
        "bairro": "Periperi",
        "endereco": "Rua Beira Rio de Baixo , 213, Nova Constituinte",
        "cep": "40720-204",
        "telefone": "3563-2032",
        "foto_thumb": "http://www.terreiros.ceao.ufba.br/_FT/pq/1197.jpg",
        "foto_grande": "http://www.terreiros.ceao.ufba.br/_FT/gd/1197.jpg"
      }
    },
    {
      "type": "Feature",
      "geometry": {
        "type": "Point",
        "coordinates": [
          -38.4602551831335,
          -12.8636307070432
        ]
      },
      "properties": {
        "id": "1198",
        "nome": "Não informado",
        "lideranca": "José Diogo Damasceno",
        "nacao": "Jêje",
        "ano_fundacao": "1969",
        "regente": "Oxalá",
        "bairro": "Periperi",
        "cep": "40725-785",
        "telefone": "8823-5633",
        "foto_thumb": "http://www.terreiros.ceao.ufba.br/_FT/pq/1198.jpg",
        "foto_grande": "http://www.terreiros.ceao.ufba.br/_FT/gd/1198.jpg"
      }
    },
    {
      "type": "Feature",
      "geometry": {
        "type": "Point",
        "coordinates": [
          -38.3762547601611,
          -12.9284874035525
        ]
      },
      "properties": {
        "id": "1199",
        "nome": "não informado",
        "lideranca": "Domingos de Souza",
        "nacao": "Keto",
        "ano_fundacao": "1977",
        "regente": "Xangô",
        "bairro": "Coutos",
        "endereco": "Rua Alto de Coutos, 12",
        "cep": "40760-120",
        "telefone": "9114-2363",
        "foto_thumb": "http://www.terreiros.ceao.ufba.br/_FT/pq/1199.jpg",
        "foto_grande": "http://www.terreiros.ceao.ufba.br/_FT/gd/1199.jpg"
      }
    },
    {
      "type": "Feature",
      "geometry": {
        "type": "Point",
        "coordinates": [
          -38.4775984277354,
          -12.8948717307898
        ]
      },
      "properties": {
        "id": "1204",
        "nome": "Ilê Axé Anjualé",
        "lideranca": "Edilene Souza Rosa",
        "nacao": "Keto",
        "ano_fundacao": "2005",
        "regente": "Oxumaré",
        "bairro": "Tancredo Neves",
        "endereco": "Rua Cristo Rei, 20E",
        "cep": "41207-770",
        "telefone": "3462-1357/ 8718-8668",
        "foto_thumb": "http://www.terreiros.ceao.ufba.br/_FT/pq/1204.jpg",
        "foto_grande": "http://www.terreiros.ceao.ufba.br/_FT/gd/1204.jpg"
      }
    },
    {
      "type": "Feature",
      "geometry": {
        "type": "Point",
        "coordinates": [
          -38.4478393310414,
          -12.9499784873156
        ]
      },
      "properties": {
        "id": "1205",
        "nome": "Sessão de Giro",
        "lideranca": "Crispina Silva de Jesus",
        "nacao": "Keto",
        "ano_fundacao": "2000",
        "regente": "Oxalá, Oxum",
        "bairro": "Tancredo Neves",
        "endereco": "Rua Valdemar Teixeira, 33, Fundo",
        "telefone": "3232-0435",
        "foto_thumb": "http://www.terreiros.ceao.ufba.br/_FT/pq/1205.jpg",
        "foto_grande": "http://www.terreiros.ceao.ufba.br/_FT/gd/1205.jpg"
      }
    },
    {
      "type": "Feature",
      "geometry": {
        "type": "Point",
        "coordinates": [
          -38.4492284485598,
          -12.9506211417168
        ]
      },
      "properties": {
        "id": "1208",
        "nome": "Ilê Axé Yepomin",
        "lideranca": "Gean Givanildo Dantas",
        "nacao": "Keto",
        "ano_fundacao": "1953",
        "regente": "Oxum",
        "bairro": "Engomadeira",
        "endereco": "Rua 4 de Março, 442",
        "cep": "41200-870",
        "telefone": "3384-8010",
        "foto_thumb": "http://www.terreiros.ceao.ufba.br/_FT/pq/1208.jpg",
        "foto_grande": "http://www.terreiros.ceao.ufba.br/_FT/gd/1208.jpg"
      }
    },
    {
      "type": "Feature",
      "geometry": {
        "type": "Point",
        "coordinates": [
          -38.457597475505,
          -12.9467922984618
        ]
      },
      "properties": {
        "id": "1209",
        "nome": "Centro Umbandista Paz e Justiça",
        "lideranca": "José Raimundo Troccolu",
        "nacao": "Umbanda",
        "ano_fundacao": "1995",
        "regente": "Xangô",
        "bairro": "Luis Anselmo",
        "cep": "40260-680",
        "telefone": "3382-1860/ 8831-3011",
        "foto_thumb": "http://www.terreiros.ceao.ufba.br/_FT/pq/1209.jpg",
        "foto_grande": "http://www.terreiros.ceao.ufba.br/_FT/gd/1209.jpg"
      }
    },
    {
      "type": "Feature",
      "geometry": {
        "type": "Point",
        "coordinates": [
          -38.4877402498081,
          -12.9754926794088
        ]
      },
      "properties": {
        "id": "1211",
        "nome": "Não informado",
        "lideranca": "Joelma Dias Oliveira",
        "nacao": "Keto",
        "ano_fundacao": "1999",
        "regente": "Omolu",
        "bairro": "Pirajá",
        "endereco": "Trav. Gersina de Brito, 31E, Rua Velha",
        "cep": "41290-272",
        "telefone": "3215-0095",
        "foto_thumb": "http://www.terreiros.ceao.ufba.br/_FT/pq/1211.jpg",
        "foto_grande": "http://www.terreiros.ceao.ufba.br/_FT/gd/1211.jpg"
      }
    },
    {
      "type": "Feature",
      "geometry": {
        "type": "Point",
        "coordinates": [
          -38.4701701596002,
          -12.9010416169043
        ]
      },
      "properties": {
        "id": "1212",
        "nome": "Sessão de Giro",
        "lideranca": "Vivaldo Pita Ferreira",
        "nacao": "Angola",
        "ano_fundacao": "1999",
        "regente": "Oxóssi",
        "bairro": "Plataforma",
        "endereco": "Rua das Pedrinhas, 48",
        "cep": "40717-630",
        "telefone": "não tem",
        "foto_thumb": "http://www.terreiros.ceao.ufba.br/_FT/pq/1212.jpg",
        "foto_grande": "http://www.terreiros.ceao.ufba.br/_FT/gd/1212.jpg"
      }
    },
    {
      "type": "Feature",
      "geometry": {
        "type": "Point",
        "coordinates": [
          -38.4783085491684,
          -12.8921687994022
        ]
      },
      "properties": {
        "id": "1214",
        "nome": "Unzó Katendé In Dandalunda",
        "lideranca": "Robenilda Nascimento dos Santos",
        "nacao": "Angola Paketan",
        "ano_fundacao": "1974",
        "regente": "Katendé in Dandalunda",
        "bairro": "Alto de Coutos",
        "endereco": "4a Trav. Alto Cerqueira, 23",
        "cep": "40750-106",
        "telefone": "3521-1765/ 8871-6855",
        "foto_thumb": "http://www.terreiros.ceao.ufba.br/_FT/pq/1214.jpg",
        "foto_grande": "http://www.terreiros.ceao.ufba.br/_FT/gd/1214.jpg"
      }
    },
    {
      "type": "Feature",
      "geometry": {
        "type": "Point",
        "coordinates": [
          -38.4608088073674,
          -12.8567400746722
        ]
      },
      "properties": {
        "id": "1215",
        "nome": "Ilê Axé Omim Oluayê",
        "lideranca": "Valquíria do Espírito Santo",
        "nacao": "Keto",
        "ano_fundacao": "1977",
        "regente": "Omolu",
        "bairro": "Liberdade",
        "endereco": "Rua Belo Oriente, 124",
        "cep": "40325-390",
        "telefone": "3242-4954",
        "foto_thumb": "http://www.terreiros.ceao.ufba.br/_FT/pq/1215.jpg",
        "foto_grande": "http://www.terreiros.ceao.ufba.br/_FT/gd/1215.jpg"
      }
    },
    {
      "type": "Feature",
      "geometry": {
        "type": "Point",
        "coordinates": [
          -38.493680067315,
          -12.9496995529766
        ]
      },
      "properties": {
        "id": "1217",
        "nome": "Sessão de Giro",
        "lideranca": "Maria de Lourdes Ferreira Santana",
        "nacao": "Keto",
        "ano_fundacao": "1962",
        "regente": "Oxaguiã",
        "bairro": "Liberdade",
        "endereco": "Rua Marquês de Santana, 68A",
        "cep": "40325-350",
        "telefone": "3243-8434",
        "foto_thumb": "http://www.terreiros.ceao.ufba.br/_FT/pq/1217.jpg",
        "foto_grande": "http://www.terreiros.ceao.ufba.br/_FT/gd/1217.jpg"
      }
    },
    {
      "type": "Feature",
      "geometry": {
        "type": "Point",
        "coordinates": [
          -38.4938183468157,
          -12.953248505155
        ]
      },
      "properties": {
        "id": "1218",
        "nome": "Oxossi Mutalambu",
        "lideranca": "Angélica Pereira Souza",
        "nacao": "Angola",
        "ano_fundacao": "1978",
        "regente": "Oxóssi",
        "bairro": "Ilha de Maré",
        "endereco": "Rua da Palha, 7, Praia Grande",
        "cep": "42500-600",
        "telefone": "3297-2156",
        "foto_thumb": "http://www.terreiros.ceao.ufba.br/_FT/pq/1218.jpg",
        "foto_grande": "http://www.terreiros.ceao.ufba.br/_FT/gd/1218.jpg"
      }
    },
    {
      "type": "Feature",
      "geometry": {
        "type": "Point",
        "coordinates": [
          -38.5300818430256,
          -12.7800985641413
        ]
      },
      "properties": {
        "id": "1220",
        "nome": "Terreiro de Odé",
        "lideranca": "Maria do Nascimento da Encarnação",
        "nacao": "Angola",
        "ano_fundacao": "1957",
        "regente": "Oxóssi",
        "bairro": "Ilha de Maré",
        "endereco": "Rua da Palha, Praia Grande",
        "cep": "42500-600",
        "telefone": "3297-2156 (recado)",
        "foto_thumb": "http://www.terreiros.ceao.ufba.br/_FT/pq/1220.jpg",
        "foto_grande": "http://www.terreiros.ceao.ufba.br/_FT/gd/1220.jpg"
      }
    },
    {
      "type": "Feature",
      "geometry": {
        "type": "Point",
        "coordinates": [
          -38.5304029374815,
          -12.780029800939
        ]
      },
      "properties": {
        "id": "1222",
        "nome": "Terreiro de Oxossi",
        "lideranca": "Joana Nascimento da Encarnação",
        "nacao": "Angola",
        "ano_fundacao": "1949",
        "regente": "Oxóssi",
        "bairro": "Ilha de Maré",
        "endereco": "Rua do Beco, Praia Grande",
        "cep": "42500-000",
        "telefone": "3297-2097",
        "foto_thumb": "http://www.terreiros.ceao.ufba.br/_FT/pq/1222.jpg",
        "foto_grande": "http://www.terreiros.ceao.ufba.br/_FT/gd/1222.jpg"
      }
    },
    {
      "type": "Feature",
      "geometry": {
        "type": "Point",
        "coordinates": [
          -38.5301812873226,
          -12.7771987656958
        ]
      },
      "properties": {
        "id": "1223",
        "nome": "Unzo D'Amazimona Kessimbe",
        "lideranca": "Derilton Soares de Carvalho",
        "nacao": "Angola",
        "ano_fundacao": "1971",
        "regente": "Oxum",
        "bairro": "Ilha de Maré",
        "endereco": "Rua do Beco, Praia Grande",
        "cep": "42500-000",
        "telefone": "3297-2035",
        "foto_thumb": "http://www.terreiros.ceao.ufba.br/_FT/pq/1223.jpg",
        "foto_grande": "http://www.terreiros.ceao.ufba.br/_FT/gd/1223.jpg"
      }
    },
    {
      "type": "Feature",
      "geometry": {
        "type": "Point",
        "coordinates": [
          -38.5303757515732,
          -12.7782460172542
        ]
      },
      "properties": {
        "id": "1224",
        "nome": "Ilê Axé Oyá Vanguerê",
        "lideranca": "Denise Mello Alves",
        "nacao": "Jêje",
        "ano_fundacao": "2002",
        "regente": "Iansã",
        "bairro": "Fazenda Grande IV",
        "cep": "41345-600",
        "telefone": "3305-1164",
        "foto_thumb": "http://www.terreiros.ceao.ufba.br/_FT/pq/1224.jpg",
        "foto_grande": "http://www.terreiros.ceao.ufba.br/_FT/gd/1224.jpg"
      }
    },
    {
      "type": "Feature",
      "geometry": {
        "type": "Point",
        "coordinates": [
          -38.3964318532258,
          -12.9110883703566
        ]
      },
      "properties": {
        "id": "1225",
        "nome": "Ilé Asé Aují Olá Omí (Axe Arôiew)",
        "lideranca": "José Mauro Gomide",
        "nacao": "Keto",
        "ano_fundacao": "1977",
        "regente": "Oxóssi",
        "bairro": "Fazenda Grande IV",
        "endereco": "1ª Trav. Heráclito",
        "cep": "41345-605",
        "telefone": "3305-1490/ 91019-609",
        "foto_thumb": "http://www.terreiros.ceao.ufba.br/_FT/pq/1225.jpg",
        "foto_grande": "http://www.terreiros.ceao.ufba.br/_FT/gd/1225.jpg"
      }
    },
    {
      "type": "Feature",
      "geometry": {
        "type": "Point",
        "coordinates": [
          -38.3979705676724,
          -12.9110053713575
        ]
      },
      "properties": {
        "id": "1226",
        "nome": "Ilê Axé Onipó Filho",
        "lideranca": "Fernando Brito da Hora",
        "nacao": "Keto",
        "ano_fundacao": "2002",
        "regente": "Obaluaê",
        "bairro": "Itapuã",
        "endereco": "Km 17, Rua ACM, 09, Alto do Coqueirinho",
        "telefone": "9197-8362",
        "foto_thumb": "http://www.terreiros.ceao.ufba.br/_FT/pq/1226.jpg",
        "foto_grande": "http://www.terreiros.ceao.ufba.br/_FT/gd/1226.jpg"
      }
    },
    {
      "type": "Feature",
      "geometry": {
        "type": "Point",
        "coordinates": [
          -38.3671395282393,
          -12.9348534232087
        ]
      },
      "properties": {
        "id": "1227",
        "nome": "Não informado",
        "lideranca": "Jaciara da Silva Brito",
        "nacao": "Keto",
        "ano_fundacao": "1999",
        "regente": "Iemanjá e Ogum",
        "bairro": "Fazenda Grande IV",
        "cep": "41345-600",
        "telefone": "3238-2659",
        "foto_thumb": "http://www.terreiros.ceao.ufba.br/_FT/pq/1227.jpg",
        "foto_grande": "http://www.terreiros.ceao.ufba.br/_FT/gd/1227.jpg"
      }
    },
    {
      "type": "Feature",
      "geometry": {
        "type": "Point",
        "coordinates": [
          -38.3959823838823,
          -12.9108124762791
        ]
      },
      "properties": {
        "id": "1230",
        "nome": "Ilé Asé Omí Keloiá",
        "lideranca": "Ita Maria de Oliveira Giudice",
        "nacao": "Keto",
        "ano_fundacao": "2002",
        "regente": "Oxum Apará",
        "bairro": "Fazenda Grande IV",
        "endereco": "Rua Heráclito, Chácara Mina de Ouro, 6",
        "cep": "41345-580",
        "telefone": "3395-3399/ 8172-2633",
        "foto_thumb": "http://www.terreiros.ceao.ufba.br/_FT/pq/1230.jpg",
        "foto_grande": "http://www.terreiros.ceao.ufba.br/_FT/gd/1230.jpg"
      }
    },
    {
      "type": "Feature",
      "geometry": {
        "type": "Point",
        "coordinates": [
          -38.3954833922727,
          -12.9115805142455
        ]
      },
      "properties": {
        "id": "1231",
        "nome": "Unzó de Angoro Deapoema Engenoá",
        "lideranca": "Aldaci Santos Oliveira",
        "nacao": "Angola",
        "ano_fundacao": "2002",
        "regente": "Angorá",
        "bairro": "Nova Brasília",
        "cep": "41099-065",
        "telefone": "3309-9065/ 8195-2604",
        "foto_thumb": "http://www.terreiros.ceao.ufba.br/_FT/pq/1231.jpg",
        "foto_grande": "http://www.terreiros.ceao.ufba.br/_FT/gd/1231.jpg"
      }
    },
    {
      "type": "Feature",
      "geometry": {
        "type": "Point",
        "coordinates": [
          -38.405525813074,
          -12.9187632287707
        ]
      },
      "properties": {
        "id": "1232",
        "nome": "Sunfucia Undé",
        "lideranca": "Jiucélia Alves Miranda",
        "nacao": "Keto",
        "ano_fundacao": "1997",
        "regente": "Oxumaré",
        "bairro": "Fazenda Grande IV",
        "endereco": "Rua Heráclito, 28, lote 2 e 3",
        "cep": "41345-580",
        "telefone": "3395-3515/ 9943-5589",
        "foto_thumb": "http://www.terreiros.ceao.ufba.br/_FT/pq/1232.jpg",
        "foto_grande": "http://www.terreiros.ceao.ufba.br/_FT/gd/1232.jpg"
      }
    },
    {
      "type": "Feature",
      "geometry": {
        "type": "Point",
        "coordinates": [
          -38.3964273990139,
          -12.9135006686342
        ]
      },
      "properties": {
        "id": "1234",
        "nome": "Ilê Axé  Oyakayodê",
        "lideranca": "Valquira Santana Dias",
        "nacao": "Keto",
        "ano_fundacao": "1991",
        "regente": "Iansã",
        "bairro": "Narandiba",
        "cep": "41192-005",
        "telefone": "3232-3998",
        "foto_thumb": "http://www.terreiros.ceao.ufba.br/_FT/pq/1234.jpg",
        "foto_grande": "http://www.terreiros.ceao.ufba.br/_FT/gd/1234.jpg"
      }
    },
    {
      "type": "Feature",
      "geometry": {
        "type": "Point",
        "coordinates": [
          -38.4431661485594,
          -12.955233770695
        ]
      },
      "properties": {
        "id": "1236",
        "nome": "Ilê Axé Obadeuá",
        "lideranca": "Janete Maria Aquino Cunha",
        "nacao": "Keto",
        "ano_fundacao": "1989",
        "regente": "Oxum",
        "bairro": "San Martin",
        "endereco": "3a Trav. Lídio dos Santos, 25, Fonte do Capim",
        "cep": "40355-010",
        "telefone": "3389-6421",
        "foto_thumb": "http://www.terreiros.ceao.ufba.br/_FT/pq/1236.jpg",
        "foto_grande": "http://www.terreiros.ceao.ufba.br/_FT/gd/1236.jpg"
      }
    },
    {
      "type": "Feature",
      "geometry": {
        "type": "Point",
        "coordinates": [
          -38.4817153015635,
          -12.9387145621464
        ]
      },
      "properties": {
        "id": "1237",
        "nome": "Casa de Umbanda Giro de Caboclo",
        "lideranca": "Edeilda de Jesus Santos",
        "nacao": "Umbanda",
        "ano_fundacao": "1999",
        "regente": "Oxóssi",
        "bairro": "Fazenda Grande II",
        "endereco": "Rua Tibuçu, 28",
        "telefone": "3305-6758",
        "foto_thumb": "http://www.terreiros.ceao.ufba.br/_FT/pq/1237.jpg",
        "foto_grande": "http://www.terreiros.ceao.ufba.br/_FT/gd/1237.jpg"
      }
    },
    {
      "type": "Feature",
      "geometry": {
        "type": "Point",
        "coordinates": [
          -38.4046144627896,
          -12.9035602312886
        ]
      },
      "properties": {
        "id": "1239",
        "nome": "Ilê Asé Oxaguian",
        "lideranca": "Raimundo Chaves Menezes Gama",
        "nacao": "Keto",
        "ano_fundacao": "1994",
        "regente": "Oxalá",
        "bairro": "Alto de Coutos",
        "endereco": "Rua Muniz Travasso , 565-E",
        "cep": "40720-210",
        "telefone": "3408-1843/ 3397-4031",
        "foto_thumb": "http://www.terreiros.ceao.ufba.br/_FT/pq/1239.jpg",
        "foto_grande": "http://www.terreiros.ceao.ufba.br/_FT/gd/1239.jpg"
      }
    },
    {
      "type": "Feature",
      "geometry": {
        "type": "Point",
        "coordinates": [
          -38.4678136630462,
          -12.8521635888391
        ]
      },
      "properties": {
        "id": "1240",
        "nome": "Ilê Asé Onicofá Bominjá",
        "lideranca": "José Augusto Cruz dos Santos",
        "nacao": "Keto",
        "ano_fundacao": "2003",
        "regente": "Oxóssi",
        "bairro": "Jardim Santo Inácio",
        "cep": "41231-330",
        "telefone": "3391-7613",
        "foto_thumb": "http://www.terreiros.ceao.ufba.br/_FT/pq/1240.jpg",
        "foto_grande": "http://www.terreiros.ceao.ufba.br/_FT/gd/1240.jpg"
      }
    },
    {
      "type": "Feature",
      "geometry": {
        "type": "Point",
        "coordinates": [
          -38.4622608911743,
          -12.9322445535161
        ]
      },
      "properties": {
        "id": "1241",
        "nome": "Ilê Axé Bubá Ulufan de Alá",
        "lideranca": "Lindinalva Brasília dos Santos",
        "nacao": "Keto",
        "ano_fundacao": "1996",
        "regente": "Oxalufã",
        "bairro": "Cajazeiras X",
        "endereco": "Setor I, Qd C, Rua Alfaiate Kadu, 1",
        "telefone": "3309-4044/ 8203-4200/ 8733-1831",
        "foto_thumb": "http://www.terreiros.ceao.ufba.br/_FT/pq/1241.jpg",
        "foto_grande": "http://www.terreiros.ceao.ufba.br/_FT/gd/1241.jpg"
      }
    },
    {
      "type": "Feature",
      "geometry": {
        "type": "Point",
        "coordinates": [
          -38.4076717478308,
          -12.8896145750884
        ]
      },
      "properties": {
        "id": "1242",
        "nome": "Não informado",
        "lideranca": "Lucilia Brito Figueiredo",
        "nacao": "Keto",
        "ano_fundacao": "0",
        "regente": "Iansã",
        "bairro": "Fazenda Grande IV",
        "endereco": "Rua Heráclito, Cond. 25 de Dezembro",
        "cep": "41345-580",
        "telefone": "3309-5460",
        "foto_thumb": "http://www.terreiros.ceao.ufba.br/_FT/pq/1242.jpg",
        "foto_grande": "http://www.terreiros.ceao.ufba.br/_FT/gd/1242.jpg"
      }
    },
    {
      "type": "Feature",
      "geometry": {
        "type": "Point",
        "coordinates": [
          -38.3942204446597,
          -12.9095659092421
        ]
      },
      "properties": {
        "id": "1243",
        "nome": "Ilê Asé Jobi Lodé",
        "lideranca": "Antônio Olavo Vieira de Castro",
        "nacao": "Keto",
        "ano_fundacao": "1995",
        "regente": "Ogunjá",
        "bairro": "São Cristóvão",
        "cep": "41410-030",
        "telefone": "3377-3795/ 9978-6440",
        "foto_thumb": "http://www.terreiros.ceao.ufba.br/_FT/pq/1243.jpg",
        "foto_grande": "http://www.terreiros.ceao.ufba.br/_FT/gd/1243.jpg"
      }
    },
    {
      "type": "Feature",
      "geometry": {
        "type": "Point",
        "coordinates": [
          -38.3766483958835,
          -12.8874660859001
        ]
      },
      "properties": {
        "id": "1245",
        "nome": "Kanzuá Monaleuci Un'gunzo D'Un Zambi",
        "lideranca": "Eunice Trindade",
        "nacao": "Angola",
        "ano_fundacao": "2004",
        "regente": "Oxum e Oxóssi",
        "bairro": "São Cristóvão",
        "endereco": "Rua Feira de Sananta, s/nº, lote 29, 30 e 31, Parque São Cristóvão",
        "cep": "41505-065",
        "telefone": "3365-0439/ 9961-4468",
        "foto_thumb": "http://www.terreiros.ceao.ufba.br/_FT/pq/1245.jpg",
        "foto_grande": "http://www.terreiros.ceao.ufba.br/_FT/gd/1245.jpg"
      }
    },
    {
      "type": "Feature",
      "geometry": {
        "type": "Point",
        "coordinates": [
          -38.3692739059423,
          -12.9015727532583
        ]
      },
      "properties": {
        "id": "1246",
        "nome": "Terreiro de Ogum",
        "lideranca": "André Machado dos Santos",
        "nacao": "Keto Angola",
        "ano_fundacao": "2000",
        "regente": "Ogum",
        "bairro": "São Cristóvão",
        "endereco": "Rua Santa Rita, 16E, Parque São Cristóvão",
        "cep": "41510-309",
        "telefone": "9145-2966",
        "foto_thumb": "http://www.terreiros.ceao.ufba.br/_FT/pq/1246.jpg",
        "foto_grande": "http://www.terreiros.ceao.ufba.br/_FT/gd/1246.jpg"
      }
    },
    {
      "type": "Feature",
      "geometry": {
        "type": "Point",
        "coordinates": [
          -38.3916790610591,
          -12.9137835444348
        ]
      },
      "properties": {
        "id": "1247",
        "nome": "Não informado",
        "lideranca": "Reginaldo Alves",
        "nacao": "Keto",
        "ano_fundacao": "1999",
        "regente": "Ogum",
        "bairro": "São Cristóvão",
        "endereco": "Rua Santa Rita, 09, Parque São Cristóvão",
        "cep": "41510-309",
        "telefone": "3251-1243/ 9994-2045",
        "foto_thumb": "http://www.terreiros.ceao.ufba.br/_FT/pq/1247.jpg",
        "foto_grande": "http://www.terreiros.ceao.ufba.br/_FT/gd/1247.jpg"
      }
    },
    {
      "type": "Feature",
      "geometry": {
        "type": "Point",
        "coordinates": [
          -38.3893371910037,
          -12.9094301023795
        ]
      },
      "properties": {
        "id": "1248",
        "nome": "Giro de Boiadeiro",
        "lideranca": "Vanda de Carvalho",
        "nacao": "Angola",
        "ano_fundacao": "1978",
        "regente": "Iansã",
        "bairro": "Retiro",
        "endereco": "Rua Jaqueira do Carneiro, Trav. Vila Pinto, 40-E",
        "cep": "40353-000",
        "telefone": "3383-2585",
        "foto_thumb": "http://www.terreiros.ceao.ufba.br/_FT/pq/1248.jpg",
        "foto_grande": "http://www.terreiros.ceao.ufba.br/_FT/gd/1248.jpg"
      }
    },
    {
      "type": "Feature",
      "geometry": {
        "type": "Point",
        "coordinates": [
          -38.4738316428867,
          -12.9476688864276
        ]
      },
      "properties": {
        "id": "1249",
        "nome": "Ilê Asé Omí Logum",
        "lideranca": "Nivaldo Batista de Oliveira",
        "nacao": "Keto",
        "ano_fundacao": "1984",
        "regente": "Oxóssi",
        "bairro": "São Cristóvão",
        "cep": "41505-065",
        "telefone": "3252-5950/ 3241-8876",
        "foto_thumb": "http://www.terreiros.ceao.ufba.br/_FT/pq/1249.jpg",
        "foto_grande": "http://www.terreiros.ceao.ufba.br/_FT/gd/1249.jpg"
      }
    },
    {
      "type": "Feature",
      "geometry": {
        "type": "Point",
        "coordinates": [
          -38.372377761487,
          -12.8782884922653
        ]
      },
      "properties": {
        "id": "1251",
        "nome": "Terreiro de Angola Muka Moenda",
        "lideranca": "Elias da Silva Oliveira",
        "nacao": "Angola",
        "ano_fundacao": "1999",
        "regente": "Angorô",
        "bairro": "Pirajá",
        "endereco": "Rua Velha Pirajá (Rua Oscar Seixas), 177",
        "cep": "41290-470",
        "telefone": "3303-3327/ 9208-2999",
        "foto_thumb": "http://www.terreiros.ceao.ufba.br/_FT/pq/1251.jpg",
        "foto_grande": "http://www.terreiros.ceao.ufba.br/_FT/gd/1251.jpg"
      }
    },
    {
      "type": "Feature",
      "geometry": {
        "type": "Point",
        "coordinates": [
          -38.46924280077,
          -12.9035005301821
        ]
      },
      "properties": {
        "id": "1252",
        "nome": "Odalá",
        "lideranca": "Floripes Cerqueira dos Anjos",
        "nacao": "Keto Angola",
        "ano_fundacao": "1986",
        "regente": "Iansã e Oxóssi",
        "bairro": "Retiro",
        "cep": "40353-035",
        "telefone": "1001",
        "foto_thumb": "http://www.terreiros.ceao.ufba.br/_FT/pq/1252.jpg",
        "foto_grande": "http://www.terreiros.ceao.ufba.br/_FT/gd/1252.jpg"
      }
    },
    {
      "type": "Feature",
      "geometry": {
        "type": "Point",
        "coordinates": [
          -38.4735575797616,
          -12.9468140339258
        ]
      },
      "properties": {
        "id": "1253",
        "nome": "Ilé Asé Omi Oxum Pondó",
        "lideranca": "Vera Maria Dultra do Vale",
        "nacao": "Ijexá",
        "ano_fundacao": "1991",
        "regente": "Oxum",
        "bairro": "Barros Reis",
        "endereco": "Rua Eufrosina Miranda , 44",
        "cep": "40315-490",
        "telefone": "3244-8111",
        "foto_thumb": "http://www.terreiros.ceao.ufba.br/_FT/pq/1253.jpg",
        "foto_grande": "http://www.terreiros.ceao.ufba.br/_FT/gd/1253.jpg"
      }
    },
    {
      "type": "Feature",
      "geometry": {
        "type": "Point",
        "coordinates": [
          -38.4807632463377,
          -12.9656524089938
        ]
      },
      "properties": {
        "id": "1254",
        "nome": "D'Ajussum Mansu Mosubandu Kequé Filho",
        "lideranca": "Jorlando de Oliveira Souza",
        "nacao": "Keto",
        "ano_fundacao": "1967",
        "regente": "Obaluaê",
        "bairro": "Uruguai",
        "endereco": "Rua Matias de Albuquerque, 02",
        "cep": "40450-105",
        "telefone": "3313-2477/ 8721-4406 (Mércia)",
        "foto_thumb": "http://www.terreiros.ceao.ufba.br/_FT/pq/1254.jpg",
        "foto_grande": "http://www.terreiros.ceao.ufba.br/_FT/gd/1254.jpg"
      }
    },
    {
      "type": "Feature",
      "geometry": {
        "type": "Point",
        "coordinates": [
          -38.499545243047,
          -12.9391956151169
        ]
      },
      "properties": {
        "id": "1257",
        "nome": "Unzo Oramim Kei de Unzambi",
        "lideranca": "Mario Sérgio Carvalho",
        "nacao": "Angola",
        "ano_fundacao": "2002",
        "regente": "Iemanjá Ogunté",
        "bairro": "Eng. V. da Federação",
        "endereco": "2a Trav. Sérgio de Cavalho, 24",
        "cep": "40230-079",
        "telefone": "3235-7067/ 2201-8045",
        "foto_thumb": "http://www.terreiros.ceao.ufba.br/_FT/pq/1257.jpg",
        "foto_grande": "http://www.terreiros.ceao.ufba.br/_FT/gd/1257.jpg"
      }
    },
    {
      "type": "Feature",
      "geometry": {
        "type": "Point",
        "coordinates": [
          -38.5019456906411,
          -12.9982073496715
        ]
      },
      "properties": {
        "id": "1258",
        "nome": "Giro de Caboclo Penacho de Ouro",
        "lideranca": "Zenaide  da Silva Rodrigues",
        "nacao": "Keto",
        "ano_fundacao": "1971",
        "regente": "Caboclo Penacho de Ouro",
        "bairro": "Saúde",
        "endereco": "Rua do Alvo, 228",
        "cep": "40045-180",
        "telefone": "3241-2898",
        "foto_thumb": "http://www.terreiros.ceao.ufba.br/_FT/pq/1258.jpg",
        "foto_grande": "http://www.terreiros.ceao.ufba.br/_FT/gd/1258.jpg"
      }
    },
    {
      "type": "Feature",
      "geometry": {
        "type": "Point",
        "coordinates": [
          -38.5062024701429,
          -12.9699686988401
        ]
      },
      "properties": {
        "id": "1260",
        "nome": "Gonxiá de Obaluaê Muncombo Mononguzu",
        "lideranca": "Francisca de Assis Dantas",
        "nacao": "Angola",
        "ano_fundacao": "1987",
        "regente": "não informado",
        "bairro": "Arraial do Retiro",
        "endereco": "Rua Direta do Arraial do Retiro, 99",
        "telefone": "3257-1166",
        "foto_thumb": "http://www.terreiros.ceao.ufba.br/_FT/pq/1260.jpg",
        "foto_grande": "http://www.terreiros.ceao.ufba.br/_FT/gd/1260.jpg"
      }
    },
    {
      "type": "Feature",
      "geometry": {
        "type": "Point",
        "coordinates": [
          -38.4645201119656,
          -12.9436881469945
        ]
      },
      "properties": {
        "id": "1263",
        "nome": "Ilê Ogum Pará Megi",
        "lideranca": "Rita de Cássia Moreira dos Santos",
        "nacao": "Keto",
        "ano_fundacao": "1995",
        "regente": "Ogum",
        "bairro": "Cajazeiras X",
        "endereco": "Rua E,  Caminho 4, Casa 9, Setor 2",
        "telefone": "8888-1489",
        "foto_thumb": "http://www.terreiros.ceao.ufba.br/_FT/pq/1263.jpg",
        "foto_grande": "http://www.terreiros.ceao.ufba.br/_FT/gd/1263.jpg"
      }
    },
    {
      "type": "Feature",
      "geometry": {
        "type": "Point",
        "coordinates": [
          -38.4090101655888,
          -12.8816151390082
        ]
      },
      "properties": {
        "id": "1264",
        "nome": "Onipó Filho",
        "lideranca": "Ana de Oliveira Nery",
        "nacao": "Angola",
        "ano_fundacao": "1961",
        "regente": "Iansã",
        "bairro": "Boca do Rio",
        "endereco": "4ª Trav. Eugênio Sales, 5",
        "cep": "41741-385",
        "telefone": "3461-0985/ 8897-8060",
        "foto_thumb": "http://www.terreiros.ceao.ufba.br/_FT/pq/1264.jpg",
        "foto_grande": "http://www.terreiros.ceao.ufba.br/_FT/gd/1264.jpg"
      }
    },
    {
      "type": "Feature",
      "geometry": {
        "type": "Point",
        "coordinates": [
          -38.4201787282937,
          -12.9741663953502
        ]
      },
      "properties": {
        "id": "1266",
        "nome": "Ilê Axé de Ogum",
        "lideranca": "Moisés Nascimento Santana",
        "nacao": "Jêje Savalu",
        "ano_fundacao": "2005",
        "regente": "Ogum",
        "bairro": "Paripe",
        "endereco": "Rua Dr. Eduardo Dotto, 185, Tubarão",
        "cep": "40800-900",
        "telefone": "3217-5667/ 8857-1921",
        "foto_thumb": "http://www.terreiros.ceao.ufba.br/_FT/pq/1266.jpg",
        "foto_grande": "http://www.terreiros.ceao.ufba.br/_FT/gd/1266.jpg"
      }
    },
    {
      "type": "Feature",
      "geometry": {
        "type": "Point",
        "coordinates": [
          -38.4709896205707,
          -12.8320683525337
        ]
      },
      "properties": {
        "id": "1267",
        "nome": "Centro de Caboclo Sete Flechas",
        "lideranca": "Maria do Carmo Cavalcante dos Santos",
        "nacao": "Angola Umbanda",
        "ano_fundacao": "1983",
        "regente": "Oxum Apará",
        "bairro": "Vasco da Gama",
        "endereco": "Rua Monte Belém do Meio, 33, fundos",
        "cep": "40243-190",
        "telefone": "3261-1842",
        "foto_thumb": "http://www.terreiros.ceao.ufba.br/_FT/pq/1267.jpg",
        "foto_grande": "http://www.terreiros.ceao.ufba.br/_FT/gd/1267.jpg"
      }
    },
    {
      "type": "Feature",
      "geometry": {
        "type": "Point",
        "coordinates": [
          -38.5045990801672,
          -12.9880640212503
        ]
      },
      "properties": {
        "id": "1268",
        "nome": "Centro Sultão das Matas",
        "lideranca": "Valmiria Reouças dos Santos",
        "nacao": "Keto",
        "ano_fundacao": "1997",
        "regente": "Iansã",
        "bairro": "São Caetano",
        "endereco": "Rua Sargento Camargo, 95E",
        "cep": "40391-154",
        "telefone": "3386-0963/ 9922-4438",
        "foto_thumb": "http://www.terreiros.ceao.ufba.br/_FT/pq/1268.jpg",
        "foto_grande": "http://www.terreiros.ceao.ufba.br/_FT/gd/1268.jpg"
      }
    },
    {
      "type": "Feature",
      "geometry": {
        "type": "Point",
        "coordinates": [
          -38.4721013842994,
          -12.9284259617224
        ]
      },
      "properties": {
        "id": "1269",
        "nome": "Ilê Axé Alarabedê",
        "lideranca": "Valdemar Francisco de Melo",
        "nacao": "Keto",
        "ano_fundacao": "1958",
        "regente": "Ogum",
        "bairro": "Eng. V. da Federação",
        "endereco": "2a Trav. Apolinário de Santana, Av. Francisco, 46",
        "cep": "40220-100",
        "telefone": "3305-7874/3023-6377/ 9175-0557",
        "foto_thumb": "http://www.terreiros.ceao.ufba.br/_FT/pq/1269.jpg",
        "foto_grande": "http://www.terreiros.ceao.ufba.br/_FT/gd/1269.jpg"
      }
    },
    {
      "type": "Feature",
      "geometry": {
        "type": "Point",
        "coordinates": [
          -38.4993479345329,
          -13.0018629308251
        ]
      },
      "properties": {
        "id": "1271",
        "nome": "Ilé Axé Lofan Demin",
        "lideranca": "Luis Cláudio dos Reis Carmo",
        "nacao": "Keto",
        "ano_fundacao": "2002",
        "regente": "Logunedé",
        "bairro": "Arenoso",
        "endereco": "Rua 21 de Abril, 70",
        "cep": "41221-550",
        "telefone": "3231-4426/ 8109-2276",
        "foto_thumb": "http://www.terreiros.ceao.ufba.br/_FT/pq/1271.jpg",
        "foto_grande": "http://www.terreiros.ceao.ufba.br/_FT/gd/1271.jpg"
      }
    },
    {
      "type": "Feature",
      "geometry": {
        "type": "Point",
        "coordinates": [
          -38.4439292448472,
          -12.9433436841453
        ]
      },
      "properties": {
        "id": "1272",
        "nome": "Ilê Asé Neguamen Filho Lembá",
        "lideranca": "Perolina Mercês dos Santos",
        "nacao": "Keto",
        "ano_fundacao": "2005",
        "regente": "Omolu",
        "bairro": "Fazenda Grande II",
        "telefone": "3395-6075",
        "foto_thumb": "http://www.terreiros.ceao.ufba.br/_FT/pq/1272.jpg",
        "foto_grande": "http://www.terreiros.ceao.ufba.br/_FT/gd/1272.jpg"
      }
    },
    {
      "type": "Feature",
      "geometry": {
        "type": "Point",
        "coordinates": [
          -38.4052355946649,
          -12.9044865083368
        ]
      },
      "properties": {
        "id": "1273",
        "nome": "Ilé Asé Omín Nítá",
        "lideranca": "Wilson Nunes Cardoso",
        "nacao": "Keto",
        "ano_fundacao": "1985",
        "regente": "Ogum",
        "bairro": "Amaralina",
        "cep": "41820-020",
        "telefone": "3248-5667/ 9934-6088",
        "foto_thumb": "http://www.terreiros.ceao.ufba.br/_FT/pq/1273.jpg",
        "foto_grande": "http://www.terreiros.ceao.ufba.br/_FT/gd/1273.jpg"
      }
    },
    {
      "type": "Feature",
      "geometry": {
        "type": "Point",
        "coordinates": [
          -38.4780490206243,
          -13.0118629287789
        ]
      },
      "properties": {
        "id": "1274",
        "nome": "D'ioyá Kegan",
        "lideranca": "Helena da Silva Barros",
        "nacao": "Keto",
        "ano_fundacao": "1957",
        "regente": "Iansã",
        "bairro": "San Martin",
        "endereco": "1a Trav. Esperança, 19 (Antigo Tanque do Meio)",
        "cep": "40355-040",
        "telefone": "3214-7153",
        "foto_thumb": "http://www.terreiros.ceao.ufba.br/_FT/pq/1274.jpg",
        "foto_grande": "http://www.terreiros.ceao.ufba.br/_FT/gd/1274.jpg"
      }
    },
    {
      "type": "Feature",
      "geometry": {
        "type": "Point",
        "coordinates": [
          -38.4838593007916,
          -12.9410239005145
        ]
      },
      "properties": {
        "id": "1275",
        "nome": "Centro de Caboclo Sultão das Matas",
        "lideranca": "Altamira Campos Julião",
        "nacao": "Angola",
        "ano_fundacao": "1992",
        "regente": "Oxóssi",
        "bairro": "São Caetano",
        "cep": "40391-156",
        "telefone": "3213-7019",
        "foto_thumb": "http://www.terreiros.ceao.ufba.br/_FT/pq/1275.jpg",
        "foto_grande": "http://www.terreiros.ceao.ufba.br/_FT/gd/1275.jpg"
      }
    },
    {
      "type": "Feature",
      "geometry": {
        "type": "Point",
        "coordinates": [
          -38.4828055411431,
          -12.9331886865409
        ]
      },
      "properties": {
        "id": "1276",
        "nome": "Ilê Asé Iyá Omim Odó",
        "lideranca": "Luciano Bispo dos Santos",
        "nacao": "Keto",
        "ano_fundacao": "2000",
        "regente": "Oxum",
        "bairro": "Fazenda Grande II",
        "endereco": "Rua Aurelio Lopes, 60E",
        "telefone": "9142-5411",
        "foto_thumb": "http://www.terreiros.ceao.ufba.br/_FT/pq/1276.jpg",
        "foto_grande": "http://www.terreiros.ceao.ufba.br/_FT/gd/1276.jpg"
      }
    },
    {
      "type": "Feature",
      "geometry": {
        "type": "Point",
        "coordinates": [
          -38.407895974202,
          -12.9021682397859
        ]
      },
      "properties": {
        "id": "1277",
        "nome": "Ilê Asé Gira Ndé Filho de Lemba",
        "lideranca": "Francisco Assis de Oliveira Rocha",
        "nacao": "Alaketo",
        "ano_fundacao": "2004",
        "regente": "Ogum",
        "bairro": "Cajazeiras X",
        "endereco": "Setor II, Rua 4, Casa 55 (Curva do Boi)",
        "telefone": "8219-5562",
        "foto_thumb": "http://www.terreiros.ceao.ufba.br/_FT/pq/1277.jpg",
        "foto_grande": "http://www.terreiros.ceao.ufba.br/_FT/gd/1277.jpg"
      }
    },
    {
      "type": "Feature",
      "geometry": {
        "type": "Point",
        "coordinates": [
          -38.4118176493783,
          -12.8828377041695
        ]
      },
      "properties": {
        "id": "1278",
        "nome": "Dandalunda Cantumbereci Diumzambi",
        "lideranca": "Cláudia Barbosa dos Santos",
        "nacao": "Angola",
        "ano_fundacao": "1997",
        "regente": "Oxum",
        "bairro": "Fazenda Grande II",
        "endereco": "Rua Jaguaripe I, Caminho 10, Casa s/n",
        "cep": "41651-040",
        "telefone": "3395-6075",
        "foto_thumb": "http://www.terreiros.ceao.ufba.br/_FT/pq/1278.jpg",
        "foto_grande": "http://www.terreiros.ceao.ufba.br/_FT/gd/1278.jpg"
      }
    },
    {
      "type": "Feature",
      "geometry": {
        "type": "Point",
        "coordinates": [
          -38.4054609669256,
          -12.9038989617858
        ]
      },
      "properties": {
        "id": "1279",
        "nome": "Ilé Axé Neguetutamburá",
        "lideranca": "Núbia Alves da Silva",
        "nacao": "Keto",
        "ano_fundacao": "1990",
        "regente": "Oiá Balé",
        "bairro": "Jardim Cajazeiras",
        "endereco": "Rua Juracy Trindade , 135",
        "cep": "41230-540",
        "telefone": "3293-3760",
        "foto_thumb": "http://www.terreiros.ceao.ufba.br/_FT/pq/1279.jpg",
        "foto_grande": "http://www.terreiros.ceao.ufba.br/_FT/gd/1279.jpg"
      }
    },
    {
      "type": "Feature",
      "geometry": {
        "type": "Point",
        "coordinates": [
          -38.4469085904921,
          -12.9136413090188
        ]
      },
      "properties": {
        "id": "1280",
        "nome": "Onzó Mutalambo",
        "lideranca": "Maria de Jesus Rocha Soares",
        "nacao": "Angola",
        "ano_fundacao": "1953",
        "regente": "Oxóssi",
        "bairro": "CEASA",
        "cep": "41402-050",
        "telefone": "3301-5315",
        "foto_thumb": "http://www.terreiros.ceao.ufba.br/_FT/pq/1280.jpg",
        "foto_grande": "http://www.terreiros.ceao.ufba.br/_FT/gd/1280.jpg"
      }
    },
    {
      "type": "Feature",
      "geometry": {
        "type": "Point",
        "coordinates": [
          -38.4722069932345,
          -12.9180268898467
        ]
      },
      "properties": {
        "id": "1281",
        "nome": "Ilê Axé Ogô Ogum",
        "lideranca": "Alda Fernandes",
        "nacao": "Keto",
        "ano_fundacao": "1999",
        "regente": "Ogum",
        "bairro": "Cajazeiras X",
        "telefone": "3238-0336/ 8176-9719",
        "foto_thumb": "http://www.terreiros.ceao.ufba.br/_FT/pq/1281.jpg",
        "foto_grande": "http://www.terreiros.ceao.ufba.br/_FT/gd/1281.jpg"
      }
    },
    {
      "type": "Feature",
      "geometry": {
        "type": "Point",
        "coordinates": [
          -38.4072268328999,
          -12.8902284159447
        ]
      },
      "properties": {
        "id": "1282",
        "nome": "Ilê Axé Oyá Omi Fará",
        "lideranca": "Valter Oliveira dos Santos",
        "nacao": "Keto",
        "ano_fundacao": "1999",
        "regente": "Iansã",
        "bairro": "Novo Horizonte",
        "endereco": "Rua Flores, 13 E",
        "cep": "41218-004",
        "telefone": "8101-2708"
      }
    },
    {
      "type": "Feature",
      "geometry": {
        "type": "Point",
        "coordinates": [
          -38.4746727386489,
          -12.9148324970326
        ]
      },
      "properties": {
        "id": "1283",
        "nome": "Terreiro Aloyá",
        "lideranca": "Eurico Alcântara dos Santos",
        "nacao": "Keto",
        "ano_fundacao": "1979",
        "regente": "Obaluaê",
        "bairro": "Itapuã",
        "endereco": "Rua Alto do Abaeté, 37",
        "cep": "41610-510",
        "telefone": "3249-5350/ 8875-9611",
        "foto_thumb": "http://www.terreiros.ceao.ufba.br/_FT/pq/1283.jpg",
        "foto_grande": "http://www.terreiros.ceao.ufba.br/_FT/gd/1283.jpg"
      }
    },
    {
      "type": "Feature",
      "geometry": {
        "type": "Point",
        "coordinates": [
          -38.474188927304,
          -12.9150478837742
        ]
      },
      "properties": {
        "id": "1284",
        "nome": "Ilê Axé Jitukuê",
        "lideranca": "Jorgina Dionisia Santana",
        "nacao": "Keto",
        "ano_fundacao": "1971",
        "regente": "Obaluaê",
        "bairro": "Nova Brasília",
        "cep": "41350-250",
        "telefone": "3212-0626/ 9955-9411",
        "foto_thumb": "http://www.terreiros.ceao.ufba.br/_FT/pq/1284.jpg",
        "foto_grande": "http://www.terreiros.ceao.ufba.br/_FT/gd/1284.jpg"
      }
    },
    {
      "type": "Feature",
      "geometry": {
        "type": "Point",
        "coordinates": [
          -38.4736913546802,
          -12.9151113297104
        ]
      },
      "properties": {
        "id": "1285",
        "nome": "Não informado",
        "lideranca": "Edvado Simões dos Santos",
        "nacao": "Keto",
        "ano_fundacao": "1992",
        "regente": "Xangô",
        "bairro": "Nova Brasília",
        "endereco": "Rua do Vale, 44E, Estrada Velha do Aeroporto",
        "cep": "41350-230",
        "telefone": "3212-6258/ 8837-0321"
      }
    },
    {
      "type": "Feature",
      "geometry": {
        "type": "Point",
        "coordinates": [
          -38.4732825209671,
          -12.9153775031006
        ]
      },
      "properties": {
        "id": "1287",
        "nome": "Ilê Axé Obá Kossú Onirá",
        "lideranca": "Jacy Maria dos Santos Lessa",
        "nacao": "Keto",
        "ano_fundacao": "1985",
        "regente": "Xangô",
        "bairro": "Ilha Bom Jesus dos Passos",
        "endereco": "Rua Rosa Maria Passos, s/n",
        "telefone": "3305-4804",
        "foto_thumb": "http://www.terreiros.ceao.ufba.br/_FT/pq/1287.jpg",
        "foto_grande": "http://www.terreiros.ceao.ufba.br/_FT/gd/1287.jpg"
      }
    },
    {
      "type": "Feature",
      "geometry": {
        "type": "Point",
        "coordinates": [
          -38.6400358674984,
          -12.7587406417817
        ]
      },
      "properties": {
        "id": "1288",
        "nome": "Ilê Ijá Obe Ocutá",
        "lideranca": "Isolino José dos Passos",
        "nacao": "Jêje-Nagô Keto",
        "ano_fundacao": "1987",
        "regente": "Iemanjá",
        "bairro": "Ilha Bom Jesus dos Passos",
        "endereco": "Rua do Brito, s/n",
        "telefone": "3462-5177/ 3297-3085 (Pedro Paulo)",
        "foto_thumb": "http://www.terreiros.ceao.ufba.br/_FT/pq/1288.jpg",
        "foto_grande": "http://www.terreiros.ceao.ufba.br/_FT/gd/1288.jpg"
      }
    },
    {
      "type": "Feature",
      "geometry": {
        "type": "Point",
        "coordinates": [
          -38.6382374132771,
          -12.7597133897857
        ]
      },
      "properties": {
        "id": "1289",
        "nome": "Ogum Kariré",
        "lideranca": "Maria José da França",
        "nacao": "Angola",
        "ano_fundacao": "0",
        "regente": "Ogum",
        "bairro": "CEASA",
        "endereco": "Rua Barro Duro, Jardim Campo Verde",
        "cep": "41402-000",
        "telefone": "3301-5315 (recado c/ Maria de Jesus)",
        "foto_thumb": "http://www.terreiros.ceao.ufba.br/_FT/pq/1289.jpg",
        "foto_grande": "http://www.terreiros.ceao.ufba.br/_FT/gd/1289.jpg"
      }
    },
    {
      "type": "Feature",
      "geometry": {
        "type": "Point",
        "coordinates": [
          -38.4740399513432,
          -12.9144767624773
        ]
      },
      "properties": {
        "id": "1290",
        "nome": "Terreiro de Ogum com Iansã",
        "lideranca": "Maria Angelita de Amorim",
        "nacao": "Keto",
        "ano_fundacao": "1953",
        "regente": "Ogum",
        "bairro": "Ilha de Maré",
        "endereco": "Rua Cais do Engenho, 55, Botelho",
        "cep": "42500-000",
        "telefone": "3297-5017/5029/5013",
        "foto_thumb": "http://www.terreiros.ceao.ufba.br/_FT/pq/1290.jpg",
        "foto_grande": "http://www.terreiros.ceao.ufba.br/_FT/gd/1290.jpg"
      }
    },
    {
      "type": "Feature",
      "geometry": {
        "type": "Point",
        "coordinates": [
          -38.4840783544391,
          -12.9032061053308
        ]
      },
      "properties": {
        "id": "1291",
        "nome": "Ilê Axé Omim Ogum",
        "lideranca": "Antônia Maria dos Santos Luz",
        "nacao": "Keto Angola",
        "ano_fundacao": "1984",
        "regente": "Iemanjá Ogunté",
        "bairro": "Jardim Cajazeiras",
        "cep": "41230-410",
        "telefone": "3215-1419/ 3246-4925",
        "foto_thumb": "http://www.terreiros.ceao.ufba.br/_FT/pq/1291.jpg",
        "foto_grande": "http://www.terreiros.ceao.ufba.br/_FT/gd/1291.jpg"
      }
    },
    {
      "type": "Feature",
      "geometry": {
        "type": "Point",
        "coordinates": [
          -38.4749878005532,
          -12.9145247024015
        ]
      },
      "properties": {
        "id": "1292",
        "nome": "Mameto Kecimbi Folha do Amací",
        "lideranca": "José Carlos Barbosa  dos Santos",
        "nacao": "Angola",
        "ano_fundacao": "1979",
        "regente": "Oxum",
        "bairro": "Fazenda Grande do Retiro",
        "endereco": "Rua Melo de Moraes Filho, Vila Natal JQ, 13",
        "cep": "40352-190",
        "telefone": "3212-0626/ 8164-9738",
        "foto_thumb": "http://www.terreiros.ceao.ufba.br/_FT/pq/1292.jpg",
        "foto_grande": "http://www.terreiros.ceao.ufba.br/_FT/gd/1292.jpg"
      }
    },
    {
      "type": "Feature",
      "geometry": {
        "type": "Point",
        "coordinates": [
          -38.476123621255,
          -12.9144487239661
        ]
      },
      "properties": {
        "id": "1295",
        "nome": "Ilê Axé Omí Karê Lewi",
        "lideranca": "Carlos Alberto de Oliveira Bottas",
        "nacao": "Jêje Savalu",
        "ano_fundacao": "1939",
        "regente": "Oxum",
        "bairro": "Fazenda Grande IV",
        "cep": "41340-060",
        "telefone": "3238-6334/ 1106/ 5374/ 8899-5027",
        "foto_thumb": "http://www.terreiros.ceao.ufba.br/_FT/pq/1295.jpg",
        "foto_grande": "http://www.terreiros.ceao.ufba.br/_FT/gd/1295.jpg"
      }
    }
  ]
}