{
  "type": "FeatureCollection",
  "features": [
    {
      "type": "Feature",
      "geometry": {
        "type": "Point",
        "coordinates": [
          -38.4764239124742,
          -12.9119026077437
        ]
      },
      "properties": {
        "nome": "Ilê Axé",
        "fonte": "ceao",
        "fonte_detalhe": "CEAO/UFBA - terreiros.ceao.ufba.br",
        "endereco": "Rua Juruna, 10E",
        "bairro": "Paripe",
        "telefone": "não tem",
        "rating": 4.7,
        "reviews": 29,
        "lideranca": "Idalina Paraguaçu Peres",
        "nacao": "Angola",
        "ano_fundacao": "2002",
        "regente": "Xangô",
        "cep": "40800-180",
        "foto_thumb": "http://www.terreiros.ceao.ufba.br/_FT/pq/655.jpg",
        "foto_grande": "http://www.terreiros.ceao.ufba.br/_FT/gd/655.jpg",
        "ceao_id": "655",
        "geo_status": "in_bahia"
      }
    },
    {
      "type": "Feature",
      "geometry": {
        "type": "Point",
        "coordinates": [
          -40.0846188,
          -13.8724732
        ]
      },
      "properties": {
        "nome": "Terreiro de Abaluaiê",
        "fonte": "osm",
        "geo_status": "in_bahia"
      }
    },
    {
      "type": "Feature",
      "geometry": {
        "type": "Point",
        "coordinates": [
          -38.4894529340324,
          -12.9793618137404
        ]
      },
      "properties": {
        "nome": "Ilê Axé Omin Odó Oxum Apará",
        "fonte": "ceao",
        "fonte_detalhe": "CEAO/UFBA - terreiros.ceao.ufba.br",
        "endereco": "Rua Jaguarari, 1ª Trav. Domingo Lopes, 19 fundo",
        "bairro": "Cosme de Farias",
        "telefone": "3233-2546",
        "rating": 5,
        "reviews": 17,
        "lideranca": "Antônia Correia dos Santos",
        "nacao": "Keto",
        "ano_fundacao": "1991",
        "regente": "Oxum",
        "cep": "40254-126",
        "foto_thumb": "http://www.terreiros.ceao.ufba.br/_FT/pq/68.jpg",
        "foto_grande": "http://www.terreiros.ceao.ufba.br/_FT/gd/68.jpg",
        "ceao_id": "68",
        "geo_status": "in_bahia"
      }
    },
    {
      "type": "Feature",
      "geometry": {
        "type": "Point",
        "coordinates": [
          -38.3555850648695,
          -12.937606112978
        ]
      },
      "properties": {
        "nome": "Axé Abassa de Ogum",
        "fonte": "ceao",
        "fonte_detalhe": "CEAO/UFBA - terreiros.ceao.ufba.br",
        "endereco": "1ª Trav. Luis Viana Filho, 17, Nova Brasília",
        "bairro": "Itapuã",
        "telefone": "3285-1765/ 8804-4528",
        "lideranca": "Jaciara Ribeiro dos Santos",
        "nacao": "Jêje Keto",
        "ano_fundacao": "1967",
        "regente": "Ogum",
        "cep": "41640-450",
        "foto_thumb": "http://www.terreiros.ceao.ufba.br/_FT/pq/218.jpg",
        "foto_grande": "http://www.terreiros.ceao.ufba.br/_FT/gd/218.jpg",
        "ceao_id": "218",
        "geo_status": "in_bahia"
      }
    },
    {
      "type": "Feature",
      "geometry": {
        "type": "Point",
        "coordinates": [
          -38.4827096,
          -12.9164608
        ]
      },
      "properties": {
        "nome": "Terreiro Obá Tombagi",
        "fonte": "osm",
        "geo_status": "in_bahia"
      }
    },
    {
      "type": "Feature",
      "geometry": {
        "type": "Point",
        "coordinates": [
          -38.3492569020354,
          -12.9160268101991
        ]
      },
      "properties": {
        "nome": "Terreiro de Odé Sete Folhas",
        "fonte": "ceao",
        "fonte_detalhe": "CEAO/UFBA - terreiros.ceao.ufba.br",
        "endereco": "Rua Ambrosio Calmon, 111",
        "bairro": "Periperi",
        "telefone": "3397-7953",
        "rating": 5,
        "reviews": 5,
        "lideranca": "Rubem Martins Santos",
        "nacao": "Keto",
        "ano_fundacao": "1957",
        "regente": "Oxóssi",
        "cep": "40725-630",
        "foto_thumb": "http://www.terreiros.ceao.ufba.br/_FT/pq/693.jpg",
        "foto_grande": "http://www.terreiros.ceao.ufba.br/_FT/gd/693.jpg",
        "ceao_id": "693",
        "geo_status": "in_bahia"
      }
    },
    {
      "type": "Feature",
      "geometry": {
        "type": "Point",
        "coordinates": [
          -38.4543552703202,
          -12.949349407198
        ]
      },
      "properties": {
        "nome": "Terreiro Tologi",
        "fonte": "ceao",
        "fonte_detalhe": "CEAO/UFBA - terreiros.ceao.ufba.br",
        "bairro": "Cabula",
        "telefone": "3384-9537",
        "lideranca": "Dilcéia Maria F. Moura",
        "nacao": "Alaketo",
        "ano_fundacao": "1973",
        "regente": "Ogum e Iansã",
        "cep": "41200-125",
        "foto_thumb": "http://www.terreiros.ceao.ufba.br/_FT/pq/1029.jpg",
        "foto_grande": "http://www.terreiros.ceao.ufba.br/_FT/gd/1029.jpg",
        "ceao_id": "1029",
        "geo_status": "in_bahia"
      }
    },
    {
      "type": "Feature",
      "geometry": {
        "type": "Point",
        "coordinates": [
          -38.522053230786,
          -13.0080109928356
        ]
      },
      "properties": {
        "nome": "Terreiro Ogum da Cariri",
        "fonte": "ceao",
        "fonte_detalhe": "CEAO/UFBA - terreiros.ceao.ufba.br",
        "bairro": "Chame-Chame",
        "telefone": "3235-7623",
        "lideranca": "Sergio Batista da Paixão",
        "nacao": "Angola",
        "ano_fundacao": "1906",
        "regente": "Ogum",
        "cep": "40140-840",
        "foto_thumb": "http://www.terreiros.ceao.ufba.br/_FT/pq/8.jpg",
        "foto_grande": "http://www.terreiros.ceao.ufba.br/_FT/gd/8.jpg",
        "ceao_id": "8",
        "geo_status": "in_bahia"
      }
    },
    {
      "type": "Feature",
      "geometry": {
        "type": "Point",
        "coordinates": [
          -38.4702401241828,
          -12.9331300743072
        ]
      },
      "properties": {
        "nome": "Cosme e Damião da Bela União",
        "fonte": "ceao",
        "fonte_detalhe": "CEAO/UFBA - terreiros.ceao.ufba.br",
        "endereco": "Rua do Beco, Praia Grande",
        "bairro": "Ilha de Maré",
        "telefone": "3297-2193 (Renilde, sobrinha)",
        "lideranca": "Maria da Gloria das Neves",
        "nacao": "Nagô",
        "ano_fundacao": "1957",
        "regente": "Oxum",
        "cep": "42500-000",
        "foto_thumb": "http://www.terreiros.ceao.ufba.br/_FT/pq/1150.jpg",
        "foto_grande": "http://www.terreiros.ceao.ufba.br/_FT/gd/1150.jpg",
        "ceao_id": "1150",
        "geo_status": "in_bahia"
      }
    },
    {
      "type": "Feature",
      "geometry": {
        "type": "Point",
        "coordinates": [
          -38.487208355364,
          -12.9807402365028
        ]
      },
      "properties": {
        "nome": "Terreiro de Oxossi",
        "fonte": "ceao",
        "fonte_detalhe": "CEAO/UFBA - terreiros.ceao.ufba.br",
        "bairro": "Cosme de Farias",
        "telefone": "3234-0194",
        "rating": 5,
        "reviews": 1,
        "lideranca": "Hilda Lima Gonçalves",
        "nacao": "Keto",
        "ano_fundacao": "1960",
        "regente": "Oxóssi",
        "cep": "40250-380",
        "foto_thumb": "http://www.terreiros.ceao.ufba.br/_FT/pq/206.jpg",
        "foto_grande": "http://www.terreiros.ceao.ufba.br/_FT/gd/206.jpg",
        "ceao_id": "206",
        "geo_status": "in_bahia"
      }
    },
    {
      "type": "Feature",
      "geometry": {
        "type": "Point",
        "coordinates": [
          -38.5148496785109,
          -13.0027628349288
        ]
      },
      "properties": {
        "nome": "Giro de Caboclo",
        "fonte": "ceao",
        "fonte_detalhe": "CEAO/UFBA - terreiros.ceao.ufba.br",
        "endereco": "Rua Benício Ramos",
        "bairro": "Alto das Pombas",
        "telefone": "3245-4793/ 9916-6514",
        "lideranca": "José Carlos da Silva Dias (Pai Kakaio)",
        "nacao": "Keto",
        "ano_fundacao": "1994",
        "regente": "Oxóssi",
        "cep": "40251-380",
        "foto_thumb": "http://www.terreiros.ceao.ufba.br/_FT/pq/30.jpg",
        "foto_grande": "http://www.terreiros.ceao.ufba.br/_FT/gd/30.jpg",
        "ceao_id": "30",
        "geo_status": "in_bahia"
      }
    },
    {
      "type": "Feature",
      "geometry": {
        "type": "Point",
        "coordinates": [
          -38.4541850852808,
          -12.8581325874388
        ]
      },
      "properties": {
        "nome": "Ylê Axé",
        "fonte": "ceao",
        "fonte_detalhe": "CEAO/UFBA - terreiros.ceao.ufba.br",
        "endereco": "Rua Anápolis, 112",
        "bairro": "Periperi",
        "telefone": "3386-3977",
        "lideranca": "Dagoberto Ribeiro de Souza",
        "nacao": "Keto",
        "ano_fundacao": "1964",
        "regente": "Oxum",
        "cep": "40735-030",
        "foto_thumb": "http://www.terreiros.ceao.ufba.br/_FT/pq/1182.jpg",
        "foto_grande": "http://www.terreiros.ceao.ufba.br/_FT/gd/1182.jpg",
        "ceao_id": "1182",
        "geo_status": "in_bahia"
      }
    },
    {
      "type": "Feature",
      "geometry": {
        "type": "Point",
        "coordinates": [
          -38.4698322831902,
          -12.8732443332031
        ]
      },
      "properties": {
        "nome": "Ylê Ibá Ogum",
        "fonte": "ceao",
        "fonte_detalhe": "CEAO/UFBA - terreiros.ceao.ufba.br",
        "bairro": "Rio Sena",
        "telefone": "3521-3262",
        "lideranca": "Carlos Batista dos Santos",
        "nacao": "Keto",
        "ano_fundacao": "1980",
        "regente": "Ogum",
        "cep": "40725-475",
        "foto_thumb": "http://www.terreiros.ceao.ufba.br/_FT/pq/962.jpg",
        "foto_grande": "http://www.terreiros.ceao.ufba.br/_FT/gd/962.jpg",
        "ceao_id": "962",
        "geo_status": "in_bahia"
      }
    },
    {
      "type": "Feature",
      "geometry": {
        "type": "Point",
        "coordinates": [
          -38.4577147,
          -12.9719513
        ]
      },
      "properties": {
        "nome": "TERREIRO NINFA",
        "fonte": "osm",
        "geo_status": "in_bahia"
      }
    },
    {
      "type": "Feature",
      "geometry": {
        "type": "Point",
        "coordinates": [
          -38.4981241,
          -12.9612863
        ]
      },
      "properties": {
        "nome": "TERREIRO SUTAO DAS MATAS OXUM LOGOMIN",
        "fonte": "osm",
        "geo_status": "in_bahia"
      }
    },
    {
      "type": "Feature",
      "geometry": {
        "type": "Point",
        "coordinates": [
          -38.3674313311922,
          -12.9103650464303
        ]
      },
      "properties": {
        "nome": "Terreiro São Jorge (Odé Toquí)",
        "fonte": "ceao",
        "fonte_detalhe": "CEAO/UFBA - terreiros.ceao.ufba.br",
        "endereco": "Rua 16 de Agosto , 20",
        "bairro": "São Cristóvão",
        "telefone": "3365-4448",
        "rating": 5,
        "reviews": 4,
        "lideranca": "Teodoro Pereira",
        "nacao": "Grono Keto",
        "ano_fundacao": "1967",
        "regente": "OxóssiTupi da Pedra Preta",
        "cep": "41510-050",
        "foto_thumb": "http://www.terreiros.ceao.ufba.br/_FT/pq/262.jpg",
        "foto_grande": "http://www.terreiros.ceao.ufba.br/_FT/gd/262.jpg",
        "ceao_id": "262",
        "geo_status": "in_bahia"
      }
    },
    {
      "type": "Feature",
      "geometry": {
        "type": "Point",
        "coordinates": [
          -38.5123238,
          -13.0069897
        ]
      },
      "properties": {
        "nome": "ILE AXE ONIRA JEGUESSY",
        "fonte": "osm",
        "geo_status": "in_bahia"
      }
    },
    {
      "type": "Feature",
      "geometry": {
        "type": "Point",
        "coordinates": [
          -38.4998337,
          -13.00924
        ]
      },
      "properties": {
        "nome": "ILE AXE ORUM MOGI",
        "fonte": "osm",
        "geo_status": "in_bahia"
      }
    },
    {
      "type": "Feature",
      "geometry": {
        "type": "Point",
        "coordinates": [
          -38.4658983,
          -12.8709768
        ]
      },
      "properties": {
        "nome": "ILE AXE DE MAE NANA",
        "fonte": "osm",
        "geo_status": "in_bahia"
      }
    },
    {
      "type": "Feature",
      "geometry": {
        "type": "Point",
        "coordinates": [
          -38.4689068,
          -12.8667885
        ]
      },
      "properties": {
        "nome": "ILE AXE OMIM MALE",
        "fonte": "osm",
        "geo_status": "in_bahia"
      }
    },
    {
      "type": "Feature",
      "geometry": {
        "type": "Point",
        "coordinates": [
          -38.4446750057081,
          -12.9288182977025
        ]
      },
      "properties": {
        "nome": "Ilê Axé Yá Omi",
        "fonte": "ceao",
        "fonte_detalhe": "CEAO/UFBA - terreiros.ceao.ufba.br",
        "endereco": "Rua Agda Ferreira, 165",
        "bairro": "São Marcos",
        "telefone": "3393-6668",
        "lideranca": "Evangelista Carvalho dos Santos (Vanjú)",
        "nacao": "Keto Angola",
        "ano_fundacao": "1975",
        "regente": "Ogum",
        "cep": "41235-110",
        "foto_thumb": "http://www.terreiros.ceao.ufba.br/_FT/pq/370.jpg",
        "foto_grande": "http://www.terreiros.ceao.ufba.br/_FT/gd/370.jpg",
        "ceao_id": "370",
        "geo_status": "in_bahia"
      }
    },
    {
      "type": "Feature",
      "geometry": {
        "type": "Point",
        "coordinates": [
          -38.5046934171007,
          -12.9940409008191
        ]
      },
      "properties": {
        "nome": "Ilê Axé Odé",
        "fonte": "ceao",
        "fonte_detalhe": "CEAO/UFBA - terreiros.ceao.ufba.br",
        "endereco": "Liderança: Maria Bárbara Teles da Cruz",
        "bairro": "Federação",
        "telefone": "3331-2579",
        "lideranca": "Maria Bárbara Teles da Cruz",
        "nacao": "Keto",
        "ano_fundacao": "1926",
        "regente": "Oxóssi",
        "cep": "40230-104",
        "foto_thumb": "http://www.terreiros.ceao.ufba.br/_FT/pq/99.jpg",
        "foto_grande": "http://www.terreiros.ceao.ufba.br/_FT/gd/99.jpg",
        "ceao_id": "99",
        "geo_status": "in_bahia"
      }
    },
    {
      "type": "Feature",
      "geometry": {
        "type": "Point",
        "coordinates": [
          -38.4738464,
          -12.8777741
        ]
      },
      "properties": {
        "nome": "Ile Axe Raizes de Ire",
        "fonte": "osm",
        "geo_status": "in_bahia"
      }
    },
    {
      "type": "Feature",
      "geometry": {
        "type": "Point",
        "coordinates": [
          -38.4851694,
          -12.8938088
        ]
      },
      "properties": {
        "nome": "ILE AXE KALE BOKUN",
        "fonte": "osm",
        "geo_status": "in_bahia"
      }
    },
    {
      "type": "Feature",
      "geometry": {
        "type": "Point",
        "coordinates": [
          -38.4368769598235,
          -12.9782259659238
        ]
      },
      "properties": {
        "nome": "Ilê Axé Oyá Daraunké",
        "fonte": "ceao",
        "fonte_detalhe": "CEAO/UFBA - terreiros.ceao.ufba.br",
        "endereco": "Rua Eduardo Campos, 72",
        "bairro": "Boca do Rio",
        "telefone": "3231-1446",
        "rating": 5,
        "reviews": 2,
        "lideranca": "Ana Lucia da Silva de Oliveira",
        "nacao": "Keto",
        "ano_fundacao": "2005",
        "regente": "Iansã",
        "cep": "41705-230",
        "foto_thumb": "http://www.terreiros.ceao.ufba.br/_FT/pq/86.jpg",
        "foto_grande": "http://www.terreiros.ceao.ufba.br/_FT/gd/86.jpg",
        "ceao_id": "86",
        "geo_status": "in_bahia"
      }
    },
    {
      "type": "Feature",
      "geometry": {
        "type": "Point",
        "coordinates": [
          -38.4953175,
          -12.9633778
        ]
      },
      "properties": {
        "nome": "ILE AXE SAIM",
        "fonte": "osm",
        "geo_status": "in_bahia"
      }
    },
    {
      "type": "Feature",
      "geometry": {
        "type": "Point",
        "coordinates": [
          -38.9599631,
          -11.3315119
        ]
      },
      "properties": {
        "nome": "Ilê Axe Jitolobi",
        "fonte": "osm",
        "geo_status": "in_bahia"
      }
    },
    {
      "type": "Feature",
      "geometry": {
        "type": "Point",
        "coordinates": [
          -38.4848778,
          -12.9746912
        ]
      },
      "properties": {
        "nome": "Ilê Ogunjá",
        "fonte": "osm",
        "geo_status": "in_bahia"
      }
    },
    {
      "type": "Feature",
      "geometry": {
        "type": "Point",
        "coordinates": [
          -38.3563786,
          -12.932208
        ]
      },
      "properties": {
        "nome": "Dunas do Abaeté",
        "fonte": "osm",
        "geo_status": "in_bahia"
      }
    },
    {
      "type": "Feature",
      "geometry": {
        "type": "Point",
        "coordinates": [
          -38.8107967,
          -12.3819757
        ]
      },
      "properties": {
        "nome": "Ilê Asé Omi Ajàlà",
        "fonte": "google",
        "endereco": "Amélia Rodrigues, Santo Amaro - State of Bahia, 44200-000, Brazil",
        "rating": 5,
        "reviews": 1,
        "geo_status": "in_bahia"
      }
    },
    {
      "type": "Feature",
      "geometry": {
        "type": "Point",
        "coordinates": [
          -40.5267583,
          -9.4295077
        ]
      },
      "properties": {
        "nome": "Ilê Asé Ominkayode",
        "fonte": "osm",
        "geo_status": "in_bahia"
      }
    },
    {
      "type": "Feature",
      "geometry": {
        "type": "Point",
        "coordinates": [
          -40.5244403,
          -9.4309148
        ]
      },
      "properties": {
        "nome": "Ilê Asé Ayrá Onyndancor",
        "fonte": "osm",
        "geo_status": "in_bahia"
      }
    },
    {
      "type": "Feature",
      "geometry": {
        "type": "Point",
        "coordinates": [
          -38.4651061,
          -12.9507602
        ]
      },
      "properties": {
        "nome": "Ilê Axé Opô Afonjá",
        "fonte": "osm",
        "geo_status": "in_bahia"
      }
    },
    {
      "type": "Feature",
      "geometry": {
        "type": "Point",
        "coordinates": [
          -38.5046977,
          -12.9843705
        ]
      },
      "properties": {
        "nome": "Oxum Orixá",
        "fonte": "osm",
        "geo_status": "in_bahia"
      }
    },
    {
      "type": "Feature",
      "geometry": {
        "type": "Point",
        "coordinates": [
          -38.4583137,
          -12.8661378
        ]
      },
      "properties": {
        "nome": "ILÊ AXÉ IFÉ D'OXUM",
        "fonte": "osm",
        "geo_status": "in_bahia"
      }
    },
    {
      "type": "Feature",
      "geometry": {
        "type": "Point",
        "coordinates": [
          -38.3032821,
          -12.5704649
        ]
      },
      "properties": {
        "nome": "Centro Espiritualista Brilho das Águas",
        "fonte": "google",
        "endereco": "Sítio São Francisco de Assis Rua Marcionílio Miranda, SN - Amado Bahia, Mata de São João - BA, 48280-000, Brazil",
        "rating": 4.5,
        "reviews": 24,
        "geo_status": "in_bahia"
      }
    },
    {
      "type": "Feature",
      "geometry": {
        "type": "Point",
        "coordinates": [
          -38.4672029084711,
          -12.8253090364314
        ]
      },
      "properties": {
        "nome": "Oxossi Guerreiro",
        "fonte": "ceao",
        "fonte_detalhe": "CEAO/UFBA - terreiros.ceao.ufba.br",
        "endereco": "Rua Humberto Silva, 13E",
        "bairro": "Paripe",
        "telefone": "3397-3038",
        "lideranca": "Margarida Nascimento dos Santos",
        "nacao": "Keto",
        "ano_fundacao": "2001",
        "regente": "Oxóssi",
        "cep": "40810-590",
        "foto_thumb": "http://www.terreiros.ceao.ufba.br/_FT/pq/569.jpg",
        "foto_grande": "http://www.terreiros.ceao.ufba.br/_FT/gd/569.jpg",
        "ceao_id": "569",
        "geo_status": "in_bahia"
      }
    },
    {
      "type": "Feature",
      "geometry": {
        "type": "Point",
        "coordinates": [
          -38.4701503,
          -12.8953267
        ]
      },
      "properties": {
        "nome": "Cachoeira de Oxumarê",
        "fonte": "osm",
        "geo_status": "in_bahia"
      }
    },
    {
      "type": "Feature",
      "geometry": {
        "type": "Point",
        "coordinates": [
          -38.474542,
          -12.8218105
        ]
      },
      "properties": {
        "nome": "Ilê Axé Oyá Adênejji",
        "fonte": "google",
        "endereco": "R. Lílian Marilis, 54 - São Tomé, Salvador - BA, 40800-176, Brazil",
        "rating": 4.9,
        "reviews": 10,
        "geo_status": "in_bahia"
      }
    },
    {
      "type": "Feature",
      "geometry": {
        "type": "Point",
        "coordinates": [
          -38.4580139,
          -12.8923825
        ]
      },
      "properties": {
        "nome": "TERREIRO ILÊ AXÉ OYÁ",
        "fonte": "google",
        "endereco": "R. Mario Lago, 1-47 - Pirajá, Salvador - BA, 41290-015, Brazil",
        "rating": 4.8,
        "reviews": 17,
        "geo_status": "in_bahia"
      }
    },
    {
      "type": "Feature",
      "geometry": {
        "type": "Point",
        "coordinates": [
          -38.4693917,
          -12.8278717
        ]
      },
      "properties": {
        "nome": "Ilê Axé Oiá Dejí",
        "fonte": "google",
        "endereco": "R. Nova Canaã, 8 - Paripe, Salvador - BA, 40830-540, Brazil",
        "rating": 5,
        "reviews": 4,
        "geo_status": "in_bahia"
      }
    },
    {
      "type": "Feature",
      "geometry": {
        "type": "Point",
        "coordinates": [
          -38.5023037,
          -12.982741
        ]
      },
      "properties": {
        "nome": "Terreiro ILÊ AXÉ OMÍ IJEXÁ",
        "fonte": "google",
        "endereco": "R. Dique Pequeno - Engenho Velho de Brotas, Salvador - BA, 40301-155, Brazil",
        "rating": 5,
        "reviews": 3,
        "geo_status": "in_bahia"
      }
    },
    {
      "type": "Feature",
      "geometry": {
        "type": "Point",
        "coordinates": [
          -38.3954442,
          -12.884037
        ]
      },
      "properties": {
        "nome": "Ilê Axé Arco de ouro",
        "fonte": "google",
        "endereco": "R. Geraldo Brasil - Cajazeiras, Salvador - BA, 41301-110, Brazil",
        "rating": 4.9,
        "reviews": 33,
        "geo_status": "in_bahia"
      }
    },
    {
      "type": "Feature",
      "geometry": {
        "type": "Point",
        "coordinates": [
          -38.4987810725719,
          -12.9935710254348
        ]
      },
      "properties": {
        "nome": "Ilè Àse Ewé",
        "fonte": "ceao",
        "fonte_detalhe": "CEAO/UFBA - terreiros.ceao.ufba.br",
        "endereco": "Rua Caminho de Dentro, 242",
        "bairro": "Vasco da Gama",
        "telefone": "3261-0022",
        "rating": 4.8,
        "reviews": 218,
        "lideranca": "Cleonice Dias da Paixão",
        "nacao": "Keto",
        "ano_fundacao": "1972",
        "regente": "Ossaim",
        "cep": "40431-170",
        "foto_thumb": "http://www.terreiros.ceao.ufba.br/_FT/pq/72.jpg",
        "foto_grande": "http://www.terreiros.ceao.ufba.br/_FT/gd/72.jpg",
        "ceao_id": "72",
        "geo_status": "in_bahia"
      }
    },
    {
      "type": "Feature",
      "geometry": {
        "type": "Point",
        "coordinates": [
          -38.4082946,
          -12.8915761
        ]
      },
      "properties": {
        "nome": "Ilê Axé Ewe",
        "fonte": "google",
        "endereco": "Cajazeiras, Salvador - State of Bahia, 41340-270, Brazil",
        "rating": 5,
        "reviews": 1,
        "geo_status": "in_bahia"
      }
    },
    {
      "type": "Feature",
      "geometry": {
        "type": "Point",
        "coordinates": [
          -38.395698,
          -12.8802866
        ]
      },
      "properties": {
        "nome": "Ilê Axé Odelecy",
        "fonte": "google",
        "endereco": "R. Geraldo Brasil - Cajazeiras XI, Salvador - BA, Brazil",
        "rating": 5,
        "reviews": 2,
        "geo_status": "in_bahia"
      }
    },
    {
      "type": "Feature",
      "geometry": {
        "type": "Point",
        "coordinates": [
          -38.3978364,
          -12.8820048
        ]
      },
      "properties": {
        "nome": "Ilê Axé Águas de Efan",
        "fonte": "google",
        "endereco": "após o bar do genipapo - R. Geraldo Brasil, 11 - Cajazeiras, Salvador - BA, 41301-110, Brazil",
        "rating": 5,
        "reviews": 22,
        "geo_status": "in_bahia"
      }
    },
    {
      "type": "Feature",
      "geometry": {
        "type": "Point",
        "coordinates": [
          -38.3766483958835,
          -12.8874660859001
        ]
      },
      "properties": {
        "nome": "Kanzuá Monaleuci Un'gunzo D'Un Zambi",
        "fonte": "ceao",
        "fonte_detalhe": "CEAO/UFBA - terreiros.ceao.ufba.br",
        "endereco": "Rua Feira de Sananta, s/nº, lote 29, 30 e 31, Parque São Cristóvão",
        "bairro": "São Cristóvão",
        "telefone": "3365-0439/ 9961-4468",
        "rating": 5,
        "reviews": 7,
        "lideranca": "Eunice Trindade",
        "nacao": "Angola",
        "ano_fundacao": "2004",
        "regente": "Oxum e Oxóssi",
        "cep": "41505-065",
        "foto_thumb": "http://www.terreiros.ceao.ufba.br/_FT/pq/1245.jpg",
        "foto_grande": "http://www.terreiros.ceao.ufba.br/_FT/gd/1245.jpg",
        "ceao_id": "1245",
        "geo_status": "in_bahia"
      }
    },
    {
      "type": "Feature",
      "geometry": {
        "type": "Point",
        "coordinates": [
          -38.4890546,
          -13.0082345
        ]
      },
      "properties": {
        "nome": "Ile Axe Opo Oluwaye Alagim",
        "fonte": "google",
        "endereco": "R. Alagoinhas, 331 - Rio Vermelho, Salvador - BA, 41940-620, Brazil",
        "rating": 1,
        "reviews": 1,
        "geo_status": "in_bahia"
      }
    },
    {
      "type": "Feature",
      "geometry": {
        "type": "Point",
        "coordinates": [
          -38.397327,
          -12.8807106
        ]
      },
      "properties": {
        "nome": "Ilê Axé Yá Omim Lonan",
        "fonte": "google",
        "endereco": "Rua Geraldo Brasil, n° 300 - R. da Chácara, 05 - Cajazeiras XI, Salvador - BA, 41301-110, Brazil",
        "rating": 5,
        "reviews": 5,
        "geo_status": "in_bahia"
      }
    },
    {
      "type": "Feature",
      "geometry": {
        "type": "Point",
        "coordinates": [
          -38.4374043175715,
          -12.8570484841383
        ]
      },
      "properties": {
        "nome": "Ilê Axé Obá",
        "fonte": "ceao",
        "fonte_detalhe": "CEAO/UFBA - terreiros.ceao.ufba.br",
        "endereco": "Rua Rosa Graxa, 10",
        "bairro": "Valéria",
        "telefone": "3301-7419",
        "rating": 5,
        "reviews": 5,
        "lideranca": "Renilton Oliveira Moreira",
        "nacao": "Keto Angola",
        "ano_fundacao": "1998",
        "regente": "Oxalá",
        "foto_thumb": "http://www.terreiros.ceao.ufba.br/_FT/pq/435.jpg",
        "foto_grande": "http://www.terreiros.ceao.ufba.br/_FT/gd/435.jpg",
        "ceao_id": "435",
        "geo_status": "in_bahia"
      }
    },
    {
      "type": "Feature",
      "geometry": {
        "type": "Point",
        "coordinates": [
          -38.4785375,
          -13.0127669
        ]
      },
      "properties": {
        "nome": "Ilê Axé Omim Nita",
        "fonte": "google",
        "endereco": "Tv. Ari Pereira de Oliveira, 17 - Nordeste do Amaralina, Salvador - BA, 41905-020, Brazil",
        "rating": 4.5,
        "reviews": 6,
        "geo_status": "in_bahia"
      }
    },
    {
      "type": "Feature",
      "geometry": {
        "type": "Point",
        "coordinates": [
          -38.4746618450128,
          -13.0086554635454
        ]
      },
      "properties": {
        "nome": "Odê Omin",
        "fonte": "ceao",
        "fonte_detalhe": "CEAO/UFBA - terreiros.ceao.ufba.br",
        "endereco": "Rua Souza Uzel, 135",
        "bairro": "Garibaldi",
        "telefone": "3332-3396",
        "rating": 5,
        "reviews": 8,
        "lideranca": "Fernando Alves dos Santos",
        "nacao": "Keto",
        "ano_fundacao": "1968",
        "regente": "Oxóssi",
        "cep": "40213-010",
        "foto_thumb": "http://www.terreiros.ceao.ufba.br/_FT/pq/178.jpg",
        "foto_grande": "http://www.terreiros.ceao.ufba.br/_FT/gd/178.jpg",
        "ceao_id": "178",
        "geo_status": "in_bahia"
      }
    },
    {
      "type": "Feature",
      "geometry": {
        "type": "Point",
        "coordinates": [
          -38.3975025,
          -12.8813626
        ]
      },
      "properties": {
        "nome": "Ilê Karê Alaketu Axé Oxum",
        "fonte": "google",
        "endereco": "R. Geraldo Brasil - Cajazeiras XI, Salvador - BA, 41347-030, Brazil",
        "rating": 5,
        "reviews": 2,
        "geo_status": "in_bahia"
      }
    },
    {
      "type": "Feature",
      "geometry": {
        "type": "Point",
        "coordinates": [
          -38.9364953,
          -12.6126611
        ]
      },
      "properties": {
        "nome": "Terreiro Ilê Axé Icimimó Aganju Didè (Tombado pelo IPHAN como Patrimônio Cultural Brasileiro)",
        "fonte": "google",
        "endereco": "Cachoeira - State of Bahia, 44300-000, Brazil",
        "rating": 5,
        "reviews": 30,
        "geo_status": "in_bahia"
      }
    },
    {
      "type": "Feature",
      "geometry": {
        "type": "Point",
        "coordinates": [
          -38.9694193,
          -12.5954647
        ]
      },
      "properties": {
        "nome": "Ile Axé Gã Nyrê",
        "fonte": "google",
        "endereco": "Cachoeira - State of Bahia, 44300-000, Brazil",
        "rating": 5,
        "reviews": 2,
        "geo_status": "in_bahia"
      }
    },
    {
      "type": "Feature",
      "geometry": {
        "type": "Point",
        "coordinates": [
          -38.854924,
          -12.6903547
        ]
      },
      "properties": {
        "nome": "Terreiro Ilê Axé Xapanã",
        "fonte": "google",
        "endereco": "Santiago do Iguape, Cachoeira - BA, 44300-000, Brazil",
        "rating": 5,
        "reviews": 6,
        "geo_status": "in_bahia"
      }
    },
    {
      "type": "Feature",
      "geometry": {
        "type": "Point",
        "coordinates": [
          -38.9247807,
          -12.5648269
        ]
      },
      "properties": {
        "nome": "Ilê axé Odé omi negy",
        "fonte": "google",
        "endereco": "C3PG+33 - Belém da Cachoeira, Cachoeira - BA, 44300-000, Brazil",
        "rating": 5,
        "reviews": 1,
        "geo_status": "in_bahia"
      }
    },
    {
      "type": "Feature",
      "geometry": {
        "type": "Point",
        "coordinates": [
          -38.9571541,
          -12.6051754
        ]
      },
      "properties": {
        "nome": "Ile axé ayra ony",
        "fonte": "google",
        "endereco": "R. Benjamin Constant - Cachoeira, BA, 44300-000, Brazil",
        "geo_status": "in_bahia"
      }
    },
    {
      "type": "Feature",
      "geometry": {
        "type": "Point",
        "coordinates": [
          -38.9664141,
          -12.5990182
        ]
      },
      "properties": {
        "nome": "Ilê Kaió Alaketú Axe Oxum",
        "fonte": "google",
        "endereco": "Largo Yalorixa Galdina Silva - Cachoeira, BA, 44300-000, Brazil",
        "rating": 5,
        "reviews": 1,
        "geo_status": "in_bahia"
      }
    },
    {
      "type": "Feature",
      "geometry": {
        "type": "Point",
        "coordinates": [
          -38.9536637,
          -12.5940972
        ]
      },
      "properties": {
        "nome": "Ilê axé Alábomin Dewi",
        "fonte": "google",
        "endereco": "R. Benjamin Constant - Cachoeira, BA, 44300-000, Brazil",
        "geo_status": "in_bahia"
      }
    },
    {
      "type": "Feature",
      "geometry": {
        "type": "Point",
        "coordinates": [
          -38.9700588,
          -12.5974152
        ]
      },
      "properties": {
        "nome": "Ilê Axé Otá Ló'Mim",
        "fonte": "google",
        "endereco": "R. Salustiano Coelho, 102-120 - Cachoeira, BA, 44300-000, Brazil",
        "geo_status": "in_bahia"
      }
    },
    {
      "type": "Feature",
      "geometry": {
        "type": "Point",
        "coordinates": [
          -38.9758794,
          -12.6022953
        ]
      },
      "properties": {
        "nome": "Terreiro Ilê axé okàn olúayè ájàlá",
        "fonte": "google",
        "endereco": "R. Negreiro Falcão - São Félix, BA, 44360-000, Brazil",
        "rating": 5,
        "reviews": 1,
        "geo_status": "in_bahia"
      }
    },
    {
      "type": "Feature",
      "geometry": {
        "type": "Point",
        "coordinates": [
          -38.9654147,
          -12.6111412
        ]
      },
      "properties": {
        "nome": "TEREIRO ILÊ AXÈ OLUAYE MI MÓ",
        "fonte": "google",
        "endereco": "Av. da Leste, 140 - Cachoeira, São Félix - BA, 44360-000, Brazil",
        "rating": 5,
        "reviews": 1,
        "geo_status": "in_bahia"
      }
    },
    {
      "type": "Feature",
      "geometry": {
        "type": "Point",
        "coordinates": [
          -38.9743279,
          -12.6054729
        ]
      },
      "properties": {
        "nome": "Ilê axé otalaci",
        "fonte": "google",
        "endereco": "Av. Pímentel, 33 - São Félix, BA, 44360-000, Brazil",
        "geo_status": "in_bahia"
      }
    },
    {
      "type": "Feature",
      "geometry": {
        "type": "Point",
        "coordinates": [
          -38.9172597,
          -12.7415402
        ]
      },
      "properties": {
        "nome": "Ilê Axé Alá Ibí Arê",
        "fonte": "google",
        "endereco": "R. das Cabeceiras, 160 - Nagé, Maragogipe - BA, 44420-000, Brazil",
        "rating": 4.7,
        "reviews": 3,
        "geo_status": "in_bahia"
      }
    },
    {
      "type": "Feature",
      "geometry": {
        "type": "Point",
        "coordinates": [
          -38.481318927692,
          -12.9353879939483
        ]
      },
      "properties": {
        "nome": "Ilê Axé Iya Omin",
        "fonte": "ceao",
        "fonte_detalhe": "CEAO/UFBA - terreiros.ceao.ufba.br",
        "endereco": "2ª Trav.Guiné, 22A, Parq. Setúbal",
        "bairro": "Alto de Coutos",
        "telefone": "3407-1039",
        "rating": 5,
        "reviews": 5,
        "lideranca": "Valter Conceição de Assis",
        "nacao": "Keto",
        "ano_fundacao": "1980",
        "regente": "Oxum e Ogum",
        "cep": "41750-490",
        "foto_thumb": "http://www.terreiros.ceao.ufba.br/_FT/pq/459.jpg",
        "foto_grande": "http://www.terreiros.ceao.ufba.br/_FT/gd/459.jpg",
        "ceao_id": "459",
        "geo_status": "in_bahia"
      }
    },
    {
      "type": "Feature",
      "geometry": {
        "type": "Point",
        "coordinates": [
          -38.9204758,
          -12.7738464
        ]
      },
      "properties": {
        "nome": "Ilê Alabaxê",
        "fonte": "google",
        "endereco": "R. Dr. Plácido Rocha - Maragogipe, BA, 44420-000, Brazil",
        "rating": 5,
        "reviews": 14,
        "geo_status": "in_bahia"
      }
    },
    {
      "type": "Feature",
      "geometry": {
        "type": "Point",
        "coordinates": [
          -38.698334,
          -12.5530237
        ]
      },
      "properties": {
        "nome": "Ilê Axé Oju Onirê",
        "fonte": "google",
        "endereco": "Av. García, 38 - Derba, Santo Amaro - BA, 44200-000, Brazil",
        "rating": 5,
        "reviews": 1,
        "geo_status": "in_bahia"
      }
    },
    {
      "type": "Feature",
      "geometry": {
        "type": "Point",
        "coordinates": [
          -38.752737,
          -12.662246
        ]
      },
      "properties": {
        "nome": "Ilê Axé Omorodé Opará Yá Lodêmim",
        "fonte": "google",
        "endereco": "R. Alto do Cruzeiro, 21 - Acupe, Santo Amaro - BA, 44200-000, Brazil",
        "rating": 5,
        "reviews": 2,
        "geo_status": "in_bahia"
      }
    },
    {
      "type": "Feature",
      "geometry": {
        "type": "Point",
        "coordinates": [
          -38.72352,
          -12.5420498
        ]
      },
      "properties": {
        "nome": "Ilê axé Oxum jaucy male",
        "fonte": "google",
        "endereco": "Av. Rui Barbosa - Subestação, Santo Amaro - BA, 44200-000, Brazil",
        "rating": 5,
        "reviews": 1,
        "geo_status": "in_bahia"
      }
    },
    {
      "type": "Feature",
      "geometry": {
        "type": "Point",
        "coordinates": [
          -38.8210801,
          -12.4471208
        ]
      },
      "properties": {
        "nome": "Ilê Axé Gilodefan",
        "fonte": "google",
        "endereco": "Campinhos, Santo Amaro - State of Bahia, 44200-000, Brazil",
        "rating": 4.6,
        "reviews": 8,
        "geo_status": "in_bahia"
      }
    },
    {
      "type": "Feature",
      "geometry": {
        "type": "Point",
        "coordinates": [
          -38.4850361885453,
          -12.9342610299334
        ]
      },
      "properties": {
        "nome": "Ilê Axé Idanjeyê",
        "fonte": "ceao",
        "fonte_detalhe": "CEAO/UFBA - terreiros.ceao.ufba.br",
        "endereco": "Rua Vanderlei de Pinho, 37",
        "bairro": "São Caetano",
        "telefone": "3304-5697",
        "rating": 5,
        "reviews": 2,
        "lideranca": "Esmeralda Silva Santos",
        "nacao": "Keto",
        "ano_fundacao": "1969",
        "regente": "Becen e Oxóssi",
        "cep": "40390-150",
        "foto_thumb": "http://www.terreiros.ceao.ufba.br/_FT/pq/458.jpg",
        "foto_grande": "http://www.terreiros.ceao.ufba.br/_FT/gd/458.jpg",
        "ceao_id": "458",
        "geo_status": "in_bahia"
      }
    },
    {
      "type": "Feature",
      "geometry": {
        "type": "Point",
        "coordinates": [
          -38.7090102,
          -12.5432182
        ]
      },
      "properties": {
        "nome": "Ilê Axé Onirê Ojú Idan",
        "fonte": "google",
        "endereco": "R. do Sacramento, 81 - Sacramento, Santo Amaro - BA, 44200-000, Brazil",
        "geo_status": "in_bahia"
      }
    },
    {
      "type": "Feature",
      "geometry": {
        "type": "Point",
        "coordinates": [
          -38.7227327,
          -12.5430558
        ]
      },
      "properties": {
        "nome": "Ilê axé ojúbará",
        "fonte": "google",
        "endereco": "Tv. Segunda Caixa Dagua, 20 - Caixa d'Água, Santo Amaro - BA, 44200-000, Brazil",
        "rating": 3,
        "reviews": 1,
        "geo_status": "in_bahia"
      }
    },
    {
      "type": "Feature",
      "geometry": {
        "type": "Point",
        "coordinates": [
          -38.7544592,
          -12.6540576
        ]
      },
      "properties": {
        "nome": "Ilê Axé Omo Idan Omi Omorodé",
        "fonte": "google",
        "endereco": "BA-878, 51 - Acupe, Santo Amaro - BA, 44200-000, Brazil",
        "rating": 5,
        "reviews": 1,
        "geo_status": "in_bahia"
      }
    },
    {
      "type": "Feature",
      "geometry": {
        "type": "Point",
        "coordinates": [
          -38.7052398,
          -12.5451089
        ]
      },
      "properties": {
        "nome": "Ilê Axé Omôn Odé",
        "fonte": "google",
        "endereco": "R. Do João Melo - Santo Amaro, BA, 44200-000, Brazil",
        "geo_status": "in_bahia"
      }
    },
    {
      "type": "Feature",
      "geometry": {
        "type": "Point",
        "coordinates": [
          -38.7040836,
          -12.5526513
        ]
      },
      "properties": {
        "nome": "ilê Axé ayabá janbureçy Inãn min",
        "fonte": "google",
        "endereco": "Rua Edivaldo Carlos Barreto - Centro, Santo Amaro - BA, 44218-000, Brazil",
        "geo_status": "in_bahia"
      }
    },
    {
      "type": "Feature",
      "geometry": {
        "type": "Point",
        "coordinates": [
          -38.757483,
          -12.3651746
        ]
      },
      "properties": {
        "nome": "Ilê Axé Aiyê Jibarode",
        "fonte": "google",
        "endereco": "Conceição do Jacuípe - State of Bahia, 44245-000, Brazil",
        "rating": 5,
        "reviews": 4,
        "geo_status": "in_bahia"
      }
    },
    {
      "type": "Feature",
      "geometry": {
        "type": "Point",
        "coordinates": [
          -38.7352829,
          -12.5302647
        ]
      },
      "properties": {
        "nome": "Ilê Axé Obá Okan d'Meji",
        "fonte": "google",
        "endereco": "Pedra, Santo Amaro - BA, 44200-000, Brazil",
        "geo_status": "in_bahia"
      }
    },
    {
      "type": "Feature",
      "geometry": {
        "type": "Point",
        "coordinates": [
          -38.9910041,
          -12.6166279
        ]
      },
      "properties": {
        "nome": "Ilê Axê Obalajá",
        "fonte": "google",
        "endereco": "Rua do Obalajá - Muritiba, BA, 44340-000, Brazil",
        "rating": 4.9,
        "reviews": 7,
        "geo_status": "in_bahia"
      }
    },
    {
      "type": "Feature",
      "geometry": {
        "type": "Point",
        "coordinates": [
          -38.9925514,
          -12.619551
        ]
      },
      "properties": {
        "nome": "Ilê Axé Araká Omim Abenijã",
        "fonte": "google",
        "endereco": "Muritiba - State of Bahia, 44340-000, Brazil",
        "rating": 5,
        "reviews": 5,
        "geo_status": "in_bahia"
      }
    },
    {
      "type": "Feature",
      "geometry": {
        "type": "Point",
        "coordinates": [
          -38.9834021,
          -12.6147956
        ]
      },
      "properties": {
        "nome": "Ilê Ibse Olominda Axé Yemanjá",
        "fonte": "google",
        "endereco": "Rua Dannemann, 686 - Centro, Muritiba - BA, 44340-000, Brazil",
        "rating": 4.7,
        "reviews": 3,
        "geo_status": "in_bahia"
      }
    },
    {
      "type": "Feature",
      "geometry": {
        "type": "Point",
        "coordinates": [
          -38.9950941,
          -12.6254523
        ]
      },
      "properties": {
        "nome": "ILÊ AXÉ ALAKETU OMIM YEYE OKÊ",
        "fonte": "google",
        "endereco": "Av. Rui Barbosa, 164 - Av, Muritiba - BA, 44340-000, Brazil",
        "geo_status": "in_bahia"
      }
    },
    {
      "type": "Feature",
      "geometry": {
        "type": "Point",
        "coordinates": [
          -38.9891011,
          -12.6255929
        ]
      },
      "properties": {
        "nome": "Ile axe oju laie",
        "fonte": "google",
        "endereco": "Muritiba, BA, 44340-000, Brazil",
        "geo_status": "in_bahia"
      }
    },
    {
      "type": "Feature",
      "geometry": {
        "type": "Point",
        "coordinates": [
          -38.401911,
          -12.8783519
        ]
      },
      "properties": {
        "nome": "Ilê Axé Oyá Aféfé",
        "fonte": "google",
        "endereco": "R. Nossa Sra. Lourdes Lt S Antonio, 45 - Cajazeiras XI, Salvador - BA, 41330-030, Brazil",
        "rating": 4.1,
        "reviews": 7,
        "geo_status": "in_bahia"
      }
    },
    {
      "type": "Feature",
      "geometry": {
        "type": "Point",
        "coordinates": [
          -38.4836046,
          -12.9241426
        ]
      },
      "properties": {
        "nome": "Ilê Axé Iba Afulécidan",
        "fonte": "google",
        "endereco": "Av. Alfranio Peixoto - Av. São Roque - Santa Luzia, Salvador - BA, 40470-530, Brazil",
        "rating": 5,
        "reviews": 1,
        "geo_status": "in_bahia"
      }
    },
    {
      "type": "Feature",
      "geometry": {
        "type": "Point",
        "coordinates": [
          -38.339578,
          -12.703768
        ]
      },
      "properties": {
        "nome": "Ile Axe Ioromim",
        "fonte": "google",
        "endereco": "R. Acalanto, 32 - Lama Preta, Camaçari - BA, 42805-657, Brazil",
        "rating": 5,
        "reviews": 6,
        "geo_status": "in_bahia"
      }
    },
    {
      "type": "Feature",
      "geometry": {
        "type": "Point",
        "coordinates": [
          -38.4779208,
          -12.8281992
        ]
      },
      "properties": {
        "nome": "Ilê Ase Ode Faroerã",
        "fonte": "google",
        "endereco": "R. 7 de Setembro da Cocisa, 53 - Paripe, Salvador - BA, 40810-790, Brazil",
        "rating": 5,
        "reviews": 5,
        "geo_status": "in_bahia"
      }
    },
    {
      "type": "Feature",
      "geometry": {
        "type": "Point",
        "coordinates": [
          -38.695338,
          -12.6138253
        ]
      },
      "properties": {
        "nome": "ILÊ AXÉ kO OFÁ OLORIN INEXÁ",
        "fonte": "google",
        "endereco": "R. do Cais, 82 - São Francisco do Conde, BA, 43900-000, Brazil",
        "rating": 5,
        "reviews": 1,
        "geo_status": "in_bahia"
      }
    },
    {
      "type": "Feature",
      "geometry": {
        "type": "Point",
        "coordinates": [
          -38.6904896,
          -12.6237281
        ]
      },
      "properties": {
        "nome": "Ilê Axé de Nanã",
        "fonte": "google",
        "endereco": "Rua do Drena1 - São Francisco do Conde, BA, 43900-000, Brazil",
        "rating": 5,
        "reviews": 5,
        "geo_status": "in_bahia"
      }
    },
    {
      "type": "Feature",
      "geometry": {
        "type": "Point",
        "coordinates": [
          -38.6860625,
          -12.6228574
        ]
      },
      "properties": {
        "nome": "Ilê Asè Atìn Olwayê Abalojí",
        "fonte": "google",
        "endereco": "Av. Santa Rita, 242 - centro, São Francisco do Conde - BA, 43900-000, Brazil",
        "rating": 5,
        "reviews": 3,
        "geo_status": "in_bahia"
      }
    },
    {
      "type": "Feature",
      "geometry": {
        "type": "Point",
        "coordinates": [
          -38.9474986,
          -12.20825
        ]
      },
      "properties": {
        "nome": "Ilê Axé Yáominibu Megi",
        "fonte": "google",
        "endereco": "Caminho Hefesto Lot Planalto Papagaio, 290 - Papagaio, Feira de Santana - BA, 44057-300, Brazil",
        "rating": 5,
        "reviews": 10,
        "geo_status": "in_bahia"
      }
    },
    {
      "type": "Feature",
      "geometry": {
        "type": "Point",
        "coordinates": [
          -38.9738553,
          -12.2076861
        ]
      },
      "properties": {
        "nome": "Ilê Axé Ijifaromim",
        "fonte": "google",
        "endereco": "R. Parque Pitombo, 40 - Campo Limpo, Feira de Santana - BA, 44034-152, Brazil",
        "rating": 4.9,
        "reviews": 14,
        "geo_status": "in_bahia"
      }
    },
    {
      "type": "Feature",
      "geometry": {
        "type": "Point",
        "coordinates": [
          -38.3774675,
          -12.898267
        ]
      },
      "properties": {
        "nome": "Terreiro Ilê Axé Araka",
        "fonte": "google",
        "endereco": "R. Gonçalo de Ataíde Pereira, 653 - Fazenda Cassange, Salvador - BA, 41505-560, Brazil",
        "rating": 4.9,
        "reviews": 15,
        "geo_status": "in_bahia"
      }
    },
    {
      "type": "Feature",
      "geometry": {
        "type": "Point",
        "coordinates": [
          -38.366260260516,
          -12.9352889704937
        ]
      },
      "properties": {
        "nome": "Ilê Axé Ibá Jiná",
        "fonte": "ceao",
        "fonte_detalhe": "CEAO/UFBA - terreiros.ceao.ufba.br",
        "endereco": "Rua 1ª Trav. do Cajueiro, 49, Nova Brasília",
        "bairro": "Itapuã",
        "telefone": "3375-2908",
        "rating": 4.5,
        "reviews": 4,
        "lideranca": "Arquiminia Portela Costa",
        "nacao": "Nagô vodum",
        "ano_fundacao": "1977",
        "regente": "Oxum e Xangô",
        "cep": "41630-430",
        "foto_thumb": "http://www.terreiros.ceao.ufba.br/_FT/pq/216.jpg",
        "foto_grande": "http://www.terreiros.ceao.ufba.br/_FT/gd/216.jpg",
        "ceao_id": "216",
        "geo_status": "in_bahia"
      }
    },
    {
      "type": "Feature",
      "geometry": {
        "type": "Point",
        "coordinates": [
          -38.9859811,
          -12.6461903
        ]
      },
      "properties": {
        "nome": "Ilê Axé omi Ogún Siwajú",
        "fonte": "google",
        "endereco": "9237+GJ - São Félix, BA, 44360-000, Brazil",
        "rating": 5,
        "reviews": 1,
        "geo_status": "in_bahia"
      }
    },
    {
      "type": "Feature",
      "geometry": {
        "type": "Point",
        "coordinates": [
          -38.4233378,
          -12.9015308
        ]
      },
      "properties": {
        "nome": "Ilê axé odé ofámejí",
        "fonte": "google",
        "endereco": "R. Sacramento - Castelo Branco, Salvador - BA, 41750-035, Brazil",
        "rating": 5,
        "reviews": 6,
        "geo_status": "in_bahia"
      }
    },
    {
      "type": "Feature",
      "geometry": {
        "type": "Point",
        "coordinates": [
          -38.4488741,
          -12.7365995
        ]
      },
      "properties": {
        "nome": "Ilê Axé Oyá Tolá",
        "fonte": "google",
        "endereco": "R. do Alambique, 125 - Alto do Candomblé, Candeias - BA, 43845-000, Brazil",
        "rating": 4.9,
        "reviews": 32,
        "geo_status": "in_bahia"
      }
    },
    {
      "type": "Feature",
      "geometry": {
        "type": "Point",
        "coordinates": [
          -38.4043676,
          -12.898823
        ]
      },
      "properties": {
        "nome": "Ile Axe Ayra Intile Omi Aloya",
        "fonte": "google",
        "endereco": "fazenda grande 1 quadra b - Caminho 5, casa 11 - Fazenda Grande I, Salvador - BA, 41339-120, Brazil",
        "rating": 5,
        "reviews": 8,
        "geo_status": "in_bahia"
      }
    },
    {
      "type": "Feature",
      "geometry": {
        "type": "Point",
        "coordinates": [
          -39.2682417,
          -14.7628201
        ]
      },
      "properties": {
        "nome": "ILÊ AXE IJEXÁ ORIXÁ OLÙFON",
        "fonte": "google",
        "endereco": "R. Getúlio Vargas, 642 - Santa Ines, Itabuna - BA, 45604-084, Brazil",
        "rating": 5,
        "reviews": 9,
        "geo_status": "in_bahia"
      }
    },
    {
      "type": "Feature",
      "geometry": {
        "type": "Point",
        "coordinates": [
          -39.5852411,
          -13.0315945
        ]
      },
      "properties": {
        "nome": "Ilê axé ode faraamoji",
        "fonte": "google",
        "endereco": "Av. São Cristóvão, 636 - Amargosa, BA, 45300-000, Brazil",
        "rating": 5,
        "reviews": 1,
        "geo_status": "in_bahia"
      }
    },
    {
      "type": "Feature",
      "geometry": {
        "type": "Point",
        "coordinates": [
          -39.6079871,
          -12.9894406
        ]
      },
      "properties": {
        "nome": "Ilê axé ibá Foriloyá",
        "fonte": "google",
        "endereco": "Diógenes Sampaio, Amargosa - BA, 45300-000, Brazil",
        "geo_status": "in_bahia"
      }
    },
    {
      "type": "Feature",
      "geometry": {
        "type": "Point",
        "coordinates": [
          -39.0976223,
          -12.6703128
        ]
      },
      "properties": {
        "nome": "Ilê Axé Ewá Mojú",
        "fonte": "google",
        "endereco": "R. Rio Branco, 401 - Cruz Das Almas, Cruz das Almas - BA, 44380-000, Brazil",
        "rating": 5,
        "reviews": 1,
        "geo_status": "in_bahia"
      }
    },
    {
      "type": "Feature",
      "geometry": {
        "type": "Point",
        "coordinates": [
          -38.4632081231894,
          -12.8493406547981
        ]
      },
      "properties": {
        "nome": "Ylê Axé",
        "fonte": "ceao",
        "fonte_detalhe": "CEAO/UFBA - terreiros.ceao.ufba.br",
        "endereco": "Rua Henrique Marques, 24E",
        "bairro": "Fazenda Coutos",
        "telefone": "não tem",
        "lideranca": "Maria do Carmo dos Santos",
        "nacao": "Angola",
        "ano_fundacao": "1983",
        "regente": "Oxum Apará",
        "cep": "40730-440",
        "foto_thumb": "http://www.terreiros.ceao.ufba.br/_FT/pq/745.jpg",
        "foto_grande": "http://www.terreiros.ceao.ufba.br/_FT/gd/745.jpg",
        "ceao_id": "745",
        "geo_status": "in_bahia"
      }
    },
    {
      "type": "Feature",
      "geometry": {
        "type": "Point",
        "coordinates": [
          -39.9668294,
          -13.5410064
        ]
      },
      "properties": {
        "nome": "ILÊ AXÉ OJU OBÁ",
        "fonte": "google",
        "endereco": "R. João Clímaco, 372-412 - Jaguaquara, BA, 45345-000, Brazil",
        "rating": 3,
        "reviews": 1,
        "geo_status": "in_bahia"
      }
    },
    {
      "type": "Feature",
      "geometry": {
        "type": "Point",
        "coordinates": [
          -38.4379872572122,
          -12.9000973710713
        ]
      },
      "properties": {
        "nome": "Casa de Umbanda",
        "fonte": "ceao",
        "fonte_detalhe": "CEAO/UFBA - terreiros.ceao.ufba.br",
        "endereco": "Rua Engenheiro Agenor de Freitas",
        "bairro": "Praia Grande",
        "telefone": "3397-4483",
        "rating": 4.3,
        "reviews": 19,
        "lideranca": "Diva Maria Santos Paim",
        "nacao": "Angola",
        "ano_fundacao": "1986",
        "regente": "Oxum",
        "cep": "40735-700",
        "foto_thumb": "http://www.terreiros.ceao.ufba.br/_FT/pq/980.jpg",
        "foto_grande": "http://www.terreiros.ceao.ufba.br/_FT/gd/980.jpg",
        "ceao_id": "980",
        "geo_status": "in_bahia"
      }
    },
    {
      "type": "Feature",
      "geometry": {
        "type": "Point",
        "coordinates": [
          -38.32596460000001,
          -12.7708684
        ]
      },
      "properties": {
        "nome": "Ilê Axé Raízes Obá Kossô Omi",
        "fonte": "google",
        "endereco": "R. São José, 13 - Distrito de Parafuso, Camaçari - BA, 42811-292, Brazil",
        "rating": 4.8,
        "reviews": 16,
        "geo_status": "in_bahia"
      }
    },
    {
      "type": "Feature",
      "geometry": {
        "type": "Point",
        "coordinates": [
          -38.3933602,
          -12.877217
        ]
      },
      "properties": {
        "nome": "Ilê Axé Opô Odé Ibô",
        "fonte": "google",
        "endereco": "R. Itapé, 47 - Fazenda Cassange, Salvador - BA, 41505-125, Brazil",
        "rating": 5,
        "reviews": 14,
        "geo_status": "in_bahia"
      }
    },
    {
      "type": "Feature",
      "geometry": {
        "type": "Point",
        "coordinates": [
          -38.4793861,
          -12.9359562
        ]
      },
      "properties": {
        "nome": "Terreiro ile axe oba ina",
        "fonte": "google",
        "endereco": "R. Santa Augusta, 100 - São Caetano, Salvador - BA, 40391-224, Brazil",
        "rating": 5,
        "reviews": 1,
        "geo_status": "in_bahia"
      }
    },
    {
      "type": "Feature",
      "geometry": {
        "type": "Point",
        "coordinates": [
          -38.44176119999999,
          -12.8655819
        ]
      },
      "properties": {
        "nome": "Ilê Axé Omin Oyá",
        "fonte": "google",
        "endereco": "R. Recanto das Conchinhas - Valéria, Salvador - BA, 41298-702, Brazil",
        "rating": 4.7,
        "reviews": 9,
        "geo_status": "in_bahia"
      }
    },
    {
      "type": "Feature",
      "geometry": {
        "type": "Point",
        "coordinates": [
          -39.2587225,
          -14.796838
        ]
      },
      "properties": {
        "nome": "ILÊ ASÉ TAFÁ ODÉ",
        "fonte": "google",
        "endereco": "São Pedro, Itabuna - BA, Brazil",
        "rating": 4.8,
        "reviews": 4,
        "geo_status": "in_bahia"
      }
    },
    {
      "type": "Feature",
      "geometry": {
        "type": "Point",
        "coordinates": [
          -39.2610535,
          -14.7927248
        ]
      },
      "properties": {
        "nome": "Ilê Asé Oyá Funké",
        "fonte": "google",
        "endereco": "R. Inglaterra, 497 - São Judas Tadeu, Itabuna - BA, 45605-125, Brazil",
        "rating": 4.4,
        "reviews": 5,
        "geo_status": "in_bahia"
      }
    },
    {
      "type": "Feature",
      "geometry": {
        "type": "Point",
        "coordinates": [
          -38.2973367,
          -12.720561
        ]
      },
      "properties": {
        "nome": "Ilê Axé Oluayê Obá Sòjú",
        "fonte": "google",
        "endereco": "R. do Milagre - Camaçari, BA, Brazil",
        "rating": 5,
        "reviews": 6,
        "geo_status": "in_bahia"
      }
    },
    {
      "type": "Feature",
      "geometry": {
        "type": "Point",
        "coordinates": [
          -38.4682410541827,
          -12.8363867732133
        ]
      },
      "properties": {
        "nome": "Ilê Axé Omindê",
        "fonte": "ceao",
        "fonte_detalhe": "CEAO/UFBA - terreiros.ceao.ufba.br",
        "endereco": "Rua São Paulo, 153",
        "bairro": "Paripe",
        "telefone": "3397-1724",
        "lideranca": "Gilberto Santos",
        "nacao": "Keto",
        "ano_fundacao": "1960",
        "regente": "Oxum",
        "cep": "40820-190",
        "foto_thumb": "http://www.terreiros.ceao.ufba.br/_FT/pq/563.jpg",
        "foto_grande": "http://www.terreiros.ceao.ufba.br/_FT/gd/563.jpg",
        "ceao_id": "563",
        "geo_status": "in_bahia"
      }
    },
    {
      "type": "Feature",
      "geometry": {
        "type": "Point",
        "coordinates": [
          -38.2950329,
          -12.5469069
        ]
      },
      "properties": {
        "nome": "Ilê axé Fun balé",
        "fonte": "google",
        "endereco": "R. Bom Jesus, 238 - Mata de São João, BA, 48280-000, Brazil",
        "geo_status": "in_bahia"
      }
    },
    {
      "type": "Feature",
      "geometry": {
        "type": "Point",
        "coordinates": [
          -38.5076641138786,
          -12.9953373582047
        ]
      },
      "properties": {
        "nome": "Ilê Axé Omi Lola",
        "fonte": "ceao",
        "fonte_detalhe": "CEAO/UFBA - terreiros.ceao.ufba.br",
        "endereco": "Rua Vila Matos, 37, casa 2 A",
        "bairro": "Rio Vermelho",
        "telefone": "3498-1764",
        "rating": 4.5,
        "reviews": 221,
        "lideranca": "Indaraina de Miranda Souza",
        "nacao": "Keto Caboclo",
        "ano_fundacao": "1980",
        "regente": "Iansã",
        "cep": "40210-170",
        "foto_thumb": "http://www.terreiros.ceao.ufba.br/_FT/pq/209.jpg",
        "foto_grande": "http://www.terreiros.ceao.ufba.br/_FT/gd/209.jpg",
        "ceao_id": "209",
        "geo_status": "in_bahia"
      }
    },
    {
      "type": "Feature",
      "geometry": {
        "type": "Point",
        "coordinates": [
          -38.7524971,
          -12.2420049
        ]
      },
      "properties": {
        "nome": "Ilê Axé Onã Ojú Bará",
        "fonte": "google",
        "endereco": "R. 15 de Novembro - Centro, Coração de Maria - BA, 44250-000, Brazil",
        "rating": 5,
        "reviews": 4,
        "geo_status": "in_bahia"
      }
    },
    {
      "type": "Feature",
      "geometry": {
        "type": "Point",
        "coordinates": [
          -38.4825748557929,
          -12.9392354199824
        ]
      },
      "properties": {
        "nome": "Ilê Axé Oyá Onirá",
        "fonte": "ceao",
        "fonte_detalhe": "CEAO/UFBA - terreiros.ceao.ufba.br",
        "endereco": "Rua São Luis , 34",
        "bairro": "Pau da Lima",
        "telefone": "3393-6716",
        "rating": 5,
        "reviews": 2,
        "lideranca": "Jacira Maura dos Santos",
        "nacao": "Keto",
        "ano_fundacao": "1995",
        "regente": "Iansã",
        "cep": "41235-520",
        "foto_thumb": "http://www.terreiros.ceao.ufba.br/_FT/pq/589.jpg",
        "foto_grande": "http://www.terreiros.ceao.ufba.br/_FT/gd/589.jpg",
        "ceao_id": "589",
        "geo_status": "in_bahia"
      }
    },
    {
      "type": "Feature",
      "geometry": {
        "type": "Point",
        "coordinates": [
          -39.0076301,
          -11.6510758
        ]
      },
      "properties": {
        "nome": "Terreiro Ilê Axé Mucalessi",
        "fonte": "google",
        "endereco": "R. Péricles Nogueira, 630 - Sra. Santana, Serrinha - BA, 48700-000, Brazil",
        "rating": 5,
        "reviews": 3,
        "geo_status": "in_bahia"
      }
    },
    {
      "type": "Feature",
      "geometry": {
        "type": "Point",
        "coordinates": [
          -38.9937889,
          -11.6515504
        ]
      },
      "properties": {
        "nome": "Ilê Axé Ojú Oyá",
        "fonte": "google",
        "endereco": "Bairro - Px ao Posto de gasolina - Av. Dep. Manoel Novaes, 346 - Rodagem, Serrinha - BA, 48700-000, Brazil",
        "rating": 4.2,
        "reviews": 5,
        "geo_status": "in_bahia"
      }
    },
    {
      "type": "Feature",
      "geometry": {
        "type": "Point",
        "coordinates": [
          -39.008304,
          -11.6595
        ]
      },
      "properties": {
        "nome": "Despertar do Axé",
        "fonte": "google",
        "endereco": "R. Leôncio de Freitas, 48 - Centro, Serrinha - BA, 48700-000, Brazil",
        "rating": 5,
        "reviews": 8,
        "geo_status": "in_bahia"
      }
    },
    {
      "type": "Feature",
      "geometry": {
        "type": "Point",
        "coordinates": [
          -39.002313,
          -11.6661937
        ]
      },
      "properties": {
        "nome": "Ylê Axé - Palácio dos Orixás - Serrinha - BA",
        "fonte": "google",
        "endereco": "Av. Mário Andreazza, 147 - Ginásio, Serrinha - BA, 48700-000, Brazil",
        "geo_status": "in_bahia"
      }
    },
    {
      "type": "Feature",
      "geometry": {
        "type": "Point",
        "coordinates": [
          -39.25801329999999,
          -12.9621272
        ]
      },
      "properties": {
        "nome": "Ilê Axé Palácio dos Orixás | GUARDIÃO OXOSSI - Santo Antônio de Jesus",
        "fonte": "google",
        "endereco": "NA - R. do Areial, No 205 - São Benedito, Santo Antônio de Jesus - BA, 44571-031, Brazil",
        "geo_status": "in_bahia"
      }
    },
    {
      "type": "Feature",
      "geometry": {
        "type": "Point",
        "coordinates": [
          -38.3986309,
          -12.1565114
        ]
      },
      "properties": {
        "nome": "Ilê axé alakelemin",
        "fonte": "google",
        "endereco": "RJV2+9G - Alagoinhas, BA, Brazil",
        "rating": 3.7,
        "reviews": 3,
        "geo_status": "in_bahia"
      }
    },
    {
      "type": "Feature",
      "geometry": {
        "type": "Point",
        "coordinates": [
          -38.4429533,
          -12.1347483
        ]
      },
      "properties": {
        "nome": "Ilê Axé Bàbà Olùfãn",
        "fonte": "google",
        "endereco": "R. Feira de Santana - Barreiro, Alagoinhas - BA, 48070-340, Brazil",
        "rating": 4.3,
        "reviews": 3,
        "geo_status": "in_bahia"
      }
    },
    {
      "type": "Feature",
      "geometry": {
        "type": "Point",
        "coordinates": [
          -38.3978133,
          -12.1579805
        ]
      },
      "properties": {
        "nome": "Ilê axé Tayodemym",
        "fonte": "google",
        "endereco": "Alagoinhas, BA, Brazil",
        "rating": 5,
        "reviews": 2,
        "geo_status": "in_bahia"
      }
    },
    {
      "type": "Feature",
      "geometry": {
        "type": "Point",
        "coordinates": [
          -38.4400672,
          -12.146601
        ]
      },
      "properties": {
        "nome": "Ilê axé Omobioluaye",
        "fonte": "google",
        "endereco": "R. Baixa do Côrte, 560 - Mangalo, Alagoinhas - BA, 48001-702, Brazil",
        "geo_status": "in_bahia"
      }
    },
    {
      "type": "Feature",
      "geometry": {
        "type": "Point",
        "coordinates": [
          -38.4222299,
          -12.1309636
        ]
      },
      "properties": {
        "nome": "ILÊ AXÉ PALÁCIO DOS ORIXÁS - GUARDIÃO OXOSSÍ | Pai de santo, Cartomante, Mãe de santo, Casa de umbanda, Terreiro de Candomblé",
        "fonte": "google",
        "endereco": "R. Visc. do Rio Branco, 265 - Santa Terezinha, Alagoinhas - BA, 48012-010, Brazil",
        "geo_status": "in_bahia"
      }
    },
    {
      "type": "Feature",
      "geometry": {
        "type": "Point",
        "coordinates": [
          -38.3983463,
          -12.155562
        ]
      },
      "properties": {
        "nome": "Ilê axé oya messan omo ajunssun",
        "fonte": "google",
        "endereco": "R. Cel. Devaldo Matos - Jardim Petrolar, Alagoinhas - BA, Brazil",
        "geo_status": "in_bahia"
      }
    },
    {
      "type": "Feature",
      "geometry": {
        "type": "Point",
        "coordinates": [
          -38.4062629,
          -12.1222214
        ]
      },
      "properties": {
        "nome": "Ilê axé yalodê omim afuncan",
        "fonte": "google",
        "endereco": "R. São Raimundo - Kennedy, Alagoinhas - BA, Brazil",
        "rating": 5,
        "reviews": 1,
        "geo_status": "in_bahia"
      }
    },
    {
      "type": "Feature",
      "geometry": {
        "type": "Point",
        "coordinates": [
          -38.4423038,
          -12.1262722
        ]
      },
      "properties": {
        "nome": "Ile axe omo oba odé",
        "fonte": "google",
        "endereco": "R. Caraíba - Teresópolis, Alagoinhas - BA, 48080-130, Brazil",
        "geo_status": "in_bahia"
      }
    },
    {
      "type": "Feature",
      "geometry": {
        "type": "Point",
        "coordinates": [
          -38.3427065,
          -12.8453908
        ]
      },
      "properties": {
        "nome": "Ilê Axé Tokolê",
        "fonte": "google",
        "endereco": "42700-000 - R. José Souza, 381-569 - Jardim Diamante, Lauro de Freitas - BA, 42700-000, Brazil",
        "rating": 4.8,
        "reviews": 12,
        "geo_status": "in_bahia"
      }
    },
    {
      "type": "Feature",
      "geometry": {
        "type": "Point",
        "coordinates": [
          -38.32618009999999,
          -12.8865062
        ]
      },
      "properties": {
        "nome": "Ilê Axé Alá Obatalandê",
        "fonte": "google",
        "endereco": "R. Buritirama - Recreio Ipitanga, Lauro de Freitas - BA, 42700-540, Brazil",
        "rating": 5,
        "reviews": 7,
        "geo_status": "in_bahia"
      }
    },
    {
      "type": "Feature",
      "geometry": {
        "type": "Point",
        "coordinates": [
          -38.3254901,
          -12.8970373
        ]
      },
      "properties": {
        "nome": "Casa do Axé",
        "fonte": "google",
        "endereco": "Rua Romualdo de Brito, 61 - Centro, Lauro de Freitas - BA, 42702-690, Brazil",
        "rating": 5,
        "reviews": 8,
        "geo_status": "in_bahia"
      }
    },
    {
      "type": "Feature",
      "geometry": {
        "type": "Point",
        "coordinates": [
          -38.3408971,
          -12.8447357
        ]
      },
      "properties": {
        "nome": "Ilê Axé Oba Odé O'kolo",
        "fonte": "google",
        "endereco": "R. Jardim Diamante, 289 - Jardim Diamante, Lauro de Freitas - BA, 42700-000, Brazil",
        "rating": 4.8,
        "reviews": 16,
        "geo_status": "in_bahia"
      }
    },
    {
      "type": "Feature",
      "geometry": {
        "type": "Point",
        "coordinates": [
          -38.3090617,
          -12.8949871
        ]
      },
      "properties": {
        "nome": "ILÊ OBA L'OKÊ",
        "fonte": "google",
        "endereco": "R. Dr. José Carlos Minahim, 113 - Lote 3 - Quadra A - Centro, Lauro de Freitas - BA, 42700-000, Brazil",
        "rating": 4.7,
        "reviews": 50,
        "geo_status": "in_bahia"
      }
    },
    {
      "type": "Feature",
      "geometry": {
        "type": "Point",
        "coordinates": [
          -38.2938203,
          -12.8648435
        ]
      },
      "properties": {
        "nome": "Terreiro Ilê Omorodé Axé Orixá N'lá",
        "fonte": "google",
        "endereco": "Av. Santos Dumont, 8011 - Jardim Portao, Lauro de Freitas - BA, 42700-000, Brazil",
        "rating": 5,
        "reviews": 4,
        "geo_status": "in_bahia"
      }
    },
    {
      "type": "Feature",
      "geometry": {
        "type": "Point",
        "coordinates": [
          -38.5493316,
          -12.6790156
        ]
      },
      "properties": {
        "nome": "Ilê Axé de Ayra Lodekan",
        "fonte": "google",
        "endereco": "de Baixo - R. São Paulo, 12 - Malemba, Candeias - BA, 43805-080, Brazil",
        "geo_status": "in_bahia"
      }
    },
    {
      "type": "Feature",
      "geometry": {
        "type": "Point",
        "coordinates": [
          -38.5137611,
          -12.6656258
        ]
      },
      "properties": {
        "nome": "Ilê Axé Mean Jagum",
        "fonte": "google",
        "endereco": "Rua Maria Milza, s/n - Fazenda Mamão, Candeias - BA, Brazil",
        "rating": 5,
        "reviews": 12,
        "geo_status": "in_bahia"
      }
    },
    {
      "type": "Feature",
      "geometry": {
        "type": "Point",
        "coordinates": [
          -38.5432136,
          -12.6725201
        ]
      },
      "properties": {
        "nome": "Ilê axé omimtalalossy",
        "fonte": "google",
        "endereco": "Centro, Candeias - State of Bahia, 43805-090, Brazil",
        "geo_status": "in_bahia"
      }
    },
    {
      "type": "Feature",
      "geometry": {
        "type": "Point",
        "coordinates": [
          -38.3097359,
          -12.6231306
        ]
      },
      "properties": {
        "nome": "Ilê Axé Iya Delmin",
        "fonte": "google",
        "endereco": "R. do Botafogo, 633-725 - Camaçari, Dias d'Ávila - BA, 42850-000, Brazil",
        "rating": 5,
        "reviews": 7,
        "geo_status": "in_bahia"
      }
    },
    {
      "type": "Feature",
      "geometry": {
        "type": "Point",
        "coordinates": [
          -38.2873535,
          -12.611093
        ]
      },
      "properties": {
        "nome": "Ilê Axé Ejá Omim",
        "fonte": "google",
        "endereco": "R. Tupinambás, 0134 - Jardim Garcia Davila, Dias d'Ávila - BA, 42850-000, Brazil",
        "rating": 5,
        "reviews": 3,
        "geo_status": "in_bahia"
      }
    },
    {
      "type": "Feature",
      "geometry": {
        "type": "Point",
        "coordinates": [
          -38.3305367,
          -12.6113392
        ]
      },
      "properties": {
        "nome": "Ilê Axé Oyá Omin Onirê",
        "fonte": "google",
        "endereco": "R. da Palmeira - Imbassay, Dias d'Ávila - BA, 42850-000, Brazil",
        "rating": 3,
        "reviews": 2,
        "geo_status": "in_bahia"
      }
    },
    {
      "type": "Feature",
      "geometry": {
        "type": "Point",
        "coordinates": [
          -38.3181151,
          -12.5850221
        ]
      },
      "properties": {
        "nome": "Ilê Axé Onié Odé Tafaranjy",
        "fonte": "google",
        "endereco": "Dias d'Ávila - State of Bahia, 42850-000, Brazil",
        "rating": 4.7,
        "reviews": 3,
        "geo_status": "in_bahia"
      }
    },
    {
      "type": "Feature",
      "geometry": {
        "type": "Point",
        "coordinates": [
          -38.3215262,
          -12.5937646
        ]
      },
      "properties": {
        "nome": "Ilê axé ofum ode ominilá",
        "fonte": "google",
        "endereco": "R. Canavieiras - Santa Helena, Dias d'Ávila - BA, 42850-000, Brazil",
        "geo_status": "in_bahia"
      }
    },
    {
      "type": "Feature",
      "geometry": {
        "type": "Point",
        "coordinates": [
          -38.3422933,
          -12.5854183
        ]
      },
      "properties": {
        "nome": "Ilê axé Yê yê Omi D'ewa",
        "fonte": "google",
        "endereco": "CM75+R3 - Dias d'Ávila, State of Bahia, 42850-000, Brazil",
        "rating": 5,
        "reviews": 2,
        "geo_status": "in_bahia"
      }
    },
    {
      "type": "Feature",
      "geometry": {
        "type": "Point",
        "coordinates": [
          -38.3331676,
          -12.5960041
        ]
      },
      "properties": {
        "nome": "Ilê Axé Oloju Onirê",
        "fonte": "google",
        "endereco": "R. J. C. da Silva, 70 - Santa Helena, Dias d'Ávila - BA, 42850-000, Brazil",
        "rating": 5,
        "reviews": 2,
        "geo_status": "in_bahia"
      }
    },
    {
      "type": "Feature",
      "geometry": {
        "type": "Point",
        "coordinates": [
          -38.2933822,
          -12.6124943
        ]
      },
      "properties": {
        "nome": "Ilê Axé Oyá Mesan",
        "fonte": "google",
        "endereco": "Av. Rio Branco, 94 - Jardim Garcia Davila, Dias d'Ávila - BA, 42850-000, Brazil",
        "rating": 5,
        "reviews": 3,
        "geo_status": "in_bahia"
      }
    },
    {
      "type": "Feature",
      "geometry": {
        "type": "Point",
        "coordinates": [
          -38.3323396,
          -12.5964037
        ]
      },
      "properties": {
        "nome": "Ilê Axé Omi Imaralé",
        "fonte": "google",
        "endereco": "R. da Independência, 232 - Santa Helena, Dias d'Ávila - BA, 42850-000, Brazil",
        "geo_status": "in_bahia"
      }
    },
    {
      "type": "Feature",
      "geometry": {
        "type": "Point",
        "coordinates": [
          -38.3208411,
          -12.5882167
        ]
      },
      "properties": {
        "nome": "Ilê axé onie omimó",
        "fonte": "google",
        "endereco": "Dias d'Ávila - State of Bahia, 42850-000, Brazil",
        "rating": 5,
        "reviews": 3,
        "geo_status": "in_bahia"
      }
    },
    {
      "type": "Feature",
      "geometry": {
        "type": "Point",
        "coordinates": [
          -38.4321214045607,
          -12.8773065547179
        ]
      },
      "properties": {
        "nome": "Ilê Axé Aira",
        "fonte": "ceao",
        "fonte_detalhe": "CEAO/UFBA - terreiros.ceao.ufba.br",
        "endereco": "Rua Benedito Jenkis , 553",
        "bairro": "Águas Claras",
        "telefone": "3309-0176",
        "rating": 5,
        "reviews": 1,
        "lideranca": "Ubiraci Assis dos Santos",
        "nacao": "Keto",
        "ano_fundacao": "1987",
        "regente": "Xangô",
        "cep": "41310-270",
        "foto_thumb": "http://www.terreiros.ceao.ufba.br/_FT/pq/623.jpg",
        "foto_grande": "http://www.terreiros.ceao.ufba.br/_FT/gd/623.jpg",
        "ceao_id": "623",
        "geo_status": "in_bahia"
      }
    },
    {
      "type": "Feature",
      "geometry": {
        "type": "Point",
        "coordinates": [
          -38.3273956,
          -12.6039558
        ]
      },
      "properties": {
        "nome": "Terreiro Ilê Axé Nitá Massa Ogum",
        "fonte": "google",
        "endereco": "R. Juruá, 345 - Imbassay, Dias d'Ávila - BA, 42850-000, Brazil",
        "rating": 5,
        "reviews": 1,
        "geo_status": "in_bahia"
      }
    },
    {
      "type": "Feature",
      "geometry": {
        "type": "Point",
        "coordinates": [
          -38.2799483,
          -12.6162753
        ]
      },
      "properties": {
        "nome": "Ilê Axé Oluayê Omí Lewá",
        "fonte": "google",
        "endereco": "Dias d'Ávila, Camaçari - BA, 42850-000, Brazil",
        "geo_status": "in_bahia"
      }
    },
    {
      "type": "Feature",
      "geometry": {
        "type": "Point",
        "coordinates": [
          -38.289842,
          -12.6112185
        ]
      },
      "properties": {
        "nome": "Ile Axé Alaketu Obá Níger n 47",
        "fonte": "google",
        "endereco": "R. Reinaldo Ninck Mendonça, 0047 - Jardim Garcia Davila, Dias d'Ávila - BA, 42850-000, Brazil",
        "rating": 5,
        "reviews": 1,
        "geo_status": "in_bahia"
      }
    },
    {
      "type": "Feature",
      "geometry": {
        "type": "Point",
        "coordinates": [
          -38.4089784197963,
          -12.8835187310622
        ]
      },
      "properties": {
        "nome": "Ogum De lê",
        "fonte": "ceao",
        "fonte_detalhe": "CEAO/UFBA - terreiros.ceao.ufba.br",
        "endereco": "Rua São Félix, 38E",
        "bairro": "Escada",
        "telefone": "8878-7409",
        "rating": 5,
        "reviews": 1,
        "lideranca": "Ivonete Souza dos Santos",
        "nacao": "Angola",
        "ano_fundacao": "1974",
        "regente": "Oxalá",
        "foto_thumb": "http://www.terreiros.ceao.ufba.br/_FT/pq/934.jpg",
        "foto_grande": "http://www.terreiros.ceao.ufba.br/_FT/gd/934.jpg",
        "ceao_id": "934",
        "geo_status": "in_bahia"
      }
    },
    {
      "type": "Feature",
      "geometry": {
        "type": "Point",
        "coordinates": [
          -38.3338481,
          -12.5860422
        ]
      },
      "properties": {
        "nome": "Ilê Axé Omo Sikan Odé Ofá Omim",
        "fonte": "google",
        "endereco": "Dias d'Ávila - State of Bahia, 42850-000, Brazil",
        "rating": 5,
        "reviews": 3,
        "geo_status": "in_bahia"
      }
    },
    {
      "type": "Feature",
      "geometry": {
        "type": "Point",
        "coordinates": [
          -38.2893509,
          -12.6098512
        ]
      },
      "properties": {
        "nome": "Ile Axé Azoany",
        "fonte": "google",
        "endereco": "R. Belém, 2-200 - Jardim Garcia Davila, Dias d'Ávila - BA, 42850-000, Brazil",
        "rating": 5,
        "reviews": 1,
        "geo_status": "in_bahia"
      }
    },
    {
      "type": "Feature",
      "geometry": {
        "type": "Point",
        "coordinates": [
          -38.3191779,
          -12.5956136
        ]
      },
      "properties": {
        "nome": "Ilê Asé Airá Tolami",
        "fonte": "google",
        "endereco": "R. Ituberá, 52 - Santa Helena, Dias d'Ávila - BA, 42850-000, Brazil",
        "rating": 5,
        "reviews": 11,
        "geo_status": "in_bahia"
      }
    },
    {
      "type": "Feature",
      "geometry": {
        "type": "Point",
        "coordinates": [
          -38.2915321,
          -12.6285567
        ]
      },
      "properties": {
        "nome": "ilê axe solo sagrado jambele",
        "fonte": "google",
        "endereco": "R. Anderlon Oliveira, 127 - Parque Petropolis, Dias d'Ávila - BA, 42850-000, Brazil",
        "rating": 5,
        "reviews": 1,
        "geo_status": "in_bahia"
      }
    },
    {
      "type": "Feature",
      "geometry": {
        "type": "Point",
        "coordinates": [
          -38.3222039,
          -12.595594
        ]
      },
      "properties": {
        "nome": "ILE ASE ODÉ N'LÁ",
        "fonte": "google",
        "endereco": "R. Ituberá, N° 535 - Santa Helena, Dias d'Ávila - BA, 42850-000, Brazil",
        "rating": 4.9,
        "reviews": 16,
        "geo_status": "in_bahia"
      }
    },
    {
      "type": "Feature",
      "geometry": {
        "type": "Point",
        "coordinates": [
          -38.3576639,
          -12.7852212
        ]
      },
      "properties": {
        "nome": "Ilê axé Omí Ofúm Olòjudã",
        "fonte": "google",
        "endereco": "R. Santo Antônio - Góes Calmon, Simões Filho - BA, 43700-000, Brazil",
        "rating": 5,
        "reviews": 7,
        "geo_status": "in_bahia"
      }
    },
    {
      "type": "Feature",
      "geometry": {
        "type": "Point",
        "coordinates": [
          -38.3864617,
          -12.7899728
        ]
      },
      "properties": {
        "nome": "Ilê Axé Ibá Yá Omindelekue",
        "fonte": "google",
        "endereco": "R. Salvador, Km 25 - Jardim Eldourado, Simões Filho - BA, 40700-000, Brazil",
        "rating": 5,
        "reviews": 6,
        "geo_status": "in_bahia"
      }
    },
    {
      "type": "Feature",
      "geometry": {
        "type": "Point",
        "coordinates": [
          -38.3970046,
          -12.6977997
        ]
      },
      "properties": {
        "nome": "Ilê Axé Afééfé Mimó",
        "fonte": "google",
        "endereco": "Av. Rocha, Simões Filho - BA, 43700-000, Brazil",
        "rating": 5,
        "reviews": 4,
        "geo_status": "in_bahia"
      }
    },
    {
      "type": "Feature",
      "geometry": {
        "type": "Point",
        "coordinates": [
          -38.4478475,
          -12.8004154
        ]
      },
      "properties": {
        "nome": "Ilê Axé Opô Oyá Aféèfe Iná",
        "fonte": "google",
        "endereco": "Travessa do Sal - Mapele, Simões Filho - BA, 43726-430, Brazil",
        "rating": 5,
        "reviews": 7,
        "geo_status": "in_bahia"
      }
    },
    {
      "type": "Feature",
      "geometry": {
        "type": "Point",
        "coordinates": [
          -38.4023379,
          -12.7658645
        ]
      },
      "properties": {
        "nome": "Ilê Axé Yá Telomin",
        "fonte": "google",
        "endereco": "Rua T, 65 - Lot. Jardim Renatao, Simões Filho - BA, 43700-000, Brazil",
        "rating": 5,
        "reviews": 2,
        "geo_status": "in_bahia"
      }
    },
    {
      "type": "Feature",
      "geometry": {
        "type": "Point",
        "coordinates": [
          -38.4517642,
          -12.8220634
        ]
      },
      "properties": {
        "nome": "Ilê Axé Oyá Nerejí Acorô Omin",
        "fonte": "google",
        "endereco": "R. Paz, 190 - Cia Sul, Simões Filho - BA, 43700-000, Brazil",
        "rating": 5,
        "reviews": 4,
        "geo_status": "in_bahia"
      }
    },
    {
      "type": "Feature",
      "geometry": {
        "type": "Point",
        "coordinates": [
          -38.4537193,
          -12.8158422
        ]
      },
      "properties": {
        "nome": "ILÊ AXÉ OFÁ LUAMI",
        "fonte": "google",
        "endereco": "Estr. p/ Cotegipe, Simões Filho - BA, 43700-000, Brazil",
        "rating": 3,
        "reviews": 3,
        "geo_status": "in_bahia"
      }
    },
    {
      "type": "Feature",
      "geometry": {
        "type": "Point",
        "coordinates": [
          -38.4743072026645,
          -12.9038349126321
        ]
      },
      "properties": {
        "nome": "Ilê Axé de Oyá",
        "fonte": "ceao",
        "fonte_detalhe": "CEAO/UFBA - terreiros.ceao.ufba.br",
        "bairro": "Plataforma",
        "telefone": "3392-2276",
        "rating": 5,
        "reviews": 8,
        "lideranca": "Lázaro José Lopes",
        "nacao": "Keto",
        "ano_fundacao": "1977",
        "regente": "Iansã",
        "cep": "40717-180",
        "foto_thumb": "http://www.terreiros.ceao.ufba.br/_FT/pq/598.jpg",
        "foto_grande": "http://www.terreiros.ceao.ufba.br/_FT/gd/598.jpg",
        "ceao_id": "598",
        "geo_status": "in_bahia"
      }
    },
    {
      "type": "Feature",
      "geometry": {
        "type": "Point",
        "coordinates": [
          -38.4084499,
          -12.7774636
        ]
      },
      "properties": {
        "nome": "Ilê Axé Ominigê",
        "fonte": "google",
        "endereco": "BA-093, 102 - Lot. Jardim Renatao, Simões Filho - BA, 43700-000, Brazil",
        "rating": 5,
        "reviews": 2,
        "geo_status": "in_bahia"
      }
    },
    {
      "type": "Feature",
      "geometry": {
        "type": "Point",
        "coordinates": [
          -38.4507195,
          -12.8213792
        ]
      },
      "properties": {
        "nome": "Ilê Axé Babá Ominguéré",
        "fonte": "google",
        "endereco": "R. Real, 225, Simões Filho - BA, 43700-000, Brazil",
        "rating": 5,
        "reviews": 3,
        "geo_status": "in_bahia"
      }
    },
    {
      "type": "Feature",
      "geometry": {
        "type": "Point",
        "coordinates": [
          -38.390004,
          -12.7066816
        ]
      },
      "properties": {
        "nome": "Ilê alá axé",
        "fonte": "google",
        "endereco": "Av Poly, Simões Filho - BA, 43700-000, Brazil",
        "rating": 5,
        "reviews": 1,
        "geo_status": "in_bahia"
      }
    },
    {
      "type": "Feature",
      "geometry": {
        "type": "Point",
        "coordinates": [
          -38.3546251,
          -12.7562322
        ]
      },
      "properties": {
        "nome": "Ilê axé de Ogum",
        "fonte": "google",
        "endereco": "Góes Calmon, Simões Filho - BA, 43700-000, Brazil",
        "rating": 4.8,
        "reviews": 8,
        "geo_status": "in_bahia"
      }
    },
    {
      "type": "Feature",
      "geometry": {
        "type": "Point",
        "coordinates": [
          -38.39772019999999,
          -12.7718786
        ]
      },
      "properties": {
        "nome": "Ilê Axé Ibá Ijitomin",
        "fonte": "google",
        "endereco": "R. Piracicaba, 122 - Lot. Cristo Rey, Simões Filho - BA, 43700-000, Brazil",
        "rating": 4.9,
        "reviews": 10,
        "geo_status": "in_bahia"
      }
    },
    {
      "type": "Feature",
      "geometry": {
        "type": "Point",
        "coordinates": [
          -38.4608236,
          -12.8247777
        ]
      },
      "properties": {
        "nome": "Ilê Axé Omon Oyá Gerê",
        "fonte": "google",
        "endereco": "R. Sossego, 101 - Aratu, Simões Filho - BA, 43700-000, Brazil",
        "rating": 5,
        "reviews": 1,
        "geo_status": "in_bahia"
      }
    },
    {
      "type": "Feature",
      "geometry": {
        "type": "Point",
        "coordinates": [
          -38.3548926,
          -12.7846173
        ]
      },
      "properties": {
        "nome": "Ilê Axé Oxum Dewá",
        "fonte": "google",
        "endereco": "R. Alto Caixa D Agua, 791 - Góes Calmon, Simões Filho - BA, 43700-000, Brazil",
        "rating": 5,
        "reviews": 8,
        "geo_status": "in_bahia"
      }
    },
    {
      "type": "Feature",
      "geometry": {
        "type": "Point",
        "coordinates": [
          -38.3972859,
          -12.7012484
        ]
      },
      "properties": {
        "nome": "Ilê axé iya to,mim oya oba",
        "fonte": "google",
        "endereco": "Simões Filho - State of Bahia, 43700-000, Brazil",
        "geo_status": "in_bahia"
      }
    },
    {
      "type": "Feature",
      "geometry": {
        "type": "Point",
        "coordinates": [
          -38.4828791020902,
          -12.9561968704246
        ]
      },
      "properties": {
        "nome": "Ilê Axé Ogum",
        "fonte": "ceao",
        "fonte_detalhe": "CEAO/UFBA - terreiros.ceao.ufba.br",
        "endereco": "Rua Osvaldo Gordilho , 46",
        "bairro": "Pau Miúdo",
        "telefone": "3233-5241",
        "rating": 5,
        "reviews": 2,
        "lideranca": "Valtercio M. dos Santos",
        "nacao": "Keto Ijexá",
        "ano_fundacao": "1998",
        "regente": "Ogum",
        "cep": "40310-390",
        "foto_thumb": "http://www.terreiros.ceao.ufba.br/_FT/pq/229.jpg",
        "foto_grande": "http://www.terreiros.ceao.ufba.br/_FT/gd/229.jpg",
        "ceao_id": "229",
        "geo_status": "in_bahia"
      }
    },
    {
      "type": "Feature",
      "geometry": {
        "type": "Point",
        "coordinates": [
          -38.3679083,
          -12.7812903
        ]
      },
      "properties": {
        "nome": "Ilê axé ibá odé locidewá",
        "fonte": "google",
        "endereco": "R. B, 5 - Conj. Hab - Jardim Santa Terezinha, Simões Filho - BA, 43700-000, Brazil",
        "geo_status": "in_bahia"
      }
    },
    {
      "type": "Feature",
      "geometry": {
        "type": "Point",
        "coordinates": [
          -38.4704314,
          -13.0080362
        ]
      },
      "properties": {
        "nome": "Ilê Axé Omin Dá",
        "fonte": "google",
        "endereco": "R. Alto da Alegria, 27 - Nordeste do Amaralina, Salvador - BA, 41900-505, Brazil",
        "rating": 5,
        "reviews": 5,
        "geo_status": "in_bahia"
      }
    },
    {
      "type": "Feature",
      "geometry": {
        "type": "Point",
        "coordinates": [
          -38.4662945,
          -12.8306947
        ]
      },
      "properties": {
        "nome": "Ilê Axé Ibá Lugan",
        "fonte": "google",
        "endereco": "R. São Raimundo, 299 - Paripe, Salvador - BA, 40820-250, Brazil",
        "rating": 5,
        "reviews": 2,
        "geo_status": "in_bahia"
      }
    },
    {
      "type": "Feature",
      "geometry": {
        "type": "Point",
        "coordinates": [
          -44.9862556,
          -12.1569012
        ]
      },
      "properties": {
        "nome": "Casa de umbanda omolokô Pai Zé Pedro das cachoeiras",
        "fonte": "google",
        "endereco": "R. Planalto, 52 - Sandra Regina, Barreiras - BA, 47809-999, Brazil",
        "rating": 5,
        "reviews": 2,
        "geo_status": "in_bahia"
      }
    },
    {
      "type": "Feature",
      "geometry": {
        "type": "Point",
        "coordinates": [
          -38.8796071,
          -15.8550572
        ]
      },
      "properties": {
        "nome": "Ile Axé Osí Mutacutalegin",
        "fonte": "google",
        "endereco": "Belmonte, BA, 45800-000, Brazil",
        "geo_status": "in_bahia"
      }
    },
    {
      "type": "Feature",
      "geometry": {
        "type": "Point",
        "coordinates": [
          -38.3857921,
          -12.69313
        ]
      },
      "properties": {
        "nome": "Ilê Axé Iboro Odé",
        "fonte": "google",
        "endereco": "BA-093, Simões Filho - BA, 43700-000, Brazil",
        "rating": 4.6,
        "reviews": 19,
        "geo_status": "in_bahia"
      }
    },
    {
      "type": "Feature",
      "geometry": {
        "type": "Point",
        "coordinates": [
          -38.36582080000001,
          -12.8248604
        ]
      },
      "properties": {
        "nome": "Ilê Axé Ará Ibú Faramin",
        "fonte": "google",
        "endereco": "Tv. Boa Vista da Ceasa, 48 - Ceasa, Salvador - BA, 41402-390, Brazil",
        "rating": 5,
        "reviews": 9,
        "geo_status": "in_bahia"
      }
    },
    {
      "type": "Feature",
      "geometry": {
        "type": "Point",
        "coordinates": [
          -38.3633351827338,
          -12.9450400195231
        ]
      },
      "properties": {
        "nome": "Ilê Axé Ibá Faramim",
        "fonte": "ceao",
        "fonte_detalhe": "CEAO/UFBA - terreiros.ceao.ufba.br",
        "endereco": "Rua 29 de outubro, 15",
        "bairro": "Itapuã",
        "telefone": "3249-3668",
        "rating": 5,
        "reviews": 3,
        "lideranca": "Valter Isidio dos Santos",
        "nacao": "Nagô Vodum",
        "ano_fundacao": "1958",
        "regente": "Iansã",
        "cep": "41610-530",
        "foto_thumb": "http://www.terreiros.ceao.ufba.br/_FT/pq/102.jpg",
        "foto_grande": "http://www.terreiros.ceao.ufba.br/_FT/gd/102.jpg",
        "ceao_id": "102",
        "geo_status": "in_bahia"
      }
    },
    {
      "type": "Feature",
      "geometry": {
        "type": "Point",
        "coordinates": [
          -38.3600397,
          -12.8402352
        ]
      },
      "properties": {
        "nome": "Ilê Axé Ogum Wari",
        "fonte": "google",
        "endereco": "R. Silva da Ceasa, 228 - Areia Branca, Salvador - BA, 41404-020, Brazil",
        "rating": 5,
        "reviews": 6,
        "geo_status": "in_bahia"
      }
    },
    {
      "type": "Feature",
      "geometry": {
        "type": "Point",
        "coordinates": [
          -38.4784633,
          -12.9517755
        ]
      },
      "properties": {
        "nome": "Ilê Axé Opô Oya Pada",
        "fonte": "google",
        "endereco": "R. Bom Jesus da Lapa, 53 - IAPI, Salvador - BA, 40323-300, Brazil",
        "rating": 4.9,
        "reviews": 23,
        "geo_status": "in_bahia"
      }
    },
    {
      "type": "Feature",
      "geometry": {
        "type": "Point",
        "coordinates": [
          -41.6689328,
          -14.2044673
        ]
      },
      "properties": {
        "nome": "Ylê Axé - Palácio dos Orixás - Pai de Santo, Casa de umbanda e Candomblé",
        "fonte": "google",
        "endereco": "R. Dr. Guilherme Dias, 80 - Centro, Brumado - BA, 46100-000, Brazil",
        "rating": 5,
        "reviews": 1,
        "geo_status": "in_bahia"
      }
    },
    {
      "type": "Feature",
      "geometry": {
        "type": "Point",
        "coordinates": [
          -41.6738465,
          -14.2151947
        ]
      },
      "properties": {
        "nome": "Ilé Àlákétù Asé Odé Omi Lódò",
        "fonte": "google",
        "endereco": "R. São Damião, 2-54 - Juracy P Gomes, Brumado - BA, 46100-000, Brazil",
        "rating": 5,
        "reviews": 4,
        "geo_status": "in_bahia"
      }
    },
    {
      "type": "Feature",
      "geometry": {
        "type": "Point",
        "coordinates": [
          -39.0020532,
          -14.2791019
        ]
      },
      "properties": {
        "nome": "Terreiro de Candomblé Ilê Axé Babá Wallamym",
        "fonte": "google",
        "endereco": "R. das Flores, 68 - Itacaré, BA, 45530-000, Brazil",
        "rating": 5,
        "reviews": 11,
        "geo_status": "in_bahia"
      }
    },
    {
      "type": "Feature",
      "geometry": {
        "type": "Point",
        "coordinates": [
          -42.488011,
          -14.0674993
        ]
      },
      "properties": {
        "nome": "Ylê Axé - Palácio dos Orixás - Caetité - BA",
        "fonte": "google",
        "endereco": "R. Juvenal Lacerda, 148 - Centro, Caetité - BA, 46400-000, Brazil",
        "geo_status": "in_bahia"
      }
    },
    {
      "type": "Feature",
      "geometry": {
        "type": "Point",
        "coordinates": [
          -39.2690769,
          -14.6560425
        ]
      },
      "properties": {
        "nome": "Ile Axé Ode Omi Ewá",
        "fonte": "google",
        "endereco": "Banco do Pedro, Ilhéus - BA, Brazil",
        "geo_status": "in_bahia"
      }
    },
    {
      "type": "Feature",
      "geometry": {
        "type": "Point",
        "coordinates": [
          -38.346145,
          -12.6980571
        ]
      },
      "properties": {
        "nome": "Ilê Axé Odé Tobi Lailá",
        "fonte": "google",
        "endereco": "R. Sem Denominacao, 161 - Lama Preta, Camaçari - BA, 42806-320, Brazil",
        "rating": 4.9,
        "reviews": 15,
        "geo_status": "in_bahia"
      }
    },
    {
      "type": "Feature",
      "geometry": {
        "type": "Point",
        "coordinates": [
          -38.2282105,
          -12.7647835
        ]
      },
      "properties": {
        "nome": "SOCIEDADE RELIGIOSA TERREIRO ILÊ AXÉ ADÊ WÜRA",
        "fonte": "google",
        "endereco": "Loteamento Porta do Sol - Rua Pau Brasil, Lot 3 - Quadra 11 - Coqueiro de arembepe, Camaçari - BA, 42800-000, Brazil",
        "rating": 5,
        "reviews": 2,
        "geo_status": "in_bahia"
      }
    },
    {
      "type": "Feature",
      "geometry": {
        "type": "Point",
        "coordinates": [
          -38.9542322,
          -15.6724063
        ]
      },
      "properties": {
        "nome": "YLÊ AXÉ PALÁCIO DOS ORIXÁS - GUARDIÃO OXÓSSI - PAI DE SANTO, CASA DE UMBANDA, CANDOMBLÉ, TARÓLOGA",
        "fonte": "google",
        "endereco": "R. Rita Braga, 57 - TANCREDÃO, Canavieiras - BA, 45860-000, Brazil",
        "geo_status": "in_bahia"
      }
    },
    {
      "type": "Feature",
      "geometry": {
        "type": "Point",
        "coordinates": [
          -38.4428854,
          -12.7755319
        ]
      },
      "properties": {
        "nome": "Ilê Axé Ikandele",
        "fonte": "google",
        "endereco": "Unnamed Road, Simões Filho - BA, 43700-000, Brazil",
        "rating": 4.3,
        "reviews": 3,
        "geo_status": "in_bahia"
      }
    },
    {
      "type": "Feature",
      "geometry": {
        "type": "Point",
        "coordinates": [
          -39.7403511,
          -17.5351478
        ]
      },
      "properties": {
        "nome": "YLÊ AXÉ PALÁCIO DOS ORIXÁS - GUARDIÃO OXÓSSI O CAVALEIRO DE ARUANDA | PAI DE SANTO, CASA DE UMBANDA E CANDOMBLÉ",
        "fonte": "google",
        "endereco": "R. Min. Jarbas Passarinho, 64 - Wilson Brito, Teixeira de Freitas - BA, 45995-705, Brazil",
        "geo_status": "in_bahia"
      }
    },
    {
      "type": "Feature",
      "geometry": {
        "type": "Point",
        "coordinates": [
          -41.0933475,
          -15.2200064
        ]
      },
      "properties": {
        "nome": "Ilê axé xangô agô veredinha",
        "fonte": "google",
        "endereco": "BR-116 - Veredinha, Vitória da Conquista - BA, Brazil",
        "rating": 5,
        "reviews": 2,
        "geo_status": "in_bahia"
      }
    },
    {
      "type": "Feature",
      "geometry": {
        "type": "Point",
        "coordinates": [
          -39.5899131,
          -16.3850847
        ]
      },
      "properties": {
        "nome": "Ylê Axé - Palácio dos Orixás - Eunápolis - BA",
        "fonte": "google",
        "endereco": "R. Paulino Mendes Lima, 1240 - Jardins de Eunápolis, Eunápolis - BA, 45820-625, Brazil",
        "geo_status": "in_bahia"
      }
    },
    {
      "type": "Feature",
      "geometry": {
        "type": "Point",
        "coordinates": [
          -38.9702131,
          -12.2666803
        ]
      },
      "properties": {
        "nome": "Ilê Axé Ibá Lundorômim",
        "fonte": "google",
        "endereco": "R. Dr. Macário Cerqueira, 606 - Jardim Acácia, Feira de Santana - BA, 40301-110, Brazil",
        "rating": 5,
        "reviews": 1,
        "geo_status": "in_bahia"
      }
    },
    {
      "type": "Feature",
      "geometry": {
        "type": "Point",
        "coordinates": [
          -38.931171,
          -12.213622
        ]
      },
      "properties": {
        "nome": "Ilê Axé Obá Kossô",
        "fonte": "google",
        "endereco": "R. Ibiara, 222 - Mangabeira, Feira de Santana - BA, 44056-000, Brazil",
        "rating": 1,
        "reviews": 1,
        "geo_status": "in_bahia"
      }
    },
    {
      "type": "Feature",
      "geometry": {
        "type": "Point",
        "coordinates": [
          -38.9655847,
          -12.3094156
        ]
      },
      "properties": {
        "nome": "Ilê Axé Aramegi",
        "fonte": "google",
        "endereco": "Estr. de São João Grande, 79 - São Gonçalo dos Campos, Feira de Santana - BA, Brazil",
        "rating": 5,
        "reviews": 10,
        "geo_status": "in_bahia"
      }
    },
    {
      "type": "Feature",
      "geometry": {
        "type": "Point",
        "coordinates": [
          -38.9713322,
          -12.2644853
        ]
      },
      "properties": {
        "nome": "Ilê Axé Oxóssi reina na umbanda",
        "fonte": "google",
        "endereco": "R. Itainópolis Dois - Muchila, Feira de Santana - BA, 44135-000, Brazil",
        "rating": 5,
        "reviews": 7,
        "geo_status": "in_bahia"
      }
    },
    {
      "type": "Feature",
      "geometry": {
        "type": "Point",
        "coordinates": [
          -38.8847309,
          -12.3215998
        ]
      },
      "properties": {
        "nome": "Ilê Axé Okán Oyá Ojú Odé (Yá Rosilene)",
        "fonte": "google",
        "endereco": "Estr. Limoeiro-Humildes, 1120 - Limoeiro, Feira de Santana - BA, 44149-999, Brazil",
        "geo_status": "in_bahia"
      }
    },
    {
      "type": "Feature",
      "geometry": {
        "type": "Point",
        "coordinates": [
          -38.9142817,
          -12.3358739
        ]
      },
      "properties": {
        "nome": "Ilê axé lede omim yá",
        "fonte": "google",
        "endereco": "Estrada de Terra Durã - Limoeiro, Feira de Santana - BA, Brazil",
        "rating": 5,
        "reviews": 2,
        "geo_status": "in_bahia"
      }
    },
    {
      "type": "Feature",
      "geometry": {
        "type": "Point",
        "coordinates": [
          -38.9752645,
          -12.2404971
        ]
      },
      "properties": {
        "nome": "Ilê Axé 7 Ondas de Yemanjá",
        "fonte": "google",
        "endereco": "R. Peró Vaz, 119 - Sobradinho, Feira de Santana - BA, 44021-322, Brazil",
        "rating": 5,
        "reviews": 3,
        "geo_status": "in_bahia"
      }
    },
    {
      "type": "Feature",
      "geometry": {
        "type": "Point",
        "coordinates": [
          -39.0095162,
          -12.208615
        ]
      },
      "properties": {
        "nome": "ILÊ AXÉ OTÁ OMÍ",
        "fonte": "google",
        "endereco": "R. Santa Rosa do Viterbo - Asa Branca, Feira de Santana - BA, Brazil",
        "rating": 5,
        "reviews": 1,
        "geo_status": "in_bahia"
      }
    },
    {
      "type": "Feature",
      "geometry": {
        "type": "Point",
        "coordinates": [
          -39.031199,
          -12.170262
        ]
      },
      "properties": {
        "nome": "IlÊ AXÉ ALADÁ MEGÍ IRÊ",
        "fonte": "google",
        "endereco": "Estr. p/ Jaguará, Feira de Santana - BA, Brazil",
        "rating": 4.5,
        "reviews": 16,
        "geo_status": "in_bahia"
      }
    },
    {
      "type": "Feature",
      "geometry": {
        "type": "Point",
        "coordinates": [
          -38.9837051,
          -12.2544424
        ]
      },
      "properties": {
        "nome": "Ilê Axé Leghy Manjarê",
        "fonte": "google",
        "endereco": "R. Tarumirim, 139 - Calumbi, Feira de Santana - BA, 44009-100, Brazil",
        "rating": 5,
        "reviews": 1,
        "geo_status": "in_bahia"
      }
    },
    {
      "type": "Feature",
      "geometry": {
        "type": "Point",
        "coordinates": [
          -38.954501,
          -12.297219
        ]
      },
      "properties": {
        "nome": "Ilê axé Siboadã",
        "fonte": "google",
        "endereco": "R. Amado Bahia, 19 - Tomba, Feira de Santana - BA, 44091-392, Brazil",
        "rating": 5,
        "reviews": 2,
        "geo_status": "in_bahia"
      }
    },
    {
      "type": "Feature",
      "geometry": {
        "type": "Point",
        "coordinates": [
          -38.9047813,
          -12.2176356
        ]
      },
      "properties": {
        "nome": "Ilê Axé Odé Aroní",
        "fonte": "google",
        "endereco": "Estr. Lagoa das Pedras, 4187 - Aeroporto, Feira de Santana - BA, 41520-970, Brazil",
        "geo_status": "in_bahia"
      }
    },
    {
      "type": "Feature",
      "geometry": {
        "type": "Point",
        "coordinates": [
          -38.8733918,
          -12.3127591
        ]
      },
      "properties": {
        "nome": "Ilê Axé Odé Onidacor",
        "fonte": "google",
        "endereco": "Humildes, Feira de Santana - State of Bahia, 44135-000, Brazil",
        "rating": 5,
        "reviews": 4,
        "geo_status": "in_bahia"
      }
    },
    {
      "type": "Feature",
      "geometry": {
        "type": "Point",
        "coordinates": [
          -38.3507941,
          -12.9046598
        ]
      },
      "properties": {
        "nome": "Ilê Axé Omó Odé Bualegi",
        "fonte": "google",
        "endereco": "Jardim das Margaridas, Salvador - State of Bahia, 41502-360, Brazil",
        "rating": 5,
        "reviews": 20,
        "geo_status": "in_bahia"
      }
    },
    {
      "type": "Feature",
      "geometry": {
        "type": "Point",
        "coordinates": [
          -38.460808,
          -12.8739619
        ]
      },
      "properties": {
        "nome": "Ilé Asé Aráká Togum",
        "fonte": "google",
        "endereco": "R. São Roque - Periperi, Salvador - BA, Brazil",
        "rating": 4.3,
        "reviews": 6,
        "geo_status": "in_bahia"
      }
    },
    {
      "type": "Feature",
      "geometry": {
        "type": "Point",
        "coordinates": [
          -42.78818580000001,
          -14.2235179
        ]
      },
      "properties": {
        "nome": "Ilé Àse Ofá ti Odé - Àse Ojú Oòrùn",
        "fonte": "google",
        "endereco": "R. Ovídio dos Santos, 429 - Guanambi, BA, 46430-000, Brazil",
        "rating": 4.7,
        "reviews": 3,
        "geo_status": "in_bahia"
      }
    },
    {
      "type": "Feature",
      "geometry": {
        "type": "Point",
        "coordinates": [
          -42.72443699999999,
          -14.2223322
        ]
      },
      "properties": {
        "nome": "Ilé Àṣẹ Ojú Dan Láyé",
        "fonte": "google",
        "endereco": "FAZENDA TABÚA GRANDE - Ceraíma, Guanambi - BA, 46430-000, Brazil",
        "rating": 5,
        "reviews": 16,
        "geo_status": "in_bahia"
      }
    },
    {
      "type": "Feature",
      "geometry": {
        "type": "Point",
        "coordinates": [
          -39.6399267,
          -14.0670494
        ]
      },
      "properties": {
        "nome": "Ilê axé odê ofun Nzambi",
        "fonte": "google",
        "endereco": "Antonio Rodrigues de souza - Ponto chic - 1/ Everaldo Guimarães - Ibirataia, BA, 45580-000, Brazil",
        "geo_status": "in_bahia"
      }
    },
    {
      "type": "Feature",
      "geometry": {
        "type": "Point",
        "coordinates": [
          -43.2066843,
          -12.2094749
        ]
      },
      "properties": {
        "nome": "Ile Àṣẹ Alaketu Ọmọ Oya",
        "fonte": "google",
        "endereco": "Rua José Pereira, 203 - Cantinho 1, Ibotirama - BA, 47520-000, Brazil",
        "rating": 5,
        "reviews": 10,
        "geo_status": "in_bahia"
      }
    },
    {
      "type": "Feature",
      "geometry": {
        "type": "Point",
        "coordinates": [
          -39.0903909,
          -14.7851906
        ]
      },
      "properties": {
        "nome": "Ilê Axé Odé Omopondá Aladê Ijexá",
        "fonte": "google",
        "endereco": "Ilhéus - State of Bahia, Brazil",
        "rating": 4.6,
        "reviews": 10,
        "geo_status": "in_bahia"
      }
    },
    {
      "type": "Feature",
      "geometry": {
        "type": "Point",
        "coordinates": [
          -39.0649023,
          -14.7340484
        ]
      },
      "properties": {
        "nome": "Ilê Axé Miregum yá Júlia ty Ogunté",
        "fonte": "google",
        "endereco": "R. Gravatá, 103 - São Domingos, Ilhéus - BA, 45650-550, Brazil",
        "rating": 4.6,
        "reviews": 10,
        "geo_status": "in_bahia"
      }
    },
    {
      "type": "Feature",
      "geometry": {
        "type": "Point",
        "coordinates": [
          -40.3012529,
          -12.5390662
        ]
      },
      "properties": {
        "nome": "Ilê Axe Oba Ade Laio",
        "fonte": "google",
        "endereco": "R. Dr. Renato Medeiros, 395, Itaberaba - BA, 46880-000, Brazil",
        "rating": 5,
        "reviews": 1,
        "geo_status": "in_bahia"
      }
    },
    {
      "type": "Feature",
      "geometry": {
        "type": "Point",
        "coordinates": [
          -39.291839,
          -14.7790493
        ]
      },
      "properties": {
        "nome": "Ilê Axé Ijobá ty Oxumarê Yewá",
        "fonte": "google",
        "endereco": "Loteamento Vila Paloma - R. C, 106 - Santo Antônio, Itabuna - BA, 45602-114, Brazil",
        "rating": 3.4,
        "reviews": 5,
        "geo_status": "in_bahia"
      }
    },
    {
      "type": "Feature",
      "geometry": {
        "type": "Point",
        "coordinates": [
          -39.2838474,
          -14.8009043
        ]
      },
      "properties": {
        "nome": "Ilê Axé Oiá Messen",
        "fonte": "google",
        "endereco": "R. Nossa Sra. das Graças, 350 - Mangabinha, Itabuna - BA, 45600-530, Brazil",
        "rating": 3.4,
        "reviews": 7,
        "geo_status": "in_bahia"
      }
    },
    {
      "type": "Feature",
      "geometry": {
        "type": "Point",
        "coordinates": [
          -38.6616737,
          -12.9020882
        ]
      },
      "properties": {
        "nome": "Ilê axé Iyá okun",
        "fonte": "google",
        "endereco": "R. I, 233 - Lot. Bosque Ponta da Areia, Itaparica - BA, 44460-000, Brazil",
        "rating": 5,
        "reviews": 5,
        "geo_status": "in_bahia"
      }
    },
    {
      "type": "Feature",
      "geometry": {
        "type": "Point",
        "coordinates": [
          -38.6631321,
          -12.906332
        ]
      },
      "properties": {
        "nome": "ILÊ AXÉ BABÁ OBALADÊ",
        "fonte": "google",
        "endereco": "R. Pau-Brasil, 200 - Lot. Bosque Ponta da Areia, Itaparica - BA, 44460-000, Brazil",
        "rating": 5,
        "reviews": 8,
        "geo_status": "in_bahia"
      }
    },
    {
      "type": "Feature",
      "geometry": {
        "type": "Point",
        "coordinates": [
          -38.6730655,
          -12.9001969
        ]
      },
      "properties": {
        "nome": "Axé Beach Itaparica Praia Resort",
        "fonte": "google",
        "endereco": "Av Beira Mar - Porto Santos, Itaparica - BA, 44460-000, Brazil",
        "rating": 5,
        "reviews": 1,
        "geo_status": "in_bahia"
      }
    },
    {
      "type": "Feature",
      "geometry": {
        "type": "Point",
        "coordinates": [
          -38.6752376,
          -12.9006192
        ]
      },
      "properties": {
        "nome": "Ilê Axé Babá Omin Ifan",
        "fonte": "google",
        "endereco": "R. São Judas Tadeu, Itaparica - BA, 44460-000, Brazil",
        "rating": 5,
        "reviews": 1,
        "geo_status": "in_bahia"
      }
    },
    {
      "type": "Feature",
      "geometry": {
        "type": "Point",
        "coordinates": [
          -38.67873170000001,
          -12.892195
        ]
      },
      "properties": {
        "nome": "Ilé Axé Togí Denã",
        "fonte": "google",
        "endereco": "Ladeira da Mangueira, 26 - Conj. Agua Viva, Itaparica - BA, 44460-000, Brazil",
        "rating": 5,
        "reviews": 1,
        "geo_status": "in_bahia"
      }
    },
    {
      "type": "Feature",
      "geometry": {
        "type": "Point",
        "coordinates": [
          -38.66855150000001,
          -12.901729
        ]
      },
      "properties": {
        "nome": "Ilê Axé Obá Afonjá",
        "fonte": "google",
        "endereco": "Condomínio Bosque Ponta de Areia Corredor, BA 533, Itaparica - BA, 44460-000, Brazil",
        "geo_status": "in_bahia"
      }
    },
    {
      "type": "Feature",
      "geometry": {
        "type": "Point",
        "coordinates": [
          -38.66280769999999,
          -12.9044496
        ]
      },
      "properties": {
        "nome": "Ile Axé Okum Nilê Ayó",
        "fonte": "google",
        "endereco": "R. dos Oguns - Lot. Bosque Ponta da Areia, Itaparica - BA, 44460-000, Brazil",
        "rating": 5,
        "reviews": 2,
        "geo_status": "in_bahia"
      }
    },
    {
      "type": "Feature",
      "geometry": {
        "type": "Point",
        "coordinates": [
          -40.2468738,
          -15.2557049
        ]
      },
      "properties": {
        "nome": "Ilê Axé Ijóbá Ogum Alakayê",
        "fonte": "google",
        "endereco": "R. Deraldo Pereira Anunciação, n° 298 - Clodoaldo Costa, Itapetinga - BA, 45700-000, Brazil",
        "rating": 4.7,
        "reviews": 13,
        "geo_status": "in_bahia"
      }
    },
    {
      "type": "Feature",
      "geometry": {
        "type": "Point",
        "coordinates": [
          -38.5010571,
          -12.936292
        ]
      },
      "properties": {
        "nome": "Ilê Axé Ogunjá Tiluaiê Orubáia",
        "fonte": "google",
        "endereco": "2A Travessa Esperança, 51 - Massaranduba, Salvador - BA, 40435-075, Brazil",
        "rating": 4.5,
        "reviews": 2,
        "geo_status": "in_bahia"
      }
    },
    {
      "type": "Feature",
      "geometry": {
        "type": "Point",
        "coordinates": [
          -40.5954024,
          -11.2029903
        ]
      },
      "properties": {
        "nome": "Ilê axe murior Jorge de Ogum",
        "fonte": "google",
        "endereco": "QCW3+QR - Jacobina, State of Bahia, 44700-000, Brazil",
        "rating": 5,
        "reviews": 2,
        "geo_status": "in_bahia"
      }
    },
    {
      "type": "Feature",
      "geometry": {
        "type": "Point",
        "coordinates": [
          -38.4604606,
          -12.8362112
        ]
      },
      "properties": {
        "nome": "Candomble Center: Ile Axe Torrunde Ajagum",
        "fonte": "google",
        "endereco": "R. do Acre, 14 - Paripe, Salvador - BA, 40830-560, Brazil",
        "rating": 4.9,
        "reviews": 56,
        "geo_status": "in_bahia"
      }
    },
    {
      "type": "Feature",
      "geometry": {
        "type": "Point",
        "coordinates": [
          -38.2929219,
          -11.5480125
        ]
      },
      "properties": {
        "nome": "Ile Ase Iba Deran Siloya",
        "fonte": "google",
        "endereco": "FP24+QRW, Olindina - State of Bahia, 48470-000, Brazil",
        "rating": 5,
        "reviews": 4,
        "geo_status": "in_bahia"
      }
    },
    {
      "type": "Feature",
      "geometry": {
        "type": "Point",
        "coordinates": [
          -38.4310623,
          -12.8904717
        ]
      },
      "properties": {
        "nome": "Ilê axé alaketu obatayo",
        "fonte": "google",
        "endereco": "R. Orlando José Ribeiro, 198r - Cajazeiras VII, Salvador - BA, 41310-070, Brazil",
        "rating": 5,
        "reviews": 4,
        "geo_status": "in_bahia"
      }
    },
    {
      "type": "Feature",
      "geometry": {
        "type": "Point",
        "coordinates": [
          -40.1042749,
          -13.8653874
        ]
      },
      "properties": {
        "nome": "Ilê Alaketù Axé Omo Lodé Lomí",
        "fonte": "google",
        "endereco": "R. Mascote, II - N 15 - Km-3, Jequié - BA, 45211-012, Brazil",
        "rating": 5,
        "reviews": 3,
        "geo_status": "in_bahia"
      }
    },
    {
      "type": "Feature",
      "geometry": {
        "type": "Point",
        "coordinates": [
          -40.0904642,
          -13.8516684
        ]
      },
      "properties": {
        "nome": "Ilê Axé Oluaiê N'lá",
        "fonte": "google",
        "endereco": "R. Alvino Ramos, 102 - A Definir, Jequié - BA, 45203-621, Brazil",
        "rating": 5,
        "reviews": 1,
        "geo_status": "in_bahia"
      }
    },
    {
      "type": "Feature",
      "geometry": {
        "type": "Point",
        "coordinates": [
          -38.5147212,
          -12.9960025
        ]
      },
      "properties": {
        "nome": "Ilê Axé Ejê Ibá Onãn",
        "fonte": "google",
        "endereco": "R. dos Réis Católicos - Federação, Salvador - BA, 40230-805, Brazil",
        "rating": 4.2,
        "reviews": 5,
        "geo_status": "in_bahia"
      }
    },
    {
      "type": "Feature",
      "geometry": {
        "type": "Point",
        "coordinates": [
          -38.3384131,
          -12.8420663
        ]
      },
      "properties": {
        "nome": "Ilê Axé Opô Ajagunã",
        "fonte": "google",
        "endereco": "42700-000 - R. Direta da Capiarara, 830-983 - Jardim Diamante, Lauro de Freitas - BA, 42700-000, Brazil",
        "rating": 4.6,
        "reviews": 66,
        "geo_status": "in_bahia"
      }
    },
    {
      "type": "Feature",
      "geometry": {
        "type": "Point",
        "coordinates": [
          -38.3120044,
          -12.8993759
        ]
      },
      "properties": {
        "nome": "Ilê Axé Opô Aganju",
        "fonte": "google",
        "endereco": "R. Sakete, 4 - Vila Praiana, Lauro de Freitas - BA, 42700-000, Brazil",
        "rating": 4.9,
        "reviews": 16,
        "geo_status": "in_bahia"
      }
    },
    {
      "type": "Feature",
      "geometry": {
        "type": "Point",
        "coordinates": [
          -39.5399217,
          -18.0720445
        ]
      },
      "properties": {
        "nome": "Cabana Axé Mucuri",
        "fonte": "google",
        "endereco": "R. Corumbá, 898 - Mucuri, BA, 45930-000, Brazil",
        "rating": 4.6,
        "reviews": 48,
        "geo_status": "in_bahia"
      }
    },
    {
      "type": "Feature",
      "geometry": {
        "type": "Point",
        "coordinates": [
          -39.3664032,
          -17.9049221
        ]
      },
      "properties": {
        "nome": "Barraca Axé-Uai",
        "fonte": "google",
        "endereco": "576 - R. Bahia, 484 - Nova Viçosa, BA, 45920-000, Brazil",
        "rating": 4.3,
        "reviews": 966,
        "geo_status": "in_bahia"
      }
    },
    {
      "type": "Feature",
      "geometry": {
        "type": "Point",
        "coordinates": [
          -39.3576592,
          -17.8872354
        ]
      },
      "properties": {
        "nome": "Ilha do cascalho",
        "fonte": "google",
        "endereco": "Nova Viçosa, BA, 45920-000, Brazil",
        "geo_status": "in_bahia"
      }
    },
    {
      "type": "Feature",
      "geometry": {
        "type": "Point",
        "coordinates": [
          -38.2443828,
          -9.4008778
        ]
      },
      "properties": {
        "nome": "Ilê Axé Palácio dos Orixás | GUARDIÃO OXOSSI - PAULO AFONSO",
        "fonte": "google",
        "endereco": "R. Campos Sáles, 180 - Cleriston Andrade, Paulo Afonso - BA, 48603-440, Brazil",
        "geo_status": "in_bahia"
      }
    },
    {
      "type": "Feature",
      "geometry": {
        "type": "Point",
        "coordinates": [
          -38.221963,
          -9.455223
        ]
      },
      "properties": {
        "nome": "Ilê Axé Aladomi",
        "fonte": "google",
        "endereco": "R. Mato Grosso, 988 - Cardeal Brandão Vilela, Paulo Afonso - BA, 48609, Brazil",
        "rating": 4,
        "reviews": 2,
        "geo_status": "in_bahia"
      }
    },
    {
      "type": "Feature",
      "geometry": {
        "type": "Point",
        "coordinates": [
          -38.2244919,
          -9.4494091
        ]
      },
      "properties": {
        "nome": "ILÊ AXÉ OGUN DE LÊ",
        "fonte": "google",
        "endereco": "R. Nova Glória, 504 - Tancredo Neves III, Paulo Afonso - BA, 48610-428, Brazil",
        "geo_status": "in_bahia"
      }
    },
    {
      "type": "Feature",
      "geometry": {
        "type": "Point",
        "coordinates": [
          -39.379165,
          -13.759033
        ]
      },
      "properties": {
        "nome": "ilé axé omim adé badan ibó",
        "fonte": "google",
        "endereco": "Estr. p/ Ituberá, 246, Piraí do Norte - BA, 45436-000, Brazil",
        "rating": 5,
        "reviews": 4,
        "geo_status": "in_bahia"
      }
    },
    {
      "type": "Feature",
      "geometry": {
        "type": "Point",
        "coordinates": [
          -39.10701340000001,
          -16.4152353
        ]
      },
      "properties": {
        "nome": "ILÊ AXÉ KAJA D'OMIN",
        "fonte": "google",
        "endereco": "Rua 12, 2013 - Ladeira do Porto Alegre, I - Porto Seguro, BA, 45810-000, Brazil",
        "rating": 4.8,
        "reviews": 8,
        "geo_status": "in_bahia"
      }
    },
    {
      "type": "Feature",
      "geometry": {
        "type": "Point",
        "coordinates": [
          -39.2008508,
          -17.4250093
        ]
      },
      "properties": {
        "nome": "Vila Axé",
        "fonte": "google",
        "endereco": "Rua Binda, nº 10 - Guaratiba, Prado - BA, 45980-000, Brazil",
        "rating": 4.7,
        "reviews": 34,
        "geo_status": "in_bahia"
      }
    },
    {
      "type": "Feature",
      "geometry": {
        "type": "Point",
        "coordinates": [
          -39.7454271,
          -10.6641737
        ]
      },
      "properties": {
        "nome": "Ilê Axé Reino de Xangô",
        "fonte": "google",
        "endereco": "BA-381, Itiúba - BA, 48850-000, Brazil",
        "rating": 1,
        "reviews": 1,
        "geo_status": "in_bahia"
      }
    },
    {
      "type": "Feature",
      "geometry": {
        "type": "Point",
        "coordinates": [
          -41.6141096,
          -13.5901554
        ]
      },
      "properties": {
        "nome": "Sítio Axé Manga",
        "fonte": "google",
        "endereco": "BA-148 - R. do Axé Manga - Pilões, Rio de Contas - BA, 46175-000, Brazil",
        "rating": 4.5,
        "reviews": 236,
        "geo_status": "in_bahia"
      }
    },
    {
      "type": "Feature",
      "geometry": {
        "type": "Point",
        "coordinates": [
          -38.335364,
          -12.8297821
        ]
      },
      "properties": {
        "nome": "Ilê Asé Áláfin Obá Sidenã",
        "fonte": "google",
        "endereco": "RUA DA PEDREIRA, 75 - Jambeiro, Lauro de Freitas - BA, 42730-550, Brazil",
        "rating": 5,
        "reviews": 4,
        "geo_status": "in_bahia"
      }
    },
    {
      "type": "Feature",
      "geometry": {
        "type": "Point",
        "coordinates": [
          -39.8142123,
          -13.2889553
        ]
      },
      "properties": {
        "nome": "Ilê Axé Matamba",
        "fonte": "google",
        "endereco": "Santa Inês, Bahia - State of Bahia, 45320-000, Brazil",
        "geo_status": "in_bahia"
      }
    },
    {
      "type": "Feature",
      "geometry": {
        "type": "Point",
        "coordinates": [
          -41.7975846,
          -12.3847116
        ]
      },
      "properties": {
        "nome": "Ilê Axé Ajagun",
        "fonte": "google",
        "endereco": "J682+3WW - Seabra, BA, 46900-000, Brazil",
        "rating": 5,
        "reviews": 4,
        "geo_status": "in_bahia"
      }
    },
    {
      "type": "Feature",
      "geometry": {
        "type": "Point",
        "coordinates": [
          -38.3565818,
          -12.866658
        ]
      },
      "properties": {
        "nome": "Ilê Axé Opô Ajimuda",
        "fonte": "google",
        "endereco": "R. Nova Esperança de Cima - Itinga, Salvador - BA, 42700-000, Brazil",
        "rating": 4.8,
        "reviews": 8,
        "geo_status": "in_bahia"
      }
    },
    {
      "type": "Feature",
      "geometry": {
        "type": "Point",
        "coordinates": [
          -38.4426634,
          -12.799773
        ]
      },
      "properties": {
        "nome": "Ilê Axé Siguerecy",
        "fonte": "google",
        "endereco": "R. Direta de Mapele - Mapele, Simões Filho - BA, 43700-000, Brazil",
        "geo_status": "in_bahia"
      }
    },
    {
      "type": "Feature",
      "geometry": {
        "type": "Point",
        "coordinates": [
          -38.3967866,
          -12.7695211
        ]
      },
      "properties": {
        "nome": "Ilê axé yá omi odé",
        "fonte": "google",
        "endereco": "R. Otávio Mangabeira, 210 - Lot. Cristo Rey, Simões Filho - BA, 43700-000, Brazil",
        "geo_status": "in_bahia"
      }
    },
    {
      "type": "Feature",
      "geometry": {
        "type": "Point",
        "coordinates": [
          -38.4053818,
          -12.7719583
        ]
      },
      "properties": {
        "nome": "Ilê Axé Opô Olú Odé Alaayeda",
        "fonte": "google",
        "endereco": "Lot. Jardim Renatao, Simões Filho - BA, 43700-000, Brazil",
        "rating": 5,
        "reviews": 6,
        "geo_status": "in_bahia"
      }
    },
    {
      "type": "Feature",
      "geometry": {
        "type": "Point",
        "coordinates": [
          -38.4949493723718,
          -12.9979960162963
        ]
      },
      "properties": {
        "nome": "Tanurí Junçara",
        "fonte": "ceao",
        "fonte_detalhe": "CEAO/UFBA - terreiros.ceao.ufba.br",
        "endereco": "Rua Apolinário de Santana, 140",
        "bairro": "Eng. V. da Federação",
        "telefone": "3203-7577",
        "rating": 5,
        "reviews": 5,
        "lideranca": "Elisabeth S. da Hora",
        "nacao": "Angola",
        "ano_fundacao": "1955",
        "regente": "Dandalunda",
        "cep": "40200-102",
        "foto_thumb": "http://www.terreiros.ceao.ufba.br/_FT/pq/53.jpg",
        "foto_grande": "http://www.terreiros.ceao.ufba.br/_FT/gd/53.jpg",
        "ceao_id": "53",
        "geo_status": "in_bahia"
      }
    },
    {
      "type": "Feature",
      "geometry": {
        "type": "Point",
        "coordinates": [
          -38.98302169999999,
          -12.5979408
        ]
      },
      "properties": {
        "nome": "TERREIRO ILÊ AXÉ OGUNJÁ - Associação Helena de Jesus",
        "fonte": "google",
        "endereco": "Rua Jonival Lucas, Nº 230 - 135, São Félix - BA, 44360-000, Brazil",
        "rating": 5,
        "reviews": 10,
        "geo_status": "in_bahia"
      }
    },
    {
      "type": "Feature",
      "geometry": {
        "type": "Point",
        "coordinates": [
          -38.9425401,
          -12.4384176
        ]
      },
      "properties": {
        "nome": "Ilê Axé Sindoyá",
        "fonte": "google",
        "endereco": "R. das Laranjeiras - São Gonçalo dos Campos, BA, 44330-000, Brazil",
        "geo_status": "in_bahia"
      }
    },
    {
      "type": "Feature",
      "geometry": {
        "type": "Point",
        "coordinates": [
          -38.954075,
          -12.4211775
        ]
      },
      "properties": {
        "nome": "Templo ilê Axé ioriabalé",
        "fonte": "google",
        "endereco": "R. Eulália da Silva, 86 - São Gonçalo dos Campos, BA, 44330-000, Brazil",
        "geo_status": "in_bahia"
      }
    },
    {
      "type": "Feature",
      "geometry": {
        "type": "Point",
        "coordinates": [
          -38.381792,
          -12.6945481
        ]
      },
      "properties": {
        "nome": "ILÊ AXÉ ANJÔ ALÊ",
        "fonte": "google",
        "endereco": "Unnamed Road, Simões Filho - BA, 43700-000, Brazil",
        "rating": 5,
        "reviews": 1,
        "geo_status": "in_bahia"
      }
    },
    {
      "type": "Feature",
      "geometry": {
        "type": "Point",
        "coordinates": [
          -38.4908753,
          -12.5127255
        ]
      },
      "properties": {
        "nome": "ILÊ AXÉ YBÁ OROMIM",
        "fonte": "google",
        "endereco": "São Sebastião do Passé, BA, 43850-000, Brazil",
        "rating": 5,
        "reviews": 1,
        "geo_status": "in_bahia"
      }
    },
    {
      "type": "Feature",
      "geometry": {
        "type": "Point",
        "coordinates": [
          -39.7602441,
          -17.540422
        ]
      },
      "properties": {
        "nome": "Aramefá odé ilê",
        "fonte": "google",
        "endereco": "R. Monte Carmelo, 202 - Luiz E Magalhaes, Teixeira de Freitas - BA, Brazil",
        "rating": 5,
        "reviews": 3,
        "geo_status": "in_bahia"
      }
    },
    {
      "type": "Feature",
      "geometry": {
        "type": "Point",
        "coordinates": [
          -38.4962736637959,
          -12.9166153238455
        ]
      },
      "properties": {
        "nome": "Terreiro de Oyá",
        "fonte": "ceao",
        "fonte_detalhe": "CEAO/UFBA - terreiros.ceao.ufba.br",
        "endereco": "Rua Juracy Magalhães, 33",
        "bairro": "Ribeira",
        "telefone": "3314-7380",
        "rating": 4.9,
        "reviews": 35,
        "lideranca": "Clarinda Rufina",
        "nacao": "Angola",
        "ano_fundacao": "1956",
        "regente": "Iansã",
        "cep": "40420-380",
        "foto_thumb": "http://www.terreiros.ceao.ufba.br/_FT/pq/250.jpg",
        "foto_grande": "http://www.terreiros.ceao.ufba.br/_FT/gd/250.jpg",
        "ceao_id": "250",
        "geo_status": "in_bahia"
      }
    },
    {
      "type": "Feature",
      "geometry": {
        "type": "Point",
        "coordinates": [
          -39.08355390000001,
          -13.3703578
        ]
      },
      "properties": {
        "nome": "Terreiro Ilê Axé Omi L'okan",
        "fonte": "google",
        "endereco": "Rua do Bate Quente, 391 - Bate Quente, Valença - BA, 45400-000, Brazil",
        "rating": 4.3,
        "reviews": 6,
        "geo_status": "in_bahia"
      }
    },
    {
      "type": "Feature",
      "geometry": {
        "type": "Point",
        "coordinates": [
          -39.0778717,
          -13.3546394
        ]
      },
      "properties": {
        "nome": "ILÊ AXÉ ODÉ LOJU",
        "fonte": "google",
        "endereco": "R. Trinta e Três - Alto são Roque, Valença - BA, 45400-000, Brazil",
        "geo_status": "in_bahia"
      }
    },
    {
      "type": "Feature",
      "geometry": {
        "type": "Point",
        "coordinates": [
          -39.068852,
          -13.364038
        ]
      },
      "properties": {
        "nome": "Ilê Axé Orí Torokê",
        "fonte": "google",
        "endereco": "Av. Antônio Carlos Magalhães, 256 - Valença, BA, 45400-000, Brazil",
        "rating": 5,
        "reviews": 3,
        "geo_status": "in_bahia"
      }
    },
    {
      "type": "Feature",
      "geometry": {
        "type": "Point",
        "coordinates": [
          -39.0579334,
          -13.3557576
        ]
      },
      "properties": {
        "nome": "Ilê Axé Obá Opá Mimó",
        "fonte": "google",
        "endereco": "R. Cidade do Rio de Janeiro - Valença, BA, 45400-000, Brazil",
        "rating": 2,
        "reviews": 1,
        "geo_status": "in_bahia"
      }
    },
    {
      "type": "Feature",
      "geometry": {
        "type": "Point",
        "coordinates": [
          -39.0847333,
          -13.3697233
        ]
      },
      "properties": {
        "nome": "Ilê Axé afefe loya",
        "fonte": "google",
        "endereco": "Valença, BA, 45400-000, Brazil",
        "rating": 1,
        "reviews": 1,
        "geo_status": "in_bahia"
      }
    },
    {
      "type": "Feature",
      "geometry": {
        "type": "Point",
        "coordinates": [
          -39.0518908,
          -13.3601728
        ]
      },
      "properties": {
        "nome": "Ilê Axé Oba D’Omin Sara",
        "fonte": "google",
        "endereco": "R. cidade de Jequié - Valença, BA, 45400-000, Brazil",
        "rating": 5,
        "reviews": 1,
        "geo_status": "in_bahia"
      }
    },
    {
      "type": "Feature",
      "geometry": {
        "type": "Point",
        "coordinates": [
          -38.612739,
          -12.9568409
        ]
      },
      "properties": {
        "nome": "ILÊ AXÉ ODÉ TOROJY ADÊ MIM",
        "fonte": "google",
        "endereco": "R. São Felipe - R. Fonte da Prata, 32 - Lot. Parque das Mangueiras, Vera Cruz - BA, 44470-000, Brazil",
        "rating": 5,
        "reviews": 4,
        "geo_status": "in_bahia"
      }
    },
    {
      "type": "Feature",
      "geometry": {
        "type": "Point",
        "coordinates": [
          -38.61283530000001,
          -12.961722
        ]
      },
      "properties": {
        "nome": "ILÊ AXÉ HUNTOVÌ ORUNMILÀ",
        "fonte": "google",
        "endereco": "Alameda Internacional, 109 - Lot. Parque das Mangueiras, Vera Cruz - BA, 44470-000, Brazil",
        "rating": 4,
        "reviews": 1,
        "geo_status": "in_bahia"
      }
    },
    {
      "type": "Feature",
      "geometry": {
        "type": "Point",
        "coordinates": [
          -38.6182837,
          -12.9659264
        ]
      },
      "properties": {
        "nome": "ILÊ AXÉ AGODÔ",
        "fonte": "google",
        "endereco": "R. Santa Helena, 91 - Lot. Parque das Mangueiras, Vera Cruz - BA, 44470-000, Brazil",
        "rating": 5,
        "reviews": 2,
        "geo_status": "in_bahia"
      }
    },
    {
      "type": "Feature",
      "geometry": {
        "type": "Point",
        "coordinates": [
          -38.6552375,
          -13.0175275
        ]
      },
      "properties": {
        "nome": "Ilé Axé Odé Omim Oya Lessé",
        "fonte": "google",
        "endereco": "R. Lot. Reduto do Sol, 296 - Condomínio Praia do Caribe, Vera Cruz - BA, 44470-000, Brazil",
        "rating": 5,
        "reviews": 3,
        "geo_status": "in_bahia"
      }
    },
    {
      "type": "Feature",
      "geometry": {
        "type": "Point",
        "coordinates": [
          -38.6192131,
          -12.974806
        ]
      },
      "properties": {
        "nome": "Ilê Axé Oba Ladenã",
        "fonte": "google",
        "endereco": "Ladeira 28 de Maio, 31 - Gamboa, Vera Cruz - BA, 44470-000, Brazil",
        "rating": 5,
        "reviews": 3,
        "geo_status": "in_bahia"
      }
    },
    {
      "type": "Feature",
      "geometry": {
        "type": "Point",
        "coordinates": [
          -38.6493341,
          -13.0217894
        ]
      },
      "properties": {
        "nome": "Ilê axé ogum Omin ayo",
        "fonte": "google",
        "endereco": "R. Santo Amaro, 13 - Condomínio Praia do Caribe, Vera Cruz - BA, 44470-000, Brazil",
        "rating": 5,
        "reviews": 1,
        "geo_status": "in_bahia"
      }
    },
    {
      "type": "Feature",
      "geometry": {
        "type": "Point",
        "coordinates": [
          -38.649095,
          -12.903178
        ]
      },
      "properties": {
        "nome": "Ilê Axé Iyá Omí Ladê",
        "fonte": "google",
        "endereco": "R. Arara-L, S/N - Lot. Ens de Amoreiras, Itaparica - BA, 44460-000, Brazil",
        "rating": 5,
        "reviews": 1,
        "geo_status": "in_bahia"
      }
    },
    {
      "type": "Feature",
      "geometry": {
        "type": "Point",
        "coordinates": [
          -38.627979,
          -12.9181566
        ]
      },
      "properties": {
        "nome": "Ilê Axé Loci Omi Odé",
        "fonte": "google",
        "endereco": "R. Beira Mar, 693-569 - Lot. Porto Santo, Itaparica - BA, 44460-000, Brazil",
        "rating": 5,
        "reviews": 3,
        "geo_status": "in_bahia"
      }
    },
    {
      "type": "Feature",
      "geometry": {
        "type": "Point",
        "coordinates": [
          -38.7860168,
          -13.0600166
        ]
      },
      "properties": {
        "nome": "ILÊ AXÉ BABÁ OMIM ALÁ FUNFUN",
        "fonte": "google",
        "endereco": "Jiribatuba, Vera Cruz - State of Bahia, 44470-000, Brazil",
        "rating": 5,
        "reviews": 5,
        "geo_status": "in_bahia"
      }
    },
    {
      "type": "Feature",
      "geometry": {
        "type": "Point",
        "coordinates": [
          -38.7727556,
          -12.8991216
        ]
      },
      "properties": {
        "nome": "Ilê axé inan omo odobo",
        "fonte": "google",
        "endereco": "462G+9R, Salinas da Margarida - State of Bahia, 44450-000, Brazil",
        "rating": 5,
        "reviews": 2,
        "geo_status": "in_bahia"
      }
    },
    {
      "type": "Feature",
      "geometry": {
        "type": "Point",
        "coordinates": [
          -38.6501568,
          -12.9057216
        ]
      },
      "properties": {
        "nome": "Ilê Axé Babá Omin Tori Alá",
        "fonte": "google",
        "endereco": "R. Alto do Céu, 699-673, Itaparica - BA, 44460-000, Brazil",
        "rating": 5,
        "reviews": 3,
        "geo_status": "in_bahia"
      }
    },
    {
      "type": "Feature",
      "geometry": {
        "type": "Point",
        "coordinates": [
          -40.8889872,
          -14.8371979
        ]
      },
      "properties": {
        "nome": "ILE AXÉ ODÉ KÀLÉSIBÏ",
        "fonte": "google",
        "endereco": "Av. Dez, 07 - Zabelê, Vitória da Conquista - BA, 45079-340, Brazil",
        "rating": 5,
        "reviews": 1,
        "geo_status": "in_bahia"
      }
    },
    {
      "type": "Feature",
      "geometry": {
        "type": "Point",
        "coordinates": [
          -40.8319718,
          -14.8930609
        ]
      },
      "properties": {
        "nome": "Ilê axé casa de Iansã",
        "fonte": "google",
        "endereco": "Av. João Cândido, 165 - Chacaras Santa Tereza, Vitória da Conquista - BA, 45027-044, Brazil",
        "geo_status": "in_bahia"
      }
    },
    {
      "type": "Feature",
      "geometry": {
        "type": "Point",
        "coordinates": [
          -40.897882,
          -14.841351
        ]
      },
      "properties": {
        "nome": "Ilé Axé ABC Alaketu",
        "fonte": "google",
        "endereco": "R. Nelson Rodrigues, 8 - Zabelê, Vitória da Conquista - BA, 45079-160, Brazil",
        "rating": 4.7,
        "reviews": 7,
        "geo_status": "in_bahia"
      }
    },
    {
      "type": "Feature",
      "geometry": {
        "type": "Point",
        "coordinates": [
          -40.8857382,
          -14.832168
        ]
      },
      "properties": {
        "nome": "Ilê Alaketú Asé Obá Éléfè Ará",
        "fonte": "google",
        "endereco": "Av. Alto da Colina, 430 - Lot. Senhorinha Cairo, Vitória da Conquista - BA, 45078-616, Brazil",
        "rating": 4.9,
        "reviews": 29,
        "geo_status": "in_bahia"
      }
    },
    {
      "type": "Feature",
      "geometry": {
        "type": "Point",
        "coordinates": [
          -40.8396805,
          -14.8977561
        ]
      },
      "properties": {
        "nome": "Ilê Axé Alaketu Omí Ógbá",
        "fonte": "google",
        "endereco": "Av. Bento Gonçalves, 7 - Chacaras Santa Tereza, Vitória da Conquista - BA, 45027-012, Brazil",
        "geo_status": "in_bahia"
      }
    },
    {
      "type": "Feature",
      "geometry": {
        "type": "Point",
        "coordinates": [
          -38.4500228,
          -12.1575875
        ]
      },
      "properties": {
        "nome": "Terreiro dos filhos de Lembanssu",
        "fonte": "google",
        "endereco": "R. Daniel Pereira - Mangalo, Alagoinhas - BA, 48002-136, Brazil",
        "rating": 5,
        "reviews": 5,
        "geo_status": "in_bahia"
      }
    },
    {
      "type": "Feature",
      "geometry": {
        "type": "Point",
        "coordinates": [
          -38.442991,
          -12.1251392
        ]
      },
      "properties": {
        "nome": "Terreiro unzó filhos de Ajossun",
        "fonte": "google",
        "endereco": "Tv. Vinte e Um de Setembro, 419 - Barreiro, Alagoinhas - BA, 48080-175, Brazil",
        "rating": 4.8,
        "reviews": 12,
        "geo_status": "in_bahia"
      }
    },
    {
      "type": "Feature",
      "geometry": {
        "type": "Point",
        "coordinates": [
          -38.3687143,
          -12.9006274
        ]
      },
      "properties": {
        "nome": "Casa dos Ventos de Iansã - Terreiro Matambelecy Dya N'zambi",
        "fonte": "google",
        "endereco": "Av. Sr. do Bonfim, 93 - Cassange, Salvador - BA, 41505-030, Brazil",
        "rating": 5,
        "reviews": 96,
        "geo_status": "in_bahia"
      }
    },
    {
      "type": "Feature",
      "geometry": {
        "type": "Point",
        "coordinates": [
          -38.4400208,
          -12.9771888
        ]
      },
      "properties": {
        "nome": "Terreiro Pilão de Prata",
        "fonte": "google",
        "endereco": "Estr. do Curralinho - Boca do Rio, Salvador - BA, 41750-310, Brazil",
        "rating": 4.6,
        "reviews": 101,
        "geo_status": "in_bahia"
      }
    },
    {
      "type": "Feature",
      "geometry": {
        "type": "Point",
        "coordinates": [
          -38.4932622078257,
          -12.914242485443
        ]
      },
      "properties": {
        "nome": "Centro de Umbanda",
        "fonte": "ceao",
        "fonte_detalhe": "CEAO/UFBA - terreiros.ceao.ufba.br",
        "endereco": "Rua 28 de Abril, 246E",
        "bairro": "Pernambués",
        "telefone": "3450-4369",
        "rating": 4.9,
        "reviews": 65,
        "lideranca": "Arlinda Gonçalves da Silva",
        "nacao": "Umbanda",
        "ano_fundacao": "1956",
        "regente": "Iansã",
        "cep": "41120-070",
        "foto_thumb": "http://www.terreiros.ceao.ufba.br/_FT/pq/253.jpg",
        "foto_grande": "http://www.terreiros.ceao.ufba.br/_FT/gd/253.jpg",
        "ceao_id": "253",
        "geo_status": "in_bahia"
      }
    },
    {
      "type": "Feature",
      "geometry": {
        "type": "Point",
        "coordinates": [
          -40.766482,
          -14.7842712
        ]
      },
      "properties": {
        "nome": "Ilê Asé Ojisé Amonilê / Casa do Barro",
        "fonte": "google",
        "endereco": "José Gonçalves, Vitória da Conquista - State of Bahia, Brazil",
        "rating": 4.6,
        "reviews": 11,
        "geo_status": "in_bahia"
      }
    },
    {
      "type": "Feature",
      "geometry": {
        "type": "Point",
        "coordinates": [
          -43.4222905,
          -13.2588469
        ]
      },
      "properties": {
        "nome": "Santuário do Bom Jesus da Lapa",
        "fonte": "google",
        "endereco": "Praça da Bandeira, 106 - • Bom Jesus da Lapa, Bom Jesus da Lapa - BA, 47600-000, Brazil",
        "rating": 4.9,
        "reviews": 2221,
        "geo_status": "in_bahia"
      }
    },
    {
      "type": "Feature",
      "geometry": {
        "type": "Point",
        "coordinates": [
          -43.3967639,
          -13.2458899
        ]
      },
      "properties": {
        "nome": "Bom jesus da Lapa Ba",
        "fonte": "google",
        "endereco": "R. São Francisco - Bom Jesus da Lapa, BA, 47600-000, Brazil",
        "rating": 5,
        "reviews": 3,
        "geo_status": "in_bahia"
      }
    },
    {
      "type": "Feature",
      "geometry": {
        "type": "Point",
        "coordinates": [
          -41.6679772,
          -14.1917382
        ]
      },
      "properties": {
        "nome": "Centro Cultural Do Candomblé Castelo Alto De Xangô",
        "fonte": "google",
        "endereco": "Av. Lindolfo Azevedo Brito, 1200 - Feliciano Pereira Santos, Brumado - BA, 46100-000, Brazil",
        "rating": 3.9,
        "reviews": 22,
        "geo_status": "in_bahia"
      }
    },
    {
      "type": "Feature",
      "geometry": {
        "type": "Point",
        "coordinates": [
          -38.4733714957423,
          -12.8629325599667
        ]
      },
      "properties": {
        "nome": "Terreiro de Umbanda",
        "fonte": "ceao",
        "fonte_detalhe": "CEAO/UFBA - terreiros.ceao.ufba.br",
        "endereco": "Rua Belo Horizonte, 954",
        "bairro": "Praia Grande",
        "telefone": "3521-3328",
        "rating": 5,
        "reviews": 1,
        "lideranca": "Ana Maria Ferreira de Jesus",
        "nacao": "Ijexá",
        "ano_fundacao": "1977",
        "regente": "não informado",
        "cep": "40725-130",
        "foto_thumb": "http://www.terreiros.ceao.ufba.br/_FT/pq/631.jpg",
        "foto_grande": "http://www.terreiros.ceao.ufba.br/_FT/gd/631.jpg",
        "ceao_id": "631",
        "geo_status": "in_bahia"
      }
    },
    {
      "type": "Feature",
      "geometry": {
        "type": "Point",
        "coordinates": [
          -38.481330770836,
          -12.8801739514008
        ]
      },
      "properties": {
        "nome": "Terreiro Viva Deus",
        "fonte": "ceao",
        "fonte_detalhe": "CEAO/UFBA - terreiros.ceao.ufba.br",
        "endereco": "Rua Estrada das Barreiras , 233",
        "bairro": "Cabula",
        "telefone": "3385-6063",
        "lideranca": "Rosemeire Campos Ribeiro Costa",
        "nacao": "Angola",
        "ano_fundacao": "1946",
        "regente": "Oxalá",
        "cep": "41195-000",
        "foto_thumb": "http://www.terreiros.ceao.ufba.br/_FT/pq/333.jpg",
        "foto_grande": "http://www.terreiros.ceao.ufba.br/_FT/gd/333.jpg",
        "ceao_id": "333",
        "geo_status": "in_bahia"
      }
    },
    {
      "type": "Feature",
      "geometry": {
        "type": "Point",
        "coordinates": [
          -39.1367622,
          -13.9774738
        ]
      },
      "properties": {
        "nome": "Terreiro do Centro de candomblé da Mãe Duda oxum opará",
        "fonte": "google",
        "endereco": "R. Do Desterro, 481 - Camamu, BA, 45445-000, Brazil",
        "rating": 5,
        "reviews": 4,
        "geo_status": "in_bahia"
      }
    },
    {
      "type": "Feature",
      "geometry": {
        "type": "Point",
        "coordinates": [
          -39.1435421,
          -13.9861383
        ]
      },
      "properties": {
        "nome": "Centro de Umbanda Ogum Oxum e Caboclo Itaiguara",
        "fonte": "google",
        "endereco": "2V74+GH - Camamu, BA, 45445-000, Brazil",
        "rating": 4.4,
        "reviews": 7,
        "geo_status": "in_bahia"
      }
    },
    {
      "type": "Feature",
      "geometry": {
        "type": "Point",
        "coordinates": [
          -38.3237034,
          -12.7317993
        ]
      },
      "properties": {
        "nome": "Terreiro Sidiramutá",
        "fonte": "google",
        "endereco": "R. do Areal Dois - Camaçari, BA, 42810-626, Brazil",
        "rating": 5,
        "reviews": 8,
        "geo_status": "in_bahia"
      }
    },
    {
      "type": "Feature",
      "geometry": {
        "type": "Point",
        "coordinates": [
          -38.4046202208193,
          -12.903562500032
        ]
      },
      "properties": {
        "nome": "Terreiro de Lemba",
        "fonte": "ceao",
        "fonte_detalhe": "CEAO/UFBA - terreiros.ceao.ufba.br",
        "endereco": "Rua Jaguaribe I, Cam. 6, Casa 26",
        "bairro": "Fazenda Grande II",
        "telefone": "3395-6075/ 8148-6236",
        "rating": 4.4,
        "reviews": 13,
        "lideranca": "Gilmar Pereira da Silva",
        "nacao": "Angola",
        "ano_fundacao": "1993",
        "regente": "Oxalá",
        "cep": "41651-040",
        "foto_thumb": "http://www.terreiros.ceao.ufba.br/_FT/pq/1123.jpg",
        "foto_grande": "http://www.terreiros.ceao.ufba.br/_FT/gd/1123.jpg",
        "ceao_id": "1123",
        "geo_status": "in_bahia"
      }
    },
    {
      "type": "Feature",
      "geometry": {
        "type": "Point",
        "coordinates": [
          -38.3543983,
          -12.6966325
        ]
      },
      "properties": {
        "nome": "Ilê Axé Odé Deleuí (filial Camaçari)",
        "fonte": "google",
        "endereco": "R. Sem Denominacao, 982 - Polo Petroquímico, Camaçari - BA, 42810-440, Brazil",
        "rating": 4.2,
        "reviews": 5,
        "geo_status": "in_bahia"
      }
    },
    {
      "type": "Feature",
      "geometry": {
        "type": "Point",
        "coordinates": [
          -38.36008899999999,
          -12.70078
        ]
      },
      "properties": {
        "nome": "Terreiro Lembarafurama e Kapanzo",
        "fonte": "google",
        "endereco": "R. VIII, 03 - Santo Antônio II, Camaçari - BA, 42808-370, Brazil",
        "rating": 4.8,
        "reviews": 4,
        "geo_status": "in_bahia"
      }
    },
    {
      "type": "Feature",
      "geometry": {
        "type": "Point",
        "coordinates": [
          -38.3156925,
          -12.7305323
        ]
      },
      "properties": {
        "nome": "Terreiro Uncongo D'UnZambi",
        "fonte": "google",
        "endereco": "R. Praia de Torres, 118 - Verdes Horizontes, Camaçari - BA, Brazil",
        "rating": 4.7,
        "reviews": 3,
        "geo_status": "in_bahia"
      }
    },
    {
      "type": "Feature",
      "geometry": {
        "type": "Point",
        "coordinates": [
          -38.30007,
          -12.7073898
        ]
      },
      "properties": {
        "nome": "Terreiro Tombelazaze",
        "fonte": "google",
        "endereco": "Rua das Amendoeiras - Travessa das Amendoeiras - Jardim Limoeiro, Camaçari - BA, 42800-625, Brazil",
        "rating": 4.1,
        "reviews": 19,
        "geo_status": "in_bahia"
      }
    },
    {
      "type": "Feature",
      "geometry": {
        "type": "Point",
        "coordinates": [
          -38.2549589,
          -12.7990296
        ]
      },
      "properties": {
        "nome": "Terreiro de Jauá",
        "fonte": "google",
        "endereco": "Loteamento Bosque de Jauá - Estrada da Cascalheira, Quadra B, Lote 4/5 - Cascalheira/ Água Fria, Camaçari - BA, 42805-200, Brazil",
        "rating": 4.8,
        "reviews": 11,
        "geo_status": "in_bahia"
      }
    },
    {
      "type": "Feature",
      "geometry": {
        "type": "Point",
        "coordinates": [
          -38.2843274,
          -12.7359901
        ]
      },
      "properties": {
        "nome": "Ilê Axé Kemin Dewá",
        "fonte": "google",
        "endereco": "R. Sem Denominação - Parque das mangabas, Camaçari - BA, 42807-740, Brazil",
        "rating": 5,
        "reviews": 4,
        "geo_status": "in_bahia"
      }
    },
    {
      "type": "Feature",
      "geometry": {
        "type": "Point",
        "coordinates": [
          -38.0569689,
          -12.5615867
        ]
      },
      "properties": {
        "nome": "Casa do Mensageiro - Ilê Asè Ojisé Olodumare",
        "fonte": "google",
        "endereco": "Monte Gordo, Camaçari - BA, Brazil",
        "rating": 4.9,
        "reviews": 32,
        "geo_status": "in_bahia"
      }
    },
    {
      "type": "Feature",
      "geometry": {
        "type": "Point",
        "coordinates": [
          -38.3511905,
          -12.6870098
        ]
      },
      "properties": {
        "nome": "Ilê Asé Opô Baragbô",
        "fonte": "google",
        "endereco": "R. Garces, 70 - Santo Antonio, Camaçari - BA, 42810-440, Brazil",
        "rating": 5,
        "reviews": 12,
        "geo_status": "in_bahia"
      }
    },
    {
      "type": "Feature",
      "geometry": {
        "type": "Point",
        "coordinates": [
          -38.3741433807544,
          -12.9384243510019
        ]
      },
      "properties": {
        "nome": "Ilê Axé Casa de Oxossi",
        "fonte": "ceao",
        "fonte_detalhe": "CEAO/UFBA - terreiros.ceao.ufba.br",
        "endereco": "Rua Juazeiro, 32, Alto do Coqueirinho",
        "bairro": "Itapuã",
        "telefone": "3249-1073",
        "lideranca": "Josiene Maximiniano dos Santos",
        "nacao": "Keto",
        "ano_fundacao": "2003",
        "regente": "Oxóssi",
        "cep": "41615-000",
        "ceao_id": "348",
        "geo_status": "in_bahia"
      }
    },
    {
      "type": "Feature",
      "geometry": {
        "type": "Point",
        "coordinates": [
          -38.3430381,
          -12.7336087
        ]
      },
      "properties": {
        "nome": "Terreiro do Caçador",
        "fonte": "google",
        "endereco": "Rua rio do toco, 925 - Parque Verde 2, Camaçari - BA, 42800-970, Brazil",
        "geo_status": "in_bahia"
      }
    },
    {
      "type": "Feature",
      "geometry": {
        "type": "Point",
        "coordinates": [
          -38.46013580684,
          -12.9716769512908
        ]
      },
      "properties": {
        "nome": "Terreiro de Oxum",
        "fonte": "ceao",
        "fonte_detalhe": "CEAO/UFBA - terreiros.ceao.ufba.br",
        "endereco": "Rua São Sebastião, 101",
        "bairro": "Pernambués",
        "telefone": "3432-1690",
        "rating": 5,
        "reviews": 1,
        "lideranca": "Alzira Portugal dos Santos",
        "nacao": "Angola",
        "ano_fundacao": "2002",
        "regente": "Oxum",
        "cep": "41130-090",
        "foto_thumb": "http://www.terreiros.ceao.ufba.br/_FT/pq/235.jpg",
        "foto_grande": "http://www.terreiros.ceao.ufba.br/_FT/gd/235.jpg",
        "ceao_id": "235",
        "geo_status": "in_bahia"
      }
    },
    {
      "type": "Feature",
      "geometry": {
        "type": "Point",
        "coordinates": [
          -38.9609292,
          -12.2000217
        ]
      },
      "properties": {
        "nome": "CENTRO DE UMBANDA PAI XANGÔ",
        "fonte": "google",
        "endereco": "R. Igrejinha, 22 - Papagaio, Feira de Santana - BA, 44061-270, Brazil",
        "rating": 4.9,
        "reviews": 58,
        "geo_status": "in_bahia"
      }
    },
    {
      "type": "Feature",
      "geometry": {
        "type": "Point",
        "coordinates": [
          -38.7955755,
          -12.355601
        ]
      },
      "properties": {
        "nome": "Terreiro de umbanda Caboclo Boiadeiro Zé do Laço",
        "fonte": "google",
        "endereco": "Lot. João Paulo II, Conceição do Jacuípe - BA, 44230-000, Brazil",
        "rating": 5,
        "reviews": 9,
        "geo_status": "in_bahia"
      }
    },
    {
      "type": "Feature",
      "geometry": {
        "type": "Point",
        "coordinates": [
          -38.7650839,
          -12.3550213
        ]
      },
      "properties": {
        "nome": "Terreiro de Camdoblé",
        "fonte": "google",
        "endereco": "Amparo, Conceição do Jacuípe - BA, 44230-000, Brazil",
        "rating": 5,
        "reviews": 3,
        "geo_status": "in_bahia"
      }
    },
    {
      "type": "Feature",
      "geometry": {
        "type": "Point",
        "coordinates": [
          -38.779757,
          -12.218668
        ]
      },
      "properties": {
        "nome": "Ilê Alaketu Axé Ayra igbona",
        "fonte": "google",
        "endereco": "Q6JC+G3 - Itacava, Coração de Maria - BA, 44250-000, Brazil",
        "rating": 5,
        "reviews": 8,
        "geo_status": "in_bahia"
      }
    },
    {
      "type": "Feature",
      "geometry": {
        "type": "Point",
        "coordinates": [
          -38.4364748,
          -12.973716
        ]
      },
      "properties": {
        "nome": "Casa de Caridade Coração de Maria",
        "fonte": "google",
        "endereco": "R. das Gaivotas, 185 - Imbuí, Salvador - BA, 41720-070, Brazil",
        "rating": 4.7,
        "reviews": 35,
        "geo_status": "in_bahia"
      }
    },
    {
      "type": "Feature",
      "geometry": {
        "type": "Point",
        "coordinates": [
          -38.4428505657963,
          -12.9090457822877
        ]
      },
      "properties": {
        "nome": "Sultão das Matas",
        "fonte": "ceao",
        "fonte_detalhe": "CEAO/UFBA - terreiros.ceao.ufba.br",
        "endereco": "Rua Luis Anselmo, 120, casa 1, fundo",
        "bairro": "Luis Anselmo",
        "telefone": "3381-7537",
        "rating": 4.6,
        "reviews": 5,
        "lideranca": "Maria José das Chagas Pereira",
        "nacao": "Umbanda",
        "ano_fundacao": "1976",
        "regente": "Caboclo Sultão das Matas",
        "cep": "40260-475",
        "foto_thumb": "http://www.terreiros.ceao.ufba.br/_FT/pq/965.jpg",
        "foto_grande": "http://www.terreiros.ceao.ufba.br/_FT/gd/965.jpg",
        "ceao_id": "965",
        "geo_status": "in_bahia"
      }
    },
    {
      "type": "Feature",
      "geometry": {
        "type": "Point",
        "coordinates": [
          -38.3296301,
          -12.609375
        ]
      },
      "properties": {
        "nome": "Terreiro de Umbanda Caboclo Katendê",
        "fonte": "google",
        "endereco": "R. da Palmeira, 382 - Imbassay, Dias d'Ávila - BA, 42850-000, Brazil",
        "rating": 5,
        "reviews": 3,
        "geo_status": "in_bahia"
      }
    },
    {
      "type": "Feature",
      "geometry": {
        "type": "Point",
        "coordinates": [
          -38.2847333,
          -12.6214982
        ]
      },
      "properties": {
        "nome": "Terreiro Mesu nDandalunda",
        "fonte": "google",
        "endereco": "R. Adilson Lopes da Silva - Bosque de Dias Dávila, Dias d'Ávila - BA, 42850-000, Brazil",
        "rating": 5,
        "reviews": 3,
        "geo_status": "in_bahia"
      }
    },
    {
      "type": "Feature",
      "geometry": {
        "type": "Point",
        "coordinates": [
          -38.2936158,
          -12.6261323
        ]
      },
      "properties": {
        "nome": "Aramefá Akueran",
        "fonte": "google",
        "endereco": "R. São Cosme, 100 - Parque Petropolis, Dias d'Ávila - BA, 42850-000, Brazil",
        "rating": 5,
        "reviews": 1,
        "geo_status": "in_bahia"
      }
    },
    {
      "type": "Feature",
      "geometry": {
        "type": "Point",
        "coordinates": [
          -39.5713332,
          -16.3397788
        ]
      },
      "properties": {
        "nome": "Terreiro Logun Éde",
        "fonte": "google",
        "endereco": "R. Campos Sáles, 230 - Juca Rosa, Eunápolis - BA, 45823-510, Brazil",
        "rating": 5,
        "reviews": 6,
        "geo_status": "in_bahia"
      }
    },
    {
      "type": "Feature",
      "geometry": {
        "type": "Point",
        "coordinates": [
          -39.5547233,
          -16.3656415
        ]
      },
      "properties": {
        "nome": "Casa Pai Oxalá - Umbanda",
        "fonte": "google",
        "endereco": "R. Turmalina, 44 - Minas Gerais, Eunápolis - BA, 45828-555, Brazil",
        "rating": 5,
        "reviews": 4,
        "geo_status": "in_bahia"
      }
    },
    {
      "type": "Feature",
      "geometry": {
        "type": "Point",
        "coordinates": [
          -39.5492497,
          -16.3378812
        ]
      },
      "properties": {
        "nome": "Ilê asé silê inã tuntun egbé omo torrundê",
        "fonte": "google",
        "endereco": "Av. Campo Verde, Eunápolis - BA, Brazil",
        "rating": 5,
        "reviews": 3,
        "geo_status": "in_bahia"
      }
    },
    {
      "type": "Feature",
      "geometry": {
        "type": "Point",
        "coordinates": [
          -39.5766552,
          -16.3818353
        ]
      },
      "properties": {
        "nome": "Casa de Umbanda Ogum Xoroque",
        "fonte": "google",
        "endereco": "Provisorio, 315 - Dinah Borges, Eunápolis - BA, 45830-268, Brazil",
        "geo_status": "in_bahia"
      }
    },
    {
      "type": "Feature",
      "geometry": {
        "type": "Point",
        "coordinates": [
          -39.016468,
          -12.1422483
        ]
      },
      "properties": {
        "nome": "Terreiro De Candomblé do Boqueirão",
        "fonte": "google",
        "endereco": "Feira de Santana - State of Bahia, Brazil",
        "rating": 4.9,
        "reviews": 12,
        "geo_status": "in_bahia"
      }
    },
    {
      "type": "Feature",
      "geometry": {
        "type": "Point",
        "coordinates": [
          -38.4697799257179,
          -13.010104850136
        ]
      },
      "properties": {
        "nome": "Centro de Ogum",
        "fonte": "ceao",
        "fonte_detalhe": "CEAO/UFBA - terreiros.ceao.ufba.br",
        "endereco": "Rua Senhor dos Passos, 155E",
        "bairro": "Vale das Pedrinhas",
        "telefone": "3248- 7312",
        "rating": 5,
        "reviews": 1,
        "lideranca": "Nildes Santos",
        "nacao": "Não informado",
        "ano_fundacao": "1996",
        "regente": "Ogum de Ronda",
        "cep": "41927-120",
        "foto_thumb": "http://www.terreiros.ceao.ufba.br/_FT/pq/490.jpg",
        "foto_grande": "http://www.terreiros.ceao.ufba.br/_FT/gd/490.jpg",
        "ceao_id": "490",
        "geo_status": "in_bahia"
      }
    },
    {
      "type": "Feature",
      "geometry": {
        "type": "Point",
        "coordinates": [
          -38.4997094389517,
          -12.9344392096501
        ]
      },
      "properties": {
        "nome": "Terreiro de Ogum",
        "fonte": "ceao",
        "fonte_detalhe": "CEAO/UFBA - terreiros.ceao.ufba.br",
        "endereco": "Rua Antônio da Cruz Pereira, 17-E",
        "bairro": "Valéria",
        "telefone": "3301-9152",
        "rating": 5,
        "reviews": 23,
        "lideranca": "Djalma Santos Ramos Souza",
        "nacao": "Angola",
        "ano_fundacao": "1988",
        "regente": "Ogum",
        "cep": "41300-050",
        "foto_thumb": "http://www.terreiros.ceao.ufba.br/_FT/pq/429.jpg",
        "foto_grande": "http://www.terreiros.ceao.ufba.br/_FT/gd/429.jpg",
        "ceao_id": "429",
        "geo_status": "in_bahia"
      }
    },
    {
      "type": "Feature",
      "geometry": {
        "type": "Point",
        "coordinates": [
          -38.94796729999999,
          -12.2856227
        ]
      },
      "properties": {
        "nome": "Centro De UMBANDA MAE LIU DE IEMANJA",
        "fonte": "google",
        "endereco": "R. do Salvador, Nº1541 - 35º BI, Feira de Santana - BA, 44094-006, Brazil",
        "rating": 4.7,
        "reviews": 15,
        "geo_status": "in_bahia"
      }
    },
    {
      "type": "Feature",
      "geometry": {
        "type": "Point",
        "coordinates": [
          -38.952039,
          -12.272236
        ]
      },
      "properties": {
        "nome": "Terreiro Estrela Guia de Aruanda - Egbé Olu Koso Laalu",
        "fonte": "google",
        "endereco": "R. das Jazidas, 238 - Brasília, Feira de Santana - BA, 44088-254, Brazil",
        "rating": 5,
        "reviews": 1,
        "geo_status": "in_bahia"
      }
    },
    {
      "type": "Feature",
      "geometry": {
        "type": "Point",
        "coordinates": [
          -38.9467888,
          -12.2543082
        ]
      },
      "properties": {
        "nome": "Centro Espírita de Umbanda e Candomblé",
        "fonte": "google",
        "endereco": "R. José Bonifácio - Ponto Central, Feira de Santana - BA, 44135-000, Brazil",
        "geo_status": "in_bahia"
      }
    },
    {
      "type": "Feature",
      "geometry": {
        "type": "Point",
        "coordinates": [
          -38.4825283263062,
          -12.9389402259603
        ]
      },
      "properties": {
        "nome": "Ogum de Ronda",
        "fonte": "ceao",
        "fonte_detalhe": "CEAO/UFBA - terreiros.ceao.ufba.br",
        "endereco": "Rua da Mangueira, 13",
        "bairro": "Pero Vaz",
        "telefone": "3256-9968",
        "rating": 4.5,
        "reviews": 4,
        "lideranca": "Eudelia Lima de Oliveira",
        "nacao": "Angola",
        "ano_fundacao": "1990",
        "regente": "Ogum",
        "cep": "40335-755",
        "foto_thumb": "http://www.terreiros.ceao.ufba.br/_FT/pq/503.jpg",
        "foto_grande": "http://www.terreiros.ceao.ufba.br/_FT/gd/503.jpg",
        "ceao_id": "503",
        "geo_status": "in_bahia"
      }
    },
    {
      "type": "Feature",
      "geometry": {
        "type": "Point",
        "coordinates": [
          -38.9519832,
          -12.3055961
        ]
      },
      "properties": {
        "nome": "Nzo Ngira Mawú (Candomblé Nação Angola))",
        "fonte": "google",
        "endereco": "Rua J, n° 16, tomba conjunto fraternidade - Tomba, Feira de Santana - BA, 44092-208, Brazil",
        "rating": 5,
        "reviews": 1,
        "geo_status": "in_bahia"
      }
    },
    {
      "type": "Feature",
      "geometry": {
        "type": "Point",
        "coordinates": [
          -38.9882224,
          -12.225609
        ]
      },
      "properties": {
        "nome": "Centro De Umbanda Nana Boroque",
        "fonte": "google",
        "endereco": "Cam 7 - Lot.Amaralina Gabriela, N22 - Gabriela, Feira de Santana - BA, 44039-428, Brazil",
        "rating": 4.2,
        "reviews": 11,
        "geo_status": "in_bahia"
      }
    },
    {
      "type": "Feature",
      "geometry": {
        "type": "Point",
        "coordinates": [
          -39.0413787,
          -12.6001024
        ]
      },
      "properties": {
        "nome": "Àsé Ibece Ala Ketu Ogum Megegê",
        "fonte": "google",
        "endereco": "Centro, Governador Mangabeira - State of Bahia, 44350-000, Brazil",
        "rating": 5,
        "reviews": 3,
        "geo_status": "in_bahia"
      }
    },
    {
      "type": "Feature",
      "geometry": {
        "type": "Point",
        "coordinates": [
          -42.7971133,
          -14.2229418
        ]
      },
      "properties": {
        "nome": "Tenda Espiritualista de Umbanda Boiadeiro de Minas",
        "fonte": "google",
        "endereco": "Av. Gov. Waldir Pires, 2729 - Guanambi, BA, 46430-000, Brazil",
        "geo_status": "in_bahia"
      }
    },
    {
      "type": "Feature",
      "geometry": {
        "type": "Point",
        "coordinates": [
          -43.2164754,
          -12.1850175
        ]
      },
      "properties": {
        "nome": "Centro Espirita Poder E Humildade",
        "fonte": "google",
        "endereco": "R. Pedro Álvares Cabral, 120 - Ibotirama, BA, 47520-000, Brazil",
        "rating": 5,
        "reviews": 3,
        "geo_status": "in_bahia"
      }
    },
    {
      "type": "Feature",
      "geometry": {
        "type": "Point",
        "coordinates": [
          -39.0247254,
          -14.8107313
        ]
      },
      "properties": {
        "nome": "Terreiro de Luando Malungo Monaco",
        "fonte": "google",
        "endereco": "R. Cassimiro Costa, 221 - Pontal, Ilhéus - BA, 45654-530, Brazil",
        "rating": 5,
        "reviews": 3,
        "geo_status": "in_bahia"
      }
    },
    {
      "type": "Feature",
      "geometry": {
        "type": "Point",
        "coordinates": [
          -39.0547003,
          -14.7855798
        ]
      },
      "properties": {
        "nome": "Terreiro Ajaonãn de oxalá",
        "fonte": "google",
        "endereco": "5ª Tv. da Esperança - Esperança, Ilhéus - BA, Brazil",
        "rating": 5,
        "reviews": 6,
        "geo_status": "in_bahia"
      }
    },
    {
      "type": "Feature",
      "geometry": {
        "type": "Point",
        "coordinates": [
          -39.0482139,
          -14.7939205
        ]
      },
      "properties": {
        "nome": "Terreiro de Matamba Tombenci Neto",
        "fonte": "google",
        "endereco": "Av. Brasil, 485 - Conquista, Ilhéus - BA, 45650-270, Brazil",
        "rating": 4.8,
        "reviews": 65,
        "geo_status": "in_bahia"
      }
    },
    {
      "type": "Feature",
      "geometry": {
        "type": "Point",
        "coordinates": [
          -39.0574196,
          -14.8735712
        ]
      },
      "properties": {
        "nome": "Terreiro Zumbarandá",
        "fonte": "google",
        "endereco": "4WGV+H2 - Coutos, Ilhéus - BA, Brazil",
        "rating": 5,
        "reviews": 1,
        "geo_status": "in_bahia"
      }
    },
    {
      "type": "Feature",
      "geometry": {
        "type": "Point",
        "coordinates": [
          -39.0654042,
          -14.7541014
        ]
      },
      "properties": {
        "nome": "Ilê Asé Aziri Tobossi Omindewá",
        "fonte": "google",
        "endereco": "Rod. Ilhéus-Uruçuca, KM 1 - Iguape, Ilhéus - BA, Brazil",
        "rating": 5,
        "reviews": 1,
        "geo_status": "in_bahia"
      }
    },
    {
      "type": "Feature",
      "geometry": {
        "type": "Point",
        "coordinates": [
          -39.1103582,
          -14.7866208
        ]
      },
      "properties": {
        "nome": "Ilê Asche Omi Yá Gunté",
        "fonte": "google",
        "endereco": "Ilhéus, BA, Brazil",
        "rating": 5,
        "reviews": 3,
        "geo_status": "in_bahia"
      }
    },
    {
      "type": "Feature",
      "geometry": {
        "type": "Point",
        "coordinates": [
          -39.0337649,
          -14.8361284
        ]
      },
      "properties": {
        "nome": "Terreiro de Zumbaradá",
        "fonte": "google",
        "endereco": "Rod. Pontal Buerarema - Ilhéus II, Ilhéus - BA, 45650-000, Brazil",
        "geo_status": "in_bahia"
      }
    },
    {
      "type": "Feature",
      "geometry": {
        "type": "Point",
        "coordinates": [
          -39.7400251,
          -14.1240869
        ]
      },
      "properties": {
        "nome": "Barracão do Pai Naldo - Aidan Sileuá",
        "fonte": "google",
        "endereco": "R. Dom Pedro II, 20 - Ipiau, Ipiaú - BA, 45570-000, Brazil",
        "rating": 5,
        "reviews": 25,
        "geo_status": "in_bahia"
      }
    },
    {
      "type": "Feature",
      "geometry": {
        "type": "Point",
        "coordinates": [
          -38.4004215,
          -12.9214912
        ]
      },
      "properties": {
        "nome": "Terreiro de umbanda aldeia tupyara",
        "fonte": "google",
        "endereco": "R. Santo Antônio de Ipitanga, 244 - Nova Brasília, Salvador - BA, 41350-170, Brazil",
        "rating": 4.8,
        "reviews": 12,
        "geo_status": "in_bahia"
      }
    },
    {
      "type": "Feature",
      "geometry": {
        "type": "Point",
        "coordinates": [
          -41.8203176,
          -11.2590557
        ]
      },
      "properties": {
        "nome": "Ilê Asé Baralodenã Quimbanda Nagô",
        "fonte": "google",
        "endereco": "Zona rural de Irecê Rua - Angical - Estr. do Mocozeiro - Angical, Irecê - BA, 44876-899, Brazil",
        "rating": 4.7,
        "reviews": 14,
        "geo_status": "in_bahia"
      }
    },
    {
      "type": "Feature",
      "geometry": {
        "type": "Point",
        "coordinates": [
          -41.8574185,
          -11.3045296
        ]
      },
      "properties": {
        "nome": "Ylê Axé - Palácio dos Orixás - Irecê - BA",
        "fonte": "google",
        "endereco": "R. José Alves Andrade, 76 - CENTRO, Irecê - BA, 44900-000, Brazil",
        "geo_status": "in_bahia"
      }
    },
    {
      "type": "Feature",
      "geometry": {
        "type": "Point",
        "coordinates": [
          -39.2669524,
          -14.7694041
        ]
      },
      "properties": {
        "nome": "Inzo Kikoue Mam'etu Matamba",
        "fonte": "google",
        "endereco": "R. Curitiba, 228 - Califórnia, Itabuna - BA, 45604-245, Brazil",
        "rating": 3.6,
        "reviews": 7,
        "geo_status": "in_bahia"
      }
    },
    {
      "type": "Feature",
      "geometry": {
        "type": "Point",
        "coordinates": [
          -39.269139,
          -14.814356
        ]
      },
      "properties": {
        "nome": "Centro de Candomblé Santa Bárbara",
        "fonte": "google",
        "endereco": "2° - Tv. São Leopoldo, 167 - São Caetano, Itabuna - BA, 45607-105, Brazil",
        "rating": 5,
        "reviews": 2,
        "geo_status": "in_bahia"
      }
    },
    {
      "type": "Feature",
      "geometry": {
        "type": "Point",
        "coordinates": [
          -39.2775531,
          -14.8151127
        ]
      },
      "properties": {
        "nome": "Templo de Umbanda Amilton de Oliveira",
        "fonte": "google",
        "endereco": "R. Bela Vista, 69 - Banco Raso, Itabuna - BA, 45608-035, Brazil",
        "rating": 5,
        "reviews": 2,
        "geo_status": "in_bahia"
      }
    },
    {
      "type": "Feature",
      "geometry": {
        "type": "Point",
        "coordinates": [
          -39.3726075,
          -14.6753509
        ]
      },
      "properties": {
        "nome": "Casa de Caridade Vovó Nanã.",
        "fonte": "google",
        "endereco": "R. Olávo Bilac, 272 - Itajuípe, BA, 45630-000, Brazil",
        "rating": 5,
        "reviews": 1,
        "geo_status": "in_bahia"
      }
    },
    {
      "type": "Feature",
      "geometry": {
        "type": "Point",
        "coordinates": [
          -38.6650407,
          -12.9059121
        ]
      },
      "properties": {
        "nome": "Terreiro Tuntum Olukotun 1850",
        "fonte": "google",
        "endereco": "R. Ponta de Areia - Lot. Bosque Ponta da Areia, Itaparica - BA, 44460-000, Brazil",
        "rating": 5,
        "reviews": 10,
        "geo_status": "in_bahia"
      }
    },
    {
      "type": "Feature",
      "geometry": {
        "type": "Point",
        "coordinates": [
          -38.6619805,
          -12.9038689
        ]
      },
      "properties": {
        "nome": "Ilê Babá Agboulá",
        "fonte": "google",
        "endereco": "R. Ipê, 118 - Lot. Bosque Ponta da Areia, Itaparica - BA, 44460-000, Brazil",
        "rating": 4.9,
        "reviews": 23,
        "geo_status": "in_bahia"
      }
    },
    {
      "type": "Feature",
      "geometry": {
        "type": "Point",
        "coordinates": [
          -38.6530989,
          -12.903429
        ]
      },
      "properties": {
        "nome": "Ilé Àşę Bàbá Ilekiobé - Casa dos Eguns",
        "fonte": "google",
        "endereco": "Lot. Ens de Amoreiras, Itaparica - BA, 44460-000, Brazil",
        "rating": 4.2,
        "reviews": 6,
        "geo_status": "in_bahia"
      }
    },
    {
      "type": "Feature",
      "geometry": {
        "type": "Point",
        "coordinates": [
          -38.6572345,
          -12.9171723
        ]
      },
      "properties": {
        "nome": "Ilé Bàbá Onilá",
        "fonte": "google",
        "endereco": "38MV+44, Itaparica - State of Bahia, 44460-000, Brazil",
        "rating": 5,
        "reviews": 5,
        "geo_status": "in_bahia"
      }
    },
    {
      "type": "Feature",
      "geometry": {
        "type": "Point",
        "coordinates": [
          -38.6193046,
          -12.9660443
        ]
      },
      "properties": {
        "nome": "Asé Gun Wtacum Uzerê",
        "fonte": "google",
        "endereco": "R. Santa Helena, 234-274 - Lot. Parque das Mangueiras, Vera Cruz - BA, 44470-000, Brazil",
        "geo_status": "in_bahia"
      }
    },
    {
      "type": "Feature",
      "geometry": {
        "type": "Point",
        "coordinates": [
          -40.2288685,
          -15.2392605
        ]
      },
      "properties": {
        "nome": "Terreiro Kajalembacy Tombenci Mululu Fé e Razão",
        "fonte": "google",
        "endereco": "R. Herlan Martins, 304 - Itapetinga, BA, 45700-000, Brazil",
        "rating": 5,
        "reviews": 2,
        "geo_status": "in_bahia"
      }
    },
    {
      "type": "Feature",
      "geometry": {
        "type": "Point",
        "coordinates": [
          -40.2348846,
          -15.2538447
        ]
      },
      "properties": {
        "nome": "Terreiro de São Lázaro Tombenci Neto Fé e Razão",
        "fonte": "google",
        "endereco": "Tv. 10 - Itapetinga, BA, 45700-000, Brazil",
        "rating": 5,
        "reviews": 1,
        "geo_status": "in_bahia"
      }
    },
    {
      "type": "Feature",
      "geometry": {
        "type": "Point",
        "coordinates": [
          -38.5000193848317,
          -12.9195299271645
        ]
      },
      "properties": {
        "nome": "Terreiro Santa Bárbara",
        "fonte": "ceao",
        "fonte_detalhe": "CEAO/UFBA - terreiros.ceao.ufba.br",
        "bairro": "Cidade Nova",
        "telefone": "8156-3229",
        "rating": 5,
        "reviews": 9,
        "lideranca": "Sarita Maria Sergio",
        "nacao": "Keto",
        "ano_fundacao": "2005",
        "regente": "Iansã Balé",
        "cep": "40313-590",
        "foto_thumb": "http://www.terreiros.ceao.ufba.br/_FT/pq/192.jpg",
        "foto_grande": "http://www.terreiros.ceao.ufba.br/_FT/gd/192.jpg",
        "ceao_id": "192",
        "geo_status": "in_bahia"
      }
    },
    {
      "type": "Feature",
      "geometry": {
        "type": "Point",
        "coordinates": [
          -40.49987309999999,
          -9.4173513
        ]
      },
      "properties": {
        "nome": "Centro de Umbanda e Candomblé Professor André Do Maranhão",
        "fonte": "google",
        "endereco": "rua Dr. Dewilson - R. Santa Maria Goretti, Bairro - n° 58 - Coreia, Juazeiro - BA, 48904-490, Brazil",
        "rating": 4,
        "reviews": 1,
        "geo_status": "in_bahia"
      }
    },
    {
      "type": "Feature",
      "geometry": {
        "type": "Point",
        "coordinates": [
          -38.305041,
          -12.870747
        ]
      },
      "properties": {
        "nome": "Terreiro Oya Matamba",
        "fonte": "google",
        "endereco": "R. Édna B Santos, 54 - Jardim Portao, Lauro de Freitas - BA, 42700-000, Brazil",
        "rating": 5,
        "reviews": 24,
        "geo_status": "in_bahia"
      }
    },
    {
      "type": "Feature",
      "geometry": {
        "type": "Point",
        "coordinates": [
          -38.354719,
          -12.8889085
        ]
      },
      "properties": {
        "nome": "ILÈ ASÉ IYÁ OMÍFÁLÁYÒ",
        "fonte": "google",
        "endereco": "Loteamento Jardim Tropical - R. Santa Efigênia, Quadra 04 - Lote 144 - Itinga, Lauro de Freitas - BA, 42700-000, Brazil",
        "rating": 4.7,
        "reviews": 20,
        "geo_status": "in_bahia"
      }
    },
    {
      "type": "Feature",
      "geometry": {
        "type": "Point",
        "coordinates": [
          -38.3238869,
          -12.8400477
        ]
      },
      "properties": {
        "nome": "TERREIRO MANSU DANDALUNDA OYÁ KISSIMBI N'ZAMBI",
        "fonte": "google",
        "endereco": "R. Libra, 11 - Jambeiro, Lauro de Freitas - BA, 42700-000, Brazil",
        "rating": 5,
        "reviews": 5,
        "geo_status": "in_bahia"
      }
    },
    {
      "type": "Feature",
      "geometry": {
        "type": "Point",
        "coordinates": [
          -38.4775801175502,
          -13.0104398907425
        ]
      },
      "properties": {
        "nome": "Pena Branca",
        "fonte": "ceao",
        "fonte_detalhe": "CEAO/UFBA - terreiros.ceao.ufba.br",
        "bairro": "Rio Vermelho",
        "telefone": "3240-1271",
        "rating": 4.8,
        "reviews": 29,
        "lideranca": "Aurea Gonçalves Santos",
        "nacao": "Angola",
        "ano_fundacao": "1983",
        "regente": "Caboclo Pena Branca",
        "cep": "41920-790",
        "foto_thumb": "http://www.terreiros.ceao.ufba.br/_FT/pq/410.jpg",
        "foto_grande": "http://www.terreiros.ceao.ufba.br/_FT/gd/410.jpg",
        "ceao_id": "410",
        "geo_status": "in_bahia"
      }
    },
    {
      "type": "Feature",
      "geometry": {
        "type": "Point",
        "coordinates": [
          -38.307809,
          -12.883837
        ]
      },
      "properties": {
        "nome": "Candomble Mãe Zulmira",
        "fonte": "google",
        "endereco": "Morada do Sol, Lauro de Freitas - BA, 42700-000, Brazil",
        "rating": 4.5,
        "reviews": 16,
        "geo_status": "in_bahia"
      }
    },
    {
      "type": "Feature",
      "geometry": {
        "type": "Point",
        "coordinates": [
          -38.3259639,
          -12.8814604
        ]
      },
      "properties": {
        "nome": "Centro de Umbanda Luz Divina de Aruanda, Vó Francisca das Almas e o Caboclo 7 Flechas",
        "fonte": "google",
        "endereco": "Av. Santo Amaro de Ipitanga - Vida Nova, Lauro de Freitas - BA, 42700-630, Brazil",
        "rating": 5,
        "reviews": 4,
        "geo_status": "in_bahia"
      }
    },
    {
      "type": "Feature",
      "geometry": {
        "type": "Point",
        "coordinates": [
          -38.469215574701,
          -12.9377349120928
        ]
      },
      "properties": {
        "nome": "Terreiro das Águas Claras",
        "fonte": "ceao",
        "fonte_detalhe": "CEAO/UFBA - terreiros.ceao.ufba.br",
        "endereco": "Rua Direta da Mata Escura, 64",
        "bairro": "Mata Escura",
        "telefone": "3306-3295",
        "rating": 5,
        "reviews": 25,
        "lideranca": "Railda Costa dos Santos",
        "nacao": "Keto",
        "ano_fundacao": "1961",
        "regente": "Oxum Apará",
        "cep": "41225-190",
        "foto_thumb": "http://www.terreiros.ceao.ufba.br/_FT/pq/1032.jpg",
        "foto_grande": "http://www.terreiros.ceao.ufba.br/_FT/gd/1032.jpg",
        "ceao_id": "1032",
        "geo_status": "in_bahia"
      }
    },
    {
      "type": "Feature",
      "geometry": {
        "type": "Point",
        "coordinates": [
          -45.79665929999999,
          -12.1041815
        ]
      },
      "properties": {
        "nome": "Ylê axé de Yemanjá",
        "fonte": "google",
        "endereco": "Lot. Aroldo da Cruz, Luís Eduardo Magalhães - BA, 47850-000, Brazil",
        "rating": 5,
        "reviews": 1,
        "geo_status": "in_bahia"
      }
    },
    {
      "type": "Feature",
      "geometry": {
        "type": "Point",
        "coordinates": [
          -45.7729673,
          -12.0674347
        ]
      },
      "properties": {
        "nome": "Templo Atuaro do Amanhecer - Luis Eduardo Magalhães BA",
        "fonte": "google",
        "endereco": "R. Jatobá, 2593 - Jardim Alvorada, Luís Eduardo Magalhães - BA, 47850-000, Brazil",
        "rating": 3.9,
        "reviews": 15,
        "geo_status": "in_bahia"
      }
    },
    {
      "type": "Feature",
      "geometry": {
        "type": "Point",
        "coordinates": [
          -38.9162386,
          -12.7712991
        ]
      },
      "properties": {
        "nome": "Terreiro Bandalekongo",
        "fonte": "google",
        "endereco": "Tv. Nossa Sra. das Graças - Maragogipe, BA, 44420-000, Brazil",
        "rating": 5,
        "reviews": 2,
        "geo_status": "in_bahia"
      }
    },
    {
      "type": "Feature",
      "geometry": {
        "type": "Point",
        "coordinates": [
          -38.9322019,
          -12.7936755
        ]
      },
      "properties": {
        "nome": "Casa Pequenina da Colina",
        "fonte": "google",
        "endereco": "Estr. Maragogipe - KM3, Maragogipe - BA, 44420-000, Brazil",
        "geo_status": "in_bahia"
      }
    },
    {
      "type": "Feature",
      "geometry": {
        "type": "Point",
        "coordinates": [
          -38.3003875,
          -12.5353189
        ]
      },
      "properties": {
        "nome": "ILÊ AXÉ OMÓ OBÁ JAGUN",
        "fonte": "google",
        "endereco": "R. Manoel Bandeira - Mata de São João, BA, 48280-000, Brazil",
        "geo_status": "in_bahia"
      }
    },
    {
      "type": "Feature",
      "geometry": {
        "type": "Point",
        "coordinates": [
          -41.1526817,
          -11.5383029
        ]
      },
      "properties": {
        "nome": "Terreiro de Umbanda Boiadeiro de Minas",
        "fonte": "google",
        "endereco": "Morro do Chapéu - State of Bahia, 44850-000, Brazil",
        "rating": 5,
        "reviews": 4,
        "geo_status": "in_bahia"
      }
    },
    {
      "type": "Feature",
      "geometry": {
        "type": "Point",
        "coordinates": [
          -41.1839318,
          -11.4753431
        ]
      },
      "properties": {
        "nome": "Terreiro de Umbanda Mensageiro dos Ventos",
        "fonte": "google",
        "endereco": "Povoado de Barra I Comunidade Rural - Morro do Chapéu, BA, 44850-000, Brazil",
        "rating": 5,
        "reviews": 7,
        "geo_status": "in_bahia"
      }
    },
    {
      "type": "Feature",
      "geometry": {
        "type": "Point",
        "coordinates": [
          -38.98971290000001,
          -12.6213184
        ]
      },
      "properties": {
        "nome": "Centro de Umbanda José de Luanda",
        "fonte": "google",
        "endereco": "R. Alcídes Almeida, 170 - Muritiba, BA, 44340-000, Brazil",
        "rating": 5,
        "reviews": 3,
        "geo_status": "in_bahia"
      }
    },
    {
      "type": "Feature",
      "geometry": {
        "type": "Point",
        "coordinates": [
          -39.0037359,
          -13.0412597
        ]
      },
      "properties": {
        "nome": "Mãe de santo Isabel de Nanã de Nazaré das Farinhas Terreiro Ilê axé Ajussun Zitozan (Reinado Congo de Ouro)",
        "fonte": "google",
        "endereco": "R. Juerana de Cima, 90 - Bairro da muritiba, Nazaré - BA, 44400-000, Brazil",
        "rating": 5,
        "reviews": 10,
        "geo_status": "in_bahia"
      }
    },
    {
      "type": "Feature",
      "geometry": {
        "type": "Point",
        "coordinates": [
          -39.00206170000001,
          -13.0398482
        ]
      },
      "properties": {
        "nome": "Mae de Santo Wilma de Oxum de Nazaré das Farinhas",
        "fonte": "google",
        "endereco": "Rua joaquim pedro da silva, nº 148 - Muritiba, Nazaré - BA, 44400-000, Brazil",
        "rating": 4.6,
        "reviews": 16,
        "geo_status": "in_bahia"
      }
    },
    {
      "type": "Feature",
      "geometry": {
        "type": "Point",
        "coordinates": [
          -39.1304429,
          -16.4156662
        ]
      },
      "properties": {
        "nome": "TERREIRO DE UMBANDA OGUM BEIRA MAR E CABOCLO 7 FLECHAS",
        "fonte": "google",
        "endereco": "Loteamento residencial portobello, Porto Seguro - BA, 45810-000, Brazil",
        "rating": 4.9,
        "reviews": 27,
        "geo_status": "in_bahia"
      }
    },
    {
      "type": "Feature",
      "geometry": {
        "type": "Point",
        "coordinates": [
          -38.2254866,
          -9.3776327
        ]
      },
      "properties": {
        "nome": "Terreiro candomble pai junior de megê",
        "fonte": "google",
        "endereco": "R. Carajás - Centenario, Paulo Afonso - BA, 48605, Brazil",
        "rating": 5,
        "reviews": 2,
        "geo_status": "in_bahia"
      }
    },
    {
      "type": "Feature",
      "geometry": {
        "type": "Point",
        "coordinates": [
          -38.22425990000001,
          -9.377714
        ]
      },
      "properties": {
        "nome": "Terreiro ylê axé torúnlamboje",
        "fonte": "google",
        "endereco": "R. Carajás, n° 07 - Centenario, Paulo Afonso - BA, 48606-025, Brazil",
        "geo_status": "in_bahia"
      }
    },
    {
      "type": "Feature",
      "geometry": {
        "type": "Point",
        "coordinates": [
          -38.2404482,
          -9.368539799999999
        ]
      },
      "properties": {
        "nome": "Terreiro De Mãe Neta",
        "fonte": "google",
        "endereco": "Unnamed Road - Pedra Comprida, Paulo Afonso - BA, Brazil",
        "rating": 4.8,
        "reviews": 10,
        "geo_status": "in_bahia"
      }
    },
    {
      "type": "Feature",
      "geometry": {
        "type": "Point",
        "coordinates": [
          -38.2173357,
          -9.4514233
        ]
      },
      "properties": {
        "nome": "Ile Ase Iya Ojuomifan",
        "fonte": "google",
        "endereco": "R. William de Jesus, 425 - Cardeal Brandão Vilela, Paulo Afonso - BA, 48610-640, Brazil",
        "geo_status": "in_bahia"
      }
    },
    {
      "type": "Feature",
      "geometry": {
        "type": "Point",
        "coordinates": [
          -41.84455519999999,
          -13.6386059
        ]
      },
      "properties": {
        "nome": "Terreiro de Umbanda Pedra da Serra",
        "fonte": "google",
        "endereco": "R. Arapiranga, 53 - Estocada, Livramento de Nossa Sra. - BA, 46140-000, Brazil",
        "geo_status": "in_bahia"
      }
    },
    {
      "type": "Feature",
      "geometry": {
        "type": "Point",
        "coordinates": [
          -38.3732641,
          -12.9488581
        ]
      },
      "properties": {
        "nome": "Umbanda Center Mystic Osun Apara",
        "fonte": "google",
        "endereco": "R. Juíz Orlando Heleno de Melo, 817 - Piatã, Salvador - BA, 41301-110, Brazil",
        "rating": 4.7,
        "reviews": 129,
        "geo_status": "in_bahia"
      }
    },
    {
      "type": "Feature",
      "geometry": {
        "type": "Point",
        "coordinates": [
          -39.2229169,
          -17.4602061
        ]
      },
      "properties": {
        "nome": "Terreiro de Umbanda Aprendizes do Amor Bahia",
        "fonte": "google",
        "endereco": "Alcobaça - State of Bahia, 45990-000, Brazil",
        "rating": 5,
        "reviews": 3,
        "geo_status": "in_bahia"
      }
    },
    {
      "type": "Feature",
      "geometry": {
        "type": "Point",
        "coordinates": [
          -40.1336688,
          -10.8643794
        ]
      },
      "properties": {
        "nome": "Terreiro de umbanda casa de Ogum de ronda",
        "fonte": "google",
        "endereco": "Praça nova da integração, Ponto Novo - BA, 44755-000, Brazil",
        "rating": 5,
        "reviews": 2,
        "geo_status": "in_bahia"
      }
    },
    {
      "type": "Feature",
      "geometry": {
        "type": "Point",
        "coordinates": [
          -39.09785129999999,
          -16.4120977
        ]
      },
      "properties": {
        "nome": "Ilê Asé Oyaleicam",
        "fonte": "google",
        "endereco": "Av. João Carlos Matos de Paula, 434 - Porto Seguro, BA, 45810-000, Brazil",
        "rating": 5,
        "reviews": 6,
        "geo_status": "in_bahia"
      }
    },
    {
      "type": "Feature",
      "geometry": {
        "type": "Point",
        "coordinates": [
          -39.0918692,
          -16.4154232
        ]
      },
      "properties": {
        "nome": "Casa Ecumênica Pai José",
        "fonte": "google",
        "endereco": "R. José Ribeiro de Almeida, 190 - Porto Seguro, BA, 45810-000, Brazil",
        "rating": 4.6,
        "reviews": 15,
        "geo_status": "in_bahia"
      }
    },
    {
      "type": "Feature",
      "geometry": {
        "type": "Point",
        "coordinates": [
          -39.07374069999999,
          -16.4894394
        ]
      },
      "properties": {
        "nome": "Terreiro de Umbanda Caboclo Cariri",
        "fonte": "google",
        "endereco": "Praça da Igreja - Praça Brg. Eduardo Gomes, 128 B - Arraial d'Ajuda, Porto Seguro - BA, 45810-000, Brazil",
        "rating": 4.7,
        "reviews": 15,
        "geo_status": "in_bahia"
      }
    },
    {
      "type": "Feature",
      "geometry": {
        "type": "Point",
        "coordinates": [
          -39.0969981,
          -16.4247593
        ]
      },
      "properties": {
        "nome": "Casa Dos Orixás",
        "fonte": "google",
        "endereco": "Av. Ayrton Senna, 1027 - cambolo, Porto Seguro - BA, 45810-000, Brazil",
        "rating": 5,
        "reviews": 10,
        "geo_status": "in_bahia"
      }
    },
    {
      "type": "Feature",
      "geometry": {
        "type": "Point",
        "coordinates": [
          -39.0771186,
          -16.4429401
        ]
      },
      "properties": {
        "nome": "Spiritual Center Porto da Paz",
        "fonte": "google",
        "endereco": "R. Belo Horizonte, 76 - Porto Seguro, BA, 45810-000, Brazil",
        "rating": 4.6,
        "reviews": 28,
        "geo_status": "in_bahia"
      }
    },
    {
      "type": "Feature",
      "geometry": {
        "type": "Point",
        "coordinates": [
          -38.4144298482718,
          -12.9188011447405
        ]
      },
      "properties": {
        "nome": "Terreiro de Iansã",
        "fonte": "ceao",
        "fonte_detalhe": "CEAO/UFBA - terreiros.ceao.ufba.br",
        "endereco": "Rua das Pedreiras, 83 (Baixa do Calabetão)",
        "bairro": "Calabetão",
        "telefone": "3215-5365",
        "rating": 5,
        "reviews": 7,
        "lideranca": "Solange Regis Matias",
        "nacao": "Keto Angola",
        "ano_fundacao": "1995",
        "regente": "Iansã Balé",
        "cep": "41227-260",
        "foto_thumb": "http://www.terreiros.ceao.ufba.br/_FT/pq/1149.jpg",
        "foto_grande": "http://www.terreiros.ceao.ufba.br/_FT/gd/1149.jpg",
        "ceao_id": "1149",
        "geo_status": "in_bahia"
      }
    },
    {
      "type": "Feature",
      "geometry": {
        "type": "Point",
        "coordinates": [
          -38.5218215,
          -10.8343949
        ]
      },
      "properties": {
        "nome": "Terreiro de Oxossi Viva Deus Filho",
        "fonte": "google",
        "endereco": "Praça Ana Honório - Alto Santo Antônio, Ribeira do Pombal - BA, 48400-000, Brazil",
        "rating": 4.3,
        "reviews": 6,
        "geo_status": "in_bahia"
      }
    },
    {
      "type": "Feature",
      "geometry": {
        "type": "Point",
        "coordinates": [
          -38.5475089,
          -10.8384914
        ]
      },
      "properties": {
        "nome": "ILÊ ASÉ IYÁ FUNKÉ OMIN",
        "fonte": "google",
        "endereco": "Rua E, 792, Ribeira do Pombal - BA, 48400-000, Brazil",
        "geo_status": "in_bahia"
      }
    },
    {
      "type": "Feature",
      "geometry": {
        "type": "Point",
        "coordinates": [
          -38.5395905,
          -10.841247
        ]
      },
      "properties": {
        "nome": "Casa das Ervas Santa Bárbara",
        "fonte": "google",
        "endereco": "Av. Silvia Brito, Ribeira do Pombal - BA, 48400-000, Brazil",
        "geo_status": "in_bahia"
      }
    },
    {
      "type": "Feature",
      "geometry": {
        "type": "Point",
        "coordinates": [
          -38.3753585,
          -12.8969885
        ]
      },
      "properties": {
        "nome": "Terreiro Ibá Oyá Indenbúrêjí",
        "fonte": "google",
        "endereco": "R. Gonçalo de Ataíde Pereira - Fazenda Cassange, Salvador - BA, 41505-560, Brazil",
        "rating": 5,
        "reviews": 5,
        "geo_status": "in_bahia"
      }
    },
    {
      "type": "Feature",
      "geometry": {
        "type": "Point",
        "coordinates": [
          -38.4993022,
          -12.9739528
        ]
      },
      "properties": {
        "nome": "Centro de Umbanda Nossa Senhora do Livramento",
        "fonte": "google",
        "endereco": "R. Arlíndo Fragoso, 335 - Santo Agostinho, Salvador - BA, 40255-041, Brazil",
        "geo_status": "in_bahia"
      }
    },
    {
      "type": "Feature",
      "geometry": {
        "type": "Point",
        "coordinates": [
          -39.1352576,
          -16.6090726
        ]
      },
      "properties": {
        "nome": "Terreiro de candomblé Ìlè Àsé Omo Inã Ati Omi",
        "fonte": "google",
        "endereco": "Fazenda raris, s/n - Porto Seguro, BA, 45818-000, Brazil",
        "rating": 5,
        "reviews": 8,
        "geo_status": "in_bahia"
      }
    },
    {
      "type": "Feature",
      "geometry": {
        "type": "Point",
        "coordinates": [
          -38.4951622422966,
          -12.9988547794636
        ]
      },
      "properties": {
        "nome": "Obá Tony",
        "fonte": "ceao",
        "fonte_detalhe": "CEAO/UFBA - terreiros.ceao.ufba.br",
        "endereco": "2ª Trav. da Ladeira da Paz, 29",
        "bairro": "Eng. V. da Federação",
        "telefone": "3203-6396",
        "rating": 4.7,
        "reviews": 40,
        "lideranca": "Elza Ferreira Conceição",
        "nacao": "Keto",
        "ano_fundacao": "1936",
        "regente": "Xangô",
        "cep": "40220-025",
        "foto_thumb": "http://www.terreiros.ceao.ufba.br/_FT/pq/6.jpg",
        "foto_grande": "http://www.terreiros.ceao.ufba.br/_FT/gd/6.jpg",
        "ceao_id": "6",
        "geo_status": "in_bahia"
      }
    },
    {
      "type": "Feature",
      "geometry": {
        "type": "Point",
        "coordinates": [
          -38.5118626,
          -12.9778555
        ]
      },
      "properties": {
        "nome": "Terreiro de Candomble Pai Logigam",
        "fonte": "google",
        "endereco": "R. do Castanheda, 70 - Nazaré, Salvador - BA, 40040-050, Brazil",
        "rating": 4.1,
        "reviews": 9,
        "geo_status": "in_bahia"
      }
    },
    {
      "type": "Feature",
      "geometry": {
        "type": "Point",
        "coordinates": [
          -38.4395793,
          -12.9785251
        ]
      },
      "properties": {
        "nome": "Centro de Umbanda Caboclo Taperoa",
        "fonte": "google",
        "endereco": "3ª Travessa Novo Paraíso, n26 - Boca do Rio, Salvador - BA, 41750-270, Brazil",
        "rating": 4.9,
        "reviews": 95,
        "geo_status": "in_bahia"
      }
    },
    {
      "type": "Feature",
      "geometry": {
        "type": "Point",
        "coordinates": [
          -38.5032248,
          -12.9839167
        ]
      },
      "properties": {
        "nome": "TERREIRO VODUM JI DAN DOHUN",
        "fonte": "google",
        "endereco": "Ladeira de Nanã, 27 - Engenho Velho de Brotas, Salvador - BA, 40240-370, Brazil",
        "rating": 5,
        "reviews": 8,
        "geo_status": "in_bahia"
      }
    },
    {
      "type": "Feature",
      "geometry": {
        "type": "Point",
        "coordinates": [
          -38.4995604,
          -13.0111726
        ]
      },
      "properties": {
        "nome": "Ilê Omo Omi Ejá Asé Baru",
        "fonte": "google",
        "endereco": "R. Aiocá, n° 10 - Rio Vermelho, Salvador - BA, 41940-835, Brazil",
        "rating": 4.7,
        "reviews": 28,
        "geo_status": "in_bahia"
      }
    },
    {
      "type": "Feature",
      "geometry": {
        "type": "Point",
        "coordinates": [
          -38.4440951,
          -12.940979
        ]
      },
      "properties": {
        "nome": "Terreiro oya vanjù",
        "fonte": "google",
        "endereco": "R. Átila Freitas, 17 - Tancredo Neves, Salvador - BA, 41207-257, Brazil",
        "rating": 4.8,
        "reviews": 4,
        "geo_status": "in_bahia"
      }
    },
    {
      "type": "Feature",
      "geometry": {
        "type": "Point",
        "coordinates": [
          -38.4999711900699,
          -12.9917686598898
        ]
      },
      "properties": {
        "nome": "Ominilê",
        "fonte": "ceao",
        "fonte_detalhe": "CEAO/UFBA - terreiros.ceao.ufba.br",
        "endereco": "Rua Capirana, 81",
        "bairro": "Nordeste de Amaralina",
        "telefone": "3240-5433",
        "rating": 5,
        "reviews": 13,
        "lideranca": "Maria do Carmo Lisboa",
        "nacao": "Keto",
        "ano_fundacao": "1963",
        "regente": "Oxum",
        "cep": "40900-219",
        "foto_thumb": "http://www.terreiros.ceao.ufba.br/_FT/pq/177.jpg",
        "foto_grande": "http://www.terreiros.ceao.ufba.br/_FT/gd/177.jpg",
        "ceao_id": "177",
        "geo_status": "in_bahia"
      }
    },
    {
      "type": "Feature",
      "geometry": {
        "type": "Point",
        "coordinates": [
          -38.4639905,
          -12.9372143
        ]
      },
      "properties": {
        "nome": "Terreiro Bate Folha",
        "fonte": "google",
        "endereco": "1A Avenida Dionísio Brito Santana, s/n - Mata Escura, Salvador - BA, 41220-275, Brazil",
        "rating": 4.7,
        "reviews": 13,
        "geo_status": "in_bahia"
      }
    },
    {
      "type": "Feature",
      "geometry": {
        "type": "Point",
        "coordinates": [
          -38.4920674,
          -12.9410809
        ]
      },
      "properties": {
        "nome": "Terreiro Ilê Axé Ambukê",
        "fonte": "google",
        "endereco": "Ladeira da Graciosa, 8 - Liberdade, Salvador - BA, 40370-540, Brazil",
        "rating": 5,
        "reviews": 1,
        "geo_status": "in_bahia"
      }
    },
    {
      "type": "Feature",
      "geometry": {
        "type": "Point",
        "coordinates": [
          -38.9744069,
          -11.954041
        ]
      },
      "properties": {
        "nome": "Todos os terreiro de candomblé",
        "fonte": "google",
        "endereco": "Santa Bárbara - State of Bahia, 44150-000, Brazil",
        "geo_status": "in_bahia"
      }
    },
    {
      "type": "Feature",
      "geometry": {
        "type": "Point",
        "coordinates": [
          -39.0238646,
          -16.2786535
        ]
      },
      "properties": {
        "nome": "Terreiro de Umbanda Zé Pilintra",
        "fonte": "google",
        "endereco": "R. 7 de Setembro, 2, Santa Cruz Cabrália - BA, 45807-000, Brazil",
        "rating": 5,
        "reviews": 9,
        "geo_status": "in_bahia"
      }
    },
    {
      "type": "Feature",
      "geometry": {
        "type": "Point",
        "coordinates": [
          -39.81821559999999,
          -13.2870944
        ]
      },
      "properties": {
        "nome": "Ilè Alaketú Asé Obá Òlúaìyè",
        "fonte": "google",
        "endereco": "R. Vinte e Um de Janeiro, Santa Inês - BA, 45320-000, Brazil",
        "rating": 5,
        "reviews": 3,
        "geo_status": "in_bahia"
      }
    },
    {
      "type": "Feature",
      "geometry": {
        "type": "Point",
        "coordinates": [
          -40.79568159999999,
          -14.8605637
        ]
      },
      "properties": {
        "nome": "Casa do Seu Zé (Templo de Jurema & Umbanda)",
        "fonte": "google",
        "endereco": "Rua Candito Tito Azevedo - Chácaras Candeias, Vitória da Conquista - BA, 45099-899, Brazil",
        "rating": 5,
        "reviews": 58,
        "geo_status": "in_bahia"
      }
    },
    {
      "type": "Feature",
      "geometry": {
        "type": "Point",
        "coordinates": [
          -38.480321,
          -12.9500458
        ]
      },
      "properties": {
        "nome": "CUSRC Casa de Umbanda Santa Rita de Cássia - Abassá de Oxum das Pedras",
        "fonte": "google",
        "endereco": "R. Jardim Vera Cruz, QUADRA 6 - LOTE 14 - N. 54 - IAPI, Salvador - BA, 40340-580, Brazil",
        "rating": 4.9,
        "reviews": 24,
        "geo_status": "in_bahia"
      }
    },
    {
      "type": "Feature",
      "geometry": {
        "type": "Point",
        "coordinates": [
          -39.3941892,
          -11.2375954
        ]
      },
      "properties": {
        "nome": "Terreiro de Nanã Buruquê",
        "fonte": "google",
        "endereco": "Morro dos Lopes, Santaluz - BA, 48880-000, Brazil",
        "rating": 5,
        "reviews": 2,
        "geo_status": "in_bahia"
      }
    },
    {
      "type": "Feature",
      "geometry": {
        "type": "Point",
        "coordinates": [
          -38.7076083,
          -12.541285
        ]
      },
      "properties": {
        "nome": "Terreiro Caboclo Rei das estrelas",
        "fonte": "google",
        "endereco": "R. do Sacramento - Sacramento, Santo Amaro - BA, 44200-000, Brazil",
        "rating": 5,
        "reviews": 2,
        "geo_status": "in_bahia"
      }
    },
    {
      "type": "Feature",
      "geometry": {
        "type": "Point",
        "coordinates": [
          -38.7075233,
          -12.5493151
        ]
      },
      "properties": {
        "nome": "Centro de Umbanda Tenda de Xangô",
        "fonte": "google",
        "endereco": "Av. Pres. Vargas, 38 - Centro, Santo Amaro - BA, 44200-000, Brazil",
        "rating": 5,
        "reviews": 6,
        "geo_status": "in_bahia"
      }
    },
    {
      "type": "Feature",
      "geometry": {
        "type": "Point",
        "coordinates": [
          -38.7089223,
          -12.5446291
        ]
      },
      "properties": {
        "nome": "Terreiro Caboclo Mata Virgem",
        "fonte": "google",
        "endereco": "Tv. do Botafogo, 3 - Sacramento, Santo Amaro - BA, 44200-000, Brazil",
        "geo_status": "in_bahia"
      }
    },
    {
      "type": "Feature",
      "geometry": {
        "type": "Point",
        "coordinates": [
          -41.8030955,
          -12.3809941
        ]
      },
      "properties": {
        "nome": "Candomblé africano",
        "fonte": "google",
        "endereco": "Povoado de estivinha - Seabra, BA, 46909-899, Brazil",
        "rating": 5,
        "reviews": 4,
        "geo_status": "in_bahia"
      }
    },
    {
      "type": "Feature",
      "geometry": {
        "type": "Point",
        "coordinates": [
          -41.8009394,
          -12.4041959
        ]
      },
      "properties": {
        "nome": "Terreiro de Umbanda Osana",
        "fonte": "google",
        "endereco": "Seabra, BA, 46900-000, Brazil",
        "rating": 4.6,
        "reviews": 9,
        "geo_status": "in_bahia"
      }
    },
    {
      "type": "Feature",
      "geometry": {
        "type": "Point",
        "coordinates": [
          -41.7498232,
          -12.3554389
        ]
      },
      "properties": {
        "nome": "Terreiro de Umbanda Santa Bárbara de fogo",
        "fonte": "google",
        "endereco": "Seabra - State of Bahia, 46900-000, Brazil",
        "rating": 5,
        "reviews": 6,
        "geo_status": "in_bahia"
      }
    },
    {
      "type": "Feature",
      "geometry": {
        "type": "Point",
        "coordinates": [
          -39.0084965,
          -11.662842
        ]
      },
      "properties": {
        "nome": "Terreiro de umbanda Oxossi e yansã",
        "fonte": "google",
        "endereco": "Ginásio, Serrinha - State of Bahia, 48700-000, Brazil",
        "rating": 5,
        "reviews": 1,
        "geo_status": "in_bahia"
      }
    },
    {
      "type": "Feature",
      "geometry": {
        "type": "Point",
        "coordinates": [
          -38.9992148,
          -11.805945
        ]
      },
      "properties": {
        "nome": "Terreiro de Oxossi é yansã",
        "fonte": "google",
        "endereco": "Serrinha - State of Bahia, 48720-000, Brazil",
        "geo_status": "in_bahia"
      }
    },
    {
      "type": "Feature",
      "geometry": {
        "type": "Point",
        "coordinates": [
          -39.0052071,
          -11.6517836
        ]
      },
      "properties": {
        "nome": "Terreiro Ilê Asé Aluamdê",
        "fonte": "google",
        "endereco": "R. Flamengo, 62 - Sra. Santana, Serrinha - BA, 48700-000, Brazil",
        "geo_status": "in_bahia"
      }
    },
    {
      "type": "Feature",
      "geometry": {
        "type": "Point",
        "coordinates": [
          -39.004506,
          -11.648235
        ]
      },
      "properties": {
        "nome": "Terreiro Ilê Asé Oyá Ilú Okan",
        "fonte": "google",
        "endereco": "R. B - R. A Lot Anel Serra, 150 - A Definir, Serrinha - BA, 48700-000, Brazil",
        "geo_status": "in_bahia"
      }
    },
    {
      "type": "Feature",
      "geometry": {
        "type": "Point",
        "coordinates": [
          -39.0256141,
          -11.6392791
        ]
      },
      "properties": {
        "nome": "Terreiro de Oxum (Umbanda de Pai Frankinho)",
        "fonte": "google",
        "endereco": "9X6F+7Q, Serrinha - State of Bahia, 48700-000, Brazil",
        "geo_status": "in_bahia"
      }
    },
    {
      "type": "Feature",
      "geometry": {
        "type": "Point",
        "coordinates": [
          -38.3769036,
          -12.8192181
        ]
      },
      "properties": {
        "nome": "Terreiro Okutá",
        "fonte": "google",
        "endereco": "R. Vital Brasil - Pitanguinha, Simões Filho - BA, 43700-000, Brazil",
        "rating": 4.8,
        "reviews": 12,
        "geo_status": "in_bahia"
      }
    },
    {
      "type": "Feature",
      "geometry": {
        "type": "Point",
        "coordinates": [
          -38.3794113,
          -12.7806967
        ]
      },
      "properties": {
        "nome": "Terreiro Filho do Imbanzangolá",
        "fonte": "google",
        "endereco": "R. Nossa Sra. da Luz - Lot. Sao Miguel, Simões Filho - BA, 43700-000, Brazil",
        "geo_status": "in_bahia"
      }
    },
    {
      "type": "Feature",
      "geometry": {
        "type": "Point",
        "coordinates": [
          -38.3786352,
          -12.7776726
        ]
      },
      "properties": {
        "nome": "Terreiro Ilê Axé Obagodomin",
        "fonte": "google",
        "endereco": "Av. Camaçari - Lot. Sao Jose, Simões Filho - BA, 43706-265, Brazil",
        "rating": 5,
        "reviews": 1,
        "geo_status": "in_bahia"
      }
    },
    {
      "type": "Feature",
      "geometry": {
        "type": "Point",
        "coordinates": [
          -38.3848472,
          -12.7787424
        ]
      },
      "properties": {
        "nome": "Ilê Axé Opô Oyá Omi",
        "fonte": "google",
        "endereco": "R. Sabiá, 244-298 - Lot. Sao Jose, Simões Filho - BA, 43700-000, Brazil",
        "rating": 4,
        "reviews": 4,
        "geo_status": "in_bahia"
      }
    },
    {
      "type": "Feature",
      "geometry": {
        "type": "Point",
        "coordinates": [
          -38.402154,
          -12.7862756
        ]
      },
      "properties": {
        "nome": "Candomblé de Helena",
        "fonte": "google",
        "endereco": "Centro, Simões Filho - State of Bahia, 43700-000, Brazil",
        "geo_status": "in_bahia"
      }
    },
    {
      "type": "Feature",
      "geometry": {
        "type": "Point",
        "coordinates": [
          -38.491190044306,
          -12.9775805709823
        ]
      },
      "properties": {
        "nome": "Ilê Axé Ybonan",
        "fonte": "ceao",
        "fonte_detalhe": "CEAO/UFBA - terreiros.ceao.ufba.br",
        "endereco": "4ª Travessa Heitor Dias, 12A",
        "bairro": "Cosme de Farias",
        "telefone": "9204-2130",
        "rating": 5,
        "reviews": 2,
        "lideranca": "Roberto Bispo dos Anjos Junior",
        "nacao": "Keto",
        "ano_fundacao": "2002",
        "regente": "Obaluaê",
        "cep": "40251-330",
        "foto_thumb": "http://www.terreiros.ceao.ufba.br/_FT/pq/161.jpg",
        "foto_grande": "http://www.terreiros.ceao.ufba.br/_FT/gd/161.jpg",
        "ceao_id": "161",
        "geo_status": "in_bahia"
      }
    },
    {
      "type": "Feature",
      "geometry": {
        "type": "Point",
        "coordinates": [
          -39.0173921,
          -14.264606
        ]
      },
      "properties": {
        "nome": "Terreiro Sítio das Matas",
        "fonte": "google",
        "endereco": "PXPM+52 - Itacaré, BA, 45530-000, Brazil",
        "geo_status": "in_bahia"
      }
    },
    {
      "type": "Feature",
      "geometry": {
        "type": "Point",
        "coordinates": [
          -38.6781514,
          -12.6268463
        ]
      },
      "properties": {
        "nome": "Terreiro Angurusena Dya N'zambi",
        "fonte": "google",
        "endereco": "R. Min. Bulcão Viana - São Francisco do Conde, BA, 43900-000, Brazil",
        "geo_status": "in_bahia"
      }
    },
    {
      "type": "Feature",
      "geometry": {
        "type": "Point",
        "coordinates": [
          -38.9796632,
          -12.5999496
        ]
      },
      "properties": {
        "nome": "Terreiro Raiz de Ayra",
        "fonte": "google",
        "endereco": "R. Negreiro Falcão, 960 - Cachoeira, São Félix - BA, 44360-000, Brazil",
        "geo_status": "in_bahia"
      }
    },
    {
      "type": "Feature",
      "geometry": {
        "type": "Point",
        "coordinates": [
          -38.9665316,
          -12.4333093
        ]
      },
      "properties": {
        "nome": "Casa de candomblé",
        "fonte": "google",
        "endereco": "Ladeira da Cruz, 981 - São Gonçalo dos Campos, BA, 44330-000, Brazil",
        "rating": 5,
        "reviews": 4,
        "geo_status": "in_bahia"
      }
    },
    {
      "type": "Feature",
      "geometry": {
        "type": "Point",
        "coordinates": [
          -39.7379117,
          -17.5447572
        ]
      },
      "properties": {
        "nome": "TENDA DE UMBANDA LUZ DIVINA DE SÃO JORGE",
        "fonte": "google",
        "endereco": "R. Santa Rosa, n° 53 - Santa Rosa de Lima, Teixeira de Freitas - BA, 45998-052, Brazil",
        "rating": 4.7,
        "reviews": 14,
        "geo_status": "in_bahia"
      }
    },
    {
      "type": "Feature",
      "geometry": {
        "type": "Point",
        "coordinates": [
          -41.4054709,
          -14.9737049
        ]
      },
      "properties": {
        "nome": "ARTIGOS RELIGIOSOS ALTO DO OGUM",
        "fonte": "google",
        "endereco": "Av. Joaquim Ferraz de Araújo, 39 - Tremedal, BA, 45170-000, Brazil",
        "geo_status": "in_bahia"
      }
    },
    {
      "type": "Feature",
      "geometry": {
        "type": "Point",
        "coordinates": [
          -38.5075834,
          -12.9263054
        ]
      },
      "properties": {
        "nome": "CUUC - Casa de Umbanda União e Caridade",
        "fonte": "google",
        "endereco": "Av. Dendezeiros do Bonfim, 229a - Bonfim, Salvador - BA, 40444-130, Brazil",
        "rating": 5,
        "reviews": 5,
        "geo_status": "in_bahia"
      }
    },
    {
      "type": "Feature",
      "geometry": {
        "type": "Point",
        "coordinates": [
          -38.48366,
          -12.9566039
        ]
      },
      "properties": {
        "nome": "Terreiro Multaazala de Unzambi",
        "fonte": "google",
        "endereco": "R. Santa Rita, 34 - IAPI, Salvador - BA, 40330-050, Brazil",
        "geo_status": "in_bahia"
      }
    },
    {
      "type": "Feature",
      "geometry": {
        "type": "Point",
        "coordinates": [
          -38.5004419,
          -12.9769741
        ]
      },
      "properties": {
        "nome": "Terreiro de Umbanda Falangeiros de Aruanda",
        "fonte": "google",
        "endereco": "Ladeira dos Galés, 22 - Matatu, Salvador - BA, 40255-010, Brazil",
        "rating": 5,
        "reviews": 19,
        "geo_status": "in_bahia"
      }
    },
    {
      "type": "Feature",
      "geometry": {
        "type": "Point",
        "coordinates": [
          -38.74989120000001,
          -13.06215
        ]
      },
      "properties": {
        "nome": "Irmandade Terreiro São Bento",
        "fonte": "google",
        "endereco": "km, 24 - Água Potável, Vera Cruz - BA, 44470-000, Brazil",
        "rating": 5,
        "reviews": 5,
        "geo_status": "in_bahia"
      }
    },
    {
      "type": "Feature",
      "geometry": {
        "type": "Point",
        "coordinates": [
          -38.6364514,
          -12.9089341
        ]
      },
      "properties": {
        "nome": "Ilê Axé Odé Ofarômin",
        "fonte": "google",
        "endereco": "R. do Campo, 458 - Lot. Nossa Sra. das Gracas, Itaparica - BA, 44460-000, Brazil",
        "geo_status": "in_bahia"
      }
    },
    {
      "type": "Feature",
      "geometry": {
        "type": "Point",
        "coordinates": [
          -38.4997356,
          -12.9903712
        ]
      },
      "properties": {
        "nome": "Terreiro de umbanda Força e Luz",
        "fonte": "google",
        "endereco": "Rua Padre Luiz Figueira - Engenho Velho de Brotas, Salvador - BA, 40243-145, Brazil",
        "rating": 4.6,
        "reviews": 10,
        "geo_status": "in_bahia"
      }
    },
    {
      "type": "Feature",
      "geometry": {
        "type": "Point",
        "coordinates": [
          -40.8052789,
          -14.8037789
        ]
      },
      "properties": {
        "nome": "Terreiro de seu Zé Pelintra Umbanda e Kimbanda",
        "fonte": "google",
        "endereco": "Fazenda paixão travessa da Rua 05 Distrito industrial dos imbores - Lagoa das flores, Vitória da Conquista - BA, 45099-899, Brazil",
        "rating": 5,
        "reviews": 5,
        "geo_status": "in_bahia"
      }
    },
    {
      "type": "Feature",
      "geometry": {
        "type": "Point",
        "coordinates": [
          -40.8075737,
          -14.8150015
        ]
      },
      "properties": {
        "nome": "Terreiro De Umbanda Palacio De Oxum",
        "fonte": "google",
        "endereco": "Rua J - Distrito Industrial, Vitória da Conquista - BA, 45089-400, Brazil",
        "rating": 4.4,
        "reviews": 22,
        "geo_status": "in_bahia"
      }
    },
    {
      "type": "Feature",
      "geometry": {
        "type": "Point",
        "coordinates": [
          -40.8057161,
          -14.808244
        ]
      },
      "properties": {
        "nome": "TURA - Terreiro de Umbanda Reino das Almas",
        "fonte": "google",
        "endereco": "Fazenda paixão - loteamento João de Barro - Distrito Industrial, Vitória da Conquista - BA, 45000-907, Brazil",
        "rating": 5,
        "reviews": 10,
        "geo_status": "in_bahia"
      }
    },
    {
      "type": "Feature",
      "geometry": {
        "type": "Point",
        "coordinates": [
          -40.8618608,
          -14.835763
        ]
      },
      "properties": {
        "nome": "Ilé Àse Èfòn Yèyé Omi Titun",
        "fonte": "google",
        "endereco": "R. J, 51 - Ibirapuera, Vitória da Conquista - BA, 45075-705, Brazil",
        "rating": 5,
        "reviews": 11,
        "geo_status": "in_bahia"
      }
    },
    {
      "type": "Feature",
      "geometry": {
        "type": "Point",
        "coordinates": [
          -40.8798367,
          -14.8820764
        ]
      },
      "properties": {
        "nome": "TERREIRO QUIMBANDA",
        "fonte": "google",
        "endereco": "Lot. Jardim Copacabana, Vitória da Conquista - State of Bahia, 45066-365, Brazil",
        "rating": 3.7,
        "reviews": 3,
        "geo_status": "in_bahia"
      }
    },
    {
      "type": "Feature",
      "geometry": {
        "type": "Point",
        "coordinates": [
          -38.4914602156131,
          -12.9451828217669
        ]
      },
      "properties": {
        "nome": "Terreiro de Xangô",
        "fonte": "ceao",
        "fonte_detalhe": "CEAO/UFBA - terreiros.ceao.ufba.br",
        "bairro": "Liberdade",
        "telefone": "não informado",
        "rating": 5,
        "reviews": 1,
        "lideranca": "Carmem Alves dos Santos",
        "nacao": "Keto",
        "ano_fundacao": "1961",
        "regente": "Xangô",
        "cep": "40370-300",
        "foto_thumb": "http://www.terreiros.ceao.ufba.br/_FT/pq/830.jpg",
        "foto_grande": "http://www.terreiros.ceao.ufba.br/_FT/gd/830.jpg",
        "ceao_id": "830",
        "geo_status": "in_bahia"
      }
    },
    {
      "type": "Feature",
      "geometry": {
        "type": "Point",
        "coordinates": [
          -40.8435749,
          -14.8432604
        ]
      },
      "properties": {
        "nome": "Ilè Àṣẹ Ẹ̀fọ̀n Ọlọ́fà Imó",
        "fonte": "google",
        "endereco": "R. João Gonçalves, 379 - Guarani, Vitória da Conquista - BA, 45002-085, Brazil",
        "rating": 5,
        "reviews": 7,
        "geo_status": "in_bahia"
      }
    },
    {
      "type": "Feature",
      "geometry": {
        "type": "Point",
        "coordinates": [
          -40.8423822,
          -14.8502923
        ]
      },
      "properties": {
        "nome": "Casa das Pembas São Cosme e Damião",
        "fonte": "google",
        "endereco": "R. Humberto Flôres, 28 - Centro, Vitória da Conquista - BA, 45000-560, Brazil",
        "rating": 4.8,
        "reviews": 4,
        "geo_status": "in_bahia"
      }
    },
    {
      "type": "Feature",
      "geometry": {
        "type": "Point",
        "coordinates": [
          -40.8795199,
          -14.8757232
        ]
      },
      "properties": {
        "nome": "Casa de xango ( pai Adriano)",
        "fonte": "google",
        "endereco": "R. C - Morada Nova, Vitória da Conquista - BA, 45061-535, Brazil",
        "rating": 4.5,
        "reviews": 15,
        "geo_status": "in_bahia"
      }
    },
    {
      "type": "Feature",
      "geometry": {
        "type": "Point",
        "coordinates": [
          -40.8445514,
          -14.8527247
        ]
      },
      "properties": {
        "nome": "Templo Umbandista Caboclo Pena Branca e Caboclo Sete Flechas",
        "fonte": "google",
        "endereco": "R. Salgado Filho, 70 - Centro, Vitória da Conquista - BA, 45000-180, Brazil",
        "rating": 5,
        "reviews": 1,
        "geo_status": "in_bahia"
      }
    },
    {
      "type": "Feature",
      "geometry": {
        "type": "Point",
        "coordinates": [
          -40.7763036,
          -14.8177087
        ]
      },
      "properties": {
        "nome": "AxéYanguí",
        "fonte": "google",
        "endereco": "Lagoa das Flores, Vitória da Conquista - BA, Brazil",
        "rating": 4.9,
        "reviews": 15,
        "geo_status": "in_bahia"
      }
    },
    {
      "type": "Feature",
      "geometry": {
        "type": "Point",
        "coordinates": [
          -40.8725582,
          -14.8330644
        ]
      },
      "properties": {
        "nome": "Ilê Alaketú Asé Ofá L'Ojú",
        "fonte": "google",
        "endereco": "R. Nilópolis, 28 - Cidade Maravilhosa, Vitória da Conquista - BA, 45077-648, Brazil",
        "rating": 5,
        "reviews": 4,
        "geo_status": "in_bahia"
      }
    },
    {
      "type": "Feature",
      "geometry": {
        "type": "Point",
        "coordinates": [
          -39.4833255,
          -13.6886808
        ]
      },
      "properties": {
        "nome": "Terreiro nzo muki kaiala",
        "fonte": "google",
        "endereco": "Pantaleão, Wenceslau Guimarães - BA, 45460-000, Brazil",
        "geo_status": "in_bahia"
      }
    },
    {
      "type": "Feature",
      "geometry": {
        "type": "Point",
        "coordinates": [
          -42.725705,
          -10.8263802
        ]
      },
      "properties": {
        "nome": "Tenda Espírita De Umbanda São Jorge Guerreiro e Santa Bárbara",
        "fonte": "google",
        "endereco": "R. Justiniano - Xique-Xique, BA, 47400-000, Brazil",
        "geo_status": "in_bahia"
      }
    },
    {
      "type": "Feature",
      "geometry": {
        "type": "Point",
        "coordinates": [
          -38.383279,
          -12.156459
        ]
      },
      "properties": {
        "nome": "Sítio Santo Antônio",
        "fonte": "google",
        "endereco": "Estr. da Calú, 20 - Alagoinhas, BA, 48024-899, Brazil",
        "geo_status": "in_bahia"
      }
    },
    {
      "type": "Feature",
      "geometry": {
        "type": "Point",
        "coordinates": [
          -39.6042004,
          -13.0312019
        ]
      },
      "properties": {
        "nome": "Casa São Luiz Materiais De Construção",
        "fonte": "google",
        "endereco": "Av. Lomanto Jr, 417 - Centro, Amargosa - BA, 45300-000, Brazil",
        "rating": 4.5,
        "reviews": 206,
        "geo_status": "in_bahia"
      }
    },
    {
      "type": "Feature",
      "geometry": {
        "type": "Point",
        "coordinates": [
          -39.116978,
          -12.4853688
        ]
      },
      "properties": {
        "nome": "Casa Rio Paraguaçu",
        "fonte": "google",
        "endereco": "Estrada Vicinal da Ilha - Antônio Cardoso, BA, 44180-000, Brazil",
        "rating": 5,
        "reviews": 3,
        "geo_status": "in_bahia"
      }
    },
    {
      "type": "Feature",
      "geometry": {
        "type": "Point",
        "coordinates": [
          -39.1331336,
          -12.3837542
        ]
      },
      "properties": {
        "nome": "Comunidade Quilombola Santo Antônio",
        "fonte": "google",
        "endereco": "BR-116, 205 - Antônio Cardoso, BA, 44180-000, Brazil",
        "geo_status": "in_bahia"
      }
    },
    {
      "type": "Feature",
      "geometry": {
        "type": "Point",
        "coordinates": [
          -45.014785,
          -12.1269792
        ]
      },
      "properties": {
        "nome": "CASA DE CARIDADE MARIA CONGA",
        "fonte": "google",
        "endereco": "R. do Retiro, 356 - Vila Rica, Barreiras - BA, 47813-040, Brazil",
        "rating": 5,
        "reviews": 5,
        "geo_status": "in_bahia"
      }
    },
    {
      "type": "Feature",
      "geometry": {
        "type": "Point",
        "coordinates": [
          -38.88142500000001,
          -15.8605559
        ]
      },
      "properties": {
        "nome": "Centro Histórico de Belmonte",
        "fonte": "google",
        "endereco": "Av. Rio Mar, 178 - Centro, Belmonte - BA, 45800-000, Brazil",
        "rating": 4,
        "reviews": 12,
        "geo_status": "in_bahia"
      }
    },
    {
      "type": "Feature",
      "geometry": {
        "type": "Point",
        "coordinates": [
          -43.4207038,
          -13.2575718
        ]
      },
      "properties": {
        "nome": "Casa Santo Antônio",
        "fonte": "google",
        "endereco": "Av. Cel Avelino Bastos - Bom Jesus da Lapa, BA, 47600-000, Brazil",
        "rating": 3.7,
        "reviews": 13,
        "geo_status": "in_bahia"
      }
    },
    {
      "type": "Feature",
      "geometry": {
        "type": "Point",
        "coordinates": [
          -43.421486,
          -13.258472
        ]
      },
      "properties": {
        "nome": "Casa Bom Jesus",
        "fonte": "google",
        "endereco": "Avenida Monsenhor Turíbio Vila Nova - Centro, Bom Jesus da Lapa - BA, 47600-000, Brazil",
        "rating": 5,
        "reviews": 1,
        "geo_status": "in_bahia"
      }
    },
    {
      "type": "Feature",
      "geometry": {
        "type": "Point",
        "coordinates": [
          -41.6692055,
          -14.2095102
        ]
      },
      "properties": {
        "nome": "Casa Cosme e Damião - Materiais de Umbanda e Artesanato em geral",
        "fonte": "google",
        "endereco": "Avenida Doutor Antônio - Av. Antônio Mourão Guimarães, 389 - Centro, Brumado - BA, 46100-097, Brazil",
        "rating": 5,
        "reviews": 1,
        "geo_status": "in_bahia"
      }
    },
    {
      "type": "Feature",
      "geometry": {
        "type": "Point",
        "coordinates": [
          -41.6625088,
          -14.2032455
        ]
      },
      "properties": {
        "nome": "Casa Do Lavrador",
        "fonte": "google",
        "endereco": "Av. Cel. Santos, 76 - Cidade das Esmeraldas, Brumado - BA, 46100-000, Brazil",
        "rating": 5,
        "reviews": 1,
        "geo_status": "in_bahia"
      }
    },
    {
      "type": "Feature",
      "geometry": {
        "type": "Point",
        "coordinates": [
          -41.681736,
          -14.2005966
        ]
      },
      "properties": {
        "nome": "Casa do Vaqueiro",
        "fonte": "google",
        "endereco": "Av. Horácio José dos Santos - Olhos D'agua, Brumado - BA, 46115-202, Brazil",
        "rating": 5,
        "reviews": 1,
        "geo_status": "in_bahia"
      }
    },
    {
      "type": "Feature",
      "geometry": {
        "type": "Point",
        "coordinates": [
          -41.6672993,
          -14.1930519
        ]
      },
      "properties": {
        "nome": "Floresta Sagrada Do Castelo Alto De Xangô",
        "fonte": "google",
        "endereco": "Av. Lindolfo Azevedo Brito, 1200 - Feliciano Pereira Santos, Brumado - BA, 46100-000, Brazil",
        "geo_status": "in_bahia"
      }
    },
    {
      "type": "Feature",
      "geometry": {
        "type": "Point",
        "coordinates": [
          -41.6771667,
          -14.2095317
        ]
      },
      "properties": {
        "nome": "Casa do Pão",
        "fonte": "google",
        "endereco": "R. Felipe dos Santos, 409 - Flores, Brumado - BA, 46100-000, Brazil",
        "rating": 5,
        "reviews": 1,
        "geo_status": "in_bahia"
      }
    },
    {
      "type": "Feature",
      "geometry": {
        "type": "Point",
        "coordinates": [
          -39.4949434,
          -15.4167897
        ]
      },
      "properties": {
        "nome": "Casa de Saúde Santo Antônio",
        "fonte": "google",
        "endereco": "R. Santa Luzia, 56 - Camacan, BA, 45880-000, Brazil",
        "geo_status": "in_bahia"
      }
    },
    {
      "type": "Feature",
      "geometry": {
        "type": "Point",
        "coordinates": [
          -39.1021288,
          -13.9465488
        ]
      },
      "properties": {
        "nome": "Loja Santo André - CAMAMU",
        "fonte": "google",
        "endereco": "Rua Prof - Rua Clotilde Salgado Zenha, s/n - Camamu, BA, 45445-000, Brazil",
        "rating": 4.1,
        "reviews": 15,
        "geo_status": "in_bahia"
      }
    },
    {
      "type": "Feature",
      "geometry": {
        "type": "Point",
        "coordinates": [
          -38.3177372,
          -12.7201172
        ]
      },
      "properties": {
        "nome": "Casa Santos - Materiais de Construção",
        "fonte": "google",
        "endereco": "R. dos Horizontes - Verdes Horizontes, Camaçari - BA, 42809-645, Brazil",
        "rating": 5,
        "reviews": 4,
        "geo_status": "in_bahia"
      }
    },
    {
      "type": "Feature",
      "geometry": {
        "type": "Point",
        "coordinates": [
          -38.3244555,
          -12.7007198
        ]
      },
      "properties": {
        "nome": "Paróquia Catedral São Thomaz de Cantuária",
        "fonte": "google",
        "endereco": "Praça Desembargador Montenegro, 9 - Centro, Camaçari - BA, 42800-020, Brazil",
        "rating": 4.7,
        "reviews": 202,
        "geo_status": "in_bahia"
      }
    },
    {
      "type": "Feature",
      "geometry": {
        "type": "Point",
        "coordinates": [
          -38.17660250000001,
          -12.7730165
        ]
      },
      "properties": {
        "nome": "Casa da Sereia Arembepe",
        "fonte": "google",
        "endereco": "R. Manoel Coelho, S/N - Abrantes, Camaçari - BA, 42829-854, Brazil",
        "rating": 4.3,
        "reviews": 4,
        "geo_status": "in_bahia"
      }
    },
    {
      "type": "Feature",
      "geometry": {
        "type": "Point",
        "coordinates": [
          -38.5365606,
          -12.6723205
        ]
      },
      "properties": {
        "nome": "R. Alto da Capelinha, 37 - Cs",
        "fonte": "google",
        "endereco": "R. Alto da Capelinha, 37 - Cs - Santo Antonio, Candeias - BA, 43820-050, Brazil",
        "geo_status": "in_bahia"
      }
    },
    {
      "type": "Feature",
      "geometry": {
        "type": "Point",
        "coordinates": [
          -38.5411569,
          -12.6678461
        ]
      },
      "properties": {
        "nome": "SB dos Santos Barbosa",
        "fonte": "google",
        "endereco": "R. Guanabara, 77 - Pitanga, Candeias - BA, 43810-310, Brazil",
        "rating": 3.5,
        "reviews": 6,
        "geo_status": "in_bahia"
      }
    },
    {
      "type": "Feature",
      "geometry": {
        "type": "Point",
        "coordinates": [
          -38.5353934,
          -12.6474046
        ]
      },
      "properties": {
        "nome": "Sesi Candeias",
        "fonte": "google",
        "endereco": "R. da Prefeitura - Santa Terezinha, Candeias - BA, Brazil",
        "rating": 4.7,
        "reviews": 40,
        "geo_status": "in_bahia"
      }
    },
    {
      "type": "Feature",
      "geometry": {
        "type": "Point",
        "coordinates": [
          -38.5082396,
          -12.969721
        ]
      },
      "properties": {
        "nome": "Casa de Castro Alves",
        "fonte": "google",
        "endereco": "R. do Passo, 52 - Centro Histórico, Salvador - BA, 40301-408, Brazil",
        "rating": 4.7,
        "reviews": 102,
        "geo_status": "in_bahia"
      }
    },
    {
      "type": "Feature",
      "geometry": {
        "type": "Point",
        "coordinates": [
          -38.970001,
          -12.2547467
        ]
      },
      "properties": {
        "nome": "Casa de ervas Santo Antônio",
        "fonte": "google",
        "endereco": "galeria dos artesão - R. Dr. Olímpio Vital, 358 - Centro, Feira de Santana - BA, 44002-625, Brazil",
        "rating": 5,
        "reviews": 1,
        "geo_status": "in_bahia"
      }
    },
    {
      "type": "Feature",
      "geometry": {
        "type": "Point",
        "coordinates": [
          -38.76802,
          -12.3317529
        ]
      },
      "properties": {
        "nome": "Materiais de Construção Santo Antônio",
        "fonte": "google",
        "endereco": "Av. Getúlio Vargas, 29, Conceição do Jacuípe - BA, 44245-000, Brazil",
        "rating": 3.6,
        "reviews": 21,
        "geo_status": "in_bahia"
      }
    },
    {
      "type": "Feature",
      "geometry": {
        "type": "Point",
        "coordinates": [
          -38.7645912,
          -12.3299217
        ]
      },
      "properties": {
        "nome": "Casa Rosada Eventos",
        "fonte": "google",
        "endereco": "Rua XV de novembro, 04 - Centro, Conceição do Jacuípe - BA, 44245-000, Brazil",
        "rating": 4.2,
        "reviews": 46,
        "geo_status": "in_bahia"
      }
    },
    {
      "type": "Feature",
      "geometry": {
        "type": "Point",
        "coordinates": [
          -38.7747683,
          -12.3329161
        ]
      },
      "properties": {
        "nome": "Duarte drinks",
        "fonte": "google",
        "endereco": "R. Diocleciano dos Santos, Conceição do Jacuípe - BA, 44230-000, Brazil",
        "rating": 1,
        "reviews": 1,
        "geo_status": "in_bahia"
      }
    },
    {
      "type": "Feature",
      "geometry": {
        "type": "Point",
        "coordinates": [
          -41.9686894,
          -14.8959561
        ]
      },
      "properties": {
        "nome": "Paróquia Santo Antônio",
        "fonte": "google",
        "endereco": "BA-148, 362 - Condeúba, BA, 46200-000, Brazil",
        "rating": 4.9,
        "reviews": 49,
        "geo_status": "in_bahia"
      }
    },
    {
      "type": "Feature",
      "geometry": {
        "type": "Point",
        "coordinates": [
          -39.099988,
          -12.6664828
        ]
      },
      "properties": {
        "nome": "Casa da renata santos de jesus",
        "fonte": "google",
        "endereco": "R. Rui Barbosa - Bairro Primavera, Cruz das Almas - BA, 44380-000, Brazil",
        "geo_status": "in_bahia"
      }
    },
    {
      "type": "Feature",
      "geometry": {
        "type": "Point",
        "coordinates": [
          -38.3004035,
          -12.6177453
        ]
      },
      "properties": {
        "nome": "Casa de Raçao Santo Antonio",
        "fonte": "google",
        "endereco": "R. da Suíça, 83-131 - Conjunto Hab., Dias d'Ávila - BA, 42850-000, Brazil",
        "rating": 4.4,
        "reviews": 7,
        "geo_status": "in_bahia"
      }
    },
    {
      "type": "Feature",
      "geometry": {
        "type": "Point",
        "coordinates": [
          -38.2919688,
          -12.6058175
        ]
      },
      "properties": {
        "nome": "Ilê Asé Iyan Laosí",
        "fonte": "google",
        "endereco": "R. Joaquim Nabuco, 864 - Jardim Garcia Davila, Dias d'Ávila - BA, 42850-000, Brazil",
        "rating": 4,
        "reviews": 4,
        "geo_status": "in_bahia"
      }
    },
    {
      "type": "Feature",
      "geometry": {
        "type": "Point",
        "coordinates": [
          -38.277415,
          -12.6250325
        ]
      },
      "properties": {
        "nome": "Palácio de Logun",
        "fonte": "google",
        "endereco": "Rua do Palácio - R. Bosque, S/N - Dias d'Ávila, BA, 42850-000, Brazil",
        "rating": 5,
        "reviews": 2,
        "geo_status": "in_bahia"
      }
    },
    {
      "type": "Feature",
      "geometry": {
        "type": "Point",
        "coordinates": [
          -38.2988894,
          -12.6120154
        ]
      },
      "properties": {
        "nome": "CATEDRAL - UNIVERSAL DIAS D’ÁVILA",
        "fonte": "google",
        "endereco": "Av. Brasil, 539 - Parque de Dias Davila, Dias d'Ávila - BA, 42850-000, Brazil",
        "rating": 4.8,
        "reviews": 186,
        "geo_status": "in_bahia"
      }
    },
    {
      "type": "Feature",
      "geometry": {
        "type": "Point",
        "coordinates": [
          -38.309042,
          -12.6100532
        ]
      },
      "properties": {
        "nome": "The Church of Jesus Christ of Latter-day Saints",
        "fonte": "google",
        "endereco": "Av. Raul Seixas, 864 - Parque Capuame, Dias d'Ávila - BA, 42850-000, Brazil",
        "rating": 4.9,
        "reviews": 26,
        "geo_status": "in_bahia"
      }
    },
    {
      "type": "Feature",
      "geometry": {
        "type": "Point",
        "coordinates": [
          -39.5229315,
          -12.9465335
        ]
      },
      "properties": {
        "nome": "Casa do Campo",
        "fonte": "google",
        "endereco": "R. Quinze de Novembro, 195 - Elísio Medrado, BA, 45305-000, Brazil",
        "rating": 4.4,
        "reviews": 14,
        "geo_status": "in_bahia"
      }
    },
    {
      "type": "Feature",
      "geometry": {
        "type": "Point",
        "coordinates": [
          -39.5870892,
          -16.3731031
        ]
      },
      "properties": {
        "nome": "Casa do Preto Velho",
        "fonte": "google",
        "endereco": "Av. Santos Dumont, 134 - Centro, Eunápolis - BA, 45820-011, Brazil",
        "rating": 4.3,
        "reviews": 25,
        "geo_status": "in_bahia"
      }
    },
    {
      "type": "Feature",
      "geometry": {
        "type": "Point",
        "coordinates": [
          -39.5841824,
          -16.3726664
        ]
      },
      "properties": {
        "nome": "Casa do Caçador",
        "fonte": "google",
        "endereco": "Av. Santos Dumont, 634 - Centro, Eunápolis - BA, 45820-011, Brazil",
        "rating": 4.4,
        "reviews": 73,
        "geo_status": "in_bahia"
      }
    },
    {
      "type": "Feature",
      "geometry": {
        "type": "Point",
        "coordinates": [
          -38.9692729,
          -12.254921
        ]
      },
      "properties": {
        "nome": "Casa De Ervas São Pedro",
        "fonte": "google",
        "endereco": "R. Dr. Olímpio Vital, 192 - Centro, Feira de Santana - BA, 44002-740, Brazil",
        "rating": 5,
        "reviews": 10,
        "geo_status": "in_bahia"
      }
    },
    {
      "type": "Feature",
      "geometry": {
        "type": "Point",
        "coordinates": [
          -38.9645879,
          -12.2492024
        ]
      },
      "properties": {
        "nome": "Vidente em Feira de Santana - Mãe de Santo -Pai de Santo-Taróloga-Cartomante em Feira de Santana BA",
        "fonte": "google",
        "endereco": "R. Santos Dumont, 187 - Centro, Feira de Santana - BA, 44002-384, Brazil",
        "rating": 5,
        "reviews": 3,
        "geo_status": "in_bahia"
      }
    },
    {
      "type": "Feature",
      "geometry": {
        "type": "Point",
        "coordinates": [
          -38.9682408,
          -12.2568241
        ]
      },
      "properties": {
        "nome": "Casa de ervas 7 linhas",
        "fonte": "google",
        "endereco": "R. 24 de Maio, 29 - Centro, Feira de Santana - BA, 44002-136, Brazil",
        "rating": 4.7,
        "reviews": 14,
        "geo_status": "in_bahia"
      }
    },
    {
      "type": "Feature",
      "geometry": {
        "type": "Point",
        "coordinates": [
          -38.9693773,
          -12.2527219
        ]
      },
      "properties": {
        "nome": "Casa das Velas Oxalá Casa das Ervas Oxalá",
        "fonte": "google",
        "endereco": "R. Maceió, 48 - Centro, Feira de Santana - BA, 44002-600, Brazil",
        "rating": 5,
        "reviews": 9,
        "geo_status": "in_bahia"
      }
    },
    {
      "type": "Feature",
      "geometry": {
        "type": "Point",
        "coordinates": [
          -39.488433,
          -13.7447454
        ]
      },
      "properties": {
        "nome": "CASA OXALA",
        "fonte": "google",
        "endereco": "R. Castro Alves, Gandu - BA, 45450-000, Brazil",
        "rating": 5,
        "reviews": 1,
        "geo_status": "in_bahia"
      }
    },
    {
      "type": "Feature",
      "geometry": {
        "type": "Point",
        "coordinates": [
          -41.941521,
          -14.549404
        ]
      },
      "properties": {
        "nome": "Casa de Dona Santinha em Guajeru - Bahia",
        "fonte": "google",
        "endereco": "BA-614, 143, Guajeru - BA, 46205-000, Brazil",
        "rating": 4.9,
        "reviews": 9,
        "geo_status": "in_bahia"
      }
    },
    {
      "type": "Feature",
      "geometry": {
        "type": "Point",
        "coordinates": [
          -42.7810487,
          -14.2281098
        ]
      },
      "properties": {
        "nome": "Lojão Central",
        "fonte": "google",
        "endereco": "Tv. Getúlio Vargas, 330 - Guanambi, BA, 46430-000, Brazil",
        "rating": 4.4,
        "reviews": 1185,
        "geo_status": "in_bahia"
      }
    },
    {
      "type": "Feature",
      "geometry": {
        "type": "Point",
        "coordinates": [
          -42.7734696,
          -14.2237821
        ]
      },
      "properties": {
        "nome": "Casa da Criança - Guanambi",
        "fonte": "google",
        "endereco": "R. Otávio Mangabeira, 607 - Guanambi, BA, 46430-000, Brazil",
        "rating": 3,
        "reviews": 1,
        "geo_status": "in_bahia"
      }
    },
    {
      "type": "Feature",
      "geometry": {
        "type": "Point",
        "coordinates": [
          -42.7811576,
          -14.2181753
        ]
      },
      "properties": {
        "nome": "Ateliê das festas",
        "fonte": "google",
        "endereco": "Av. Santos Dumont, 204 - Centro, Guanambi - BA, 46430-000, Brazil",
        "rating": 5,
        "reviews": 1,
        "geo_status": "in_bahia"
      }
    },
    {
      "type": "Feature",
      "geometry": {
        "type": "Point",
        "coordinates": [
          -39.7810366,
          -16.5807469
        ]
      },
      "properties": {
        "nome": "Casa do sans",
        "fonte": "google",
        "endereco": "R. Jaíro Góes - Guaratinga, BA, 45840-000, Brazil",
        "geo_status": "in_bahia"
      }
    },
    {
      "type": "Feature",
      "geometry": {
        "type": "Point",
        "coordinates": [
          -39.0474064,
          -14.791751
        ]
      },
      "properties": {
        "nome": "Casa Iansã",
        "fonte": "google",
        "endereco": "Av. Itabuna, 1360 - Conquista, Ilhéus - BA, 45650-015, Brazil",
        "rating": 4.5,
        "reviews": 22,
        "geo_status": "in_bahia"
      }
    },
    {
      "type": "Feature",
      "geometry": {
        "type": "Point",
        "coordinates": [
          -39.0621832,
          -14.7914687
        ]
      },
      "properties": {
        "nome": "House of Artists",
        "fonte": "google",
        "endereco": "Av. Gov. Roberto Santos, 1676 - Esperança, Ilhéus - BA, 45658-610, Brazil",
        "rating": 4,
        "reviews": 6,
        "geo_status": "in_bahia"
      }
    },
    {
      "type": "Feature",
      "geometry": {
        "type": "Point",
        "coordinates": [
          -39.0549803,
          -14.7844405
        ]
      },
      "properties": {
        "nome": "Casa Na Rocha",
        "fonte": "google",
        "endereco": "Av. Gov. Roberto Santos, 363 - Esperança, Ilhéus - BA, 45658-630, Brazil",
        "geo_status": "in_bahia"
      }
    },
    {
      "type": "Feature",
      "geometry": {
        "type": "Point",
        "coordinates": [
          -39.7387068,
          -14.1342248
        ]
      },
      "properties": {
        "nome": "Casa das Pembas Cosme e Damião",
        "fonte": "google",
        "endereco": "R. Jaime Tanajura, 193 - centro, Ipiaú - BA, 45570-000, Brazil",
        "rating": 5,
        "reviews": 3,
        "geo_status": "in_bahia"
      }
    },
    {
      "type": "Feature",
      "geometry": {
        "type": "Point",
        "coordinates": [
          -39.7342205,
          -14.132536
        ]
      },
      "properties": {
        "nome": "Casa das baterias Ipiaú",
        "fonte": "google",
        "endereco": "Av. Getulio Vargas, 706 - Bairro Centro, Ipiaú - BA, 45570-780, Brazil",
        "rating": 4.9,
        "reviews": 27,
        "geo_status": "in_bahia"
      }
    },
    {
      "type": "Feature",
      "geometry": {
        "type": "Point",
        "coordinates": [
          -39.7317005,
          -14.1408712
        ]
      },
      "properties": {
        "nome": "Mundo Do Real",
        "fonte": "google",
        "endereco": "R. Moisés Santos, 3 - Ipiau, Ipiaú - BA, 45570-000, Brazil",
        "rating": 4.8,
        "reviews": 28,
        "geo_status": "in_bahia"
      }
    },
    {
      "type": "Feature",
      "geometry": {
        "type": "Point",
        "coordinates": [
          -39.7388577,
          -12.1582705
        ]
      },
      "properties": {
        "nome": "Casa São Francisco",
        "fonte": "google",
        "endereco": "Praça José Leão dos Santos, 202 - Centro, Ipirá - BA, 44600-000, Brazil",
        "rating": 4.4,
        "reviews": 88,
        "geo_status": "in_bahia"
      }
    },
    {
      "type": "Feature",
      "geometry": {
        "type": "Point",
        "coordinates": [
          -41.8564766,
          -11.3036581
        ]
      },
      "properties": {
        "nome": "Casa de ervas são Jorge",
        "fonte": "google",
        "endereco": "Rua Aristides Moitinho - Centro, Irecê - BA, 44900-000, Brazil",
        "rating": 4.5,
        "reviews": 4,
        "geo_status": "in_bahia"
      }
    },
    {
      "type": "Feature",
      "geometry": {
        "type": "Point",
        "coordinates": [
          -41.8520476,
          -11.2951581
        ]
      },
      "properties": {
        "nome": "Casa Rústica Irecê - Móveis e decoração de madeira de demolição",
        "fonte": "google",
        "endereco": "Av. Santos Lopes, 1006 - Centro, Irecê - BA, 44860-169, Brazil",
        "rating": 4.3,
        "reviews": 6,
        "geo_status": "in_bahia"
      }
    },
    {
      "type": "Feature",
      "geometry": {
        "type": "Point",
        "coordinates": [
          -41.8570471,
          -11.3036922
        ]
      },
      "properties": {
        "nome": "Paróquia São Domingos de Gusmão - Centro",
        "fonte": "google",
        "endereco": "Irecê - State of Bahia, 44900-000, Brazil",
        "rating": 4.7,
        "reviews": 196,
        "geo_status": "in_bahia"
      }
    },
    {
      "type": "Feature",
      "geometry": {
        "type": "Point",
        "coordinates": [
          -41.8590416,
          -11.3045772
        ]
      },
      "properties": {
        "nome": "Sinos De Belem",
        "fonte": "google",
        "endereco": "R. Melquíades Moitinho, 227 - Irecê, BA, 44900-000, Brazil",
        "rating": 4.5,
        "reviews": 6,
        "geo_status": "in_bahia"
      }
    },
    {
      "type": "Feature",
      "geometry": {
        "type": "Point",
        "coordinates": [
          -39.2890491,
          -14.7875142
        ]
      },
      "properties": {
        "nome": "Casa Iemanjá",
        "fonte": "google",
        "endereco": "Rua C - Centro Comercial, 208 - Santo Antônio, Itabuna - BA, 45600-767, Brazil",
        "rating": 3.2,
        "reviews": 5,
        "geo_status": "in_bahia"
      }
    },
    {
      "type": "Feature",
      "geometry": {
        "type": "Point",
        "coordinates": [
          -39.25035099999999,
          -14.7883215
        ]
      },
      "properties": {
        "nome": "Estância Santo Antônio",
        "fonte": "google",
        "endereco": "Av. Juracy Magalhães - Califórnia, Itabuna - BA, 45604-141, Brazil",
        "rating": 4.2,
        "reviews": 127,
        "geo_status": "in_bahia"
      }
    },
    {
      "type": "Feature",
      "geometry": {
        "type": "Point",
        "coordinates": [
          -39.2793944,
          -14.7897618
        ]
      },
      "properties": {
        "nome": "Casa do Puxador",
        "fonte": "google",
        "endereco": "Av. Itajuípe, 97 - Santo Antônio, Itabuna - BA, 45602-010, Brazil",
        "rating": 4.4,
        "reviews": 88,
        "geo_status": "in_bahia"
      }
    },
    {
      "type": "Feature",
      "geometry": {
        "type": "Point",
        "coordinates": [
          -39.2881207,
          -14.8131303
        ]
      },
      "properties": {
        "nome": "Teco Centro Espirita - Casa de Oxalá",
        "fonte": "google",
        "endereco": "R. Silvio Santos, 22 - Jaçanã, Itabuna - BA, 45608-554, Brazil",
        "geo_status": "in_bahia"
      }
    },
    {
      "type": "Feature",
      "geometry": {
        "type": "Point",
        "coordinates": [
          -39.2872546,
          -14.7881656
        ]
      },
      "properties": {
        "nome": "Terreiro de oxosse ceo",
        "fonte": "google",
        "endereco": "R. J - Santo Antônio, Itabuna - BA, 45607-340, Brazil",
        "geo_status": "in_bahia"
      }
    },
    {
      "type": "Feature",
      "geometry": {
        "type": "Point",
        "coordinates": [
          -39.2834285,
          -14.7868572
        ]
      },
      "properties": {
        "nome": "Casa das Quentinhas",
        "fonte": "google",
        "endereco": "R. Catarina Alves, 133 - Santo Antônio, Itabuna - BA, 45602-180, Brazil",
        "rating": 5,
        "reviews": 1,
        "geo_status": "in_bahia"
      }
    },
    {
      "type": "Feature",
      "geometry": {
        "type": "Point",
        "coordinates": [
          -39.27812979999999,
          -14.8084813
        ]
      },
      "properties": {
        "nome": "Espetinho do Santo",
        "fonte": "google",
        "endereco": "Av. Manoel Souza Chaves - Banco Raso, Itabuna - BA, 45600-000, Brazil",
        "rating": 4,
        "reviews": 1,
        "geo_status": "in_bahia"
      }
    },
    {
      "type": "Feature",
      "geometry": {
        "type": "Point",
        "coordinates": [
          -38.9938368,
          -14.2800765
        ]
      },
      "properties": {
        "nome": "Nossa Casa Itacaré",
        "fonte": "google",
        "endereco": "R. Athaíde Setúbal, 87 - Centro, Itacaré - BA, 45530-000, Brazil",
        "rating": 4.8,
        "reviews": 26,
        "geo_status": "in_bahia"
      }
    },
    {
      "type": "Feature",
      "geometry": {
        "type": "Point",
        "coordinates": [
          -38.9969388,
          -14.2760851
        ]
      },
      "properties": {
        "nome": "Casa da Susan",
        "fonte": "google",
        "endereco": "Av. Antonio Athanásio dos Santos, 39 - Centro, Itacaré - BA, 45530-000, Brazil",
        "rating": 4.7,
        "reviews": 15,
        "geo_status": "in_bahia"
      }
    },
    {
      "type": "Feature",
      "geometry": {
        "type": "Point",
        "coordinates": [
          -42.3939351,
          -11.0077648
        ]
      },
      "properties": {
        "nome": "CRAS - Itaguaçu da Bahia",
        "fonte": "google",
        "endereco": "R. 20 de Outro, SN - Centro, Itaguaçu da Bahia - BA, 47440-000, Brazil",
        "rating": 4.8,
        "reviews": 6,
        "geo_status": "in_bahia"
      }
    },
    {
      "type": "Feature",
      "geometry": {
        "type": "Point",
        "coordinates": [
          -40.5398775,
          -11.1799574
        ]
      },
      "properties": {
        "nome": "Casa em Jacobina",
        "fonte": "google",
        "endereco": "Jacobina II, Jacobina - State of Bahia, 44700-000, Brazil",
        "geo_status": "in_bahia"
      }
    },
    {
      "type": "Feature",
      "geometry": {
        "type": "Point",
        "coordinates": [
          -40.5150928,
          -11.1823375
        ]
      },
      "properties": {
        "nome": "Centro Cultural de Jacobina",
        "fonte": "google",
        "endereco": "R. Melchior Dias, 21 - Centro, Jacobina - BA, 44700-000, Brazil",
        "rating": 4.2,
        "reviews": 185,
        "geo_status": "in_bahia"
      }
    },
    {
      "type": "Feature",
      "geometry": {
        "type": "Point",
        "coordinates": [
          -40.5208823,
          -11.1799103
        ]
      },
      "properties": {
        "nome": "CAVALCANTI Madeira e Construção",
        "fonte": "google",
        "endereco": "Av. Orlando Oliveira Pires - Caeira, Jacobina - BA, 44700-672, Brazil",
        "rating": 4.4,
        "reviews": 147,
        "geo_status": "in_bahia"
      }
    },
    {
      "type": "Feature",
      "geometry": {
        "type": "Point",
        "coordinates": [
          -39.9717525,
          -13.5295094
        ]
      },
      "properties": {
        "nome": "Casa de Saúde Maria José Souza Santos",
        "fonte": "google",
        "endereco": "Av. Everaldo de Souza Santos, 137 - Muritiba, Jaguaquara - BA, 45345-000, Brazil",
        "rating": 4.2,
        "reviews": 11,
        "geo_status": "in_bahia"
      }
    },
    {
      "type": "Feature",
      "geometry": {
        "type": "Point",
        "coordinates": [
          -39.8859599,
          -14.017115
        ]
      },
      "properties": {
        "nome": "Posto Jitauna",
        "fonte": "google",
        "endereco": "BR-330, 5, Jitaúna - BA, 45225-000, Brazil",
        "rating": 4.2,
        "reviews": 111,
        "geo_status": "in_bahia"
      }
    },
    {
      "type": "Feature",
      "geometry": {
        "type": "Point",
        "coordinates": [
          -41.6631013,
          -11.3474178
        ]
      },
      "properties": {
        "nome": "Casa Rural - Materiais de Construção e Agro veterinária",
        "fonte": "google",
        "endereco": "Av. Joaquim Augusto, 83 - Centro, João Dourado - BA, 44920-000, Brazil",
        "rating": 4.6,
        "reviews": 79,
        "geo_status": "in_bahia"
      }
    },
    {
      "type": "Feature",
      "geometry": {
        "type": "Point",
        "coordinates": [
          -41.6610124,
          -11.3478562
        ]
      },
      "properties": {
        "nome": "Casas Freire",
        "fonte": "google",
        "endereco": "186 - Praça João Dourado, 122, João Dourado - BA, 44920-000, Brazil",
        "rating": 4.5,
        "reviews": 32,
        "geo_status": "in_bahia"
      }
    },
    {
      "type": "Feature",
      "geometry": {
        "type": "Point",
        "coordinates": [
          -42.2394945,
          -13.4425802
        ]
      },
      "properties": {
        "nome": "Casa São João",
        "fonte": "google",
        "endereco": "Av. Dr. Aurelio Justiniano Rocha, 18 - Paramirim, BA, 46190-000, Brazil",
        "rating": 4.7,
        "reviews": 41,
        "geo_status": "in_bahia"
      }
    },
    {
      "type": "Feature",
      "geometry": {
        "type": "Point",
        "coordinates": [
          -40.5015821,
          -9.4144469
        ]
      },
      "properties": {
        "nome": "Paraíso dos Orixás",
        "fonte": "google",
        "endereco": "R. Castro Alves, 323 - Centro, Juazeiro - BA, 48904-040, Brazil",
        "rating": 4.2,
        "reviews": 6,
        "geo_status": "in_bahia"
      }
    },
    {
      "type": "Feature",
      "geometry": {
        "type": "Point",
        "coordinates": [
          -40.5144943,
          -9.433013599999999
        ]
      },
      "properties": {
        "nome": "Espaço de Eventos Monte Santo",
        "fonte": "google",
        "endereco": "R. Sem Denominacao, 12 - Argemiro, Juazeiro - BA, 48901-050, Brazil",
        "rating": 4.8,
        "reviews": 46,
        "geo_status": "in_bahia"
      }
    },
    {
      "type": "Feature",
      "geometry": {
        "type": "Point",
        "coordinates": [
          -40.48827989999999,
          -9.446664
        ]
      },
      "properties": {
        "nome": "Central de Adubos - Matriz Juazeiro",
        "fonte": "google",
        "endereco": "Rodovia Lomanto Junior, 399 - Itaberaba, Juazeiro - BA, 48907-090, Brazil",
        "rating": 4.6,
        "reviews": 250,
        "geo_status": "in_bahia"
      }
    },
    {
      "type": "Feature",
      "geometry": {
        "type": "Point",
        "coordinates": [
          -38.3237379,
          -12.8954094
        ]
      },
      "properties": {
        "nome": "Palacio de Oyo Lauro",
        "fonte": "google",
        "endereco": "Praça Martiniano Maia, 325 - Centro, Lauro de Freitas - BA, 42702-720, Brazil",
        "rating": 4.6,
        "reviews": 29,
        "geo_status": "in_bahia"
      }
    },
    {
      "type": "Feature",
      "geometry": {
        "type": "Point",
        "coordinates": [
          -38.3249475,
          -12.8952802
        ]
      },
      "properties": {
        "nome": "Casa Rainha do Mar",
        "fonte": "google",
        "endereco": "Rua Romualdo de Brito, 176 - Centro, Lauro de Freitas - BA, 42700-000, Brazil",
        "rating": 4.8,
        "reviews": 24,
        "geo_status": "in_bahia"
      }
    },
    {
      "type": "Feature",
      "geometry": {
        "type": "Point",
        "coordinates": [
          -38.3214385,
          -12.8965478
        ]
      },
      "properties": {
        "nome": "Laticínios Santana Lauro de Freitas",
        "fonte": "google",
        "endereco": "Av. Amarílio Thiago dos Santos, 205 - Centro, Lauro de Freitas - BA, 42703-750, Brazil",
        "rating": 4.5,
        "reviews": 207,
        "geo_status": "in_bahia"
      }
    },
    {
      "type": "Feature",
      "geometry": {
        "type": "Point",
        "coordinates": [
          -38.3318279,
          -12.888872
        ]
      },
      "properties": {
        "nome": "Casa de Caridade Adolfo Bezerra de Menezes",
        "fonte": "google",
        "endereco": "Rua Professor Teocrito Batista - s/n lt 39 - Recreio Ipitanga, Lauro de Freitas - BA, 42700-000, Brazil",
        "rating": 4.3,
        "reviews": 48,
        "geo_status": "in_bahia"
      }
    },
    {
      "type": "Feature",
      "geometry": {
        "type": "Point",
        "coordinates": [
          -38.3224036,
          -12.8891686
        ]
      },
      "properties": {
        "nome": "CASA DAS RESISTÊNCIAS",
        "fonte": "google",
        "endereco": "Estrada do Côco - Av. Santos Dumont, 3862 - Loja 19 - Recreio Ipitanga, Lauro de Freitas - BA, 42700-170, Brazil",
        "rating": 4.6,
        "reviews": 27,
        "geo_status": "in_bahia"
      }
    },
    {
      "type": "Feature",
      "geometry": {
        "type": "Point",
        "coordinates": [
          -38.329806,
          -12.8696386
        ]
      },
      "properties": {
        "nome": "Casa da Vovó Maria Conga e Caboclo Sete Flechas",
        "fonte": "google",
        "endereco": "R. Alto do Caji, 8 - Jardim Castelao, Lauro de Freitas - BA, 42722-030, Brazil",
        "rating": 5,
        "reviews": 1,
        "geo_status": "in_bahia"
      }
    },
    {
      "type": "Feature",
      "geometry": {
        "type": "Point",
        "coordinates": [
          -45.7973025,
          -12.0883799
        ]
      },
      "properties": {
        "nome": "Casa da Lavoura LEM - Irrigação, Motores e Ferramentas",
        "fonte": "google",
        "endereco": "R. Paraíba, 270 - Centro, Luís Eduardo Magalhães - BA, 47850-000, Brazil",
        "rating": 4.5,
        "reviews": 309,
        "geo_status": "in_bahia"
      }
    },
    {
      "type": "Feature",
      "geometry": {
        "type": "Point",
        "coordinates": [
          -45.79636439999999,
          -12.0882824
        ]
      },
      "properties": {
        "nome": "Semprelar Centro - Luís Eduardo Magalhães",
        "fonte": "google",
        "endereco": "rua Pernambuco quadra 25, lote 9 centro - Lot. Mimoso Doeste I, Luís Eduardo Magalhães - BA, 47850-000, Brazil",
        "rating": 4.4,
        "reviews": 625,
        "geo_status": "in_bahia"
      }
    },
    {
      "type": "Feature",
      "geometry": {
        "type": "Point",
        "coordinates": [
          -45.7873878,
          -12.0813159
        ]
      },
      "properties": {
        "nome": "Hiper Santo Antonio",
        "fonte": "google",
        "endereco": "Av. Juscelino Kubitscheck, 3073 - Jardim Imperial, Luís Eduardo Magalhães - BA, 47850-000, Brazil",
        "rating": 4.4,
        "reviews": 1532,
        "geo_status": "in_bahia"
      }
    },
    {
      "type": "Feature",
      "geometry": {
        "type": "Point",
        "coordinates": [
          -45.7954158,
          -12.0904011
        ]
      },
      "properties": {
        "nome": "Super Santo Antonio Centro",
        "fonte": "google",
        "endereco": "Av. Barreiras - Lot. Mimoso Doeste I, Luís Eduardo Magalhães - BA, 47850-000, Brazil",
        "rating": 4.5,
        "reviews": 757,
        "geo_status": "in_bahia"
      }
    },
    {
      "type": "Feature",
      "geometry": {
        "type": "Point",
        "coordinates": [
          -45.7956517,
          -12.099567
        ]
      },
      "properties": {
        "nome": "Centro Comunitário Dom Ricardo - Luís Eduardo Magalhães - Com. Sta. Catarina",
        "fonte": "google",
        "endereco": "R. Itacaré, 543 - Lot. Florais Lea, Luís Eduardo Magalhães - BA, 47850-000, Brazil",
        "rating": 4.3,
        "reviews": 9,
        "geo_status": "in_bahia"
      }
    },
    {
      "type": "Feature",
      "geometry": {
        "type": "Point",
        "coordinates": [
          -38.6174358,
          -12.745508
        ]
      },
      "properties": {
        "nome": "Mansão Drinks",
        "fonte": "google",
        "endereco": "R. Treze de Junho, 196 - Centro, Me. de Deus - BA, 42600-000, Brazil",
        "rating": 4,
        "reviews": 90,
        "geo_status": "in_bahia"
      }
    },
    {
      "type": "Feature",
      "geometry": {
        "type": "Point",
        "coordinates": [
          -39.3317252,
          -10.4394982
        ]
      },
      "properties": {
        "nome": "Casa De Ervas Pai Joaquim",
        "fonte": "google",
        "endereco": "Rua Riachuelo, Monte Santo - BA, 48800-000, Brazil",
        "rating": 4.7,
        "reviews": 3,
        "geo_status": "in_bahia"
      }
    },
    {
      "type": "Feature",
      "geometry": {
        "type": "Point",
        "coordinates": [
          -39.32662440000001,
          -10.4401101
        ]
      },
      "properties": {
        "nome": "Festejos De Todos Os Santos",
        "fonte": "google",
        "endereco": "Av. Dep. Luís Eduardo Magalhães, Monte Santo - BA, 48800-000, Brazil",
        "rating": 1,
        "reviews": 2,
        "geo_status": "in_bahia"
      }
    },
    {
      "type": "Feature",
      "geometry": {
        "type": "Point",
        "coordinates": [
          -41.1606952,
          -11.5488765
        ]
      },
      "properties": {
        "nome": "Casa Das Ervas Ogum",
        "fonte": "google",
        "endereco": "R. Caetano Dutra, 20 - Morro do Chapéu, BA, 44850-000, Brazil",
        "rating": 4.1,
        "reviews": 39,
        "geo_status": "in_bahia"
      }
    },
    {
      "type": "Feature",
      "geometry": {
        "type": "Point",
        "coordinates": [
          -40.9997256,
          -11.6252381
        ]
      },
      "properties": {
        "nome": "Cachoeira Ferro Doido",
        "fonte": "google",
        "endereco": "Ventura, Morro do Chapéu - State of Bahia, 44850-000, Brazil",
        "rating": 4.8,
        "reviews": 973,
        "geo_status": "in_bahia"
      }
    },
    {
      "type": "Feature",
      "geometry": {
        "type": "Point",
        "coordinates": [
          -39.1104626,
          -12.9975304
        ]
      },
      "properties": {
        "nome": "Santos de Fé",
        "fonte": "google",
        "endereco": "R. jaguaripe, 19 - Centro, Muniz Ferreira - BA, 44075-000, Brazil",
        "geo_status": "in_bahia"
      }
    },
    {
      "type": "Feature",
      "geometry": {
        "type": "Point",
        "coordinates": [
          -40.8285692,
          -14.8493832
        ]
      },
      "properties": {
        "nome": "Casa dos santos",
        "fonte": "google",
        "endereco": "R. Duarte da Costa, 327a - Alto Maron, Vitória da Conquista - BA, 45005-202, Brazil",
        "rating": 5,
        "reviews": 2,
        "geo_status": "in_bahia"
      }
    },
    {
      "type": "Feature",
      "geometry": {
        "type": "Point",
        "coordinates": [
          -37.8945924,
          -10.0151773
        ]
      },
      "properties": {
        "nome": "Lojas B Móveis - Roupeiros, Armários, Cozinhas, Colchões, Sofás, Camas",
        "fonte": "google",
        "endereco": "Tv. Antônio Pessoa Pinto, 08 - Centro, Pedro Alexandre - BA, 48580-000, Brazil",
        "rating": 5,
        "reviews": 85,
        "geo_status": "in_bahia"
      }
    },
    {
      "type": "Feature",
      "geometry": {
        "type": "Point",
        "coordinates": [
          -42.4267142,
          -10.1527868
        ]
      },
      "properties": {
        "nome": "Sítio Arqueológico Pilão Arcado Velho",
        "fonte": "google",
        "endereco": "Unnamed Road - Pilão Arcado, Sento Sé - BA, 47350-000, Brazil",
        "rating": 4.5,
        "reviews": 8,
        "geo_status": "in_bahia"
      }
    },
    {
      "type": "Feature",
      "geometry": {
        "type": "Point",
        "coordinates": [
          -39.6271764,
          -10.9783685
        ]
      },
      "properties": {
        "nome": "Paróquia de Santo Antônio das Queimadas",
        "fonte": "google",
        "endereco": "Av. Padre Edmilson Gomes Sobrinho - Queimadas, BA, 48860-000, Brazil",
        "rating": 4.6,
        "reviews": 25,
        "geo_status": "in_bahia"
      }
    },
    {
      "type": "Feature",
      "geometry": {
        "type": "Point",
        "coordinates": [
          -42.07562069999999,
          -9.609136
        ]
      },
      "properties": {
        "nome": "Casa do irmão Santos e Val",
        "fonte": "google",
        "endereco": "R. Ocimar Coelho de Moura - Remanso, BA, 47200-000, Brazil",
        "rating": 5,
        "reviews": 1,
        "geo_status": "in_bahia"
      }
    },
    {
      "type": "Feature",
      "geometry": {
        "type": "Point",
        "coordinates": [
          -39.3834897,
          -11.8074938
        ]
      },
      "properties": {
        "nome": "Casa São Cristovão",
        "fonte": "google",
        "endereco": "Rua Dr. J. J. Seabra, 127 - Centro, Riachão do Jacuípe - BA, 44640-000, Brazil",
        "rating": 4.9,
        "reviews": 10,
        "geo_status": "in_bahia"
      }
    },
    {
      "type": "Feature",
      "geometry": {
        "type": "Point",
        "coordinates": [
          -39.3823923,
          -11.8090318
        ]
      },
      "properties": {
        "nome": "Casa do acarajé didy e Shell",
        "fonte": "google",
        "endereco": "Av. Conselheiro Eliel Martins - Riachão do Jacuípe, BA, 44640-000, Brazil",
        "rating": 5,
        "reviews": 2,
        "geo_status": "in_bahia"
      }
    },
    {
      "type": "Feature",
      "geometry": {
        "type": "Point",
        "coordinates": [
          -38.54306260000001,
          -10.8364373
        ]
      },
      "properties": {
        "nome": "Casa da Cidadania",
        "fonte": "google",
        "endereco": "Av. Oliveira Brito, Ribeira do Pombal - BA, 48400-000, Brazil",
        "rating": 4.8,
        "reviews": 5,
        "geo_status": "in_bahia"
      }
    },
    {
      "type": "Feature",
      "geometry": {
        "type": "Point",
        "coordinates": [
          -41.8103072,
          -13.5840778
        ]
      },
      "properties": {
        "nome": "Casas Rio de Contas",
        "fonte": "google",
        "endereco": "R. Vicente Correia Neto, 324 - Rio de Contas, BA, 46170-000, Brazil",
        "rating": 5,
        "reviews": 5,
        "geo_status": "in_bahia"
      }
    },
    {
      "type": "Feature",
      "geometry": {
        "type": "Point",
        "coordinates": [
          -41.8094101,
          -13.5787602
        ]
      },
      "properties": {
        "nome": "Casa Rio de Contas - Renovada e Ampliada - Three-Bedroom Home",
        "fonte": "google",
        "endereco": "Rio de Contas, State of Bahia, 46170-000, Brazil",
        "geo_status": "in_bahia"
      }
    },
    {
      "type": "Feature",
      "geometry": {
        "type": "Point",
        "coordinates": [
          -38.5135077,
          -12.9728553
        ]
      },
      "properties": {
        "nome": "Casa das Histórias de Salvador",
        "fonte": "google",
        "endereco": "R. da Bélgica, 2 - Comércio, Salvador - BA, 40010-030, Brazil",
        "rating": 4.8,
        "reviews": 261,
        "geo_status": "in_bahia"
      }
    },
    {
      "type": "Feature",
      "geometry": {
        "type": "Point",
        "coordinates": [
          -38.508476,
          -12.970239
        ]
      },
      "properties": {
        "nome": "Casa Cultural Reggae",
        "fonte": "google",
        "endereco": "R. do Passo, 17 - Centro Histórico, Salvador - BA, 40301-408, Brazil",
        "rating": 4.8,
        "reviews": 68,
        "geo_status": "in_bahia"
      }
    },
    {
      "type": "Feature",
      "geometry": {
        "type": "Point",
        "coordinates": [
          -38.5024832,
          -12.9510558
        ]
      },
      "properties": {
        "nome": "Loja Santa Bárbara",
        "fonte": "google",
        "endereco": "Loja - Santa Barbara, Salvador - BA, 40460-650, Brazil",
        "rating": 4.9,
        "reviews": 22,
        "geo_status": "in_bahia"
      }
    },
    {
      "type": "Feature",
      "geometry": {
        "type": "Point",
        "coordinates": [
          -39.0243914,
          -16.2792586
        ]
      },
      "properties": {
        "nome": "Casa de Câmara e Cadeia",
        "fonte": "google",
        "endereco": "Ladeira C. Alta, 25, Santa Cruz Cabrália - BA, 45807-000, Brazil",
        "rating": 4.2,
        "reviews": 5,
        "geo_status": "in_bahia"
      }
    },
    {
      "type": "Feature",
      "geometry": {
        "type": "Point",
        "coordinates": [
          -39.8220689,
          -13.2986641
        ]
      },
      "properties": {
        "nome": "Núcleo Histórico Ferroviário de Santa Inês-BA",
        "fonte": "google",
        "endereco": "Ave.Francisco Leal Sales, 26, Santa Inês - BA, 45320-000, Brazil",
        "rating": 4.8,
        "reviews": 4,
        "geo_status": "in_bahia"
      }
    },
    {
      "type": "Feature",
      "geometry": {
        "type": "Point",
        "coordinates": [
          -39.25821579999999,
          -12.9672564
        ]
      },
      "properties": {
        "nome": "Casa do Gesso- Santo Antônio de Jesus",
        "fonte": "google",
        "endereco": "Av. Luiz Viana, 366 - Centro, Santo Antônio de Jesus - BA, 44571-019, Brazil",
        "rating": 4.7,
        "reviews": 9,
        "geo_status": "in_bahia"
      }
    },
    {
      "type": "Feature",
      "geometry": {
        "type": "Point",
        "coordinates": [
          -39.2620765,
          -12.9700232
        ]
      },
      "properties": {
        "nome": "Casa São Paulo",
        "fonte": "google",
        "endereco": "R. Monsenhor Antônio Oliveira, 4 - Centro, Santo Antônio de Jesus - BA, 44571-060, Brazil",
        "rating": 4.1,
        "reviews": 9,
        "geo_status": "in_bahia"
      }
    },
    {
      "type": "Feature",
      "geometry": {
        "type": "Point",
        "coordinates": [
          -39.2625564,
          -12.9680229
        ]
      },
      "properties": {
        "nome": "CASA DO COURO LTDA",
        "fonte": "google",
        "endereco": "R. Landulfo Alves, 4 - Centro, Santo Antônio de Jesus - BA, 44571-380, Brazil",
        "rating": 5,
        "reviews": 167,
        "geo_status": "in_bahia"
      }
    },
    {
      "type": "Feature",
      "geometry": {
        "type": "Point",
        "coordinates": [
          -39.2632786,
          -12.9674074
        ]
      },
      "properties": {
        "nome": "Casa das Espumas",
        "fonte": "google",
        "endereco": "R. Landulfo Alves, 118 - Centro, Santo Antônio de Jesus - BA, 44430-088, Brazil",
        "rating": 4,
        "reviews": 5,
        "geo_status": "in_bahia"
      }
    },
    {
      "type": "Feature",
      "geometry": {
        "type": "Point",
        "coordinates": [
          -39.2586163,
          -12.9688089
        ]
      },
      "properties": {
        "nome": "R. Castro Alves, 169 - Cs A",
        "fonte": "google",
        "endereco": "R. Castro Alves, 169 - Cs A - Centro, Santo Antônio de Jesus - BA, 44430-546, Brazil",
        "geo_status": "in_bahia"
      }
    },
    {
      "type": "Feature",
      "geometry": {
        "type": "Point",
        "coordinates": [
          -39.2614421,
          -12.9772291
        ]
      },
      "properties": {
        "nome": "Rua Bahia, 457 Santo Antonio De Jesus",
        "fonte": "google",
        "endereco": "R. Bahia, 467 - Santa Rita, Santo Antônio de Jesus - BA, 44430-400, Brazil",
        "rating": 4.9,
        "reviews": 12,
        "geo_status": "in_bahia"
      }
    },
    {
      "type": "Feature",
      "geometry": {
        "type": "Point",
        "coordinates": [
          -41.7682731,
          -12.4197133
        ]
      },
      "properties": {
        "nome": "Casa de Ervas Xangô Seabra",
        "fonte": "google",
        "endereco": "R. Barão do Rio Branco, 88 - Centro, Seabra - BA, 46900-000, Brazil",
        "rating": 1,
        "reviews": 1,
        "geo_status": "in_bahia"
      }
    },
    {
      "type": "Feature",
      "geometry": {
        "type": "Point",
        "coordinates": [
          -41.7698302,
          -12.4284164
        ]
      },
      "properties": {
        "nome": "Casa dos cabos SBA - Materiais elétricos",
        "fonte": "google",
        "endereco": "R. Vinte e Dois de Abril, 96 - Seabra, BA, 46900-000, Brazil",
        "rating": 5,
        "reviews": 50,
        "geo_status": "in_bahia"
      }
    },
    {
      "type": "Feature",
      "geometry": {
        "type": "Point",
        "coordinates": [
          -38.3826798,
          -12.8218289
        ]
      },
      "properties": {
        "nome": "Home of the Giants",
        "fonte": "google",
        "endereco": "Av. Elmo Serejo de Farias, 110 - Nucleo Hab. Rubens Costa Cia I, Simões Filho - BA, 43700-000, Brazil",
        "rating": 4.5,
        "reviews": 268,
        "geo_status": "in_bahia"
      }
    },
    {
      "type": "Feature",
      "geometry": {
        "type": "Point",
        "coordinates": [
          -38.2033808,
          -10.3651688
        ]
      },
      "properties": {
        "nome": "Sítio do Quinto",
        "fonte": "google",
        "endereco": "Sítio do Quinto, BA, 48565-000, Brazil",
        "geo_status": "in_bahia"
      }
    },
    {
      "type": "Feature",
      "geometry": {
        "type": "Point",
        "coordinates": [
          -38.5147351,
          -11.6709845
        ]
      },
      "properties": {
        "nome": "Arraial Santana",
        "fonte": "google",
        "endereco": "8FHP+J4, Sátiro Dias - State of Bahia, 48485-000, Brazil",
        "rating": 5,
        "reviews": 7,
        "geo_status": "in_bahia"
      }
    },
    {
      "type": "Feature",
      "geometry": {
        "type": "Point",
        "coordinates": [
          -39.7486109,
          -17.5385604
        ]
      },
      "properties": {
        "nome": "Luzes de Aruanda",
        "fonte": "google",
        "endereco": "Av. Pres. Getúlio Vargas, 4353 - Vila Vargas, Teixeira de Freitas - BA, 45996-108, Brazil",
        "rating": 4.4,
        "reviews": 22,
        "geo_status": "in_bahia"
      }
    },
    {
      "type": "Feature",
      "geometry": {
        "type": "Point",
        "coordinates": [
          -41.60189,
          -11.8979126
        ]
      },
      "properties": {
        "nome": "Umburana de Dionísio",
        "fonte": "google",
        "endereco": "Canudos, Mulungu do Morro - BA, 44880-000, Brazil",
        "rating": 4.7,
        "reviews": 3,
        "geo_status": "in_bahia"
      }
    },
    {
      "type": "Feature",
      "geometry": {
        "type": "Point",
        "coordinates": [
          -39.0733976,
          -13.3724669
        ]
      },
      "properties": {
        "nome": "Lojas Santo Antônio",
        "fonte": "google",
        "endereco": "R. Gov. Gonçalves - Valença, BA, 45400-000, Brazil",
        "rating": 4,
        "reviews": 39,
        "geo_status": "in_bahia"
      }
    },
    {
      "type": "Feature",
      "geometry": {
        "type": "Point",
        "coordinates": [
          -39.0639093,
          -13.3746541
        ]
      },
      "properties": {
        "nome": "Casa das Noivas",
        "fonte": "google",
        "endereco": "Rua Mestre Osvaldo dos Santos, 87 - Valença, BA, 45400-000, Brazil",
        "rating": 4.8,
        "reviews": 28,
        "geo_status": "in_bahia"
      }
    },
    {
      "type": "Feature",
      "geometry": {
        "type": "Point",
        "coordinates": [
          -38.6070971,
          -12.954575
        ]
      },
      "properties": {
        "nome": "Casas de Retiro",
        "fonte": "google",
        "endereco": "Rua Domingos Oliveira, 195 - Lot. Parque das Mangueiras, Vera Cruz - BA, 44470-000, Brazil",
        "rating": 4.8,
        "reviews": 61,
        "geo_status": "in_bahia"
      }
    },
    {
      "type": "Feature",
      "geometry": {
        "type": "Point",
        "coordinates": [
          -38.70128380000001,
          -13.0562887
        ]
      },
      "properties": {
        "nome": "Casa de Santo Antonio",
        "fonte": "google",
        "endereco": "R. Castelo Branco - Condomínio Presidencial, Vera Cruz - BA, Brazil",
        "rating": 5,
        "reviews": 3,
        "geo_status": "in_bahia"
      }
    },
    {
      "type": "Feature",
      "geometry": {
        "type": "Point",
        "coordinates": [
          -40.8627951,
          -14.8870004
        ]
      },
      "properties": {
        "nome": "Casa de Umbanda Luz de Maria",
        "fonte": "google",
        "endereco": "R. Trinta, 410 - Lot. Parque Coveima, Vitória da Conquista - BA, 45066-664, Brazil",
        "rating": 3.3,
        "reviews": 3,
        "geo_status": "in_bahia"
      }
    },
    {
      "type": "Feature",
      "geometry": {
        "type": "Point",
        "coordinates": [
          -40.8228229,
          -14.852299
        ]
      },
      "properties": {
        "nome": "Casa da Robótica",
        "fonte": "google",
        "endereco": "Rua Antônia Fernandes Santos Silva 281 - Brasil, Vitória da Conquista - BA, 45005-386, Brazil",
        "rating": 4.9,
        "reviews": 469,
        "geo_status": "in_bahia"
      }
    },
    {
      "type": "Feature",
      "geometry": {
        "type": "Point",
        "coordinates": [
          -40.8360304,
          -14.84952
        ]
      },
      "properties": {
        "nome": "Casa Maria Mãe Dos Pobres",
        "fonte": "google",
        "endereco": "R. Sinhazinha Santos - Centro, Vitória da Conquista - BA, 45000-505, Brazil",
        "rating": 4.8,
        "reviews": 4,
        "geo_status": "in_bahia"
      }
    },
    {
      "type": "Feature",
      "geometry": {
        "type": "Point",
        "coordinates": [
          -40.1312921,
          -11.6144063
        ]
      },
      "properties": {
        "nome": "Sítio Santana",
        "fonte": "google",
        "endereco": "R. Caraíbas, 618 - Alto da colina, Várzea da Roça - BA, 44635-000, Brazil",
        "rating": 4.5,
        "reviews": 25,
        "geo_status": "in_bahia"
      }
    },
    {
      "type": "Feature",
      "geometry": {
        "type": "Point",
        "coordinates": [
          -40.1380868,
          -11.6079576
        ]
      },
      "properties": {
        "nome": "Prefeitura Municipal de Várzea da Roça",
        "fonte": "google",
        "endereco": "Pça. da Bandeira, 125, Várzea da Roça - BA, 44635-000, Brazil",
        "rating": 3.8,
        "reviews": 54,
        "geo_status": "in_bahia"
      }
    },
    {
      "type": "Feature",
      "geometry": {
        "type": "Point",
        "coordinates": [
          -38.4303916,
          -12.1415851
        ]
      },
      "properties": {
        "nome": "Centro de umbanda Caboclo João da Mata",
        "fonte": "google",
        "endereco": "Rua professor José leite, 125 - Dois15 de novembro, Alagoinhas - BA, 48051-220, Brazil",
        "rating": 5,
        "reviews": 2,
        "geo_status": "in_bahia"
      }
    },
    {
      "type": "Feature",
      "geometry": {
        "type": "Point",
        "coordinates": [
          -40.7474955,
          -14.867949
        ]
      },
      "properties": {
        "nome": "Centro Espiritualista Divina Luz - CEDL",
        "fonte": "google",
        "endereco": "Povoado da Estiva, S/N - Vitória da Conquista, BA, Brazil",
        "rating": 5,
        "reviews": 7,
        "geo_status": "in_bahia"
      }
    },
    {
      "type": "Feature",
      "geometry": {
        "type": "Point",
        "coordinates": [
          -43.4217543,
          -13.2593491
        ]
      },
      "properties": {
        "nome": "Gruta do Bom Jesus da Lapa",
        "fonte": "google",
        "endereco": "Bom Jesus da Lapa, BA, 47600-000, Brazil",
        "rating": 5,
        "reviews": 1,
        "geo_status": "in_bahia"
      }
    },
    {
      "type": "Feature",
      "geometry": {
        "type": "Point",
        "coordinates": [
          -38.9609703,
          -12.2658727
        ]
      },
      "properties": {
        "nome": "Associação cultural Estrela Guia de Aruanda",
        "fonte": "google",
        "endereco": "R. Cônego José Cupertino de Lacerda, 183 - Serraria Brasil, Feira de Santana - BA, 40301-110, Brazil",
        "geo_status": "in_bahia"
      }
    },
    {
      "type": "Feature",
      "geometry": {
        "type": "Point",
        "coordinates": [
          -38.4094754,
          -12.9214862
        ]
      },
      "properties": {
        "nome": "Centro Umbandista Guerreiros de Oxóssi e Obá",
        "fonte": "google",
        "endereco": "R. Mocambo, 323 - Trobogy, Salvador - BA, 41350-300, Brazil",
        "rating": 5,
        "reviews": 13,
        "geo_status": "in_bahia"
      }
    },
    {
      "type": "Feature",
      "geometry": {
        "type": "Point",
        "coordinates": [
          -39.0183817,
          -14.2970219
        ]
      },
      "properties": {
        "nome": "Centro Espirita Social e cultural pai congo D'aruanda",
        "fonte": "google",
        "endereco": "R. Caminho das Árvores - Itacaré, BA, 45530-000, Brazil",
        "rating": 5,
        "reviews": 4,
        "geo_status": "in_bahia"
      }
    },
    {
      "type": "Feature",
      "geometry": {
        "type": "Point",
        "coordinates": [
          -38.9912864,
          -14.2791533
        ]
      },
      "properties": {
        "nome": "Centro Cultural Tribo Bahia Capoeira - Itacaré",
        "fonte": "google",
        "endereco": "Procurar o Mestre Bico Duro - Tv. São Miguel, 60 - Itacaré, BA, 45530-000, Brazil",
        "rating": 4.8,
        "reviews": 28,
        "geo_status": "in_bahia"
      }
    },
    {
      "type": "Feature",
      "geometry": {
        "type": "Point",
        "coordinates": [
          -38.5002344149944,
          -12.9315541440411
        ]
      },
      "properties": {
        "nome": "Caminho da Luz",
        "fonte": "ceao",
        "fonte_detalhe": "CEAO/UFBA - terreiros.ceao.ufba.br",
        "endereco": "Rua Barão da Vila da Barra, 4B",
        "bairro": "Calçada",
        "telefone": "3316-7705",
        "rating": 3,
        "reviews": 1,
        "lideranca": "Carlos Tadeu Lira da Silveira",
        "nacao": "Angola",
        "ano_fundacao": "1991",
        "regente": "Oxalá",
        "cep": "40410-400",
        "foto_thumb": "http://www.terreiros.ceao.ufba.br/_FT/pq/577.jpg",
        "foto_grande": "http://www.terreiros.ceao.ufba.br/_FT/gd/577.jpg",
        "ceao_id": "577",
        "geo_status": "in_bahia"
      }
    },
    {
      "type": "Feature",
      "geometry": {
        "type": "Point",
        "coordinates": [
          -38.2700212,
          -12.8395051
        ]
      },
      "properties": {
        "nome": "TUEPA - Templo de Umbanda Esotérica Pai Antônio",
        "fonte": "google",
        "endereco": "Tv. Principal Lt Flaboyant, 13 - Vila de Abrantes, Camaçari - BA, 42828-110, Brazil",
        "rating": 4.8,
        "reviews": 4,
        "geo_status": "in_bahia"
      }
    },
    {
      "type": "Feature",
      "geometry": {
        "type": "Point",
        "coordinates": [
          -38.3319814,
          -12.8764451
        ]
      },
      "properties": {
        "nome": "Tenda Umbandista Maria da Piedade e Casa de Oxalá",
        "fonte": "google",
        "endereco": "Av. Santo Amaro de Ipitanga, 1181 - Polo Hab. Litoral Norte, Lauro de Freitas - BA, 42700-000, Brazil",
        "rating": 5,
        "reviews": 4,
        "geo_status": "in_bahia"
      }
    },
    {
      "type": "Feature",
      "geometry": {
        "type": "Point",
        "coordinates": [
          -38.5120614,
          -12.9769926
        ]
      },
      "properties": {
        "nome": "Centro Umbandista Caboclo Rei das Matas",
        "fonte": "google",
        "endereco": "Av. Baltazar - Barroquinha, Salvador - BA, 40024-081, Brazil",
        "rating": 5,
        "reviews": 6,
        "geo_status": "in_bahia"
      }
    },
    {
      "type": "Feature",
      "geometry": {
        "type": "Point",
        "coordinates": [
          -38.2148204,
          -9.394488899999999
        ]
      },
      "properties": {
        "nome": "Templo Escola de Umbanda Vovó Clara",
        "fonte": "google",
        "endereco": "R. Recife, 1 - Alves de Souza, Paulo Afonso - BA, 48607-190, Brazil",
        "rating": 5,
        "reviews": 1,
        "geo_status": "in_bahia"
      }
    },
    {
      "type": "Feature",
      "geometry": {
        "type": "Point",
        "coordinates": [
          -38.253326,
          -9.418365999999999
        ]
      },
      "properties": {
        "nome": "Centro Espiritualista Céu de São Francisco",
        "fonte": "google",
        "endereco": "HPJW+MM, Paulo Afonso - State of Bahia, Brazil",
        "rating": 5,
        "reviews": 3,
        "geo_status": "in_bahia"
      }
    },
    {
      "type": "Feature",
      "geometry": {
        "type": "Point",
        "coordinates": [
          -42.0841857,
          -9.61961
        ]
      },
      "properties": {
        "nome": "Remanso BA",
        "fonte": "google",
        "endereco": "Remanso, BA, 47200-000, Brazil",
        "rating": 4.6,
        "reviews": 82,
        "geo_status": "in_bahia"
      }
    },
    {
      "type": "Feature",
      "geometry": {
        "type": "Point",
        "coordinates": [
          -38.5362215,
          -10.8081725
        ]
      },
      "properties": {
        "nome": "Vale do Amanhecer - Templo Rivan",
        "fonte": "google",
        "endereco": "Unnamed Road, Ribeira do Pombal - BA, 48400-000, Brazil",
        "rating": 5,
        "reviews": 4,
        "geo_status": "in_bahia"
      }
    },
    {
      "type": "Feature",
      "geometry": {
        "type": "Point",
        "coordinates": [
          -41.81256860000001,
          -13.5863992
        ]
      },
      "properties": {
        "nome": "Centro Espirita Alberto Ramos",
        "fonte": "google",
        "endereco": "R. Francisco Santana, 115 - Rio de Contas, BA, 46170-000, Brazil",
        "rating": 5,
        "reviews": 6,
        "geo_status": "in_bahia"
      }
    },
    {
      "type": "Feature",
      "geometry": {
        "type": "Point",
        "coordinates": [
          -38.4475904,
          -12.9048435
        ]
      },
      "properties": {
        "nome": "Centro Umbandista 4 Luas",
        "fonte": "google",
        "endereco": "R. dos Carmelitas, 6 - Dom Avelar, Salvador - BA, 41315-060, Brazil",
        "rating": 5,
        "reviews": 4,
        "geo_status": "in_bahia"
      }
    },
    {
      "type": "Feature",
      "geometry": {
        "type": "Point",
        "coordinates": [
          -38.5134054,
          -12.9758209
        ]
      },
      "properties": {
        "nome": "Associação de Terreiros da Bahia - Egbé axé",
        "fonte": "google",
        "endereco": "Edificio Sul America - Tv. da Ajuda, 2 - Sl 608 - Centro Historico, Salvador - BA, 40026-038, Brazil",
        "rating": 5,
        "reviews": 1,
        "geo_status": "in_bahia"
      }
    },
    {
      "type": "Feature",
      "geometry": {
        "type": "Point",
        "coordinates": [
          -38.9696995,
          -12.2463662
        ]
      },
      "properties": {
        "nome": "Centro De Quimbanda Mãe Ana De Oxum",
        "fonte": "google",
        "endereco": "Praça Senhor do Bonfim - Cruzeiro, Feira de Santana - BA, 44022-075, Brazil",
        "geo_status": "in_bahia"
      }
    },
    {
      "type": "Feature",
      "geometry": {
        "type": "Point",
        "coordinates": [
          -40.1891002,
          -10.4598879
        ]
      },
      "properties": {
        "nome": "CENTRO ESPIRITA DISCIPULOS DE JESUS",
        "fonte": "google",
        "endereco": "R. João Rodrigues, 67 - Centro, Sr. do Bonfim - BA, 48970-000, Brazil",
        "rating": 5,
        "reviews": 1,
        "geo_status": "in_bahia"
      }
    },
    {
      "type": "Feature",
      "geometry": {
        "type": "Point",
        "coordinates": [
          -38.980494,
          -11.6523451
        ]
      },
      "properties": {
        "nome": "Ile Asé Ofá Odé Ny Oyá",
        "fonte": "google",
        "endereco": "Povoado Morro do Fundo, SN, Serrinha - BA, 48700-000, Brazil",
        "rating": 5,
        "reviews": 3,
        "geo_status": "in_bahia"
      }
    },
    {
      "type": "Feature",
      "geometry": {
        "type": "Point",
        "coordinates": [
          -39.0901394,
          -13.467594
        ]
      },
      "properties": {
        "nome": "Comunidade Caxuté",
        "fonte": "google",
        "endereco": "Maricoabo, Valença - State of Bahia, 45400-000, Brazil",
        "rating": 5,
        "reviews": 10,
        "geo_status": "in_bahia"
      }
    },
    {
      "type": "Feature",
      "geometry": {
        "type": "Point",
        "coordinates": [
          -38.4873765,
          -12.8935187
        ]
      },
      "properties": {
        "nome": "ILE ASE OJU AFEFE EDUN ARA",
        "fonte": "google",
        "endereco": "R. Mabaço de Cima, 17 - Itacaranha, Salvador - BA, 40713-060, Brazil",
        "rating": 5,
        "reviews": 50,
        "geo_status": "in_bahia"
      }
    },
    {
      "type": "Feature",
      "geometry": {
        "type": "Point",
        "coordinates": [
          -38.4869443,
          -12.9443801
        ]
      },
      "properties": {
        "nome": "Senzala do Barro Preto - Cultural Association Ile Aiye",
        "fonte": "google",
        "endereco": "R. Direta do Curuzu, 228 - Curuzu, Salvador - BA, 40366-110, Brazil",
        "rating": 4.6,
        "reviews": 644,
        "geo_status": "in_bahia"
      }
    },
    {
      "type": "Feature",
      "geometry": {
        "type": "Point",
        "coordinates": [
          -38.3949252,
          -12.8827268
        ]
      },
      "properties": {
        "nome": "ILÊ ASÉ OMIN ODÔ SIDANREWA",
        "fonte": "google",
        "endereco": "R. Geraldo Brasil, 12 - Cajazeiras, Salvador - BA, 41347-278, Brazil",
        "rating": 5,
        "reviews": 4,
        "geo_status": "in_bahia"
      }
    },
    {
      "type": "Feature",
      "geometry": {
        "type": "Point",
        "coordinates": [
          -38.3592786,
          -12.9317029
        ]
      },
      "properties": {
        "nome": "Ilê Asé Ibá Dan Aràká",
        "fonte": "google",
        "endereco": "R. Venceslau Guimarães, N° 15 - Itapuã, Salvador - BA, 41620-795, Brazil",
        "rating": 5,
        "reviews": 2,
        "geo_status": "in_bahia"
      }
    },
    {
      "type": "Feature",
      "geometry": {
        "type": "Point",
        "coordinates": [
          -38.4531094,
          -12.942296
        ]
      },
      "properties": {
        "nome": "Ilê Asé Ibá Araolofadan",
        "fonte": "google",
        "endereco": "R. Corina Barradas, 8 - Barreiras, Salvador - BA, 41195-700, Brazil",
        "rating": 5,
        "reviews": 2,
        "geo_status": "in_bahia"
      }
    },
    {
      "type": "Feature",
      "geometry": {
        "type": "Point",
        "coordinates": [
          -38.3965214,
          -12.8812016
        ]
      },
      "properties": {
        "nome": "Ilê Asé Ejigbô",
        "fonte": "google",
        "endereco": "R. Geraldo Brasil, 300 - Cajazeiras XI, Salvador - BA, 41347-030, Brazil",
        "rating": 4.9,
        "reviews": 8,
        "geo_status": "in_bahia"
      }
    },
    {
      "type": "Feature",
      "geometry": {
        "type": "Point",
        "coordinates": [
          -38.4106882,
          -12.8798486
        ]
      },
      "properties": {
        "nome": "Ilê Axé Adê Funfun",
        "fonte": "google",
        "endereco": "Tv. Flaviano da Apresentação - Boca da Mata, Salvador - BA, 41330-430, Brazil",
        "rating": 4.5,
        "reviews": 2,
        "geo_status": "in_bahia"
      }
    },
    {
      "type": "Feature",
      "geometry": {
        "type": "Point",
        "coordinates": [
          -38.3394594,
          -12.8589183
        ]
      },
      "properties": {
        "nome": "Ilê asé Ogum",
        "fonte": "google",
        "endereco": "R. Quingoma - Vida Nova, Lauro de Freitas - BA, 42706-430, Brazil",
        "rating": 5,
        "reviews": 2,
        "geo_status": "in_bahia"
      }
    },
    {
      "type": "Feature",
      "geometry": {
        "type": "Point",
        "coordinates": [
          -38.3309127,
          -12.8514597
        ]
      },
      "properties": {
        "nome": "Ilê axé opô èrinlè",
        "fonte": "google",
        "endereco": "R. Djanira Maria Bastos, 1900 - Jardim Castelao, Lauro de Freitas - BA, 42700-000, Brazil",
        "rating": 5,
        "reviews": 10,
        "geo_status": "in_bahia"
      }
    },
    {
      "type": "Feature",
      "geometry": {
        "type": "Point",
        "coordinates": [
          -38.3544794,
          -12.869741
        ]
      },
      "properties": {
        "nome": "Ilê Axé Ogum Ladê Ya Omin",
        "fonte": "google",
        "endereco": "R. Nossa Sra. das Dores, 71 - Parque Sao Paulo, Lauro de Freitas - BA, 41412-450, Brazil",
        "rating": 5,
        "reviews": 6,
        "geo_status": "in_bahia"
      }
    },
    {
      "type": "Feature",
      "geometry": {
        "type": "Point",
        "coordinates": [
          -38.3506203,
          -12.8835689
        ]
      },
      "properties": {
        "nome": "Ilê Axé Ofá Omin",
        "fonte": "google",
        "endereco": "R. Lêda Maria de Jesus, 322 - Jardim Talismã, Lauro de Freitas - BA, 42700-000, Brazil",
        "rating": 4.3,
        "reviews": 4,
        "geo_status": "in_bahia"
      }
    },
    {
      "type": "Feature",
      "geometry": {
        "type": "Point",
        "coordinates": [
          -38.3458565,
          -12.8837955
        ]
      },
      "properties": {
        "nome": "Ilê Axé Lossy Negy",
        "fonte": "google",
        "endereco": "Av. Prof. Theócrito Batista, 46 - Taubaté, Lauro de Freitas - BA, 42700-000, Brazil",
        "geo_status": "in_bahia"
      }
    },
    {
      "type": "Feature",
      "geometry": {
        "type": "Point",
        "coordinates": [
          -38.35291429999999,
          -12.8674193
        ]
      },
      "properties": {
        "nome": "Ilê Axé Jbaiyê",
        "fonte": "google",
        "endereco": "R. Ae Ltm Parque São Paulo, 91 - Itinga, Lauro de Freitas - BA, 42700-000, Brazil",
        "rating": 4.6,
        "reviews": 9,
        "geo_status": "in_bahia"
      }
    },
    {
      "type": "Feature",
      "geometry": {
        "type": "Point",
        "coordinates": [
          -38.3389556,
          -12.8412628
        ]
      },
      "properties": {
        "nome": "Ilê Axé Opô Oyá Sojú",
        "fonte": "google",
        "endereco": "982 - Av. progesso, 829 - Jardim Diamante, Lauro de Freitas - BA, 42700-000, Brazil",
        "rating": 4.5,
        "reviews": 21,
        "geo_status": "in_bahia"
      }
    },
    {
      "type": "Feature",
      "geometry": {
        "type": "Point",
        "coordinates": [
          -38.3546915,
          -12.8664465
        ]
      },
      "properties": {
        "nome": "Ilê axé oju Airá",
        "fonte": "google",
        "endereco": "Rua piaçava caji - Itinga, Lauro de Freitas - BA, 42722-840, Brazil",
        "rating": 5,
        "reviews": 3,
        "geo_status": "in_bahia"
      }
    },
    {
      "type": "Feature",
      "geometry": {
        "type": "Point",
        "coordinates": [
          -38.3544876,
          -12.8703491
        ]
      },
      "properties": {
        "nome": "Ilê asé opo alafunbi",
        "fonte": "google",
        "endereco": "21 - Parque Sao Paulo, Lauro de Freitas - BA, 42741-170, Brazil",
        "rating": 4.4,
        "reviews": 7,
        "geo_status": "in_bahia"
      }
    },
    {
      "type": "Feature",
      "geometry": {
        "type": "Point",
        "coordinates": [
          -38.3373405,
          -12.8696546
        ]
      },
      "properties": {
        "nome": "Ilê Axé Akueran🏹",
        "fonte": "google",
        "endereco": "Ilê axé Akueran - R. Jamil Rocha Souza, 75 - Jardim Castelao, Lauro de Freitas - BA, 42719-790, Brazil",
        "rating": 4.1,
        "reviews": 10,
        "geo_status": "in_bahia"
      }
    },
    {
      "type": "Feature",
      "geometry": {
        "type": "Point",
        "coordinates": [
          -38.3790227,
          -12.7843545
        ]
      },
      "properties": {
        "nome": "Ilê Asé Ibá Boomi Layó",
        "fonte": "google",
        "endereco": "R. Padre Pedro Rabau, 128 - Km 30 - Alto do São Miguel, Simões Filho - BA, 43700-000, Brazil",
        "rating": 5,
        "reviews": 4,
        "geo_status": "in_bahia"
      }
    },
    {
      "type": "Feature",
      "geometry": {
        "type": "Point",
        "coordinates": [
          -38.3741774,
          -12.7811539
        ]
      },
      "properties": {
        "nome": "Ile ase maa ase ni ode",
        "fonte": "google",
        "endereco": "R. O, 9 - Conj. Hab. Simoes F, Simões Filho - BA, 43700-000, Brazil",
        "rating": 5,
        "reviews": 3,
        "geo_status": "in_bahia"
      }
    },
    {
      "type": "Feature",
      "geometry": {
        "type": "Point",
        "coordinates": [
          -38.3778139,
          -12.8176342
        ]
      },
      "properties": {
        "nome": "ILÉ ASÉ AJE LONAN",
        "fonte": "google",
        "endereco": "R. Lobão, 111 - Pitanguinha, Simões Filho - BA, 43700-000, Brazil",
        "rating": 5,
        "reviews": 3,
        "geo_status": "in_bahia"
      }
    },
    {
      "type": "Feature",
      "geometry": {
        "type": "Point",
        "coordinates": [
          -38.4433593,
          -12.7782282
        ]
      },
      "properties": {
        "nome": "Terreiro Ilê Asè Odé Luange",
        "fonte": "google",
        "endereco": "R. Bela Vista - Mapele, Simões Filho - BA, 43700-000, Brazil",
        "geo_status": "in_bahia"
      }
    },
    {
      "type": "Feature",
      "geometry": {
        "type": "Point",
        "coordinates": [
          -38.380279,
          -12.8134846
        ]
      },
      "properties": {
        "nome": "Ilè Asé Omi L'adé",
        "fonte": "google",
        "endereco": "Rua da pitanga, número 48E - Pitanguinha, Simões Filho - BA, 43000-700, Brazil",
        "geo_status": "in_bahia"
      }
    },
    {
      "type": "Feature",
      "geometry": {
        "type": "Point",
        "coordinates": [
          -38.4380351,
          -12.7956912
        ]
      },
      "properties": {
        "nome": "Ilê Asé Obé Togun Onira",
        "fonte": "google",
        "endereco": "R. Sao Carlos, 99 - Mapele, Simões Filho - BA, 43700-000, Brazil",
        "rating": 5,
        "reviews": 11,
        "geo_status": "in_bahia"
      }
    },
    {
      "type": "Feature",
      "geometry": {
        "type": "Point",
        "coordinates": [
          -38.3841591,
          -12.7010949
        ]
      },
      "properties": {
        "nome": "Ile ase oke eran omo omo morajo",
        "fonte": "google",
        "endereco": "Simões Filho - State of Bahia, 43700-000, Brazil",
        "geo_status": "in_bahia"
      }
    },
    {
      "type": "Feature",
      "geometry": {
        "type": "Point",
        "coordinates": [
          -38.444772,
          -12.7945777
        ]
      },
      "properties": {
        "nome": "Ile Asé Tolorí Jagún",
        "fonte": "google",
        "endereco": "R. Sal, 3 - Mapele, Simões Filho - BA, 43700-000, Brazil",
        "rating": 5,
        "reviews": 1,
        "geo_status": "in_bahia"
      }
    },
    {
      "type": "Feature",
      "geometry": {
        "type": "Point",
        "coordinates": [
          -38.7508679,
          -12.6545222
        ]
      },
      "properties": {
        "nome": "Ilê Alákétú Asé Ejá Onírê",
        "fonte": "google",
        "endereco": "Baixão, Santo Amaro - BA, 44218-000, Brazil",
        "geo_status": "in_bahia"
      }
    },
    {
      "type": "Feature",
      "geometry": {
        "type": "Point",
        "coordinates": [
          -38.7040734,
          -12.5490463
        ]
      },
      "properties": {
        "nome": "Ilê Asê Ajunsum Olá",
        "fonte": "google",
        "endereco": "Rua N Paulinho de Andrade, 07 - Polivalente, Santo Amaro - BA, 44200-000, Brazil",
        "geo_status": "in_bahia"
      }
    },
    {
      "type": "Feature",
      "geometry": {
        "type": "Point",
        "coordinates": [
          -38.7074491,
          -12.5512
        ]
      },
      "properties": {
        "nome": "Império do Real",
        "fonte": "google",
        "endereco": "R. Conselheiro Saraíva, 37 - Centro, Santo Amaro - BA, 44200-000, Brazil",
        "rating": 4,
        "reviews": 28,
        "geo_status": "in_bahia"
      }
    },
    {
      "type": "Feature",
      "geometry": {
        "type": "Point",
        "coordinates": [
          -38.7248997,
          -12.5414075
        ]
      },
      "properties": {
        "nome": "Ilê Yá Oman",
        "fonte": "google",
        "endereco": "Av. Rui Barbosa, 577 - Santo Amaro, BA, 44200-000, Brazil",
        "geo_status": "in_bahia"
      }
    },
    {
      "type": "Feature",
      "geometry": {
        "type": "Point",
        "coordinates": [
          -38.7470566,
          -12.3612337
        ]
      },
      "properties": {
        "nome": "ILÊ ASÉ OMO ARIN MA SUN",
        "fonte": "google",
        "endereco": "Unnamed Road, Conceição do Jacuípe - BA, 44230-000, Brazil",
        "rating": 5,
        "reviews": 4,
        "geo_status": "in_bahia"
      }
    },
    {
      "type": "Feature",
      "geometry": {
        "type": "Point",
        "coordinates": [
          -38.4850645,
          -12.6203794
        ]
      },
      "properties": {
        "nome": "Ilê Axé Obadeasí",
        "fonte": "google",
        "endereco": "Fazenda Cantá Galo, 12 - Candeias, BA, 43813-400, Brazil",
        "geo_status": "in_bahia"
      }
    },
    {
      "type": "Feature",
      "geometry": {
        "type": "Point",
        "coordinates": [
          -39.02628,
          -12.611621
        ]
      },
      "properties": {
        "nome": "Ile Ase Ogun Megege",
        "fonte": "google",
        "endereco": "R. Félix Pedrosa, 1113, Gov. Mangabeira - BA, 44350-000, Brazil",
        "rating": 5,
        "reviews": 13,
        "geo_status": "in_bahia"
      }
    },
    {
      "type": "Feature",
      "geometry": {
        "type": "Point",
        "coordinates": [
          -38.9707482,
          -12.5997515
        ]
      },
      "properties": {
        "nome": "Ilê Axe Oxalufan Dawy",
        "fonte": "google",
        "endereco": "R. do Cucui de São Cosme e Damião - Cachoeira, BA, 44300-000, Brazil",
        "geo_status": "in_bahia"
      }
    },
    {
      "type": "Feature",
      "geometry": {
        "type": "Point",
        "coordinates": [
          -38.9163945,
          -12.776823
        ]
      },
      "properties": {
        "nome": "Ilê Axé Odé Ará mi Fá",
        "fonte": "google",
        "endereco": "Rua Getúlio Tourinho - Centro, 63 - Maragogipe, BA, 44420-000, Brazil",
        "geo_status": "in_bahia"
      }
    },
    {
      "type": "Feature",
      "geometry": {
        "type": "Point",
        "coordinates": [
          -39.0030998,
          -12.2184674
        ]
      },
      "properties": {
        "nome": "Ilê Asé Eweluwá",
        "fonte": "google",
        "endereco": "R. B Dois, 42 - Campo do Gado Novo, Feira de Santana - BA, 44042-612, Brazil",
        "geo_status": "in_bahia"
      }
    },
    {
      "type": "Feature",
      "geometry": {
        "type": "Point",
        "coordinates": [
          -38.9272338,
          -12.2902353
        ]
      },
      "properties": {
        "nome": "ILÊ ASÉ ÌYÁ SABÁ",
        "fonte": "google",
        "endereco": "R. Manchete, 74 - Aviário, Feira de Santana - BA, 44096-106, Brazil",
        "rating": 5,
        "reviews": 3,
        "geo_status": "in_bahia"
      }
    },
    {
      "type": "Feature",
      "geometry": {
        "type": "Point",
        "coordinates": [
          -38.9095584,
          -12.3013597
        ]
      },
      "properties": {
        "nome": "Ilê Asé Labafun",
        "fonte": "google",
        "endereco": "R. Jardim Recreio - Limoeiro, Feira de Santana - BA, 44097-098, Brazil",
        "rating": 4.2,
        "reviews": 5,
        "geo_status": "in_bahia"
      }
    },
    {
      "type": "Feature",
      "geometry": {
        "type": "Point",
        "coordinates": [
          -38.9484724,
          -12.3127995
        ]
      },
      "properties": {
        "nome": "Ilê Asé Isù Alabá",
        "fonte": "google",
        "endereco": "R. Corredor de Eduardo, 36 - Tomba, Feira de Santana - BA, 44090-156, Brazil",
        "rating": 5,
        "reviews": 1,
        "geo_status": "in_bahia"
      }
    },
    {
      "type": "Feature",
      "geometry": {
        "type": "Point",
        "coordinates": [
          -38.9537962,
          -12.3030942
        ]
      },
      "properties": {
        "nome": "Ilê Asé Ade Lomi",
        "fonte": "google",
        "endereco": "R. C, 75 - Tomba, Feira de Santana - BA, 44092-276, Brazil",
        "rating": 5,
        "reviews": 3,
        "geo_status": "in_bahia"
      }
    },
    {
      "type": "Feature",
      "geometry": {
        "type": "Point",
        "coordinates": [
          -38.9346977,
          -12.2362548
        ]
      },
      "properties": {
        "nome": "Egbé Ilê Asé Alaketu Oya Lojumin",
        "fonte": "google",
        "endereco": "R. Mairinque, 96 - Conceição, Feira de Santana - BA, 44654-054, Brazil",
        "rating": 4.9,
        "reviews": 17,
        "geo_status": "in_bahia"
      }
    },
    {
      "type": "Feature",
      "geometry": {
        "type": "Point",
        "coordinates": [
          -38.9207075,
          -12.2716511
        ]
      },
      "properties": {
        "nome": "Ile ase omo omi",
        "fonte": "google",
        "endereco": "R. Celina, 380 - Subaé, Feira de Santana - BA, 44079-096, Brazil",
        "rating": 5,
        "reviews": 3,
        "geo_status": "in_bahia"
      }
    },
    {
      "type": "Feature",
      "geometry": {
        "type": "Point",
        "coordinates": [
          -38.900581,
          -12.19948
        ]
      },
      "properties": {
        "nome": "Ilê Asé Ayaba Irin Okun",
        "fonte": "google",
        "endereco": "Estr. do Rosário, 2879 - Aeroporto, Feira de Santana - BA, 44068-400, Brazil",
        "rating": 5,
        "reviews": 10,
        "geo_status": "in_bahia"
      }
    },
    {
      "type": "Feature",
      "geometry": {
        "type": "Point",
        "coordinates": [
          -38.4035887,
          -12.1077085
        ]
      },
      "properties": {
        "nome": "Ilê Yagbotô Asé Omí Lejikan",
        "fonte": "google",
        "endereco": "Santa Terezinha, Alagoinhas - BA, Brazil",
        "rating": 5,
        "reviews": 17,
        "geo_status": "in_bahia"
      }
    },
    {
      "type": "Feature",
      "geometry": {
        "type": "Point",
        "coordinates": [
          -38.3937197,
          -12.1434737
        ]
      },
      "properties": {
        "nome": "Ilê Asé A\"junsun",
        "fonte": "google",
        "endereco": "BR-101, 85 - Alagoinhas Velha, Alagoinhas - BA, 48010-970, Brazil",
        "geo_status": "in_bahia"
      }
    },
    {
      "type": "Feature",
      "geometry": {
        "type": "Point",
        "coordinates": [
          -38.4187602,
          -12.1321257
        ]
      },
      "properties": {
        "nome": "Ilê Asè Oni Barewa",
        "fonte": "google",
        "endereco": "R. Dr. Oscár Rabêlo, 287 - Kennedy, Alagoinhas - BA, 48020-610, Brazil",
        "geo_status": "in_bahia"
      }
    },
    {
      "type": "Feature",
      "geometry": {
        "type": "Point",
        "coordinates": [
          -39.0029025,
          -11.6609827
        ]
      },
      "properties": {
        "nome": "ILÊ ASÉ AFIN D'OÝA",
        "fonte": "google",
        "endereco": "R. São Domingos, 63 - Centro, Serrinha - BA, 48700-000, Brazil",
        "geo_status": "in_bahia"
      }
    },
    {
      "type": "Feature",
      "geometry": {
        "type": "Point",
        "coordinates": [
          -39.0156973,
          -11.6550735
        ]
      },
      "properties": {
        "nome": "Ilê asé oya vanju",
        "fonte": "google",
        "endereco": "Rua H - R. Magalhães Pinto, S/N - Vila de Fátima, Serrinha - BA, 48700-000, Brazil",
        "geo_status": "in_bahia"
      }
    },
    {
      "type": "Feature",
      "geometry": {
        "type": "Point",
        "coordinates": [
          -39.0095455,
          -11.6425316
        ]
      },
      "properties": {
        "nome": "Ilê ase iya ory dekaia",
        "fonte": "google",
        "endereco": "Serrinha - State of Bahia, 48700-000, Brazil",
        "geo_status": "in_bahia"
      }
    },
    {
      "type": "Feature",
      "geometry": {
        "type": "Point",
        "coordinates": [
          -38.68028839999999,
          -12.6224763
        ]
      },
      "properties": {
        "nome": "Ilê Asé Faromi ayó",
        "fonte": "google",
        "endereco": "2 travessa rua da embauba - São Francisco do Conde, BA, 43900-000, Brazil",
        "rating": 5,
        "reviews": 3,
        "geo_status": "in_bahia"
      }
    },
    {
      "type": "Feature",
      "geometry": {
        "type": "Point",
        "coordinates": [
          -38.6624059,
          -12.902231
        ]
      },
      "properties": {
        "nome": "Ilê Asé Iyalábogmim Ifá",
        "fonte": "google",
        "endereco": "R. I, 233 - Lot. Bosque Ponta da Areia, Itaparica - BA, 44460-000, Brazil",
        "rating": 5,
        "reviews": 1,
        "geo_status": "in_bahia"
      }
    },
    {
      "type": "Feature",
      "geometry": {
        "type": "Point",
        "coordinates": [
          -38.6655376,
          -12.9081412
        ]
      },
      "properties": {
        "nome": "Ilé àṣẹ ọya ladê",
        "fonte": "google",
        "endereco": "Caminho Barreiro - Lot. Bosque Ponta da Areia, Itaparica - BA, 44460-000, Brazil",
        "rating": 5,
        "reviews": 2,
        "geo_status": "in_bahia"
      }
    },
    {
      "type": "Feature",
      "geometry": {
        "type": "Point",
        "coordinates": [
          -39.0616633,
          -13.3649719
        ]
      },
      "properties": {
        "nome": "Ilê Axé Sindarucaia de Ulzambe",
        "fonte": "google",
        "endereco": "Av. Dendezeiros - Valença, BA, 45400-000, Brazil",
        "geo_status": "in_bahia"
      }
    },
    {
      "type": "Feature",
      "geometry": {
        "type": "Point",
        "coordinates": [
          -38.4741796,
          -13.0100699
        ]
      },
      "properties": {
        "nome": "Ilê Asé Obá Onirê",
        "fonte": "google",
        "endereco": "R. Irmã Dúlce, 49 - Nordeste do Amaralina, Salvador - BA, 41905-540, Brazil",
        "rating": 5,
        "reviews": 14,
        "geo_status": "in_bahia"
      }
    },
    {
      "type": "Feature",
      "geometry": {
        "type": "Point",
        "coordinates": [
          -39.3140466,
          -14.8156985
        ]
      },
      "properties": {
        "nome": "Ilê Axé Opo Oia Fenan",
        "fonte": "google",
        "endereco": "R. Uruguai, 15 - Sival Palmeira, Itabuna - BA, 45611-636, Brazil",
        "rating": 4.3,
        "reviews": 31,
        "geo_status": "in_bahia"
      }
    },
    {
      "type": "Feature",
      "geometry": {
        "type": "Point",
        "coordinates": [
          -39.2639059,
          -14.8124717
        ]
      },
      "properties": {
        "nome": "Ilê Asé t'sangó",
        "fonte": "google",
        "endereco": "Tv. Teixeira, 182 - Maria Pinheiro, Itabuna - BA, 45606-740, Brazil",
        "geo_status": "in_bahia"
      }
    },
    {
      "type": "Feature",
      "geometry": {
        "type": "Point",
        "coordinates": [
          -39.34707849999999,
          -14.8317969
        ]
      },
      "properties": {
        "nome": "Ilê Asé Ijoba Ti Odé Nla Akueran",
        "fonte": "google",
        "endereco": "Estr. p/ Roça do Povo, 356a - Roca do povo, Itabuna - BA, 45609-075, Brazil",
        "geo_status": "in_bahia"
      }
    },
    {
      "type": "Feature",
      "geometry": {
        "type": "Point",
        "coordinates": [
          -39.2690283,
          -14.7735711
        ]
      },
      "properties": {
        "nome": "Ilê Axé Odara",
        "fonte": "google",
        "endereco": "R. São Sebastião, 195 - Nossa Sra. de Fátima, Itabuna - BA, 45603-505, Brazil",
        "rating": 5,
        "reviews": 1,
        "geo_status": "in_bahia"
      }
    },
    {
      "type": "Feature",
      "geometry": {
        "type": "Point",
        "coordinates": [
          -39.2666644,
          -14.7727169
        ]
      },
      "properties": {
        "nome": "Ilê Axé Alaketu Obamimbaui",
        "fonte": "google",
        "endereco": "R. Saturnino José Soares, 1133 - Nossa Sra. de Fátima, Itabuna - BA, 45604-068, Brazil",
        "rating": 4,
        "reviews": 1,
        "geo_status": "in_bahia"
      }
    },
    {
      "type": "Feature",
      "geometry": {
        "type": "Point",
        "coordinates": [
          -39.3031271,
          -14.8016748
        ]
      },
      "properties": {
        "nome": "Ilé Axé Ijoba Akofa T'Logunede Oyá",
        "fonte": "google",
        "endereco": "R. Volta da Cobra - Manuel Leao, Itabuna - BA, Brazil",
        "rating": 5,
        "reviews": 3,
        "geo_status": "in_bahia"
      }
    },
    {
      "type": "Feature",
      "geometry": {
        "type": "Point",
        "coordinates": [
          -39.2957096,
          -14.8067405
        ]
      },
      "properties": {
        "nome": "Ile ase oya efun",
        "fonte": "google",
        "endereco": "BR-101 - Polícia Rodoviária, Itabuna - BA, 45608-554, Brazil",
        "geo_status": "in_bahia"
      }
    },
    {
      "type": "Feature",
      "geometry": {
        "type": "Point",
        "coordinates": [
          -39.0696875,
          -16.3940625
        ]
      },
      "properties": {
        "nome": "Ilê Ojú ibi Orún Asé",
        "fonte": "google",
        "endereco": "JW4J+94 - Porto Seguro, State of Bahia, 45810-000, Brazil",
        "rating": 4.5,
        "reviews": 2,
        "geo_status": "in_bahia"
      }
    },
    {
      "type": "Feature",
      "geometry": {
        "type": "Point",
        "coordinates": [
          -39.1009242,
          -16.4131976
        ]
      },
      "properties": {
        "nome": "ILÊ OMOLUJÔIYÉ AXÉ ODÉKATURÀ",
        "fonte": "google",
        "endereco": "Porto Seguro, State of Bahia, 45810-000, Brazil",
        "rating": 5,
        "reviews": 1,
        "geo_status": "in_bahia"
      }
    },
    {
      "type": "Feature",
      "geometry": {
        "type": "Point",
        "coordinates": [
          -40.826113,
          -14.8431816
        ]
      },
      "properties": {
        "nome": "Ilê Áláketú Asé Oyá Omô Inã",
        "fonte": "google",
        "endereco": "Ilê Áláketú Asé Oyá Omô Inã - R. da Corrente, 975 - Alto Maron, Vitória da Conquista - BA, 45000-000, Brazil",
        "rating": 4.4,
        "reviews": 5,
        "geo_status": "in_bahia"
      }
    },
    {
      "type": "Feature",
      "geometry": {
        "type": "Point",
        "coordinates": [
          -40.8344456,
          -14.8393241
        ]
      },
      "properties": {
        "nome": "Ilê Asé Omo Yemonja",
        "fonte": "google",
        "endereco": "Av. Antônio Nascimento, 530 - Cruzeiro, Vitória da Conquista - BA, 45003-155, Brazil",
        "geo_status": "in_bahia"
      }
    },
    {
      "type": "Feature",
      "geometry": {
        "type": "Point",
        "coordinates": [
          -40.0957402,
          -13.8474217
        ]
      },
      "properties": {
        "nome": "Ilé Alaketú Asé Odé Nyleúa",
        "fonte": "google",
        "endereco": "R. Alto da Bela Vista, 130 - A Definir, Jequié - BA, 45211-302, Brazil",
        "rating": 5,
        "reviews": 1,
        "geo_status": "in_bahia"
      }
    },
    {
      "type": "Feature",
      "geometry": {
        "type": "Point",
        "coordinates": [
          -40.0846483,
          -13.8716449
        ]
      },
      "properties": {
        "nome": "Ilè Alaketú Asé Odé Logun Àjàgbulà",
        "fonte": "google",
        "endereco": "R. Bruno Neto, 75 - Mandacaru, Jequié - BA, 45207-330, Brazil",
        "rating": 5,
        "reviews": 1,
        "geo_status": "in_bahia"
      }
    },
    {
      "type": "Feature",
      "geometry": {
        "type": "Point",
        "coordinates": [
          -38.2204245,
          -9.4390997
        ]
      },
      "properties": {
        "nome": "Ilê Asé Adoxúefãn Eruyámin Iyá'odöjômin",
        "fonte": "google",
        "endereco": "R. 13 de Maio - Tancredo Neves I, Paulo Afonso - BA, 48609-022, Brazil",
        "geo_status": "in_bahia"
      }
    },
    {
      "type": "Feature",
      "geometry": {
        "type": "Point",
        "coordinates": [
          -38.2457412,
          -9.3697211
        ]
      },
      "properties": {
        "nome": "Ilê Obá Ketu Asé Oyá Fefé Orun- Asé Tàlásikuerãn",
        "fonte": "google",
        "endereco": "R. Araci, 321 - Barroca, Paulo Afonso - BA, 48604-720, Brazil",
        "rating": 5,
        "reviews": 1,
        "geo_status": "in_bahia"
      }
    },
    {
      "type": "Feature",
      "geometry": {
        "type": "Point",
        "coordinates": [
          -38.22506420000001,
          -9.4076247
        ]
      },
      "properties": {
        "nome": "Ilé Asé Orun lé Si Dë",
        "fonte": "google",
        "endereco": "R. Joana Angélica, 175 - Perpétuo Socorro, Paulo Afonso - BA, 48603-000, Brazil",
        "rating": 5,
        "reviews": 1,
        "geo_status": "in_bahia"
      }
    },
    {
      "type": "Feature",
      "geometry": {
        "type": "Point",
        "coordinates": [
          -41.6435703,
          -14.201827
        ]
      },
      "properties": {
        "nome": "Ilê Asé Omí Ejá",
        "fonte": "google",
        "endereco": "Travessa - R. Princesa Isabel - Brumado, BA, 46100-000, Brazil",
        "geo_status": "in_bahia"
      }
    },
    {
      "type": "Feature",
      "geometry": {
        "type": "Point",
        "coordinates": [
          -41.6510021,
          -14.2032373
        ]
      },
      "properties": {
        "nome": "Ilé Asé Ode Erin",
        "fonte": "google",
        "endereco": "R. Princesa Isabel, 732 - Malhada Branca, Brumado - BA, 46100-000, Brazil",
        "geo_status": "in_bahia"
      }
    },
    {
      "type": "Feature",
      "geometry": {
        "type": "Point",
        "coordinates": [
          -43.4037641,
          -13.2855372
        ]
      },
      "properties": {
        "nome": "Ilé Àse Àgbárà Lógún Èdè",
        "fonte": "google",
        "endereco": "R. Rosa de Saron - Bom Jesus da Lapa, BA, 47600-000, Brazil",
        "rating": 5,
        "reviews": 3,
        "geo_status": "in_bahia"
      }
    },
    {
      "type": "Feature",
      "geometry": {
        "type": "Point",
        "coordinates": [
          -45.7916329,
          -12.0843728
        ]
      },
      "properties": {
        "nome": "METODO SUPERA LUIS EDUARDO MAGALHÃES",
        "fonte": "google",
        "endereco": "Edifício Com e Residencial Ilha Bella - R. Castro Alves, 2126 - Sl 01 - Centro, Luís Eduardo Magalhães - BA, 47850-000, Brazil",
        "rating": 5,
        "reviews": 10,
        "geo_status": "in_bahia"
      }
    },
    {
      "type": "Feature",
      "geometry": {
        "type": "Point",
        "coordinates": [
          -40.2230155,
          -15.2489267
        ]
      },
      "properties": {
        "nome": "Ilê ase oxalá",
        "fonte": "google",
        "endereco": "R. Belmonte, 310 - Itapetinga, BA, 45700-000, Brazil",
        "geo_status": "in_bahia"
      }
    },
    {
      "type": "Feature",
      "geometry": {
        "type": "Point",
        "coordinates": [
          -38.2983538,
          -12.7386533
        ]
      },
      "properties": {
        "nome": "Ile Ase Yá Omi Imalé Óman",
        "fonte": "google",
        "endereco": "Ltm Colonia De Ferias - R. Cel. Pedreira, 25 - Camaçari, BA, 42800-970, Brazil",
        "rating": 4.8,
        "reviews": 4,
        "geo_status": "in_bahia"
      }
    },
    {
      "type": "Feature",
      "geometry": {
        "type": "Point",
        "coordinates": [
          -38.3447035,
          -12.7115204
        ]
      },
      "properties": {
        "nome": "Ilê Axé Igba Afefe",
        "fonte": "google",
        "endereco": "R. Otávio Mangabeira, 15 - Santa Maria, Camaçari - BA, 42805-673, Brazil",
        "rating": 5,
        "reviews": 2,
        "geo_status": "in_bahia"
      }
    },
    {
      "type": "Feature",
      "geometry": {
        "type": "Point",
        "coordinates": [
          -38.2880638,
          -12.737022
        ]
      },
      "properties": {
        "nome": "Ilê Asé Babá Omin Alájàlê",
        "fonte": "google",
        "endereco": "R. Sem Denominacao, 99 - Gravatá, Camaçari - BA, 42807-740, Brazil",
        "rating": 5,
        "reviews": 2,
        "geo_status": "in_bahia"
      }
    },
    {
      "type": "Feature",
      "geometry": {
        "type": "Point",
        "coordinates": [
          -38.3604202,
          -12.7016798
        ]
      },
      "properties": {
        "nome": "ILÈ ASÈ OMI KUSHWENGA",
        "fonte": "google",
        "endereco": "R. Sem Denominacao, 196 - Polo Petroquímico - Final da Rua dos Rodoviários , PEÃO MANSO - Sto Antônio II, Camaçari - BA, 42810-440, Brazil",
        "rating": 4.6,
        "reviews": 5,
        "geo_status": "in_bahia"
      }
    },
    {
      "type": "Feature",
      "geometry": {
        "type": "Point",
        "coordinates": [
          -38.2906634,
          -12.7323049
        ]
      },
      "properties": {
        "nome": "Ilê Axé Keturé Omi Okê",
        "fonte": "google",
        "endereco": "Av. Rui Barbosa, s/n - Centro, Camaçari - BA, 42800-970, Brazil",
        "rating": 5,
        "reviews": 11,
        "geo_status": "in_bahia"
      }
    },
    {
      "type": "Feature",
      "geometry": {
        "type": "Point",
        "coordinates": [
          -38.2884936,
          -12.7345862
        ]
      },
      "properties": {
        "nome": "Ilê Asé Oba Okurin Oyo",
        "fonte": "google",
        "endereco": "R. Sem Denominacao, 289 - Parque das Mangabas, Camaçari - BA, 42807-740, Brazil",
        "rating": 5,
        "reviews": 3,
        "geo_status": "in_bahia"
      }
    },
    {
      "type": "Feature",
      "geometry": {
        "type": "Point",
        "coordinates": [
          -38.3300203,
          -12.7023095
        ]
      },
      "properties": {
        "nome": "Ilê Axé Nadogia",
        "fonte": "google",
        "endereco": "R. Jardim Brasília, 130 - Camaçari de Dentro, Camaçari - BA, 42806-200, Brazil",
        "rating": 5,
        "reviews": 7,
        "geo_status": "in_bahia"
      }
    },
    {
      "type": "Feature",
      "geometry": {
        "type": "Point",
        "coordinates": [
          -38.3403978,
          -12.8421104
        ]
      },
      "properties": {
        "nome": "Ilê Axé Ofurufu Orun",
        "fonte": "google",
        "endereco": "R. Camilo Felíciano Oliveira, 328 - Jardim Diamante, Lauro de Freitas - BA, 42700-000, Brazil",
        "rating": 4.9,
        "reviews": 7,
        "geo_status": "in_bahia"
      }
    },
    {
      "type": "Feature",
      "geometry": {
        "type": "Point",
        "coordinates": [
          -38.360398,
          -12.8690127
        ]
      },
      "properties": {
        "nome": "Ilê Àse Ojí Bará Ojô",
        "fonte": "google",
        "endereco": "R. Nova Esperança de Baixo - Areia Branca, salvador - Parque São Paulo, Lauro de Freitas - BA, 41301-110, Brazil",
        "rating": 5,
        "reviews": 10,
        "geo_status": "in_bahia"
      }
    },
    {
      "type": "Feature",
      "geometry": {
        "type": "Point",
        "coordinates": [
          -38.3771626,
          -12.818621
        ]
      },
      "properties": {
        "nome": "Ilê Asè Jibomi",
        "fonte": "google",
        "endereco": "Loteamento Lagoa Azul, Lote 18 - Quadra G - Pitanguinha, Simões Filho - BA, 43700-000, Brazil",
        "rating": 5,
        "reviews": 2,
        "geo_status": "in_bahia"
      }
    },
    {
      "type": "Feature",
      "geometry": {
        "type": "Point",
        "coordinates": [
          -38.35486,
          -12.7810111
        ]
      },
      "properties": {
        "nome": "Terreiro Ilê Oyá Laxé",
        "fonte": "google",
        "endereco": "R. Marcelo Aldo Piana, 188 - Góes Calmon, Simões Filho - BA, 43700-000, Brazil",
        "rating": 5,
        "reviews": 1,
        "geo_status": "in_bahia"
      }
    },
    {
      "type": "Feature",
      "geometry": {
        "type": "Point",
        "coordinates": [
          -38.2852369,
          -12.6221338
        ]
      },
      "properties": {
        "nome": "ILÊ ASÉ LAELÁ OYÁ N'LA",
        "fonte": "google",
        "endereco": "R. E Parque III,5 - Bosque de Dias Dávila, Dias d'Ávila - BA, 42850-000, Brazil",
        "rating": 5,
        "reviews": 1,
        "geo_status": "in_bahia"
      }
    },
    {
      "type": "Feature",
      "geometry": {
        "type": "Point",
        "coordinates": [
          -38.2933945,
          -12.6278994
        ]
      },
      "properties": {
        "nome": "ILÊ ASÉ OFÁ OMIM ONILÉ",
        "fonte": "google",
        "endereco": "R. Leandro Machado - Dias d'Ávila, BA, 42850-000, Brazil",
        "rating": 5,
        "reviews": 1,
        "geo_status": "in_bahia"
      }
    },
    {
      "type": "Feature",
      "geometry": {
        "type": "Point",
        "coordinates": [
          -38.2986205,
          -12.6089842
        ]
      },
      "properties": {
        "nome": "Ilê Asé Omin Dan Silê",
        "fonte": "google",
        "endereco": "R. Eng. José Viana Sampaio, 0331 - Centro, Dias d'Ávila - BA, 42850-000, Brazil",
        "rating": 5,
        "reviews": 1,
        "geo_status": "in_bahia"
      }
    },
    {
      "type": "Feature",
      "geometry": {
        "type": "Point",
        "coordinates": [
          -38.916839,
          -12.7686744
        ]
      },
      "properties": {
        "nome": "ILÊ BIMÓDÉ",
        "fonte": "google",
        "endereco": "R. Nossa Sra. das Graças - Maragogipe, BA, 44420-000, Brazil",
        "rating": 5,
        "reviews": 1,
        "geo_status": "in_bahia"
      }
    },
    {
      "type": "Feature",
      "geometry": {
        "type": "Point",
        "coordinates": [
          -38.9460855,
          -12.246588
        ]
      },
      "properties": {
        "nome": "Ilê Ofá Odé Obá Inã",
        "fonte": "google",
        "endereco": "R. Irã, 110 - Caseb, Feira de Santana - BA, 44052-472, Brazil",
        "rating": 5,
        "reviews": 1,
        "geo_status": "in_bahia"
      }
    },
    {
      "type": "Feature",
      "geometry": {
        "type": "Point",
        "coordinates": [
          -39.9648983,
          -13.5204757
        ]
      },
      "properties": {
        "nome": "Ilê Axé Orixa Nl’a",
        "fonte": "google",
        "endereco": "R. Paulino Ribeiro, 19 - Do Cemiterio, Jaguaquara - BA, 45345-000, Brazil",
        "geo_status": "in_bahia"
      }
    },
    {
      "type": "Feature",
      "geometry": {
        "type": "Point",
        "coordinates": [
          -38.7053934,
          -13.0152747
        ]
      },
      "properties": {
        "nome": "Itaparica Island",
        "fonte": "google",
        "endereco": "Itaparica Island, State of Bahia, Brazil",
        "rating": 4.5,
        "reviews": 2964,
        "geo_status": "in_bahia"
      }
    },
    {
      "type": "Feature",
      "geometry": {
        "type": "Point",
        "coordinates": [
          -39.0766332,
          -13.3757726
        ]
      },
      "properties": {
        "nome": "Rodoviária de Valença BA",
        "fonte": "google",
        "endereco": "166, - R. Abel Águiar Queirós, 78 - Valença, BA, 45400-000, Brazil",
        "rating": 3.4,
        "reviews": 423,
        "geo_status": "in_bahia"
      }
    },
    {
      "type": "Feature",
      "geometry": {
        "type": "Point",
        "coordinates": [
          -39.2755489,
          -14.7755368
        ]
      },
      "properties": {
        "nome": "Associação Ilê Axé Ijexá Ejó Odu",
        "fonte": "google",
        "endereco": "R. X - Monte Líbano, Itabuna - BA, 45603-170, Brazil",
        "geo_status": "in_bahia"
      }
    },
    {
      "type": "Feature",
      "geometry": {
        "type": "Point",
        "coordinates": [
          -39.0155464,
          -14.7715696
        ]
      },
      "properties": {
        "nome": "Ilha do pescador",
        "fonte": "google",
        "endereco": "6XHM+9Q, Ilhéus - State of Bahia, Brazil",
        "rating": 4.5,
        "reviews": 4,
        "geo_status": "in_bahia"
      }
    },
    {
      "type": "Feature",
      "geometry": {
        "type": "Point",
        "coordinates": [
          -39.02536910000001,
          -14.8090128
        ]
      },
      "properties": {
        "nome": "Açai Expresso da Ilha",
        "fonte": "google",
        "endereco": "R. Cassimiro Costa, 78 - Pontal, Ilhéus - BA, 45654-530, Brazil",
        "rating": 5,
        "reviews": 3,
        "geo_status": "in_bahia"
      }
    },
    {
      "type": "Feature",
      "geometry": {
        "type": "Point",
        "coordinates": [
          -39.056938,
          -14.7909705
        ]
      },
      "properties": {
        "nome": "Ilê Axé Dandalunda",
        "fonte": "google",
        "endereco": "Av. Palmares, 909 - Basílio, Ilhéus - BA, 45658-750, Brazil",
        "rating": 5,
        "reviews": 3,
        "geo_status": "in_bahia"
      }
    },
    {
      "type": "Feature",
      "geometry": {
        "type": "Point",
        "coordinates": [
          -39.0857032,
          -14.7406265
        ]
      },
      "properties": {
        "nome": "Eco Água Ilhéus",
        "fonte": "google",
        "endereco": "Antigo Pesque-pague - Rodovia Ilhéus-Uruçuca, Km 4,5 - Iguape, Ilhéus - BA, 45658-335, Brazil",
        "rating": 4.3,
        "reviews": 118,
        "geo_status": "in_bahia"
      }
    },
    {
      "type": "Feature",
      "geometry": {
        "type": "Point",
        "coordinates": [
          -40.8299951,
          -14.8495017
        ]
      },
      "properties": {
        "nome": "Ilê Alaketu Alafía Atí Aiyó",
        "fonte": "google",
        "endereco": "R. do Prac., 60 - Alto Maron, Vitória da Conquista - BA, 45005-096, Brazil",
        "rating": 5,
        "reviews": 4,
        "geo_status": "in_bahia"
      }
    },
    {
      "type": "Feature",
      "geometry": {
        "type": "Point",
        "coordinates": [
          -40.1157369,
          -13.8759641
        ]
      },
      "properties": {
        "nome": "Pai Antônio De Oxossi ( ILÊ AXÉ TAUAMIN INDA MATAMBA TOMBENCI )",
        "fonte": "google",
        "endereco": "R. das Flôres, n° 62 - Km-4, Jequié - BA, 45211-292, Brazil",
        "rating": 5,
        "reviews": 2,
        "geo_status": "in_bahia"
      }
    },
    {
      "type": "Feature",
      "geometry": {
        "type": "Point",
        "coordinates": [
          -40.1034532,
          -13.8653214
        ]
      },
      "properties": {
        "nome": "Ilê axé opô Ogum oranimá",
        "fonte": "google",
        "endereco": "R. Mascote Dois, 55 - Cansanção, Jequié - BA, 45207-360, Brazil",
        "geo_status": "in_bahia"
      }
    },
    {
      "type": "Feature",
      "geometry": {
        "type": "Point",
        "coordinates": [
          -40.5055672,
          -9.406230299999999
        ]
      },
      "properties": {
        "nome": "Ilha do fogo",
        "fonte": "google",
        "endereco": "BR-407 - Atrás da Banca, Juazeiro - BA, Brazil",
        "rating": 4.5,
        "reviews": 18,
        "geo_status": "in_bahia"
      }
    },
    {
      "type": "Feature",
      "geometry": {
        "type": "Point",
        "coordinates": [
          -40.5419477,
          -11.1895128
        ]
      },
      "properties": {
        "nome": "Condomínio Cidade do Ouro",
        "fonte": "google",
        "endereco": "Retiro, Jacobina - BA, 44700-000, Brazil",
        "rating": 4,
        "reviews": 59,
        "geo_status": "in_bahia"
      }
    },
    {
      "type": "Feature",
      "geometry": {
        "type": "Point",
        "coordinates": [
          -38.3245796,
          -12.7021344
        ]
      },
      "properties": {
        "nome": "IlhaBela",
        "fonte": "google",
        "endereco": "R. Francisco Drumond - Camaçari, BA, 42800-063, Brazil",
        "rating": 5,
        "reviews": 7,
        "geo_status": "in_bahia"
      }
    },
    {
      "type": "Feature",
      "geometry": {
        "type": "Point",
        "coordinates": [
          -38.2895608,
          -12.7346421
        ]
      },
      "properties": {
        "nome": "Ilê Axé Ibá Oyá Delecy",
        "fonte": "google",
        "endereco": "R. Sem Denominacao, 243 - Gravatá, Camaçari - BA, 42807-740, Brazil",
        "rating": 5,
        "reviews": 1,
        "geo_status": "in_bahia"
      }
    },
    {
      "type": "Feature",
      "geometry": {
        "type": "Point",
        "coordinates": [
          -38.3207799,
          -12.7448207
        ]
      },
      "properties": {
        "nome": "Ilê Axé Dana-iré-dan",
        "fonte": "google",
        "endereco": "R. Direta da Massaranduba - PARQUE VERDE 3, Camaçari - BA, 42800-000, Brazil",
        "rating": 5,
        "reviews": 4,
        "geo_status": "in_bahia"
      }
    },
    {
      "type": "Feature",
      "geometry": {
        "type": "Point",
        "coordinates": [
          -38.3378801,
          -12.7084548
        ]
      },
      "properties": {
        "nome": "Ilê axé Ejá Omin",
        "fonte": "google",
        "endereco": "R. Itapetinga - Phoc II, Camaçari - BA, 42805-300, Brazil",
        "rating": 5,
        "reviews": 1,
        "geo_status": "in_bahia"
      }
    },
    {
      "type": "Feature",
      "geometry": {
        "type": "Point",
        "coordinates": [
          -38.3219303,
          -12.7441215
        ]
      },
      "properties": {
        "nome": "Ilê Axé Ode Faromim - Pai Lazaro",
        "fonte": "google",
        "endereco": "Rua da conquista pq verde lll, 1393 - Massaranduba, Camaçari - BA, 42810-582, Brazil",
        "geo_status": "in_bahia"
      }
    },
    {
      "type": "Feature",
      "geometry": {
        "type": "Point",
        "coordinates": [
          -38.2856286,
          -12.7365788
        ]
      },
      "properties": {
        "nome": "Ilê axè egun aládê",
        "fonte": "google",
        "endereco": "R. Alvorada, 771-gravata - Cascalheira, Camaçari - BA, 42807-740, Brazil",
        "rating": 4.4,
        "reviews": 7,
        "geo_status": "in_bahia"
      }
    },
    {
      "type": "Feature",
      "geometry": {
        "type": "Point",
        "coordinates": [
          -39.5703998,
          -16.3550862
        ]
      },
      "properties": {
        "nome": "Ilê Axé Ojubalanyre",
        "fonte": "google",
        "endereco": "Av. Principe da Paz, 504 - Arisvaldo Reis, Eunápolis - BA, 45824-470, Brazil",
        "rating": 4.7,
        "reviews": 3,
        "geo_status": "in_bahia"
      }
    },
    {
      "type": "Feature",
      "geometry": {
        "type": "Point",
        "coordinates": [
          -38.5017726,
          -12.9511192
        ]
      },
      "properties": {
        "nome": "PALÁCIO DE OYA",
        "fonte": "google",
        "endereco": "FEIRA DE SÃO JOAQUIM - RUA PRINCIPAL, QD 1 - LOJA 1 - Comércio, Salvador - BA, 40460-650, Brazil",
        "rating": 4.8,
        "reviews": 33,
        "geo_status": "in_bahia"
      }
    },
    {
      "type": "Feature",
      "geometry": {
        "type": "Point",
        "coordinates": [
          -38.405596,
          -12.9283679
        ]
      },
      "properties": {
        "nome": "Terreiro Mokambo",
        "fonte": "google",
        "endereco": "171 - Tv. Heide Carneiro, 89 - Vila 2 de Julho, Salvador - BA, 41262-100, Brazil",
        "rating": 5,
        "reviews": 4,
        "geo_status": "in_bahia"
      }
    },
    {
      "type": "Feature",
      "geometry": {
        "type": "Point",
        "coordinates": [
          -38.291531,
          -12.6125805
        ]
      },
      "properties": {
        "nome": "Candomble Estrela Dalva",
        "fonte": "google",
        "endereco": "Genaro, Dias d'Ávila - BA, 42850-000, Brazil",
        "rating": 5,
        "reviews": 1,
        "geo_status": "in_bahia"
      }
    },
    {
      "type": "Feature",
      "geometry": {
        "type": "Point",
        "coordinates": [
          -39.0150683,
          -11.6507092
        ]
      },
      "properties": {
        "nome": "Unzó Angorô Gangavulá",
        "fonte": "google",
        "endereco": "Rua H, S/N Final da Rua Magalhães Pinto - Vila de Fátima, Serrinha - BA, 48700-000, Brazil",
        "rating": 4.5,
        "reviews": 8,
        "geo_status": "in_bahia"
      }
    },
    {
      "type": "Feature",
      "geometry": {
        "type": "Point",
        "coordinates": [
          -38.6417617,
          -12.90366
        ]
      },
      "properties": {
        "nome": "Ilé Asè Babá Omi Guian",
        "fonte": "google",
        "endereco": "R. Três, 2 - Lot. Sao Joao, Itaparica - BA, 44460-000, Brazil",
        "rating": 5,
        "reviews": 1,
        "geo_status": "in_bahia"
      }
    },
    {
      "type": "Feature",
      "geometry": {
        "type": "Point",
        "coordinates": [
          -39.1722889,
          -14.7966447
        ]
      },
      "properties": {
        "nome": "Núcleo de Estudo Afro-Baianos Regionais - Kàwé",
        "fonte": "google",
        "endereco": "Edifício José Haroldo Castro Vieira - Salobrinho, Ilhéus - BA, 45662-900, Brazil",
        "rating": 5,
        "reviews": 1,
        "geo_status": "in_bahia"
      }
    },
    {
      "type": "Feature",
      "geometry": {
        "type": "Point",
        "coordinates": [
          -39.0289104,
          -14.8364708
        ]
      },
      "properties": {
        "nome": "Frutos do Candomblé",
        "fonte": "google",
        "endereco": "Avenida Oduvaldo - Nossa Senhora, Ilhéus - BA, 45655-700, Brazil",
        "geo_status": "in_bahia"
      }
    },
    {
      "type": "Feature",
      "geometry": {
        "type": "Point",
        "coordinates": [
          -39.14871309999999,
          -16.6593562
        ]
      },
      "properties": {
        "nome": "Terreiro de Oxossi Nzó Ndanji Tombenci Kaça Lumyndewa",
        "fonte": "google",
        "endereco": "Imbiriba - Caraíva, Porto Seguro - BA, 45810-000, Brazil",
        "rating": 4.8,
        "reviews": 87,
        "geo_status": "in_bahia"
      }
    },
    {
      "type": "Feature",
      "geometry": {
        "type": "Point",
        "coordinates": [
          -43.41755759999999,
          -13.2467498
        ]
      },
      "properties": {
        "nome": "Associação Lapense de Umbanda e Candomblé",
        "fonte": "google",
        "endereco": "R. B, 368 - Cavalhada, Bom Jesus da Lapa - BA, 47600-000, Brazil",
        "geo_status": "in_bahia"
      }
    },
    {
      "type": "Feature",
      "geometry": {
        "type": "Point",
        "coordinates": [
          -38.5080554,
          -12.9744771
        ]
      },
      "properties": {
        "nome": "Coletivo de Entidades Negras",
        "fonte": "google",
        "endereco": "R. das Laranjeiras, 25 - Centro Histórico, Salvador - BA, 40026-230, Brazil",
        "rating": 4.8,
        "reviews": 28,
        "geo_status": "in_bahia"
      }
    },
    {
      "type": "Feature",
      "geometry": {
        "type": "Point",
        "coordinates": [
          -38.4991511748612,
          -13.0013927205016
        ]
      },
      "properties": {
        "nome": "Terreiro do Cobre",
        "fonte": "ceao",
        "fonte_detalhe": "CEAO/UFBA - terreiros.ceao.ufba.br",
        "endereco": "Rua Apolinário de Santana, 154",
        "bairro": "Eng. V. da Federação",
        "telefone": "3203-7131",
        "rating": 4.8,
        "reviews": 5,
        "lideranca": "Valnizia Pereira de Oliveira",
        "nacao": "Keto",
        "ano_fundacao": "1906",
        "regente": "Xangô",
        "cep": "40220-110",
        "foto_thumb": "http://www.terreiros.ceao.ufba.br/_FT/pq/57.jpg",
        "foto_grande": "http://www.terreiros.ceao.ufba.br/_FT/gd/57.jpg",
        "ceao_id": "57",
        "geo_status": "in_bahia"
      }
    },
    {
      "type": "Feature",
      "geometry": {
        "type": "Point",
        "coordinates": [
          -38.50117669999999,
          -12.9610904
        ]
      },
      "properties": {
        "nome": "Tenda Umbandista do Saber",
        "fonte": "google",
        "endereco": "R. São José de Cima, 299 - Barbalho, Salvador - BA, 40301-036, Brazil",
        "rating": 5,
        "reviews": 3,
        "geo_status": "in_bahia"
      }
    },
    {
      "type": "Feature",
      "geometry": {
        "type": "Point",
        "coordinates": [
          -38.6447644,
          -12.9039873
        ]
      },
      "properties": {
        "nome": "Retiro de Itaparica",
        "fonte": "google",
        "endereco": "Av. Beira Mar, 3473 - São João de Manguinhos, Itaparica - BA, 44460-000, Brazil",
        "rating": 5,
        "reviews": 13,
        "geo_status": "in_bahia"
      }
    },
    {
      "type": "Feature",
      "geometry": {
        "type": "Point",
        "coordinates": [
          -39.2605076,
          -14.7928251
        ]
      },
      "properties": {
        "nome": "Associação do Culto Afro Itabunense",
        "fonte": "google",
        "endereco": "R. Inglaterra, 497 - São Judas Tadeu, Itabuna - BA, 45605-125, Brazil",
        "rating": 3.8,
        "reviews": 4,
        "geo_status": "in_bahia"
      }
    },
    {
      "type": "Feature",
      "geometry": {
        "type": "Point",
        "coordinates": [
          -39.2648878,
          -14.7869356
        ]
      },
      "properties": {
        "nome": "TEMPLO OGANDO DO AMANHECER",
        "fonte": "google",
        "endereco": "R. Europa Unida, 96 - São Judas Tadeu, Itabuna - BA, 45605-280, Brazil",
        "rating": 5,
        "reviews": 7,
        "geo_status": "in_bahia"
      }
    },
    {
      "type": "Feature",
      "geometry": {
        "type": "Point",
        "coordinates": [
          -40.87975,
          -14.8435939
        ]
      },
      "properties": {
        "nome": "Vale do Amanhecer - Templo Ogamor",
        "fonte": "google",
        "endereco": "Av. Rafael Spínola, 32 - Zabelê, Vitória da Conquista - BA, 45078-000, Brazil",
        "rating": 5,
        "reviews": 22,
        "geo_status": "in_bahia"
      }
    },
    {
      "type": "Feature",
      "geometry": {
        "type": "Point",
        "coordinates": [
          -41.6508974,
          -14.191043
        ]
      },
      "properties": {
        "nome": "Federação cultural de umbanda ogum e xangô",
        "fonte": "google",
        "endereco": "Rua Manuel Francisco De Lima 1200 Apertado do morro 2 - Brumado, BA, 46107-368, Brazil",
        "geo_status": "in_bahia"
      }
    },
    {
      "type": "Feature",
      "geometry": {
        "type": "Point",
        "coordinates": [
          -43.42407550000001,
          -13.2534283
        ]
      },
      "properties": {
        "nome": "Church Bom Jesus dos Navegantes",
        "fonte": "google",
        "endereco": "Nova Brasília, Bom Jesus da Lapa - State of Bahia, 47600-000, Brazil",
        "rating": 4.7,
        "reviews": 114,
        "geo_status": "in_bahia"
      }
    },
    {
      "type": "Feature",
      "geometry": {
        "type": "Point",
        "coordinates": [
          -38.0975252,
          -12.6505379
        ]
      },
      "properties": {
        "nome": "UPAMC - UNIÃO CULTURAL DOS SACERDOTES AFRO DO MUNICÍPIO DE CAMAÇARI",
        "fonte": "google",
        "endereco": "R. do Jacaré, 144 - KM 4 - Monte Gordo, Camaçari - BA, 42839-818, Brazil",
        "rating": 5,
        "reviews": 2,
        "geo_status": "in_bahia"
      }
    },
    {
      "type": "Feature",
      "geometry": {
        "type": "Point",
        "coordinates": [
          -38.3735787,
          -12.9088225
        ]
      },
      "properties": {
        "nome": "Ilê Axé Ningelimim Abassá d'Ogum",
        "fonte": "google",
        "endereco": "R. Ipiaú - São Cristóvão, Salvador - BA, 41500-675, Brazil",
        "rating": 5,
        "reviews": 1,
        "geo_status": "in_bahia"
      }
    },
    {
      "type": "Feature",
      "geometry": {
        "type": "Point",
        "coordinates": [
          -38.4856378,
          -12.9631762
        ]
      },
      "properties": {
        "nome": "Axé Abassa kassute 🏳️",
        "fonte": "google",
        "endereco": "R. Trasybulo Ferraz, 32 - Cidade Nova, Salvador - BA, 40313-700, Brazil",
        "geo_status": "in_bahia"
      }
    },
    {
      "type": "Feature",
      "geometry": {
        "type": "Point",
        "coordinates": [
          -39.0057034,
          -11.6631814
        ]
      },
      "properties": {
        "nome": "Associação de Mães, Pais e Amigos dos Autistas de Serrinha",
        "fonte": "google",
        "endereco": "R. Pedro Tiago, 383 - Ginásio, Serrinha - BA, 48700-000, Brazil",
        "rating": 5,
        "reviews": 6,
        "geo_status": "in_bahia"
      }
    },
    {
      "type": "Feature",
      "geometry": {
        "type": "Point",
        "coordinates": [
          -38.99987060000001,
          -12.5033831
        ]
      },
      "properties": {
        "nome": "Associação Baiana de Avicultura",
        "fonte": "google",
        "endereco": "Campo de Futebol, 172, Conceição da Feira - BA, 44320-000, Brazil",
        "rating": 4.9,
        "reviews": 9,
        "geo_status": "in_bahia"
      }
    },
    {
      "type": "Feature",
      "geometry": {
        "type": "Point",
        "coordinates": [
          -39.0539277,
          -14.7905979
        ]
      },
      "properties": {
        "nome": "ABASSÁ DE YGICIDANLOYÁ",
        "fonte": "google",
        "endereco": "R. Um da Vila Queiroz - Basílio, Ilhéus - BA, 45658-600, Brazil",
        "geo_status": "in_bahia"
      }
    },
    {
      "type": "Feature",
      "geometry": {
        "type": "Point",
        "coordinates": [
          -39.011385,
          -16.2434906
        ]
      },
      "properties": {
        "nome": "Campo Bahia",
        "fonte": "google",
        "endereco": "Avenida Beira Mar, 1885 Vilarejo de, Santa Cruz Cabrália - BA, 45807-000, Brazil",
        "rating": 4.7,
        "reviews": 646,
        "geo_status": "in_bahia"
      }
    },
    {
      "type": "Feature",
      "geometry": {
        "type": "Point",
        "coordinates": [
          -39.0646755,
          -16.4388208
        ]
      },
      "properties": {
        "nome": "Cidade histórica Porto Seguro",
        "fonte": "google",
        "endereco": "Rua Pedro Alvares Cabral - Porto Seguro, BA, 45810-000, Brazil",
        "rating": 4.7,
        "reviews": 72,
        "geo_status": "in_bahia"
      }
    },
    {
      "type": "Feature",
      "geometry": {
        "type": "Point",
        "coordinates": [
          -40.9069587,
          -14.8442729
        ]
      },
      "properties": {
        "nome": "CEASA VITÓRIA DA CONQUISTA - CEAVIC",
        "fonte": "google",
        "endereco": "BA-262, KM 316 - São Pedro, Vitória da Conquista - BA, 45070-330, Brazil",
        "rating": 4.8,
        "reviews": 54,
        "geo_status": "in_bahia"
      }
    },
    {
      "type": "Feature",
      "geometry": {
        "type": "Point",
        "coordinates": [
          -40.8713836,
          -14.8786508
        ]
      },
      "properties": {
        "nome": "Abassà Nikissi Jibereúa Nzila Kayango",
        "fonte": "google",
        "endereco": "R. Dez - Jatobá, Vitória da Conquista - BA, 45066-615, Brazil",
        "geo_status": "in_bahia"
      }
    },
    {
      "type": "Feature",
      "geometry": {
        "type": "Point",
        "coordinates": [
          -39.7433108,
          -17.5339608
        ]
      },
      "properties": {
        "nome": "Associação Batista do Extremo Sul Baiano",
        "fonte": "google",
        "endereco": "R. João Calmom, 128 - São Pedro, Teixeira de Freitas - BA, 45995-153, Brazil",
        "rating": 5,
        "reviews": 1,
        "geo_status": "in_bahia"
      }
    },
    {
      "type": "Feature",
      "geometry": {
        "type": "Point",
        "coordinates": [
          -38.24098559999999,
          -9.3711471
        ]
      },
      "properties": {
        "nome": "Abassà da Deusa Òsùn de Idjemim",
        "fonte": "google",
        "endereco": "R. Teofilândia - Pedra Comprida, Paulo Afonso - BA, Brazil",
        "rating": 4.8,
        "reviews": 10,
        "geo_status": "in_bahia"
      }
    },
    {
      "type": "Feature",
      "geometry": {
        "type": "Point",
        "coordinates": [
          -40.1878233,
          -10.4620346
        ]
      },
      "properties": {
        "nome": "Sac De Senhor Do Bonfim",
        "fonte": "google",
        "endereco": "Praça Nova Do Congresso, 01 Central Shopping, 1º Andar - Centro, Sr. do Bonfim - BA, 48970-000, Brazil",
        "rating": 2.7,
        "reviews": 33,
        "geo_status": "in_bahia"
      }
    },
    {
      "type": "Feature",
      "geometry": {
        "type": "Point",
        "coordinates": [
          -41.682231,
          -14.2012894
        ]
      },
      "properties": {
        "nome": "Abassá de Oxóssi",
        "fonte": "google",
        "endereco": "Av. Horácio José dos Santos - Olhos D'agua, Brumado - BA, 46115-202, Brazil",
        "geo_status": "in_bahia"
      }
    },
    {
      "type": "Feature",
      "geometry": {
        "type": "Point",
        "coordinates": [
          -45.7567695,
          -12.0869336
        ]
      },
      "properties": {
        "nome": "ABAPA | Associação Baiana dos Produtores de Algodão",
        "fonte": "google",
        "endereco": "Rod. Pres. Juscelino Kubitschek - Jardim Paraiso Fase II, Luís Eduardo Magalhães - BA, 47850-000, Brazil",
        "rating": 4.7,
        "reviews": 122,
        "geo_status": "in_bahia"
      }
    },
    {
      "type": "Feature",
      "geometry": {
        "type": "Point",
        "coordinates": [
          -45.7126472,
          -12.0826684
        ]
      },
      "properties": {
        "nome": "Centro de Treinamento & Tecnologia da Abapa",
        "fonte": "google",
        "endereco": "BR 020, 242 - KM 50, Luís Eduardo Magalhães - BA, 47850-000, Brazil",
        "rating": 5,
        "reviews": 22,
        "geo_status": "in_bahia"
      }
    },
    {
      "type": "Feature",
      "geometry": {
        "type": "Point",
        "coordinates": [
          -45.706978,
          -12.0803055
        ]
      },
      "properties": {
        "nome": "ABAPA(Nova sede)",
        "fonte": "google",
        "endereco": "W79V+V6, Luís Eduardo Magalhaes - State of Bahia, 47850-000, Brazil",
        "rating": 5,
        "reviews": 4,
        "geo_status": "in_bahia"
      }
    },
    {
      "type": "Feature",
      "geometry": {
        "type": "Point",
        "coordinates": [
          -38.3285056,
          -12.684648
        ]
      },
      "properties": {
        "nome": "Abassá Omiparanê",
        "fonte": "google",
        "endereco": "R. Gramado - Camaçari, BA, 42803-566, Brazil",
        "rating": 5,
        "reviews": 1,
        "geo_status": "in_bahia"
      }
    },
    {
      "type": "Feature",
      "geometry": {
        "type": "Point",
        "coordinates": [
          -38.3668326,
          -12.9344096
        ]
      },
      "properties": {
        "nome": "Inzo Samba Kalunga",
        "fonte": "google",
        "endereco": "R. Luís Eduardo Magalhães, 15 - Itapuã, Salvador - BA, 41630-700, Brazil",
        "rating": 5,
        "reviews": 4,
        "geo_status": "in_bahia"
      }
    },
    {
      "type": "Feature",
      "geometry": {
        "type": "Point",
        "coordinates": [
          -38.3072587,
          -12.8749893
        ]
      },
      "properties": {
        "nome": "Enzo Informática",
        "fonte": "google",
        "endereco": "Av. Santos Dumont, 6105 - Portão, Lauro de Freitas - BA, 42712-740, Brazil",
        "rating": 3.9,
        "reviews": 15,
        "geo_status": "in_bahia"
      }
    },
    {
      "type": "Feature",
      "geometry": {
        "type": "Point",
        "coordinates": [
          -38.3035849,
          -12.8833861
        ]
      },
      "properties": {
        "nome": "Enzo Vilas Jato",
        "fonte": "google",
        "endereco": "R. Praia da Pituba, 03 - quadra11 - Vilas do Atlântico, Lauro de Freitas - BA, 42708-810, Brazil",
        "rating": 2.7,
        "reviews": 3,
        "geo_status": "in_bahia"
      }
    },
    {
      "type": "Feature",
      "geometry": {
        "type": "Point",
        "coordinates": [
          -38.3233386,
          -12.8976991
        ]
      },
      "properties": {
        "nome": "Condomínio Spazio Sunrise",
        "fonte": "google",
        "endereco": "R. Manoel Silvestre Leite, 190 - Centro, Lauro de Freitas - BA, 42703-050, Brazil",
        "rating": 4.5,
        "reviews": 154,
        "geo_status": "in_bahia"
      }
    },
    {
      "type": "Feature",
      "geometry": {
        "type": "Point",
        "coordinates": [
          -38.3025369,
          -12.8822646
        ]
      },
      "properties": {
        "nome": "Enzo do Surf",
        "fonte": "google",
        "endereco": "R. Praia de Sauípe - Vilas do Atlântico, Salvador - BA, 42708-830, Brazil",
        "geo_status": "in_bahia"
      }
    },
    {
      "type": "Feature",
      "geometry": {
        "type": "Point",
        "coordinates": [
          -38.38895840000001,
          -12.8857701
        ]
      },
      "properties": {
        "nome": "Inzo Hoji Minikongo",
        "fonte": "google",
        "endereco": "R. do Pica-Pau Preto e Branco - Fazenda Cassange, Salvador - BA, 41505-175, Brazil",
        "rating": 5,
        "reviews": 2,
        "geo_status": "in_bahia"
      }
    },
    {
      "type": "Feature",
      "geometry": {
        "type": "Point",
        "coordinates": [
          -38.4707657,
          -12.8207632
        ]
      },
      "properties": {
        "nome": "Inzó Mameto N'Bamburucema",
        "fonte": "google",
        "endereco": "R. dos Umbuzeiros de São Tomé - São Tomé, Salvador - BA, 40800-334, Brazil",
        "rating": 5,
        "reviews": 6,
        "geo_status": "in_bahia"
      }
    },
    {
      "type": "Feature",
      "geometry": {
        "type": "Point",
        "coordinates": [
          -38.4397398898188,
          -12.9553481756673
        ]
      },
      "properties": {
        "nome": "Rei de Macambira",
        "fonte": "ceao",
        "fonte_detalhe": "CEAO/UFBA - terreiros.ceao.ufba.br",
        "lideranca": "Lourival Bitencourt da Silva",
        "nacao": "Keto Angola",
        "ano_fundacao": "1972",
        "regente": "Xangô",
        "endereco": "Rua Deraldo Dias Moraes, 11",
        "bairro": "Chame-Chame",
        "cep": "40140-470",
        "telefone": "9173-6010",
        "foto_thumb": "http://www.terreiros.ceao.ufba.br/_FT/pq/4.jpg",
        "foto_grande": "http://www.terreiros.ceao.ufba.br/_FT/gd/4.jpg",
        "ceao_id": "4",
        "geo_status": "in_bahia"
      }
    },
    {
      "type": "Feature",
      "geometry": {
        "type": "Point",
        "coordinates": [
          -38.522856151818,
          -13.0075041091466
        ]
      },
      "properties": {
        "nome": "Ylê Axé Ojuire",
        "fonte": "ceao",
        "fonte_detalhe": "CEAO/UFBA - terreiros.ceao.ufba.br",
        "lideranca": "Hildete L. de Jesus",
        "nacao": "Keto",
        "ano_fundacao": "1998",
        "regente": "Ogum e Omolu",
        "endereco": "Rua Apolinário de Santana, 188",
        "bairro": "Eng. V. da Federação",
        "cep": "40221-101",
        "telefone": "3247-1167",
        "foto_thumb": "http://www.terreiros.ceao.ufba.br/_FT/pq/5.jpg",
        "foto_grande": "http://www.terreiros.ceao.ufba.br/_FT/gd/5.jpg",
        "ceao_id": "5",
        "geo_status": "in_bahia"
      }
    },
    {
      "type": "Feature",
      "geometry": {
        "type": "Point",
        "coordinates": [
          -38.4946980178328,
          -13.0000017431996
        ]
      },
      "properties": {
        "nome": "Não informado",
        "fonte": "ceao",
        "fonte_detalhe": "CEAO/UFBA - terreiros.ceao.ufba.br",
        "lideranca": "Alvanira Teles dos Santos",
        "nacao": "Keto",
        "ano_fundacao": "0",
        "regente": "Logunedé",
        "endereco": "Rua Deraldo Dias Moraes, 24",
        "bairro": "Chame-Chame",
        "cep": "40140-470",
        "telefone": "3261-5128",
        "foto_thumb": "http://www.terreiros.ceao.ufba.br/_FT/pq/7.jpg",
        "foto_grande": "http://www.terreiros.ceao.ufba.br/_FT/gd/7.jpg",
        "ceao_id": "7",
        "geo_status": "in_bahia"
      }
    },
    {
      "type": "Feature",
      "geometry": {
        "type": "Point",
        "coordinates": [
          -38.4771646411321,
          -13.0061845162575
        ]
      },
      "properties": {
        "nome": "K te Espero",
        "fonte": "ceao",
        "fonte_detalhe": "CEAO/UFBA - terreiros.ceao.ufba.br",
        "lideranca": "Francisca Serra da Conceição",
        "nacao": "Keto",
        "ano_fundacao": "1953",
        "regente": "Xangô",
        "endereco": "Rua Lafaiete Coutinho, 55",
        "bairro": "São Caetano",
        "cep": "40390-000",
        "telefone": "3241-4217/ 3304-6321",
        "foto_thumb": "http://www.terreiros.ceao.ufba.br/_FT/pq/13.jpg",
        "foto_grande": "http://www.terreiros.ceao.ufba.br/_FT/gd/13.jpg",
        "ceao_id": "13",
        "geo_status": "in_bahia"
      }
    },
    {
      "type": "Feature",
      "geometry": {
        "type": "Point",
        "coordinates": [
          -38.4808927043469,
          -12.9342434711471
        ]
      },
      "properties": {
        "nome": "Ilê Axé Orocilê Ômin Fan",
        "fonte": "ceao",
        "fonte_detalhe": "CEAO/UFBA - terreiros.ceao.ufba.br",
        "lideranca": "Andeloá Caitá dos Santos",
        "nacao": "Keto",
        "ano_fundacao": "2000",
        "regente": "Oxum",
        "endereco": "Rua Manoel Faustino, 82-E",
        "bairro": "Eng. Velho de Brotas",
        "cep": "40243-140",
        "telefone": "3261-0329",
        "foto_thumb": "http://www.terreiros.ceao.ufba.br/_FT/pq/14.jpg",
        "foto_grande": "http://www.terreiros.ceao.ufba.br/_FT/gd/14.jpg",
        "ceao_id": "14",
        "geo_status": "in_bahia"
      }
    },
    {
      "type": "Feature",
      "geometry": {
        "type": "Point",
        "coordinates": [
          -38.5022045460285,
          -12.9893887866646
        ]
      },
      "properties": {
        "nome": "Onzo de Tingóngo",
        "fonte": "ceao",
        "fonte_detalhe": "CEAO/UFBA - terreiros.ceao.ufba.br",
        "lideranca": "Agostinho Bento de Souza",
        "nacao": "Angola Jêje Keto",
        "ano_fundacao": "1986",
        "regente": "Oxumaré",
        "endereco": "Rua Reis Príncipe, 28",
        "bairro": "Vasco da Gama",
        "cep": "40240-160",
        "telefone": "3234-2600",
        "foto_thumb": "http://www.terreiros.ceao.ufba.br/_FT/pq/15.jpg",
        "foto_grande": "http://www.terreiros.ceao.ufba.br/_FT/gd/15.jpg",
        "ceao_id": "15",
        "geo_status": "in_bahia"
      }
    },
    {
      "type": "Feature",
      "geometry": {
        "type": "Point",
        "coordinates": [
          -38.5055781955553,
          -12.9852375492407
        ]
      },
      "properties": {
        "nome": "Ilê Omin Ode Oxê",
        "fonte": "ceao",
        "fonte_detalhe": "CEAO/UFBA - terreiros.ceao.ufba.br",
        "lideranca": "Edna Alves Cunha",
        "nacao": "Keto",
        "ano_fundacao": "1968",
        "regente": "Oxum Apará",
        "endereco": "Rua Caetano Moura , 52",
        "bairro": "Federação",
        "cep": "40210-341",
        "telefone": "3203-6798",
        "foto_thumb": "http://www.terreiros.ceao.ufba.br/_FT/pq/16.jpg",
        "foto_grande": "http://www.terreiros.ceao.ufba.br/_FT/gd/16.jpg",
        "ceao_id": "16",
        "geo_status": "in_bahia"
      }
    },
    {
      "type": "Feature",
      "geometry": {
        "type": "Point",
        "coordinates": [
          -38.5111201476903,
          -12.9978825239738
        ]
      },
      "properties": {
        "nome": "Ylê Axé Oba Oya",
        "fonte": "ceao",
        "fonte_detalhe": "CEAO/UFBA - terreiros.ceao.ufba.br",
        "lideranca": "Jaguaraí Araújo",
        "nacao": "Keto",
        "ano_fundacao": "1946",
        "regente": "Xangô Airá",
        "endereco": "Rua Trilho , Alto da Fortaleza , 7 B, Campo Santo",
        "bairro": "Federação",
        "cep": "40231-230",
        "telefone": "3261-8561",
        "foto_thumb": "http://www.terreiros.ceao.ufba.br/_FT/pq/17.jpg",
        "foto_grande": "http://www.terreiros.ceao.ufba.br/_FT/gd/17.jpg",
        "ceao_id": "17",
        "geo_status": "in_bahia"
      }
    },
    {
      "type": "Feature",
      "geometry": {
        "type": "Point",
        "coordinates": [
          -38.5139941943424,
          -12.9956100234066
        ]
      },
      "properties": {
        "nome": "Unzo Tumba Junçara",
        "fonte": "ceao",
        "fonte_detalhe": "CEAO/UFBA - terreiros.ceao.ufba.br",
        "lideranca": "Iraildes Maria da Cunha",
        "nacao": "Angola",
        "ano_fundacao": "1919",
        "regente": "Tempo",
        "endereco": "Rua Vila Colombiana, 30",
        "bairro": "Vasco da Gama",
        "cep": "40243-630",
        "telefone": "3261-0357/ 3365-3942",
        "foto_thumb": "http://www.terreiros.ceao.ufba.br/_FT/pq/18.jpg",
        "foto_grande": "http://www.terreiros.ceao.ufba.br/_FT/gd/18.jpg",
        "ceao_id": "18",
        "geo_status": "in_bahia"
      }
    },
    {
      "type": "Feature",
      "geometry": {
        "type": "Point",
        "coordinates": [
          -38.4999903422911,
          -12.9915791600902
        ]
      },
      "properties": {
        "nome": "Ilê Asé Abotô Demi",
        "fonte": "ceao",
        "fonte_detalhe": "CEAO/UFBA - terreiros.ceao.ufba.br",
        "lideranca": "Maria Antônia Souza da Silva",
        "nacao": "Keto",
        "ano_fundacao": "1964",
        "regente": "Oxum",
        "endereco": "Rua Pe. Domingos de Brito, 145",
        "bairro": "Garibaldi",
        "cep": "42105-380",
        "telefone": "3331-0085",
        "foto_thumb": "http://www.terreiros.ceao.ufba.br/_FT/pq/20.jpg",
        "foto_grande": "http://www.terreiros.ceao.ufba.br/_FT/gd/20.jpg",
        "ceao_id": "20",
        "geo_status": "in_bahia"
      }
    },
    {
      "type": "Feature",
      "geometry": {
        "type": "Point",
        "coordinates": [
          -38.5061538576717,
          -12.9910842469833
        ]
      },
      "properties": {
        "nome": "Ilê Axé Ian Alá Oci",
        "fonte": "ceao",
        "fonte_detalhe": "CEAO/UFBA - terreiros.ceao.ufba.br",
        "lideranca": "Eliton Pereira Santana",
        "nacao": "Keto",
        "ano_fundacao": "2004",
        "regente": "Oxalá",
        "endereco": "2ª Trav. Padre Domingos de Brito , 92",
        "bairro": "Garibaldi",
        "cep": "40230-100",
        "telefone": "3331-0531",
        "foto_thumb": "http://www.terreiros.ceao.ufba.br/_FT/pq/21.jpg",
        "foto_grande": "http://www.terreiros.ceao.ufba.br/_FT/gd/21.jpg",
        "ceao_id": "21",
        "geo_status": "in_bahia"
      }
    },
    {
      "type": "Feature",
      "geometry": {
        "type": "Point",
        "coordinates": [
          -38.5058791262624,
          -12.9919995852634
        ]
      },
      "properties": {
        "nome": "Tualandê Nigunci Dinicosi",
        "fonte": "ceao",
        "fonte_detalhe": "CEAO/UFBA - terreiros.ceao.ufba.br",
        "lideranca": "Ana Maria da Paixão Silva",
        "nacao": "Angola",
        "ano_fundacao": "1976",
        "regente": "Ogum",
        "endereco": "Rua Teixeira Mendes, 31",
        "bairro": "Alto das Pombas",
        "cep": "40210-550",
        "telefone": "3203-6899",
        "foto_thumb": "http://www.terreiros.ceao.ufba.br/_FT/pq/22.jpg",
        "foto_grande": "http://www.terreiros.ceao.ufba.br/_FT/gd/22.jpg",
        "ceao_id": "22",
        "geo_status": "in_bahia"
      }
    },
    {
      "type": "Feature",
      "geometry": {
        "type": "Point",
        "coordinates": [
          -38.5132351385029,
          -12.9995136624632
        ]
      },
      "properties": {
        "nome": "Shoramin Nilê",
        "fonte": "ceao",
        "fonte_detalhe": "CEAO/UFBA - terreiros.ceao.ufba.br",
        "lideranca": "Eliana Alves Chagas",
        "nacao": "Keto",
        "ano_fundacao": "1996",
        "regente": "Ogum",
        "endereco": "Rua Baixa do Bispo, 202E",
        "bairro": "Alto das Pombas",
        "cep": "40226-510",
        "telefone": "3331-6741",
        "foto_thumb": "http://www.terreiros.ceao.ufba.br/_FT/pq/23.jpg",
        "foto_grande": "http://www.terreiros.ceao.ufba.br/_FT/gd/23.jpg",
        "ceao_id": "23",
        "geo_status": "in_bahia"
      }
    },
    {
      "type": "Feature",
      "geometry": {
        "type": "Point",
        "coordinates": [
          -38.5140928239288,
          -12.9997173207969
        ]
      },
      "properties": {
        "nome": "Centro Cigana Maguidala",
        "fonte": "ceao",
        "fonte_detalhe": "CEAO/UFBA - terreiros.ceao.ufba.br",
        "lideranca": "Maria da Conceição da Silva",
        "nacao": "Umbanda",
        "ano_fundacao": "2003",
        "regente": "Oxum, Xangô e Ogum",
        "bairro": "Alto das Pombas",
        "cep": "40226-625",
        "telefone": "3263-1567/ 3245-2639",
        "foto_thumb": "http://www.terreiros.ceao.ufba.br/_FT/pq/24.jpg",
        "foto_grande": "http://www.terreiros.ceao.ufba.br/_FT/gd/24.jpg",
        "ceao_id": "24",
        "geo_status": "in_bahia"
      }
    },
    {
      "type": "Feature",
      "geometry": {
        "type": "Point",
        "coordinates": [
          -38.5139782050291,
          -13.0022624514243
        ]
      },
      "properties": {
        "nome": "Ilê Axé Tomin Afunfelé",
        "fonte": "ceao",
        "fonte_detalhe": "CEAO/UFBA - terreiros.ceao.ufba.br",
        "lideranca": "Valmir Santana da Silva",
        "nacao": "Jêje",
        "ano_fundacao": "1996",
        "regente": "Ogum",
        "endereco": "Rua Athayde Seixas, 45B",
        "bairro": "Garcia",
        "cep": "40100-260",
        "telefone": "3247-0541",
        "foto_thumb": "http://www.terreiros.ceao.ufba.br/_FT/pq/25.jpg",
        "foto_grande": "http://www.terreiros.ceao.ufba.br/_FT/gd/25.jpg",
        "ceao_id": "25",
        "geo_status": "in_bahia"
      }
    },
    {
      "type": "Feature",
      "geometry": {
        "type": "Point",
        "coordinates": [
          -38.507459517482,
          -12.9905291446059
        ]
      },
      "properties": {
        "nome": "Terreiro do Orixalá",
        "fonte": "ceao",
        "fonte_detalhe": "CEAO/UFBA - terreiros.ceao.ufba.br",
        "lideranca": "Antônio Evaristo Nascimento",
        "nacao": "Keto",
        "ano_fundacao": "1966",
        "regente": "Iansã",
        "endereco": "Rua Quintino Bocayuira, 34-A",
        "bairro": "Garcia",
        "cep": "40100-240",
        "telefone": "3331-6710",
        "foto_thumb": "http://www.terreiros.ceao.ufba.br/_FT/pq/26.jpg",
        "foto_grande": "http://www.terreiros.ceao.ufba.br/_FT/gd/26.jpg",
        "ceao_id": "26",
        "geo_status": "in_bahia"
      }
    },
    {
      "type": "Feature",
      "geometry": {
        "type": "Point",
        "coordinates": [
          -38.5092156316781,
          -12.9898108773094
        ]
      },
      "properties": {
        "nome": "Ilê Axé Odé Tolá",
        "fonte": "ceao",
        "fonte_detalhe": "CEAO/UFBA - terreiros.ceao.ufba.br",
        "lideranca": "Paulo Roberto S. José de Oliveira",
        "nacao": "Keto",
        "ano_fundacao": "1997",
        "regente": "Exu",
        "bairro": "Federação",
        "cep": "40210-540",
        "telefone": "3235-8119",
        "foto_thumb": "http://www.terreiros.ceao.ufba.br/_FT/pq/28.jpg",
        "foto_grande": "http://www.terreiros.ceao.ufba.br/_FT/gd/28.jpg",
        "ceao_id": "28",
        "geo_status": "in_bahia"
      }
    },
    {
      "type": "Feature",
      "geometry": {
        "type": "Point",
        "coordinates": [
          -38.5098807581889,
          -12.9902459675052
        ]
      },
      "properties": {
        "nome": "Centro do Caboclo Erú",
        "fonte": "ceao",
        "fonte_detalhe": "CEAO/UFBA - terreiros.ceao.ufba.br",
        "lideranca": "Waldete Sá",
        "nacao": "Keto",
        "ano_fundacao": "1991",
        "regente": "Oxalá",
        "endereco": "Rua do Riacho, Calabar",
        "bairro": "Alto das Pombas",
        "cep": "40226-540",
        "telefone": "3247-5394",
        "foto_thumb": "http://www.terreiros.ceao.ufba.br/_FT/pq/29.jpg",
        "foto_grande": "http://www.terreiros.ceao.ufba.br/_FT/gd/29.jpg",
        "ceao_id": "29",
        "geo_status": "in_bahia"
      }
    },
    {
      "type": "Feature",
      "geometry": {
        "type": "Point",
        "coordinates": [
          -38.5138145954,
          -12.9991254001
        ]
      },
      "properties": {
        "nome": "Ilê Axé Obá Leodé",
        "fonte": "ceao",
        "fonte_detalhe": "CEAO/UFBA - terreiros.ceao.ufba.br",
        "lideranca": "Railton Ferreira dos Santos",
        "nacao": "Keto",
        "ano_fundacao": "1942",
        "regente": "Xangô",
        "endereco": "Rua Assis Sampaio",
        "bairro": "Acupe de Brotas",
        "cep": "40290-000",
        "telefone": "8854-4317",
        "foto_thumb": "http://www.terreiros.ceao.ufba.br/_FT/pq/31.jpg",
        "foto_grande": "http://www.terreiros.ceao.ufba.br/_FT/gd/31.jpg",
        "ceao_id": "31",
        "geo_status": "in_bahia"
      }
    },
    {
      "type": "Feature",
      "geometry": {
        "type": "Point",
        "coordinates": [
          -38.4927211411601,
          -12.9931035881741
        ]
      },
      "properties": {
        "nome": "Ilê Axé Ibá Oxum",
        "fonte": "ceao",
        "fonte_detalhe": "CEAO/UFBA - terreiros.ceao.ufba.br",
        "lideranca": "Maria da Paz Santos",
        "nacao": "Keto",
        "ano_fundacao": "1951",
        "regente": "Oxum",
        "endereco": "Rua do Coqueiro, 1 , Alto da Saldanha",
        "bairro": "Brotas",
        "cep": "40280-150",
        "telefone": "3452-8034",
        "foto_thumb": "http://www.terreiros.ceao.ufba.br/_FT/pq/32.jpg",
        "foto_grande": "http://www.terreiros.ceao.ufba.br/_FT/gd/32.jpg",
        "ceao_id": "32",
        "geo_status": "in_bahia"
      }
    },
    {
      "type": "Feature",
      "geometry": {
        "type": "Point",
        "coordinates": [
          -38.4766392125924,
          -12.9895751043984
        ]
      },
      "properties": {
        "nome": "Ilê Axé Alá Tomi Oxum",
        "fonte": "ceao",
        "fonte_detalhe": "CEAO/UFBA - terreiros.ceao.ufba.br",
        "lideranca": "Alex Fabiano de Sena Batista",
        "nacao": "Keto",
        "ano_fundacao": "1994",
        "regente": "Oxum e Oxaguiã",
        "endereco": "Rua Teixeira Mendes, 16, Trav. Maria Imaculada",
        "bairro": "Alto das Pombas",
        "cep": "40216-550",
        "telefone": "3245-8903",
        "foto_thumb": "http://www.terreiros.ceao.ufba.br/_FT/pq/33.jpg",
        "foto_grande": "http://www.terreiros.ceao.ufba.br/_FT/gd/33.jpg",
        "ceao_id": "33",
        "geo_status": "in_bahia"
      }
    },
    {
      "type": "Feature",
      "geometry": {
        "type": "Point",
        "coordinates": [
          -38.5126284512165,
          -13.0017058467503
        ]
      },
      "properties": {
        "nome": "Unzo Kaiango Kyanguzu",
        "fonte": "ceao",
        "fonte_detalhe": "CEAO/UFBA - terreiros.ceao.ufba.br",
        "lideranca": "Ana Maria dos Santos",
        "nacao": "Angola",
        "ano_fundacao": "1976",
        "regente": "Iansã",
        "endereco": "Rua Pedro Gama ,74",
        "bairro": "Federação",
        "cep": "40240-660",
        "telefone": "3237-5878",
        "foto_thumb": "http://www.terreiros.ceao.ufba.br/_FT/pq/37.jpg",
        "foto_grande": "http://www.terreiros.ceao.ufba.br/_FT/gd/37.jpg",
        "ceao_id": "37",
        "geo_status": "in_bahia"
      }
    },
    {
      "type": "Feature",
      "geometry": {
        "type": "Point",
        "coordinates": [
          -38.4981147743438,
          -12.9954019924855
        ]
      },
      "properties": {
        "nome": "Ilê Ôba Carilê",
        "fonte": "ceao",
        "fonte_detalhe": "CEAO/UFBA - terreiros.ceao.ufba.br",
        "lideranca": "Valdelice S. Barbosa",
        "nacao": "Keto",
        "ano_fundacao": "1946",
        "regente": "Iansã",
        "endereco": "Rua Arquimedes Gonzaga , 76",
        "bairro": "Brotas",
        "cep": "40243-700",
        "telefone": "3381-2414",
        "foto_thumb": "http://www.terreiros.ceao.ufba.br/_FT/pq/39.jpg",
        "foto_grande": "http://www.terreiros.ceao.ufba.br/_FT/gd/39.jpg",
        "ceao_id": "39",
        "geo_status": "in_bahia"
      }
    },
    {
      "type": "Feature",
      "geometry": {
        "type": "Point",
        "coordinates": [
          -38.5027025504968,
          -12.9834127011647
        ]
      },
      "properties": {
        "nome": "Ilê Axé Omim Ijexá Yalorixá Oromim Kaiodo",
        "fonte": "ceao",
        "fonte_detalhe": "CEAO/UFBA - terreiros.ceao.ufba.br",
        "lideranca": "Niralva Oliveira",
        "nacao": "Keto Angola",
        "ano_fundacao": "1975",
        "regente": "Oxum",
        "endereco": "Rua Dique Pequeno, 40",
        "bairro": "Vasco da Gama",
        "cep": "40240-110",
        "telefone": "3383-1208",
        "foto_thumb": "http://www.terreiros.ceao.ufba.br/_FT/pq/41.jpg",
        "foto_grande": "http://www.terreiros.ceao.ufba.br/_FT/gd/41.jpg",
        "ceao_id": "41",
        "geo_status": "in_bahia"
      }
    },
    {
      "type": "Feature",
      "geometry": {
        "type": "Point",
        "coordinates": [
          -38.5023833319901,
          -12.9818513032932
        ]
      },
      "properties": {
        "nome": "Ilê Axé Ogum Omim Farã",
        "fonte": "ceao",
        "fonte_detalhe": "CEAO/UFBA - terreiros.ceao.ufba.br",
        "lideranca": "Ivonilton Barbosa da Silva",
        "nacao": "Keto",
        "ano_fundacao": "1951",
        "regente": "Ogum",
        "endereco": "Rua Edson Saldanha, 37-E",
        "bairro": "Cosme de Farias",
        "cep": "40255-670",
        "telefone": "8827-5263",
        "foto_thumb": "http://www.terreiros.ceao.ufba.br/_FT/pq/43.jpg",
        "foto_grande": "http://www.terreiros.ceao.ufba.br/_FT/gd/43.jpg",
        "ceao_id": "43",
        "geo_status": "in_bahia"
      }
    },
    {
      "type": "Feature",
      "geometry": {
        "type": "Point",
        "coordinates": [
          -38.4837934249501,
          -12.9783804814246
        ]
      },
      "properties": {
        "nome": "Ilê Axé Obá Adinilá",
        "fonte": "ceao",
        "fonte_detalhe": "CEAO/UFBA - terreiros.ceao.ufba.br",
        "lideranca": "Jaciara dos Santos",
        "nacao": "Keto",
        "ano_fundacao": "1978",
        "regente": "Xangô",
        "endereco": "Rua Manoel Velho, 1",
        "bairro": "Garcia",
        "cep": "40100-320",
        "telefone": "3247-0725",
        "foto_thumb": "http://www.terreiros.ceao.ufba.br/_FT/pq/45.jpg",
        "foto_grande": "http://www.terreiros.ceao.ufba.br/_FT/gd/45.jpg",
        "ceao_id": "45",
        "geo_status": "in_bahia"
      }
    },
    {
      "type": "Feature",
      "geometry": {
        "type": "Point",
        "coordinates": [
          -38.5109425836976,
          -12.9936665777999
        ]
      },
      "properties": {
        "nome": "Ilê Erinle Axé Ode Ifiolá",
        "fonte": "ceao",
        "fonte_detalhe": "CEAO/UFBA - terreiros.ceao.ufba.br",
        "lideranca": "Carlos Alberto Nascimento Santiago",
        "nacao": "Keto",
        "ano_fundacao": "2000",
        "regente": "Oxóssi",
        "endereco": "Rua D. Manoel I, 39",
        "bairro": "Garcia",
        "cep": "40100-190",
        "telefone": "3235-3333",
        "foto_thumb": "http://www.terreiros.ceao.ufba.br/_FT/pq/46.jpg",
        "foto_grande": "http://www.terreiros.ceao.ufba.br/_FT/gd/46.jpg",
        "ceao_id": "46",
        "geo_status": "in_bahia"
      }
    },
    {
      "type": "Feature",
      "geometry": {
        "type": "Point",
        "coordinates": [
          -38.5009946153672,
          -12.9892970822328
        ]
      },
      "properties": {
        "nome": "Terreiro de Oxossi Pena Branca",
        "fonte": "ceao",
        "fonte_detalhe": "CEAO/UFBA - terreiros.ceao.ufba.br",
        "lideranca": "Hildete Barreto dos Santos (Detinha)",
        "nacao": "Caboclo  Nagô",
        "ano_fundacao": "1966",
        "regente": "Oxóssi Pena Branca",
        "endereco": "Rua D. Manuel I, 40",
        "bairro": "Garcia",
        "cep": "40100-190",
        "telefone": "3237-6463",
        "foto_thumb": "http://www.terreiros.ceao.ufba.br/_FT/pq/47.jpg",
        "foto_grande": "http://www.terreiros.ceao.ufba.br/_FT/gd/47.jpg",
        "ceao_id": "47",
        "geo_status": "in_bahia"
      }
    },
    {
      "type": "Feature",
      "geometry": {
        "type": "Point",
        "coordinates": [
          -38.5114686753627,
          -12.9915433584383
        ]
      },
      "properties": {
        "nome": "Terreiro Santa Luiza",
        "fonte": "ceao",
        "fonte_detalhe": "CEAO/UFBA - terreiros.ceao.ufba.br",
        "lideranca": "Laura Juliana Borges",
        "nacao": "Angola",
        "ano_fundacao": "1946",
        "regente": "Oxóssi",
        "endereco": "Rua Padre Domingos de Brito, 34, 1ª travessa",
        "bairro": "Garcia",
        "cep": "40105-370",
        "telefone": "3176-3162",
        "foto_thumb": "http://www.terreiros.ceao.ufba.br/_FT/pq/49.jpg",
        "foto_grande": "http://www.terreiros.ceao.ufba.br/_FT/gd/49.jpg",
        "ceao_id": "49",
        "geo_status": "in_bahia"
      }
    },
    {
      "type": "Feature",
      "geometry": {
        "type": "Point",
        "coordinates": [
          -38.5087667481747,
          -12.9918467710641
        ]
      },
      "properties": {
        "nome": "Ilê Axé Oaragã",
        "fonte": "ceao",
        "fonte_detalhe": "CEAO/UFBA - terreiros.ceao.ufba.br",
        "lideranca": "Euvanice Souza Lopes",
        "nacao": "Keto",
        "ano_fundacao": "1989",
        "regente": "Iansã Balé",
        "endereco": "Rua Quintino Bocayuva, 39",
        "bairro": "Garcia",
        "cep": "40110-240",
        "telefone": "3332-3765",
        "foto_thumb": "http://www.terreiros.ceao.ufba.br/_FT/pq/50.jpg",
        "foto_grande": "http://www.terreiros.ceao.ufba.br/_FT/gd/50.jpg",
        "ceao_id": "50",
        "geo_status": "in_bahia"
      }
    },
    {
      "type": "Feature",
      "geometry": {
        "type": "Point",
        "coordinates": [
          -38.5071026470031,
          -12.9895991358799
        ]
      },
      "properties": {
        "nome": "Zogodo Bogum Male Rundó",
        "fonte": "ceao",
        "fonte_detalhe": "CEAO/UFBA - terreiros.ceao.ufba.br",
        "lideranca": "Zaídes Iracema de Melo",
        "nacao": "Jêje",
        "ano_fundacao": "1835",
        "regente": "Bafonó",
        "bairro": "Eng. V. da Federação",
        "cep": "40320-220",
        "telefone": "3334-5881",
        "foto_thumb": "http://www.terreiros.ceao.ufba.br/_FT/pq/52.jpg",
        "foto_grande": "http://www.terreiros.ceao.ufba.br/_FT/gd/52.jpg",
        "ceao_id": "52",
        "geo_status": "in_bahia"
      }
    },
    {
      "type": "Feature",
      "geometry": {
        "type": "Point",
        "coordinates": [
          -38.4973193734712,
          -12.9997023743885
        ]
      },
      "properties": {
        "nome": "Ylê Axé Mana Dandalunda Oya",
        "fonte": "ceao",
        "fonte_detalhe": "CEAO/UFBA - terreiros.ceao.ufba.br",
        "lideranca": "Paulo César do E. Santo Barros",
        "nacao": "Keto",
        "ano_fundacao": "1975",
        "regente": "Oxóssi",
        "endereco": "Rua Apolinário de Santana, 209",
        "bairro": "Eng. V. da Federação",
        "cep": "40221-110",
        "telefone": "3261-3426",
        "foto_thumb": "http://www.terreiros.ceao.ufba.br/_FT/pq/58.jpg",
        "foto_grande": "http://www.terreiros.ceao.ufba.br/_FT/gd/58.jpg",
        "ceao_id": "58",
        "geo_status": "in_bahia"
      }
    },
    {
      "type": "Feature",
      "geometry": {
        "type": "Point",
        "coordinates": [
          -38.4939893896579,
          -12.9991605555112
        ]
      },
      "properties": {
        "nome": "Ylê Axé Omim Onado",
        "fonte": "ceao",
        "fonte_detalhe": "CEAO/UFBA - terreiros.ceao.ufba.br",
        "lideranca": "Álvaro Simões",
        "nacao": "Keto",
        "ano_fundacao": "2000",
        "regente": "Oxum",
        "endereco": "Rua Xisto Bahia, Trav. Cosme, 22",
        "bairro": "Eng. V. da Federação",
        "cep": "40220-350",
        "telefone": "3334-4519",
        "foto_thumb": "http://www.terreiros.ceao.ufba.br/_FT/pq/55.jpg",
        "foto_grande": "http://www.terreiros.ceao.ufba.br/_FT/gd/55.jpg",
        "ceao_id": "55",
        "geo_status": "in_bahia"
      }
    },
    {
      "type": "Feature",
      "geometry": {
        "type": "Point",
        "coordinates": [
          -38.4931811352997,
          -12.9974921676286
        ]
      },
      "properties": {
        "nome": "Odê Mirim",
        "fonte": "ceao",
        "fonte_detalhe": "CEAO/UFBA - terreiros.ceao.ufba.br",
        "lideranca": "Waldelice Maria dos Santos",
        "nacao": "Angola",
        "ano_fundacao": "1906",
        "regente": "Oxóssi",
        "endereco": "Rua Apolinário de Santana, 48",
        "bairro": "Eng. V. da Federação",
        "cep": "40220-110",
        "telefone": "3203-6648",
        "foto_thumb": "http://www.terreiros.ceao.ufba.br/_FT/pq/56.jpg",
        "foto_grande": "http://www.terreiros.ceao.ufba.br/_FT/gd/56.jpg",
        "ceao_id": "56",
        "geo_status": "in_bahia"
      }
    },
    {
      "type": "Feature",
      "geometry": {
        "type": "Point",
        "coordinates": [
          -38.4961438317292,
          -12.9994319065643
        ]
      },
      "properties": {
        "nome": "Centro de Giro Ogum de Cariri",
        "fonte": "ceao",
        "fonte_detalhe": "CEAO/UFBA - terreiros.ceao.ufba.br",
        "lideranca": "Roberto Santos Pereira",
        "nacao": "Angola",
        "ano_fundacao": "1971",
        "regente": "Ogum",
        "endereco": "2ª Trav. São José, 64E",
        "bairro": "Eng. V. da Federação",
        "cep": "40220-110",
        "telefone": "3332-0171",
        "foto_thumb": "http://www.terreiros.ceao.ufba.br/_FT/pq/59.jpg",
        "foto_grande": "http://www.terreiros.ceao.ufba.br/_FT/gd/59.jpg",
        "ceao_id": "59",
        "geo_status": "in_bahia"
      }
    },
    {
      "type": "Feature",
      "geometry": {
        "type": "Point",
        "coordinates": [
          -38.4963632577267,
          -12.9988667711855
        ]
      },
      "properties": {
        "nome": "Ôgum Deui",
        "fonte": "ceao",
        "fonte_detalhe": "CEAO/UFBA - terreiros.ceao.ufba.br",
        "lideranca": "Isaura Araújo Silva",
        "nacao": "Keto",
        "ano_fundacao": "1971",
        "regente": "Ogum",
        "endereco": "Rua Alto do Formoso , 11",
        "bairro": "Cosme de Farias",
        "cep": "40250-330",
        "telefone": "3244-2999/ 8108-6057",
        "foto_thumb": "http://www.terreiros.ceao.ufba.br/_FT/pq/61.jpg",
        "foto_grande": "http://www.terreiros.ceao.ufba.br/_FT/gd/61.jpg",
        "ceao_id": "61",
        "geo_status": "in_bahia"
      }
    },
    {
      "type": "Feature",
      "geometry": {
        "type": "Point",
        "coordinates": [
          -38.4910505921312,
          -12.9785076655652
        ]
      },
      "properties": {
        "nome": "Ilê Axé Kaió Oyá Iranji",
        "fonte": "ceao",
        "fonte_detalhe": "CEAO/UFBA - terreiros.ceao.ufba.br",
        "lideranca": "Herminia Cruz da Conceição",
        "nacao": "Keto",
        "ano_fundacao": "1976",
        "regente": "Oiá",
        "endereco": "Rua Obaluaê (Antiga São Braz) , 26",
        "bairro": "Uruguai",
        "cep": "40450-160",
        "telefone": "3314-7943",
        "foto_thumb": "http://www.terreiros.ceao.ufba.br/_FT/pq/64.jpg",
        "foto_grande": "http://www.terreiros.ceao.ufba.br/_FT/gd/64.jpg",
        "ceao_id": "64",
        "geo_status": "in_bahia"
      }
    },
    {
      "type": "Feature",
      "geometry": {
        "type": "Point",
        "coordinates": [
          -38.4962710391627,
          -12.9378764817463
        ]
      },
      "properties": {
        "nome": "Ilê Oiá Ogum Axé",
        "fonte": "ceao",
        "fonte_detalhe": "CEAO/UFBA - terreiros.ceao.ufba.br",
        "lideranca": "Lindinalva Silva Santana",
        "nacao": "Keto",
        "ano_fundacao": "2000",
        "regente": "Iansã",
        "bairro": "Cosme de Farias",
        "cep": "40250-230",
        "telefone": "3244-8426",
        "foto_thumb": "http://www.terreiros.ceao.ufba.br/_FT/pq/65.jpg",
        "foto_grande": "http://www.terreiros.ceao.ufba.br/_FT/gd/65.jpg",
        "ceao_id": "65",
        "geo_status": "in_bahia"
      }
    },
    {
      "type": "Feature",
      "geometry": {
        "type": "Point",
        "coordinates": [
          -38.4895499959058,
          -12.9772834580261
        ]
      },
      "properties": {
        "nome": "Ilê Obâ Dêmin",
        "fonte": "ceao",
        "fonte_detalhe": "CEAO/UFBA - terreiros.ceao.ufba.br",
        "lideranca": "Sergina Juvencia dos Anjos",
        "nacao": "Keto",
        "ano_fundacao": "1942",
        "regente": "Xangô",
        "endereco": "Rua Alto do Formoso , 8 A",
        "bairro": "Cosme de Farias",
        "cep": "40250-180",
        "telefone": "3389-3259",
        "foto_thumb": "http://www.terreiros.ceao.ufba.br/_FT/pq/66.jpg",
        "foto_grande": "http://www.terreiros.ceao.ufba.br/_FT/gd/66.jpg",
        "ceao_id": "66",
        "geo_status": "in_bahia"
      }
    },
    {
      "type": "Feature",
      "geometry": {
        "type": "Point",
        "coordinates": [
          -38.4910590415724,
          -12.9793207467654
        ]
      },
      "properties": {
        "nome": "Ilê Milaia",
        "fonte": "ceao",
        "fonte_detalhe": "CEAO/UFBA - terreiros.ceao.ufba.br",
        "lideranca": "Célia França de Oliveira",
        "nacao": "Ijexá Keto",
        "ano_fundacao": "1976",
        "regente": "Caboclo Caipó",
        "endereco": "Rua Jaguarai, 19, fundo",
        "bairro": "Cosme de Farias",
        "cep": "40254-126",
        "telefone": "3383-2916",
        "foto_thumb": "http://www.terreiros.ceao.ufba.br/_FT/pq/67.jpg",
        "foto_grande": "http://www.terreiros.ceao.ufba.br/_FT/gd/67.jpg",
        "ceao_id": "67",
        "geo_status": "in_bahia"
      }
    },
    {
      "type": "Feature",
      "geometry": {
        "type": "Point",
        "coordinates": [
          -38.4889953115107,
          -12.9788349473651
        ]
      },
      "properties": {
        "nome": "Ilê Axé Omin Ôro",
        "fonte": "ceao",
        "fonte_detalhe": "CEAO/UFBA - terreiros.ceao.ufba.br",
        "lideranca": "Iraci da Silva Gomes",
        "nacao": "Keto",
        "ano_fundacao": "1976",
        "regente": "Oxum",
        "endereco": "Rua São Damião , 130",
        "bairro": "Cosme de Farias",
        "cep": "40253-820",
        "telefone": "3381-1383",
        "foto_thumb": "http://www.terreiros.ceao.ufba.br/_FT/pq/69.jpg",
        "foto_grande": "http://www.terreiros.ceao.ufba.br/_FT/gd/69.jpg",
        "ceao_id": "69",
        "geo_status": "in_bahia"
      }
    },
    {
      "type": "Feature",
      "geometry": {
        "type": "Point",
        "coordinates": [
          -38.4860924867354,
          -12.9778914540441
        ]
      },
      "properties": {
        "nome": "Ilê Axé Iyá Nassô Oká (Terreiro da Casa Branca)",
        "fonte": "ceao",
        "fonte_detalhe": "CEAO/UFBA - terreiros.ceao.ufba.br",
        "lideranca": "Altamira Celina dos Santos",
        "nacao": "Keto",
        "ano_fundacao": "1735",
        "regente": "Xangô, Oxum e Obaluaê",
        "bairro": "Vasco da Gama",
        "cep": "40230-731",
        "telefone": "3334-2900/ 9195-0651",
        "foto_thumb": "http://www.terreiros.ceao.ufba.br/_FT/pq/70.jpg",
        "foto_grande": "http://www.terreiros.ceao.ufba.br/_FT/gd/70.jpg",
        "ceao_id": "70",
        "geo_status": "in_bahia"
      }
    },
    {
      "type": "Feature",
      "geometry": {
        "type": "Point",
        "coordinates": [
          -38.4945812743551,
          -12.996759771005
        ]
      },
      "properties": {
        "nome": "Ylê Axé Oxumarê",
        "fonte": "ceao",
        "fonte_detalhe": "CEAO/UFBA - terreiros.ceao.ufba.br",
        "lideranca": "Silvamilton Encarnação",
        "nacao": "Keto",
        "ano_fundacao": "1836",
        "regente": "Oxumaré",
        "bairro": "Vasco da Gama",
        "cep": "40230-090",
        "telefone": "3247-1130/ 3237-2859",
        "foto_thumb": "http://www.terreiros.ceao.ufba.br/_FT/pq/71.jpg",
        "foto_grande": "http://www.terreiros.ceao.ufba.br/_FT/gd/71.jpg",
        "ceao_id": "71",
        "geo_status": "in_bahia"
      }
    },
    {
      "type": "Feature",
      "geometry": {
        "type": "Point",
        "coordinates": [
          -38.5038947084146,
          -12.9860094784126
        ]
      },
      "properties": {
        "nome": "Jinge Junçara",
        "fonte": "ceao",
        "fonte_detalhe": "CEAO/UFBA - terreiros.ceao.ufba.br",
        "lideranca": "Jaciara Conceição Santana",
        "nacao": "Angola",
        "ano_fundacao": "1954",
        "regente": "Zazi",
        "endereco": "Rua José Ramos, 46",
        "bairro": "Eng. Velho de Brotas",
        "cep": "40243-520",
        "telefone": "3261-8258",
        "foto_thumb": "http://www.terreiros.ceao.ufba.br/_FT/pq/74.jpg",
        "foto_grande": "http://www.terreiros.ceao.ufba.br/_FT/gd/74.jpg",
        "ceao_id": "74",
        "geo_status": "in_bahia"
      }
    },
    {
      "type": "Feature",
      "geometry": {
        "type": "Point",
        "coordinates": [
          -38.5007711456912,
          -12.9917372203831
        ]
      },
      "properties": {
        "nome": "Alá Omin Axé",
        "fonte": "ceao",
        "fonte_detalhe": "CEAO/UFBA - terreiros.ceao.ufba.br",
        "lideranca": "Josilton C. Damasceno",
        "nacao": "Keto",
        "ano_fundacao": "1983",
        "regente": "Oxalá",
        "endereco": "Rua Dique Pequeno, 03 Fundo",
        "bairro": "Vasco da Gama",
        "cep": "40240-112",
        "telefone": "3383-1364",
        "foto_thumb": "http://www.terreiros.ceao.ufba.br/_FT/pq/75.jpg",
        "foto_grande": "http://www.terreiros.ceao.ufba.br/_FT/gd/75.jpg",
        "ceao_id": "75",
        "geo_status": "in_bahia"
      }
    },
    {
      "type": "Feature",
      "geometry": {
        "type": "Point",
        "coordinates": [
          -38.5027048097801,
          -12.9822108116831
        ]
      },
      "properties": {
        "nome": "Abaça Amazi",
        "fonte": "ceao",
        "fonte_detalhe": "CEAO/UFBA - terreiros.ceao.ufba.br",
        "lideranca": "Aida Almeida Costa",
        "nacao": "Angola",
        "ano_fundacao": "1981",
        "regente": "Oxum",
        "endereco": "Rua José Ramos. 176",
        "bairro": "Vasco da Gama",
        "cep": "40243-520",
        "telefone": "3261-3357",
        "foto_thumb": "http://www.terreiros.ceao.ufba.br/_FT/pq/76.jpg",
        "foto_grande": "http://www.terreiros.ceao.ufba.br/_FT/gd/76.jpg",
        "ceao_id": "76",
        "geo_status": "in_bahia"
      }
    },
    {
      "type": "Feature",
      "geometry": {
        "type": "Point",
        "coordinates": [
          -38.4899884796965,
          -12.9932462888216
        ]
      },
      "properties": {
        "nome": "Ilê Axé Ibá Oluaeí  Ilê Axé Ibá Ogum",
        "fonte": "ceao",
        "fonte_detalhe": "CEAO/UFBA - terreiros.ceao.ufba.br",
        "lideranca": "Maria Adélia Santana dos Reis",
        "nacao": "Keto",
        "ano_fundacao": "1890",
        "regente": "Ogum",
        "bairro": "Vasco da Gama",
        "cep": "40230-680",
        "telefone": "3332-3937",
        "foto_thumb": "http://www.terreiros.ceao.ufba.br/_FT/pq/78.jpg",
        "foto_grande": "http://www.terreiros.ceao.ufba.br/_FT/gd/78.jpg",
        "ceao_id": "78",
        "geo_status": "in_bahia"
      }
    },
    {
      "type": "Feature",
      "geometry": {
        "type": "Point",
        "coordinates": [
          -38.4970332451439,
          -12.9967129455014
        ]
      },
      "properties": {
        "nome": "Casa Recreativa São Jorge",
        "fonte": "ceao",
        "fonte_detalhe": "CEAO/UFBA - terreiros.ceao.ufba.br",
        "lideranca": "Elizabete Ferreira Passos",
        "nacao": "Keto",
        "ano_fundacao": "0",
        "regente": "Oxóssi",
        "bairro": "Vasco da Gama",
        "cep": "40243-370",
        "telefone": "3261-4130",
        "foto_thumb": "http://www.terreiros.ceao.ufba.br/_FT/pq/79.jpg",
        "foto_grande": "http://www.terreiros.ceao.ufba.br/_FT/gd/79.jpg",
        "ceao_id": "79",
        "geo_status": "in_bahia"
      }
    },
    {
      "type": "Feature",
      "geometry": {
        "type": "Point",
        "coordinates": [
          -38.5005025554616,
          -12.9906626926821
        ]
      },
      "properties": {
        "nome": "Ilê Oxum Pondá",
        "fonte": "ceao",
        "fonte_detalhe": "CEAO/UFBA - terreiros.ceao.ufba.br",
        "lideranca": "Valdelice Pereira da Silva",
        "nacao": "Keto",
        "ano_fundacao": "1984",
        "regente": "Oxum",
        "endereco": "Rua Hélio Machado , 108",
        "bairro": "Boca do Rio",
        "cep": "41710-200",
        "telefone": "3392-0232/ 3232-1460",
        "foto_thumb": "http://www.terreiros.ceao.ufba.br/_FT/pq/80.jpg",
        "foto_grande": "http://www.terreiros.ceao.ufba.br/_FT/gd/80.jpg",
        "ceao_id": "80",
        "geo_status": "in_bahia"
      }
    },
    {
      "type": "Feature",
      "geometry": {
        "type": "Point",
        "coordinates": [
          -38.432141718894,
          -12.9789134101521
        ]
      },
      "properties": {
        "nome": "Nanã Coroci Dewá",
        "fonte": "ceao",
        "fonte_detalhe": "CEAO/UFBA - terreiros.ceao.ufba.br",
        "lideranca": "Carmelita Araújo da Purificação",
        "nacao": "Keto",
        "ano_fundacao": "1976",
        "regente": "Nanã",
        "endereco": "Rua Santo Antonio, 162E",
        "bairro": "Sete de Abril",
        "cep": "41385-190",
        "telefone": "3393-2143",
        "foto_thumb": "http://www.terreiros.ceao.ufba.br/_FT/pq/81.jpg",
        "foto_grande": "http://www.terreiros.ceao.ufba.br/_FT/gd/81.jpg",
        "ceao_id": "81",
        "geo_status": "in_bahia"
      }
    },
    {
      "type": "Feature",
      "geometry": {
        "type": "Point",
        "coordinates": [
          -38.4303941029603,
          -12.910836614062
        ]
      },
      "properties": {
        "nome": "Terreiro Viva Deus Neto",
        "fonte": "ceao",
        "fonte_detalhe": "CEAO/UFBA - terreiros.ceao.ufba.br",
        "lideranca": "Hilda Miranda do A. Divino",
        "nacao": "Angola",
        "ano_fundacao": "1977",
        "regente": "Ogum de Ronda",
        "endereco": "Rua Emiliano Galiza, 52",
        "bairro": "Boca do Rio",
        "cep": "41706-770",
        "telefone": "3230-8794",
        "foto_thumb": "http://www.terreiros.ceao.ufba.br/_FT/pq/82.jpg",
        "foto_grande": "http://www.terreiros.ceao.ufba.br/_FT/gd/82.jpg",
        "ceao_id": "82",
        "geo_status": "in_bahia"
      }
    },
    {
      "type": "Feature",
      "geometry": {
        "type": "Point",
        "coordinates": [
          -38.4271027841509,
          -12.9741835878006
        ]
      },
      "properties": {
        "nome": "Ibá Faron",
        "fonte": "ceao",
        "fonte_detalhe": "CEAO/UFBA - terreiros.ceao.ufba.br",
        "lideranca": "Edith Maria da Silva",
        "nacao": "Jêje Keto",
        "ano_fundacao": "1961",
        "regente": "Oxalá",
        "endereco": "Rua Bernadete Dias , 15",
        "bairro": "Boca do Rio",
        "cep": "41710-040",
        "telefone": "3392-0232",
        "ceao_id": "83",
        "geo_status": "in_bahia"
      }
    },
    {
      "type": "Feature",
      "geometry": {
        "type": "Point",
        "coordinates": [
          -38.4309044979371,
          -12.9766587732125
        ]
      },
      "properties": {
        "nome": "Ilê Axé Ocuta Inã",
        "fonte": "ceao",
        "fonte_detalhe": "CEAO/UFBA - terreiros.ceao.ufba.br",
        "lideranca": "Antônio Eraclio R. Assis",
        "nacao": "Keto",
        "ano_fundacao": "1992",
        "regente": "Oxum",
        "endereco": "Rua Iracema, 1",
        "bairro": "Pituaçu",
        "cep": "41740-140",
        "telefone": "3363-4284",
        "foto_thumb": "http://www.terreiros.ceao.ufba.br/_FT/pq/84.jpg",
        "foto_grande": "http://www.terreiros.ceao.ufba.br/_FT/gd/84.jpg",
        "ceao_id": "84",
        "geo_status": "in_bahia"
      }
    },
    {
      "type": "Feature",
      "geometry": {
        "type": "Point",
        "coordinates": [
          -38.4140489377869,
          -12.9679681101159
        ]
      },
      "properties": {
        "nome": "Ilê Odô Ogê  Pilão de Prata",
        "fonte": "ceao",
        "fonte_detalhe": "CEAO/UFBA - terreiros.ceao.ufba.br",
        "lideranca": "Air José Souza de Jesus",
        "nacao": "Keto",
        "ano_fundacao": "1962",
        "regente": "Oxalá e Oxum",
        "bairro": "Boca do Rio",
        "cep": "41705-140",
        "telefone": "9185-5771",
        "foto_thumb": "http://www.terreiros.ceao.ufba.br/_FT/pq/85.jpg",
        "foto_grande": "http://www.terreiros.ceao.ufba.br/_FT/gd/85.jpg",
        "ceao_id": "85",
        "geo_status": "in_bahia"
      }
    },
    {
      "type": "Feature",
      "geometry": {
        "type": "Point",
        "coordinates": [
          -38.4331290866326,
          -12.9758386186998
        ]
      },
      "properties": {
        "nome": "Terreiro Azauani",
        "fonte": "ceao",
        "fonte_detalhe": "CEAO/UFBA - terreiros.ceao.ufba.br",
        "lideranca": "José Carlos da C. Silva",
        "nacao": "Keto",
        "ano_fundacao": "1966",
        "regente": "Obaluaê",
        "endereco": "Rua Veríssimo de Freitas, 40E",
        "bairro": "Boca do Rio",
        "cep": "41745-300",
        "telefone": "9185-5771",
        "foto_thumb": "http://www.terreiros.ceao.ufba.br/_FT/pq/87.jpg",
        "foto_grande": "http://www.terreiros.ceao.ufba.br/_FT/gd/87.jpg",
        "ceao_id": "87",
        "geo_status": "in_bahia"
      }
    },
    {
      "type": "Feature",
      "geometry": {
        "type": "Point",
        "coordinates": [
          -38.4341352085967,
          -12.9751301785921
        ]
      },
      "properties": {
        "nome": "Ilê Axé Araká Togum",
        "fonte": "ceao",
        "fonte_detalhe": "CEAO/UFBA - terreiros.ceao.ufba.br",
        "lideranca": "Ana Laura Santos de Souza",
        "nacao": "Keto Jêje",
        "ano_fundacao": "1972",
        "regente": "Ogum",
        "endereco": "Rua Lavínia Magalhães, 313",
        "bairro": "Boca do Rio",
        "cep": "41710-020",
        "telefone": "3481-4901",
        "foto_thumb": "http://www.terreiros.ceao.ufba.br/_FT/pq/88.jpg",
        "foto_grande": "http://www.terreiros.ceao.ufba.br/_FT/gd/88.jpg",
        "ceao_id": "88",
        "geo_status": "in_bahia"
      }
    },
    {
      "type": "Feature",
      "geometry": {
        "type": "Point",
        "coordinates": [
          -38.4364987221915,
          -12.9312877375599
        ]
      },
      "properties": {
        "nome": "Tira Teima",
        "fonte": "ceao",
        "fonte_detalhe": "CEAO/UFBA - terreiros.ceao.ufba.br",
        "lideranca": "Hilda Costa Pepe",
        "nacao": "Keto",
        "ano_fundacao": "1966",
        "regente": "Ogum",
        "endereco": "Rua Netuno, 13",
        "bairro": "Pituaçu",
        "cep": "41740-244",
        "telefone": "9185-5771",
        "foto_thumb": "http://www.terreiros.ceao.ufba.br/_FT/pq/90.jpg",
        "foto_grande": "http://www.terreiros.ceao.ufba.br/_FT/gd/90.jpg",
        "ceao_id": "90",
        "geo_status": "in_bahia"
      }
    },
    {
      "type": "Feature",
      "geometry": {
        "type": "Point",
        "coordinates": [
          -38.4148583863373,
          -12.9693099890563
        ]
      },
      "properties": {
        "nome": "Tata Maquende",
        "fonte": "ceao",
        "fonte_detalhe": "CEAO/UFBA - terreiros.ceao.ufba.br",
        "lideranca": "Heloina Tavares de Souza",
        "nacao": "Angola",
        "ano_fundacao": "1806",
        "regente": "Oxalá",
        "endereco": "Rua do Caxundé, 8",
        "bairro": "Boca do Rio",
        "telefone": "9185-5771",
        "foto_thumb": "http://www.terreiros.ceao.ufba.br/_FT/pq/93.jpg",
        "foto_grande": "http://www.terreiros.ceao.ufba.br/_FT/gd/93.jpg",
        "ceao_id": "93",
        "geo_status": "in_bahia"
      }
    },
    {
      "type": "Feature",
      "geometry": {
        "type": "Point",
        "coordinates": [
          -38.4367262657457,
          -12.979137915647
        ]
      },
      "properties": {
        "nome": "Casa de Giro",
        "fonte": "ceao",
        "fonte_detalhe": "CEAO/UFBA - terreiros.ceao.ufba.br",
        "lideranca": "Ianeide Ribeiro Rocha",
        "nacao": "Angola",
        "ano_fundacao": "1998",
        "regente": "Oxalá",
        "endereco": "Rua Pereira Santos, Trav. Silvano, 9",
        "bairro": "Federação",
        "cep": "40230-180",
        "telefone": "3332-1983",
        "foto_thumb": "http://www.terreiros.ceao.ufba.br/_FT/pq/94.jpg",
        "foto_grande": "http://www.terreiros.ceao.ufba.br/_FT/gd/94.jpg",
        "ceao_id": "94",
        "geo_status": "in_bahia"
      }
    },
    {
      "type": "Feature",
      "geometry": {
        "type": "Point",
        "coordinates": [
          -38.4979700017659,
          -12.9940421020211
        ]
      },
      "properties": {
        "nome": "Cocio Dé Canifá Olorum Ia Caloci",
        "fonte": "ceao",
        "fonte_detalhe": "CEAO/UFBA - terreiros.ceao.ufba.br",
        "lideranca": "Olga Ferreira da Silva",
        "nacao": "Keto",
        "ano_fundacao": "1936",
        "regente": "Iansã",
        "bairro": "Federação",
        "cep": "40230-621",
        "telefone": "3245-0849",
        "foto_thumb": "http://www.terreiros.ceao.ufba.br/_FT/pq/96.jpg",
        "foto_grande": "http://www.terreiros.ceao.ufba.br/_FT/gd/96.jpg",
        "ceao_id": "96",
        "geo_status": "in_bahia"
      }
    },
    {
      "type": "Feature",
      "geometry": {
        "type": "Point",
        "coordinates": [
          -38.4996443829717,
          -12.9943803440209
        ]
      },
      "properties": {
        "nome": "Ilê Axé Iá Iamidé, Casa das Águas Mães",
        "fonte": "ceao",
        "fonte_detalhe": "CEAO/UFBA - terreiros.ceao.ufba.br",
        "lideranca": "Alberto Ribeiro de Santana",
        "nacao": "Keto",
        "ano_fundacao": "1978",
        "regente": "Omolu",
        "endereco": "Rua 4 de Dezembro , 144",
        "bairro": "Federação",
        "cep": "40235-480",
        "telefone": "3245-3809/ 9922-3757",
        "foto_thumb": "http://www.terreiros.ceao.ufba.br/_FT/pq/97.jpg",
        "foto_grande": "http://www.terreiros.ceao.ufba.br/_FT/gd/97.jpg",
        "ceao_id": "97",
        "geo_status": "in_bahia"
      }
    },
    {
      "type": "Feature",
      "geometry": {
        "type": "Point",
        "coordinates": [
          -38.4990202080407,
          -12.9953311928839
        ]
      },
      "properties": {
        "nome": "Ilê Axé Iá Dê",
        "fonte": "ceao",
        "fonte_detalhe": "CEAO/UFBA - terreiros.ceao.ufba.br",
        "lideranca": "Rosemeire Alves de Lima",
        "nacao": "Keto",
        "ano_fundacao": "1976",
        "regente": "Oxum",
        "endereco": "Rua Onze de Agosto, 19E",
        "bairro": "Federação",
        "cep": "40230-110",
        "telefone": "3489-4720",
        "foto_thumb": "http://www.terreiros.ceao.ufba.br/_FT/pq/98.jpg",
        "foto_grande": "http://www.terreiros.ceao.ufba.br/_FT/gd/98.jpg",
        "ceao_id": "98",
        "geo_status": "in_bahia"
      }
    },
    {
      "type": "Feature",
      "geometry": {
        "type": "Point",
        "coordinates": [
          -38.4980895778122,
          -12.9976894160423
        ]
      },
      "properties": {
        "nome": "Ilê Axé Yeye Jimun",
        "fonte": "ceao",
        "fonte_detalhe": "CEAO/UFBA - terreiros.ceao.ufba.br",
        "lideranca": "Nelma Neves dos Santos",
        "nacao": "Keto",
        "ano_fundacao": "1986",
        "regente": "Oxum",
        "endereco": "Rua da Paz, 19",
        "bairro": "Itapuã",
        "cep": "41620-620",
        "telefone": "3249-1668",
        "foto_thumb": "http://www.terreiros.ceao.ufba.br/_FT/pq/100.jpg",
        "foto_grande": "http://www.terreiros.ceao.ufba.br/_FT/gd/100.jpg",
        "ceao_id": "100",
        "geo_status": "in_bahia"
      }
    },
    {
      "type": "Feature",
      "geometry": {
        "type": "Point",
        "coordinates": [
          -38.3623315929044,
          -12.94419856846
        ]
      },
      "properties": {
        "nome": "Ilê Ore-Ofê",
        "fonte": "ceao",
        "fonte_detalhe": "CEAO/UFBA - terreiros.ceao.ufba.br",
        "lideranca": "Dagoberto Otávio de Mendonça",
        "nacao": "Nagô",
        "ano_fundacao": "1985",
        "regente": "Ogum",
        "endereco": "Rua 21 de Agosto, 22",
        "bairro": "Itapuã",
        "cep": "41620-630",
        "telefone": "3249-7733",
        "foto_thumb": "http://www.terreiros.ceao.ufba.br/_FT/pq/103.jpg",
        "foto_grande": "http://www.terreiros.ceao.ufba.br/_FT/gd/103.jpg",
        "ceao_id": "103",
        "geo_status": "in_bahia"
      }
    },
    {
      "type": "Feature",
      "geometry": {
        "type": "Point",
        "coordinates": [
          -38.3682326456778,
          -12.9397677653256
        ]
      },
      "properties": {
        "nome": "Ilê Axé Ibá Omim Ejá",
        "fonte": "ceao",
        "fonte_detalhe": "CEAO/UFBA - terreiros.ceao.ufba.br",
        "lideranca": "Fábio Gomes Souza",
        "nacao": "Keto",
        "ano_fundacao": "1999",
        "regente": "Iemanjá",
        "endereco": "Km 17, Rua Sérgio Carneiro, 10",
        "bairro": "Itapuã",
        "cep": "41610-570",
        "telefone": "3377-0755/ 3248-3068",
        "foto_thumb": "http://www.terreiros.ceao.ufba.br/_FT/pq/104.jpg",
        "foto_grande": "http://www.terreiros.ceao.ufba.br/_FT/gd/104.jpg",
        "ceao_id": "104",
        "geo_status": "in_bahia"
      }
    },
    {
      "type": "Feature",
      "geometry": {
        "type": "Point",
        "coordinates": [
          -38.3674557441523,
          -12.9363465199006
        ]
      },
      "properties": {
        "nome": "Axé Oyá - Minilê",
        "fonte": "ceao",
        "fonte_detalhe": "CEAO/UFBA - terreiros.ceao.ufba.br",
        "lideranca": "Vera Lícia S. Moreira",
        "nacao": "Nagô vodum",
        "ano_fundacao": "1986",
        "regente": "Oxalá",
        "endereco": "Rua da Fonte, Km 17 nº 25",
        "bairro": "Itapuã",
        "cep": "41630-670",
        "telefone": "3375-1068",
        "foto_thumb": "http://www.terreiros.ceao.ufba.br/_FT/pq/105.jpg",
        "foto_grande": "http://www.terreiros.ceao.ufba.br/_FT/gd/105.jpg",
        "ceao_id": "105",
        "geo_status": "in_bahia"
      }
    },
    {
      "type": "Feature",
      "geometry": {
        "type": "Point",
        "coordinates": [
          -38.3649319534865,
          -12.9348908153831
        ]
      },
      "properties": {
        "nome": "Ylê Axé Magébemim",
        "fonte": "ceao",
        "fonte_detalhe": "CEAO/UFBA - terreiros.ceao.ufba.br",
        "lideranca": "Maria da Conceição da Hora Souza",
        "nacao": "Keto",
        "ano_fundacao": "1987",
        "regente": "Ogum",
        "bairro": "Itapuã",
        "cep": "41620-265",
        "telefone": "3249-1546",
        "foto_thumb": "http://www.terreiros.ceao.ufba.br/_FT/pq/106.jpg",
        "foto_grande": "http://www.terreiros.ceao.ufba.br/_FT/gd/106.jpg",
        "ceao_id": "106",
        "geo_status": "in_bahia"
      }
    },
    {
      "type": "Feature",
      "geometry": {
        "type": "Point",
        "coordinates": [
          -38.3659885065281,
          -12.9351484738746
        ]
      },
      "properties": {
        "nome": "Ilê Axé Obá Ifan",
        "fonte": "ceao",
        "fonte_detalhe": "CEAO/UFBA - terreiros.ceao.ufba.br",
        "lideranca": "Luis Pedro Pereira Valle",
        "nacao": "Keto",
        "ano_fundacao": "2004",
        "regente": "Xangô",
        "endereco": "Rua Juazeiro, 54",
        "bairro": "Itapuã",
        "cep": "41610-260",
        "telefone": "3285-2017",
        "foto_thumb": "http://www.terreiros.ceao.ufba.br/_FT/pq/107.jpg",
        "foto_grande": "http://www.terreiros.ceao.ufba.br/_FT/gd/107.jpg",
        "ceao_id": "107",
        "geo_status": "in_bahia"
      }
    },
    {
      "type": "Feature",
      "geometry": {
        "type": "Point",
        "coordinates": [
          -38.3708166616812,
          -12.943834076621
        ]
      },
      "properties": {
        "nome": "Ilê Axé Megê Irê",
        "fonte": "ceao",
        "fonte_detalhe": "CEAO/UFBA - terreiros.ceao.ufba.br",
        "lideranca": "Maria Helena Silva Coelho",
        "nacao": "Nagô",
        "ano_fundacao": "1987",
        "regente": "Ogum",
        "endereco": "1ª Trav. Xangô, 20E",
        "bairro": "Itapuã",
        "cep": "41630-570",
        "telefone": "3375-2517",
        "foto_thumb": "http://www.terreiros.ceao.ufba.br/_FT/pq/108.jpg",
        "foto_grande": "http://www.terreiros.ceao.ufba.br/_FT/gd/108.jpg",
        "ceao_id": "108",
        "geo_status": "in_bahia"
      }
    },
    {
      "type": "Feature",
      "geometry": {
        "type": "Point",
        "coordinates": [
          -38.3621812384699,
          -12.9369458719043
        ]
      },
      "properties": {
        "nome": "Ilê Axé Dajuleci",
        "fonte": "ceao",
        "fonte_detalhe": "CEAO/UFBA - terreiros.ceao.ufba.br",
        "lideranca": "Neide Leandra dos Santos",
        "nacao": "Keto",
        "ano_fundacao": "1991",
        "regente": "Ogunjá",
        "endereco": "Rua Xangô, 26",
        "bairro": "Itapuã",
        "cep": "41630-570",
        "telefone": "3249-9707",
        "foto_thumb": "http://www.terreiros.ceao.ufba.br/_FT/pq/109.jpg",
        "foto_grande": "http://www.terreiros.ceao.ufba.br/_FT/gd/109.jpg",
        "ceao_id": "109",
        "geo_status": "in_bahia"
      }
    },
    {
      "type": "Feature",
      "geometry": {
        "type": "Point",
        "coordinates": [
          -38.361330611113,
          -12.9362741887974
        ]
      },
      "properties": {
        "nome": "Casa do Caboclo Sultão das Matas",
        "fonte": "ceao",
        "fonte_detalhe": "CEAO/UFBA - terreiros.ceao.ufba.br",
        "lideranca": "Marivalda dos Santos",
        "nacao": "Angola Keto",
        "ano_fundacao": "2001",
        "regente": "Xangô",
        "endereco": "Rua Ipitanga, 30, Nova Brasília",
        "bairro": "Itapuã",
        "cep": "41611-660",
        "telefone": "3285-7123",
        "foto_thumb": "http://www.terreiros.ceao.ufba.br/_FT/pq/354.jpg",
        "foto_grande": "http://www.terreiros.ceao.ufba.br/_FT/gd/354.jpg",
        "ceao_id": "354",
        "geo_status": "in_bahia"
      }
    },
    {
      "type": "Feature",
      "geometry": {
        "type": "Point",
        "coordinates": [
          -38.3613902984026,
          -12.9152153169098
        ]
      },
      "properties": {
        "nome": "Ylê Iá Omí Ase",
        "fonte": "ceao",
        "fonte_detalhe": "CEAO/UFBA - terreiros.ceao.ufba.br",
        "lideranca": "Ivanete Matos Ferreira",
        "nacao": "Keto",
        "ano_fundacao": "1992",
        "regente": "Oxum",
        "bairro": "Mussurunga I",
        "cep": "41490-364",
        "telefone": "3252-9421",
        "foto_thumb": "http://www.terreiros.ceao.ufba.br/_FT/pq/111.jpg",
        "foto_grande": "http://www.terreiros.ceao.ufba.br/_FT/gd/111.jpg",
        "ceao_id": "111",
        "geo_status": "in_bahia"
      }
    },
    {
      "type": "Feature",
      "geometry": {
        "type": "Point",
        "coordinates": [
          -38.359253649864,
          -12.9171220198427
        ]
      },
      "properties": {
        "nome": "Ylê Axé Iemanjá Ogunté Omo Ajagunã",
        "fonte": "ceao",
        "fonte_detalhe": "CEAO/UFBA - terreiros.ceao.ufba.br",
        "lideranca": "Nilza Maria da S. Rodrigues",
        "nacao": "Keto",
        "ano_fundacao": "2003",
        "regente": "Iemanjá Ogunté",
        "endereco": "Rua O, Setor G, Casa 1",
        "bairro": "Mussurunga I",
        "cep": "41510-180",
        "telefone": "3376-5050",
        "foto_thumb": "http://www.terreiros.ceao.ufba.br/_FT/pq/112.jpg",
        "foto_grande": "http://www.terreiros.ceao.ufba.br/_FT/gd/112.jpg",
        "ceao_id": "112",
        "geo_status": "in_bahia"
      }
    },
    {
      "type": "Feature",
      "geometry": {
        "type": "Point",
        "coordinates": [
          -38.3666089374707,
          -12.9105788843437
        ]
      },
      "properties": {
        "nome": "Kavonjilesi",
        "fonte": "ceao",
        "fonte_detalhe": "CEAO/UFBA - terreiros.ceao.ufba.br",
        "lideranca": "Roberto Rocha dos Santos",
        "nacao": "Angola",
        "ano_fundacao": "1991",
        "regente": "Obaluaê",
        "bairro": "Mussurunga I",
        "cep": "41510-190",
        "telefone": "3285-5486",
        "foto_thumb": "http://www.terreiros.ceao.ufba.br/_FT/pq/113.jpg",
        "foto_grande": "http://www.terreiros.ceao.ufba.br/_FT/gd/113.jpg",
        "ceao_id": "113",
        "geo_status": "in_bahia"
      }
    },
    {
      "type": "Feature",
      "geometry": {
        "type": "Point",
        "coordinates": [
          -38.3593293777833,
          -12.9162493170769
        ]
      },
      "properties": {
        "nome": "Ilê Axé Tony Solayo",
        "fonte": "ceao",
        "fonte_detalhe": "CEAO/UFBA - terreiros.ceao.ufba.br",
        "lideranca": "Margarida Nayr da Anunciação",
        "nacao": "Keto",
        "ano_fundacao": "1986",
        "regente": "Xangô e Ogum",
        "endereco": "Setor G, Rua G Caminho 39 casa 7",
        "bairro": "Mussurunga I",
        "telefone": "3377-7747",
        "foto_thumb": "http://www.terreiros.ceao.ufba.br/_FT/pq/114.jpg",
        "foto_grande": "http://www.terreiros.ceao.ufba.br/_FT/gd/114.jpg",
        "ceao_id": "114",
        "geo_status": "in_bahia"
      }
    },
    {
      "type": "Feature",
      "geometry": {
        "type": "Point",
        "coordinates": [
          -38.3655828519958,
          -12.9099283595629
        ]
      },
      "properties": {
        "nome": "Ilê Axé Oiá Balé",
        "fonte": "ceao",
        "fonte_detalhe": "CEAO/UFBA - terreiros.ceao.ufba.br",
        "lideranca": "Tânia Barbosa dos Santos",
        "nacao": "Keto",
        "ano_fundacao": "1994",
        "regente": "Oiá Balé",
        "endereco": "Rua Cachoeira, 36-E, Lotema. Quinta de Ipitangas",
        "bairro": "São Cristóvão",
        "cep": "41500-685",
        "telefone": "3251-6451",
        "foto_thumb": "http://www.terreiros.ceao.ufba.br/_FT/pq/115.jpg",
        "foto_grande": "http://www.terreiros.ceao.ufba.br/_FT/gd/115.jpg",
        "ceao_id": "115",
        "geo_status": "in_bahia"
      }
    },
    {
      "type": "Feature",
      "geometry": {
        "type": "Point",
        "coordinates": [
          -38.3722474352114,
          -12.9077344568682
        ]
      },
      "properties": {
        "nome": "Ninge Lemim",
        "fonte": "ceao",
        "fonte_detalhe": "CEAO/UFBA - terreiros.ceao.ufba.br",
        "lideranca": "Jersonita dos Santos",
        "nacao": "Keto",
        "ano_fundacao": "1984",
        "regente": "Ogum",
        "endereco": "Rua Ipiau, quadra 3, loteamento Quintas de Ipitanga, km 13,5",
        "bairro": "Estrada Velha do Aeroporto",
        "cep": "41500-675",
        "telefone": "3251-0923",
        "foto_thumb": "http://www.terreiros.ceao.ufba.br/_FT/pq/116.jpg",
        "foto_grande": "http://www.terreiros.ceao.ufba.br/_FT/gd/116.jpg",
        "ceao_id": "116",
        "geo_status": "in_bahia"
      }
    },
    {
      "type": "Feature",
      "geometry": {
        "type": "Point",
        "coordinates": [
          -38.3734451691617,
          -12.9096852028043
        ]
      },
      "properties": {
        "nome": "Ilê Axé Ibá Aqueram",
        "fonte": "ceao",
        "fonte_detalhe": "CEAO/UFBA - terreiros.ceao.ufba.br",
        "lideranca": "Ubiraci Santos",
        "nacao": "Keto",
        "ano_fundacao": "1999",
        "regente": "Oxóssi",
        "endereco": "Rua Ipiau, 03",
        "bairro": "São Cristóvão",
        "cep": "41500-675",
        "telefone": "3365-6838",
        "foto_thumb": "http://www.terreiros.ceao.ufba.br/_FT/pq/117.jpg",
        "foto_grande": "http://www.terreiros.ceao.ufba.br/_FT/gd/117.jpg",
        "ceao_id": "117",
        "geo_status": "in_bahia"
      }
    },
    {
      "type": "Feature",
      "geometry": {
        "type": "Point",
        "coordinates": [
          -38.3719269200002,
          -12.906455250279
        ]
      },
      "properties": {
        "nome": "Terreiro Manso, Filho de Lage Grande",
        "fonte": "ceao",
        "fonte_detalhe": "CEAO/UFBA - terreiros.ceao.ufba.br",
        "lideranca": "Edvaldo Nascimento Santos",
        "nacao": "Angola",
        "ano_fundacao": "1990",
        "regente": "Oxumaré",
        "bairro": "Mussurunga",
        "cep": "41510-163",
        "telefone": "3251-1499",
        "foto_thumb": "http://www.terreiros.ceao.ufba.br/_FT/pq/119.jpg",
        "foto_grande": "http://www.terreiros.ceao.ufba.br/_FT/gd/119.jpg",
        "ceao_id": "119",
        "geo_status": "in_bahia"
      }
    },
    {
      "type": "Feature",
      "geometry": {
        "type": "Point",
        "coordinates": [
          -38.3779414547467,
          -12.9112063140361
        ]
      },
      "properties": {
        "nome": "Casa de Yansã e Oxossi",
        "fonte": "ceao",
        "fonte_detalhe": "CEAO/UFBA - terreiros.ceao.ufba.br",
        "lideranca": "Rose Mary Cardoso dos Santos",
        "nacao": "Keto",
        "ano_fundacao": "1986",
        "regente": "não informado",
        "endereco": "Rua da Capela, 301 A",
        "bairro": "São Cristóvão",
        "cep": "41510-445",
        "telefone": "9174-6681/ 9158-7080",
        "foto_thumb": "http://www.terreiros.ceao.ufba.br/_FT/pq/120.jpg",
        "foto_grande": "http://www.terreiros.ceao.ufba.br/_FT/gd/120.jpg",
        "ceao_id": "120",
        "geo_status": "in_bahia"
      }
    },
    {
      "type": "Feature",
      "geometry": {
        "type": "Point",
        "coordinates": [
          -38.3553451069278,
          -12.915928021991
        ]
      },
      "properties": {
        "nome": "Ilê Axé Min Bá Egé",
        "fonte": "ceao",
        "fonte_detalhe": "CEAO/UFBA - terreiros.ceao.ufba.br",
        "lideranca": "José Alberto Brito",
        "nacao": "Keto",
        "ano_fundacao": "1983",
        "regente": "Omolu",
        "endereco": "Rua Adutora, 350",
        "bairro": "São Cristóvão",
        "cep": "41510-350",
        "telefone": "8893-2902",
        "foto_thumb": "http://www.terreiros.ceao.ufba.br/_FT/pq/121.jpg",
        "foto_grande": "http://www.terreiros.ceao.ufba.br/_FT/gd/121.jpg",
        "ceao_id": "121",
        "geo_status": "in_bahia"
      }
    },
    {
      "type": "Feature",
      "geometry": {
        "type": "Point",
        "coordinates": [
          -38.3524725698152,
          -12.9132306933863
        ]
      },
      "properties": {
        "nome": "Ilê Axé Jilobi",
        "fonte": "ceao",
        "fonte_detalhe": "CEAO/UFBA - terreiros.ceao.ufba.br",
        "lideranca": "Edvaldo Alves dos Santos",
        "nacao": "Keto",
        "ano_fundacao": "1969",
        "regente": "Omolu",
        "bairro": "São Cristóvão",
        "cep": "41500-325",
        "telefone": "3377-5017",
        "foto_thumb": "http://www.terreiros.ceao.ufba.br/_FT/pq/122.jpg",
        "foto_grande": "http://www.terreiros.ceao.ufba.br/_FT/gd/122.jpg",
        "ceao_id": "122",
        "geo_status": "in_bahia"
      }
    },
    {
      "type": "Feature",
      "geometry": {
        "type": "Point",
        "coordinates": [
          -38.349801088154,
          -12.9142719935037
        ]
      },
      "properties": {
        "nome": "Ylê Axé Vodun Oya Gê",
        "fonte": "ceao",
        "fonte_detalhe": "CEAO/UFBA - terreiros.ceao.ufba.br",
        "lideranca": "Haidê Conceição da Silva",
        "nacao": "Keto",
        "ano_fundacao": "1983",
        "regente": "Iansã",
        "endereco": "Rua Santo Antônio , 03",
        "bairro": "São Cristóvão",
        "cep": "41510-760",
        "telefone": "3252-1208",
        "foto_thumb": "http://www.terreiros.ceao.ufba.br/_FT/pq/123.jpg",
        "foto_grande": "http://www.terreiros.ceao.ufba.br/_FT/gd/123.jpg",
        "ceao_id": "123",
        "geo_status": "in_bahia"
      }
    },
    {
      "type": "Feature",
      "geometry": {
        "type": "Point",
        "coordinates": [
          -38.3570383920179,
          -12.908518031798
        ]
      },
      "properties": {
        "nome": "Ilê Axé Ibalecy",
        "fonte": "ceao",
        "fonte_detalhe": "CEAO/UFBA - terreiros.ceao.ufba.br",
        "lideranca": "Jandira Alves da Silva",
        "nacao": "Keto",
        "ano_fundacao": "1986",
        "regente": "Iansã",
        "endereco": "Rua Trav. 2 de Julho, 01",
        "bairro": "São Cristóvão",
        "cep": "41500-270",
        "telefone": "3377-5158",
        "foto_thumb": "http://www.terreiros.ceao.ufba.br/_FT/pq/124.jpg",
        "foto_grande": "http://www.terreiros.ceao.ufba.br/_FT/gd/124.jpg",
        "ceao_id": "124",
        "geo_status": "in_bahia"
      }
    },
    {
      "type": "Feature",
      "geometry": {
        "type": "Point",
        "coordinates": [
          -38.3558894762352,
          -12.9063013929543
        ]
      },
      "properties": {
        "nome": "Ilê Axé Omó Ajagun",
        "fonte": "ceao",
        "fonte_detalhe": "CEAO/UFBA - terreiros.ceao.ufba.br",
        "lideranca": "Martin José dos Santos Filho",
        "nacao": "Keto",
        "ano_fundacao": "2000",
        "regente": "Obaluaê",
        "endereco": "Rua 2ª Trav. 2 de julho, Rua das Flores, 26",
        "bairro": "São Cristóvão",
        "cep": "41510-774",
        "telefone": "3251-9612/ 9192-0219",
        "foto_thumb": "http://www.terreiros.ceao.ufba.br/_FT/pq/125.jpg",
        "foto_grande": "http://www.terreiros.ceao.ufba.br/_FT/gd/125.jpg",
        "ceao_id": "125",
        "geo_status": "in_bahia"
      }
    },
    {
      "type": "Feature",
      "geometry": {
        "type": "Point",
        "coordinates": [
          -38.3574054546238,
          -12.9058423326249
        ]
      },
      "properties": {
        "nome": "Caboclo Gentileiro",
        "fonte": "ceao",
        "fonte_detalhe": "CEAO/UFBA - terreiros.ceao.ufba.br",
        "lideranca": "Josefina José de Souza",
        "nacao": "Keto  Angola",
        "ano_fundacao": "1985",
        "regente": "Ogum de Lei",
        "endereco": "Rua 8 de dezembro, 91",
        "bairro": "São Cristóvão",
        "cep": "41510-535",
        "telefone": "3252-2383",
        "foto_thumb": "http://www.terreiros.ceao.ufba.br/_FT/pq/126.jpg",
        "foto_grande": "http://www.terreiros.ceao.ufba.br/_FT/gd/126.jpg",
        "ceao_id": "126",
        "geo_status": "in_bahia"
      }
    },
    {
      "type": "Feature",
      "geometry": {
        "type": "Point",
        "coordinates": [
          -38.3581943754081,
          -12.9057597284518
        ]
      },
      "properties": {
        "nome": "Ilê Axé Ossun Ynká",
        "fonte": "ceao",
        "fonte_detalhe": "CEAO/UFBA - terreiros.ceao.ufba.br",
        "lideranca": "Maria das Graças Guimarães Santos",
        "nacao": "Keto",
        "ano_fundacao": "1940",
        "regente": "Oxum",
        "endereco": "Rua Lauro de Freitas, 66",
        "bairro": "São Cristóvão",
        "cep": "41500-190",
        "telefone": "3251-6994",
        "foto_thumb": "http://www.terreiros.ceao.ufba.br/_FT/pq/127.jpg",
        "foto_grande": "http://www.terreiros.ceao.ufba.br/_FT/gd/127.jpg",
        "ceao_id": "127",
        "geo_status": "in_bahia"
      }
    },
    {
      "type": "Feature",
      "geometry": {
        "type": "Point",
        "coordinates": [
          -38.3545711002514,
          -12.9091898733083
        ]
      },
      "properties": {
        "nome": "Dialunda",
        "fonte": "ceao",
        "fonte_detalhe": "CEAO/UFBA - terreiros.ceao.ufba.br",
        "lideranca": "Laura Maria de Faria",
        "nacao": "Angola",
        "ano_fundacao": "1963",
        "regente": "Oxum",
        "endereco": "Rua São Judas Tadeu, 10",
        "bairro": "São Cristóvão",
        "cep": "41500-510",
        "telefone": "3252-6841",
        "foto_thumb": "http://www.terreiros.ceao.ufba.br/_FT/pq/128.jpg",
        "foto_grande": "http://www.terreiros.ceao.ufba.br/_FT/gd/128.jpg",
        "ceao_id": "128",
        "geo_status": "in_bahia"
      }
    },
    {
      "type": "Feature",
      "geometry": {
        "type": "Point",
        "coordinates": [
          -38.3572879415503,
          -12.9117814487523
        ]
      },
      "properties": {
        "nome": "Ilê Axé Togum",
        "fonte": "ceao",
        "fonte_detalhe": "CEAO/UFBA - terreiros.ceao.ufba.br",
        "lideranca": "Neusa Margarida das Neves da Silva",
        "nacao": "Keto",
        "ano_fundacao": "1946",
        "regente": "Iemanjá",
        "bairro": "São Cristóvão",
        "cep": "41150-000",
        "telefone": "3377-0588",
        "foto_thumb": "http://www.terreiros.ceao.ufba.br/_FT/pq/129.jpg",
        "foto_grande": "http://www.terreiros.ceao.ufba.br/_FT/gd/129.jpg",
        "ceao_id": "129",
        "geo_status": "in_bahia"
      }
    },
    {
      "type": "Feature",
      "geometry": {
        "type": "Point",
        "coordinates": [
          -38.3508933329634,
          -12.9199815405707
        ]
      },
      "properties": {
        "nome": "Ilê Axé Iualê Omilandê",
        "fonte": "ceao",
        "fonte_detalhe": "CEAO/UFBA - terreiros.ceao.ufba.br",
        "lideranca": "Marinalva Ventura de Almeida",
        "nacao": "Keto",
        "ano_fundacao": "1988",
        "regente": "Oxum",
        "endereco": "Rua Valdemar Falcão , 457, Casa 08",
        "bairro": "Brotas",
        "cep": "40296-710",
        "telefone": "3357-1175",
        "foto_thumb": "http://www.terreiros.ceao.ufba.br/_FT/pq/130.jpg",
        "foto_grande": "http://www.terreiros.ceao.ufba.br/_FT/gd/130.jpg",
        "ceao_id": "130",
        "geo_status": "in_bahia"
      }
    },
    {
      "type": "Feature",
      "geometry": {
        "type": "Point",
        "coordinates": [
          -38.4855634057272,
          -12.9949564831229
        ]
      },
      "properties": {
        "nome": "Filhos de Oxum",
        "fonte": "ceao",
        "fonte_detalhe": "CEAO/UFBA - terreiros.ceao.ufba.br",
        "lideranca": "Valdelice Soares Santos",
        "nacao": "Angola",
        "ano_fundacao": "1953",
        "regente": "Dandalunda",
        "endereco": "Rua Franknalda de Souza, 33E",
        "bairro": "Águas Claras",
        "cep": "41310-340",
        "telefone": "3233-0428",
        "foto_thumb": "http://www.terreiros.ceao.ufba.br/_FT/pq/131.jpg",
        "foto_grande": "http://www.terreiros.ceao.ufba.br/_FT/gd/131.jpg",
        "ceao_id": "131",
        "geo_status": "in_bahia"
      }
    },
    {
      "type": "Feature",
      "geometry": {
        "type": "Point",
        "coordinates": [
          -38.4342590796438,
          -12.8932943802757
        ]
      },
      "properties": {
        "nome": "Unzo Aganju Lembe Aluanda",
        "fonte": "ceao",
        "fonte_detalhe": "CEAO/UFBA - terreiros.ceao.ufba.br",
        "lideranca": "Doralice dos Santos Souto",
        "nacao": "Angola",
        "ano_fundacao": "1970",
        "regente": "Oxum",
        "endereco": "Rua Benedito Jenkis , 513",
        "bairro": "Águas Claras",
        "cep": "41310-270",
        "telefone": "3219-3904",
        "foto_thumb": "http://www.terreiros.ceao.ufba.br/_FT/pq/721.jpg",
        "foto_grande": "http://www.terreiros.ceao.ufba.br/_FT/gd/721.jpg",
        "ceao_id": "721",
        "geo_status": "in_bahia"
      }
    },
    {
      "type": "Feature",
      "geometry": {
        "type": "Point",
        "coordinates": [
          -38.4973732596166,
          -12.9773777076037
        ]
      },
      "properties": {
        "nome": "Unzó Oyá Lunda",
        "fonte": "ceao",
        "fonte_detalhe": "CEAO/UFBA - terreiros.ceao.ufba.br",
        "lideranca": "Maria Dejanira do N. Murtha",
        "nacao": "Angola",
        "ano_fundacao": "1984",
        "regente": "Oxum",
        "bairro": "Brotas",
        "cep": "40070-280",
        "telefone": "3359-9529/ 9904-8026",
        "foto_thumb": "http://www.terreiros.ceao.ufba.br/_FT/pq/133.jpg",
        "foto_grande": "http://www.terreiros.ceao.ufba.br/_FT/gd/133.jpg",
        "ceao_id": "133",
        "geo_status": "in_bahia"
      }
    },
    {
      "type": "Feature",
      "geometry": {
        "type": "Point",
        "coordinates": [
          -38.4859993904761,
          -12.9324874001636
        ]
      },
      "properties": {
        "nome": "Centro do Caboclo Boiadeiro",
        "fonte": "ceao",
        "fonte_detalhe": "CEAO/UFBA - terreiros.ceao.ufba.br",
        "lideranca": "Wagner Geostre Dias",
        "nacao": "Angola",
        "ano_fundacao": "1997",
        "regente": "Oxum",
        "endereco": "Rua Voluntários da Pátria, 180",
        "bairro": "Lobato",
        "cep": "40470-000",
        "telefone": "3304-0380",
        "foto_thumb": "http://www.terreiros.ceao.ufba.br/_FT/pq/543.jpg",
        "foto_grande": "http://www.terreiros.ceao.ufba.br/_FT/gd/543.jpg",
        "ceao_id": "543",
        "geo_status": "in_bahia"
      }
    },
    {
      "type": "Feature",
      "geometry": {
        "type": "Point",
        "coordinates": [
          -38.4902429067425,
          -12.9870242763888
        ]
      },
      "properties": {
        "nome": "Ilê Asipa",
        "fonte": "ceao",
        "fonte_detalhe": "CEAO/UFBA - terreiros.ceao.ufba.br",
        "lideranca": "Deoscóredes Maximiliano dos Santos (Mestre Didi)",
        "nacao": "KetoTapa",
        "ano_fundacao": "1980",
        "regente": "não informado",
        "endereco": "Rua Assipa, 472 (Av. Orlando Gomes)",
        "bairro": "Piatã",
        "cep": "41650-255",
        "telefone": "3337-3584",
        "foto_thumb": "http://www.terreiros.ceao.ufba.br/_FT/pq/135.jpg",
        "foto_grande": "http://www.terreiros.ceao.ufba.br/_FT/gd/135.jpg",
        "ceao_id": "135",
        "geo_status": "in_bahia"
      }
    },
    {
      "type": "Feature",
      "geometry": {
        "type": "Point",
        "coordinates": [
          -38.4788986734043,
          -12.952332451701
        ]
      },
      "properties": {
        "nome": "Ilê Axé Oyá Tununjá",
        "fonte": "ceao",
        "fonte_detalhe": "CEAO/UFBA - terreiros.ceao.ufba.br",
        "lideranca": "Maria de Lourdes Lopes Rocha",
        "nacao": "Keto",
        "ano_fundacao": "1976",
        "regente": "Iansã",
        "endereco": "Rua Waldemar Falcão, Trav. Buenos Ayres , Casa 10",
        "bairro": "Brotas",
        "cep": "40296-430",
        "telefone": "3357-7213",
        "foto_thumb": "http://www.terreiros.ceao.ufba.br/_FT/pq/138.jpg",
        "foto_grande": "http://www.terreiros.ceao.ufba.br/_FT/gd/138.jpg",
        "ceao_id": "138",
        "geo_status": "in_bahia"
      }
    },
    {
      "type": "Feature",
      "geometry": {
        "type": "Point",
        "coordinates": [
          -38.4846866270937,
          -12.9947636807532
        ]
      },
      "properties": {
        "nome": "Vintém de Prata",
        "fonte": "ceao",
        "fonte_detalhe": "CEAO/UFBA - terreiros.ceao.ufba.br",
        "lideranca": "Marlene Rodrigues da Silva",
        "nacao": "Keto",
        "ano_fundacao": "1971",
        "regente": "Xangô",
        "bairro": "Estrada Velha do Aeroporto",
        "cep": "41340-040",
        "telefone": "3309-4146/ 9182-9554",
        "foto_thumb": "http://www.terreiros.ceao.ufba.br/_FT/pq/139.jpg",
        "foto_grande": "http://www.terreiros.ceao.ufba.br/_FT/gd/139.jpg",
        "ceao_id": "139",
        "geo_status": "in_bahia"
      }
    },
    {
      "type": "Feature",
      "geometry": {
        "type": "Point",
        "coordinates": [
          -38.4001334227057,
          -12.9147858182966
        ]
      },
      "properties": {
        "nome": "Maramatamba",
        "fonte": "ceao",
        "fonte_detalhe": "CEAO/UFBA - terreiros.ceao.ufba.br",
        "lideranca": "Célia Contreiras Copq",
        "nacao": "Angola",
        "ano_fundacao": "1967",
        "regente": "Iansã",
        "endereco": "Rua Adeus, 14",
        "bairro": "Santa Cruz",
        "cep": "41920-070",
        "telefone": "3452-9204",
        "foto_thumb": "http://www.terreiros.ceao.ufba.br/_FT/pq/140.jpg",
        "foto_grande": "http://www.terreiros.ceao.ufba.br/_FT/gd/140.jpg",
        "ceao_id": "140",
        "geo_status": "in_bahia"
      }
    },
    {
      "type": "Feature",
      "geometry": {
        "type": "Point",
        "coordinates": [
          -38.4774020516763,
          -13.0020960339662
        ]
      },
      "properties": {
        "nome": "Ilê Axé Orun-Mogi",
        "fonte": "ceao",
        "fonte_detalhe": "CEAO/UFBA - terreiros.ceao.ufba.br",
        "lideranca": "Jorge Luiz R. dos Santos",
        "nacao": "Keto",
        "ano_fundacao": "1975",
        "regente": "Oxum",
        "bairro": "Vila Matos",
        "cep": "40210-910",
        "telefone": "3737-1783",
        "foto_thumb": "http://www.terreiros.ceao.ufba.br/_FT/pq/141.jpg",
        "foto_grande": "http://www.terreiros.ceao.ufba.br/_FT/gd/141.jpg",
        "ceao_id": "141",
        "geo_status": "in_bahia"
      }
    },
    {
      "type": "Feature",
      "geometry": {
        "type": "Point",
        "coordinates": [
          -38.4993537664874,
          -13.0094636516741
        ]
      },
      "properties": {
        "nome": "Ilê Axé Oromin",
        "fonte": "ceao",
        "fonte_detalhe": "CEAO/UFBA - terreiros.ceao.ufba.br",
        "lideranca": "José Maria Araújo de Souza",
        "nacao": "Alaketo",
        "ano_fundacao": "1981",
        "regente": "Oxum Apará e Oxóssi",
        "endereco": "Rua Dr. Luiz Pinto, 14",
        "bairro": "Santa Cruz",
        "cep": "41925-700",
        "telefone": "3248-6175",
        "foto_thumb": "http://www.terreiros.ceao.ufba.br/_FT/pq/143.jpg",
        "foto_grande": "http://www.terreiros.ceao.ufba.br/_FT/gd/143.jpg",
        "ceao_id": "143",
        "geo_status": "in_bahia"
      }
    },
    {
      "type": "Feature",
      "geometry": {
        "type": "Point",
        "coordinates": [
          -38.4755324514337,
          -13.0039120841091
        ]
      },
      "properties": {
        "nome": "Ilê Axé Obá Nire",
        "fonte": "ceao",
        "fonte_detalhe": "CEAO/UFBA - terreiros.ceao.ufba.br",
        "lideranca": "José Raimundo Santos Silva",
        "nacao": "Keto",
        "ano_fundacao": "1981",
        "regente": "Xangô",
        "endereco": "Rua Eurycles de Mattos, 2A",
        "bairro": "Rio Vermelho",
        "cep": "41950-250",
        "telefone": "3261-7752",
        "foto_thumb": "http://www.terreiros.ceao.ufba.br/_FT/pq/144.jpg",
        "foto_grande": "http://www.terreiros.ceao.ufba.br/_FT/gd/144.jpg",
        "ceao_id": "144",
        "geo_status": "in_bahia"
      }
    },
    {
      "type": "Feature",
      "geometry": {
        "type": "Point",
        "coordinates": [
          -38.4955721136346,
          -13.0086831198709
        ]
      },
      "properties": {
        "nome": "Terreiro de Boiadeiro",
        "fonte": "ceao",
        "fonte_detalhe": "CEAO/UFBA - terreiros.ceao.ufba.br",
        "lideranca": "Antônio Gonçalves de Jesus",
        "nacao": "Keto",
        "ano_fundacao": "1978",
        "regente": "Logunedé",
        "endereco": "Rua Antônio Mariano Gravatá, 35",
        "bairro": "Eng. Velho de Brotas",
        "cep": "40240-500",
        "telefone": "3382-1201",
        "foto_thumb": "http://www.terreiros.ceao.ufba.br/_FT/pq/145.jpg",
        "foto_grande": "http://www.terreiros.ceao.ufba.br/_FT/gd/145.jpg",
        "ceao_id": "145",
        "geo_status": "in_bahia"
      }
    },
    {
      "type": "Feature",
      "geometry": {
        "type": "Point",
        "coordinates": [
          -38.5022714780311,
          -12.9868532009611
        ]
      },
      "properties": {
        "nome": "Inxaourou",
        "fonte": "ceao",
        "fonte_detalhe": "CEAO/UFBA - terreiros.ceao.ufba.br",
        "lideranca": "Paulina da Silva Brito",
        "nacao": "Angola",
        "ano_fundacao": "1984",
        "regente": "Xangô",
        "endereco": "Rua Padre Luis Filgueiras, 105 E",
        "bairro": "Eng. Velho de Brotas",
        "cep": "40243-320",
        "telefone": "3261-3769",
        "foto_thumb": "http://www.terreiros.ceao.ufba.br/_FT/pq/146.jpg",
        "foto_grande": "http://www.terreiros.ceao.ufba.br/_FT/gd/146.jpg",
        "ceao_id": "146",
        "geo_status": "in_bahia"
      }
    },
    {
      "type": "Feature",
      "geometry": {
        "type": "Point",
        "coordinates": [
          -38.4997720872525,
          -12.9897395433519
        ]
      },
      "properties": {
        "nome": "Ylê Axé Alabeji",
        "fonte": "ceao",
        "fonte_detalhe": "CEAO/UFBA - terreiros.ceao.ufba.br",
        "lideranca": "Jacira Sacramento de Santana",
        "nacao": "Ijexá",
        "ano_fundacao": "1946",
        "regente": "Obaluaê",
        "endereco": "Rua Manoel Faustino , 26",
        "bairro": "Eng. Velho de Brotas",
        "cep": "40243-140",
        "telefone": "3261-5611",
        "foto_thumb": "http://www.terreiros.ceao.ufba.br/_FT/pq/147.jpg",
        "foto_grande": "http://www.terreiros.ceao.ufba.br/_FT/gd/147.jpg",
        "ceao_id": "147",
        "geo_status": "in_bahia"
      }
    },
    {
      "type": "Feature",
      "geometry": {
        "type": "Point",
        "coordinates": [
          -38.5026423122318,
          -12.9882055262792
        ]
      },
      "properties": {
        "nome": "Ylê Axé Dandalunda Kybeje Abindaya",
        "fonte": "ceao",
        "fonte_detalhe": "CEAO/UFBA - terreiros.ceao.ufba.br",
        "lideranca": "Maria Lúcia dos Santos",
        "nacao": "Angola Keto",
        "ano_fundacao": "2000",
        "regente": "Oxum e Iansã",
        "endereco": "Rua Dr. Antônio Corrêa Caldas, 45",
        "bairro": "Eng. Velho de Brotas",
        "cep": "40240-440",
        "telefone": "3233-8606",
        "foto_thumb": "http://www.terreiros.ceao.ufba.br/_FT/pq/148.jpg",
        "foto_grande": "http://www.terreiros.ceao.ufba.br/_FT/gd/148.jpg",
        "ceao_id": "148",
        "geo_status": "in_bahia"
      }
    },
    {
      "type": "Feature",
      "geometry": {
        "type": "Point",
        "coordinates": [
          -38.5014256018799,
          -12.9865012863896
        ]
      },
      "properties": {
        "nome": "Ylê Axé Ony Yrê Fá",
        "fonte": "ceao",
        "fonte_detalhe": "CEAO/UFBA - terreiros.ceao.ufba.br",
        "lideranca": "Robelia Fernandes",
        "nacao": "Alaketo",
        "ano_fundacao": "1988",
        "regente": "Oiá",
        "endereco": "3ª Travessa 25 de dezembro, 12",
        "bairro": "Eng. Velho de Brotas",
        "cep": "40240-045",
        "telefone": "3381-8522",
        "foto_thumb": "http://www.terreiros.ceao.ufba.br/_FT/pq/149.jpg",
        "foto_grande": "http://www.terreiros.ceao.ufba.br/_FT/gd/149.jpg",
        "ceao_id": "149",
        "geo_status": "in_bahia"
      }
    },
    {
      "type": "Feature",
      "geometry": {
        "type": "Point",
        "coordinates": [
          -38.5004716954302,
          -12.9864052129116
        ]
      },
      "properties": {
        "nome": "Ylê Axé Ijé Até Oya",
        "fonte": "ceao",
        "fonte_detalhe": "CEAO/UFBA - terreiros.ceao.ufba.br",
        "lideranca": "Vanda Maria Santos do Nascimento",
        "nacao": "Alaketo",
        "ano_fundacao": "1937",
        "regente": "Obaluaê",
        "endereco": "Rua Padre Luis Filgueiras s/n",
        "bairro": "Eng. Velho de Brotas",
        "cep": "40243-320",
        "telefone": "3203-6109/ 3261-0273",
        "foto_thumb": "http://www.terreiros.ceao.ufba.br/_FT/pq/150.jpg",
        "foto_grande": "http://www.terreiros.ceao.ufba.br/_FT/gd/150.jpg",
        "ceao_id": "150",
        "geo_status": "in_bahia"
      }
    },
    {
      "type": "Feature",
      "geometry": {
        "type": "Point",
        "coordinates": [
          -38.4989141320084,
          -12.9901593753689
        ]
      },
      "properties": {
        "nome": "Abassá Raízes de Onirê",
        "fonte": "ceao",
        "fonte_detalhe": "CEAO/UFBA - terreiros.ceao.ufba.br",
        "lideranca": "Ailton Bispo dos Santos",
        "nacao": "Keto",
        "ano_fundacao": "2003",
        "regente": "Ogum",
        "endereco": "2ª Travessa 25 de dezembro, 05",
        "bairro": "Eng. Velho de Brotas",
        "cep": "40240-580",
        "telefone": "8172-1191",
        "foto_thumb": "http://www.terreiros.ceao.ufba.br/_FT/pq/151.jpg",
        "foto_grande": "http://www.terreiros.ceao.ufba.br/_FT/gd/151.jpg",
        "ceao_id": "151",
        "geo_status": "in_bahia"
      }
    },
    {
      "type": "Feature",
      "geometry": {
        "type": "Point",
        "coordinates": [
          -38.5007715124567,
          -12.9867536596043
        ]
      },
      "properties": {
        "nome": "Ilê Axé Oiâ Dêmin",
        "fonte": "ceao",
        "fonte_detalhe": "CEAO/UFBA - terreiros.ceao.ufba.br",
        "lideranca": "Helenice Gaudina de Souza",
        "nacao": "Keto",
        "ano_fundacao": "1985",
        "regente": "Iansã",
        "bairro": "Cosme de Farias",
        "cep": "40254-060",
        "telefone": "3383-0501",
        "foto_thumb": "http://www.terreiros.ceao.ufba.br/_FT/pq/152.jpg",
        "foto_grande": "http://www.terreiros.ceao.ufba.br/_FT/gd/152.jpg",
        "ceao_id": "152",
        "geo_status": "in_bahia"
      }
    },
    {
      "type": "Feature",
      "geometry": {
        "type": "Point",
        "coordinates": [
          -38.4848102129335,
          -12.9825111313075
        ]
      },
      "properties": {
        "nome": "Ilê Axé Gitolu-Se Dehewá",
        "fonte": "ceao",
        "fonte_detalhe": "CEAO/UFBA - terreiros.ceao.ufba.br",
        "lideranca": "Jaínara dos Santos Gamas",
        "nacao": "Keto",
        "ano_fundacao": "1990",
        "regente": "Obaluaê",
        "endereco": "Rua 12 de setembro, 21, Alto do Cruzeiro",
        "bairro": "Cosme de Farias",
        "cep": "40253-220",
        "telefone": "3255-0116",
        "foto_thumb": "http://www.terreiros.ceao.ufba.br/_FT/pq/153.jpg",
        "foto_grande": "http://www.terreiros.ceao.ufba.br/_FT/gd/153.jpg",
        "ceao_id": "153",
        "geo_status": "in_bahia"
      }
    },
    {
      "type": "Feature",
      "geometry": {
        "type": "Point",
        "coordinates": [
          -38.4894426177576,
          -12.9815036846397
        ]
      },
      "properties": {
        "nome": "Ibá Ilê Oxum",
        "fonte": "ceao",
        "fonte_detalhe": "CEAO/UFBA - terreiros.ceao.ufba.br",
        "lideranca": "Maria da Cruz Costa Lisboa",
        "nacao": "Keto",
        "ano_fundacao": "1987",
        "regente": "Oxum",
        "endereco": "Rua 18 de Janeiro, 44 A",
        "bairro": "Cosme de Farias",
        "cep": "40253-270",
        "telefone": "3383-6026",
        "foto_thumb": "http://www.terreiros.ceao.ufba.br/_FT/pq/155.jpg",
        "foto_grande": "http://www.terreiros.ceao.ufba.br/_FT/gd/155.jpg",
        "ceao_id": "155",
        "geo_status": "in_bahia"
      }
    },
    {
      "type": "Feature",
      "geometry": {
        "type": "Point",
        "coordinates": [
          -38.4854050553426,
          -12.9827027271956
        ]
      },
      "properties": {
        "nome": "Dandalunda de Unzambe",
        "fonte": "ceao",
        "fonte_detalhe": "CEAO/UFBA - terreiros.ceao.ufba.br",
        "lideranca": "José Bispo dos Santos",
        "nacao": "Angola",
        "ano_fundacao": "1964",
        "regente": "Oxum",
        "endereco": "Rua 18 de Janeiro, 180 E",
        "bairro": "Cosme de Farias",
        "cep": "40253-270",
        "telefone": "3234-5204",
        "foto_thumb": "http://www.terreiros.ceao.ufba.br/_FT/pq/156.jpg",
        "foto_grande": "http://www.terreiros.ceao.ufba.br/_FT/gd/156.jpg",
        "ceao_id": "156",
        "geo_status": "in_bahia"
      }
    },
    {
      "type": "Feature",
      "geometry": {
        "type": "Point",
        "coordinates": [
          -38.4857669351788,
          -12.9830023092901
        ]
      },
      "properties": {
        "nome": "Terreiro Omoloyá",
        "fonte": "ceao",
        "fonte_detalhe": "CEAO/UFBA - terreiros.ceao.ufba.br",
        "lideranca": "Miralva Maria Paim dos Santos",
        "nacao": "Keto",
        "ano_fundacao": "1986",
        "regente": "Obaluaê",
        "endereco": "Rua Tomás Gonzaga , 269",
        "bairro": "Pernambués",
        "cep": "41100-000",
        "telefone": "3431-0397",
        "foto_thumb": "http://www.terreiros.ceao.ufba.br/_FT/pq/157.jpg",
        "foto_grande": "http://www.terreiros.ceao.ufba.br/_FT/gd/157.jpg",
        "ceao_id": "157",
        "geo_status": "in_bahia"
      }
    },
    {
      "type": "Feature",
      "geometry": {
        "type": "Point",
        "coordinates": [
          -38.4616148281598,
          -12.967252773752
        ]
      },
      "properties": {
        "nome": "Ilê Aláaakorê Ase Omi",
        "fonte": "ceao",
        "fonte_detalhe": "CEAO/UFBA - terreiros.ceao.ufba.br",
        "lideranca": "Ubiratan Oliveira Pinto",
        "nacao": "Keto",
        "ano_fundacao": "1956",
        "regente": "Ogum",
        "endereco": "Rua Botuporã, 253E",
        "bairro": "Pernambués",
        "cep": "41100-060",
        "telefone": "3431-3855",
        "foto_thumb": "http://www.terreiros.ceao.ufba.br/_FT/pq/158.jpg",
        "foto_grande": "http://www.terreiros.ceao.ufba.br/_FT/gd/158.jpg",
        "ceao_id": "158",
        "geo_status": "in_bahia"
      }
    },
    {
      "type": "Feature",
      "geometry": {
        "type": "Point",
        "coordinates": [
          -38.4630540599056,
          -12.9682595259575
        ]
      },
      "properties": {
        "nome": "Terreiro de Ijeajé De Oiá",
        "fonte": "ceao",
        "fonte_detalhe": "CEAO/UFBA - terreiros.ceao.ufba.br",
        "lideranca": "Noemia Maria M. Ribeiro",
        "nacao": "Jêje",
        "ano_fundacao": "1989",
        "regente": "Iansã",
        "endereco": "Rua Guaratinga, Quadra 7, Lote 26",
        "bairro": "Pernambués",
        "cep": "41100-040",
        "telefone": "3431-3203",
        "foto_thumb": "http://www.terreiros.ceao.ufba.br/_FT/pq/166.jpg",
        "foto_grande": "http://www.terreiros.ceao.ufba.br/_FT/gd/166.jpg",
        "ceao_id": "166",
        "geo_status": "in_bahia"
      }
    },
    {
      "type": "Feature",
      "geometry": {
        "type": "Point",
        "coordinates": [
          -38.4920377440744,
          -12.982358161875
        ]
      },
      "properties": {
        "nome": "Terreiro de Mata Virgens",
        "fonte": "ceao",
        "fonte_detalhe": "CEAO/UFBA - terreiros.ceao.ufba.br",
        "lideranca": "Maria das Virgens dos Santos",
        "nacao": "Keto",
        "ano_fundacao": "1974",
        "regente": "Iansã",
        "endereco": "Rua Paquetá , 78",
        "bairro": "Cosme de Farias",
        "cep": "40250-200",
        "telefone": "3381-3339",
        "foto_thumb": "http://www.terreiros.ceao.ufba.br/_FT/pq/160.jpg",
        "foto_grande": "http://www.terreiros.ceao.ufba.br/_FT/gd/160.jpg",
        "ceao_id": "160",
        "geo_status": "in_bahia"
      }
    },
    {
      "type": "Feature",
      "geometry": {
        "type": "Point",
        "coordinates": [
          -38.485445202,
          -12.9793959943
        ]
      },
      "properties": {
        "nome": "Caboclo Serra Grande",
        "fonte": "ceao",
        "fonte_detalhe": "CEAO/UFBA - terreiros.ceao.ufba.br",
        "lideranca": "Cileda dos Santos Pereira",
        "nacao": "Keto",
        "ano_fundacao": "1949",
        "regente": "Caboclo Serra Grande",
        "endereco": "Rua Antônio Viana , 205",
        "bairro": "Cosme de Farias",
        "cep": "40254-160",
        "telefone": "3244-6282",
        "foto_thumb": "http://www.terreiros.ceao.ufba.br/_FT/pq/162.jpg",
        "foto_grande": "http://www.terreiros.ceao.ufba.br/_FT/gd/162.jpg",
        "ceao_id": "162",
        "geo_status": "in_bahia"
      }
    },
    {
      "type": "Feature",
      "geometry": {
        "type": "Point",
        "coordinates": [
          -38.4849918685344,
          -12.9797723548617
        ]
      },
      "properties": {
        "nome": "Ilê Axé Eueu Omin Farã",
        "fonte": "ceao",
        "fonte_detalhe": "CEAO/UFBA - terreiros.ceao.ufba.br",
        "lideranca": "Nancy Melo Leite",
        "nacao": "Keto",
        "ano_fundacao": "2001",
        "regente": "Ossaim",
        "endereco": "Rua Irapuã, 06",
        "bairro": "Cosme de Farias",
        "cep": "40253-255",
        "telefone": "3383-6225",
        "foto_thumb": "http://www.terreiros.ceao.ufba.br/_FT/pq/163.jpg",
        "foto_grande": "http://www.terreiros.ceao.ufba.br/_FT/gd/163.jpg",
        "ceao_id": "163",
        "geo_status": "in_bahia"
      }
    },
    {
      "type": "Feature",
      "geometry": {
        "type": "Point",
        "coordinates": [
          -38.4708111659831,
          -12.9647099472855
        ]
      },
      "properties": {
        "nome": "Terreiro de Obirijenan",
        "fonte": "ceao",
        "fonte_detalhe": "CEAO/UFBA - terreiros.ceao.ufba.br",
        "lideranca": "Ednalva Santos Carvalho",
        "nacao": "Keto",
        "ano_fundacao": "1960",
        "regente": "Obaluaê e Oxalá",
        "endereco": "Rua Botuporã, Lote 19",
        "bairro": "Pernambués",
        "cep": "41100-060",
        "telefone": "3431-6945 (vizinha)",
        "foto_thumb": "http://www.terreiros.ceao.ufba.br/_FT/pq/165.jpg",
        "foto_grande": "http://www.terreiros.ceao.ufba.br/_FT/gd/165.jpg",
        "ceao_id": "165",
        "geo_status": "in_bahia"
      }
    },
    {
      "type": "Feature",
      "geometry": {
        "type": "Point",
        "coordinates": [
          -38.4659082619381,
          -12.9693246927243
        ]
      },
      "properties": {
        "nome": "Ilê Relíquia de Ogum Ojum Orum",
        "fonte": "ceao",
        "fonte_detalhe": "CEAO/UFBA - terreiros.ceao.ufba.br",
        "lideranca": "Audário Pereira Bezerra",
        "nacao": "Alaketo",
        "ano_fundacao": "1989",
        "regente": "Ogum",
        "endereco": "Rua Alto da Mangueira, 113E",
        "bairro": "Pernambués",
        "cep": "41100-480",
        "telefone": "3431-6916",
        "foto_thumb": "http://www.terreiros.ceao.ufba.br/_FT/pq/167.jpg",
        "foto_grande": "http://www.terreiros.ceao.ufba.br/_FT/gd/167.jpg",
        "ceao_id": "167",
        "geo_status": "in_bahia"
      }
    },
    {
      "type": "Feature",
      "geometry": {
        "type": "Point",
        "coordinates": [
          -38.4647525403982,
          -12.9716475565456
        ]
      },
      "properties": {
        "nome": "Casa de Tiratema",
        "fonte": "ceao",
        "fonte_detalhe": "CEAO/UFBA - terreiros.ceao.ufba.br",
        "lideranca": "Sonia Luz dos Santos",
        "nacao": "Nagô Vodum",
        "ano_fundacao": "1944",
        "regente": "Tempo e Oxalá",
        "endereco": "Rua Botuporã, Quadra. 1, Lote 47",
        "bairro": "Pernambués",
        "cep": "41100-060",
        "telefone": "3460-5355",
        "foto_thumb": "http://www.terreiros.ceao.ufba.br/_FT/pq/168.jpg",
        "foto_grande": "http://www.terreiros.ceao.ufba.br/_FT/gd/168.jpg",
        "ceao_id": "168",
        "geo_status": "in_bahia"
      }
    },
    {
      "type": "Feature",
      "geometry": {
        "type": "Point",
        "coordinates": [
          -38.4639107932755,
          -12.9673500582058
        ]
      },
      "properties": {
        "nome": "Ilê Axé Opô Jimum",
        "fonte": "ceao",
        "fonte_detalhe": "CEAO/UFBA - terreiros.ceao.ufba.br",
        "lideranca": "Altamira Pereira Sales",
        "nacao": "Keto",
        "ano_fundacao": "1966",
        "regente": "Oxum",
        "endereco": "Rua 28 de Abril , 234 E",
        "bairro": "Pernambués",
        "cep": "41120-070",
        "telefone": "3450-9910",
        "foto_thumb": "http://www.terreiros.ceao.ufba.br/_FT/pq/169.jpg",
        "foto_grande": "http://www.terreiros.ceao.ufba.br/_FT/gd/169.jpg",
        "ceao_id": "169",
        "geo_status": "in_bahia"
      }
    },
    {
      "type": "Feature",
      "geometry": {
        "type": "Point",
        "coordinates": [
          -38.4536771888531,
          -12.9687208136645
        ]
      },
      "properties": {
        "nome": "Orobê",
        "fonte": "ceao",
        "fonte_detalhe": "CEAO/UFBA - terreiros.ceao.ufba.br",
        "lideranca": "Raimundo Reis Moreira",
        "nacao": "Angola",
        "ano_fundacao": "1974",
        "regente": "Ogum",
        "endereco": "Rua Santa Verusa, 102",
        "bairro": "Pernambués",
        "cep": "41101-000",
        "telefone": "3230-0617",
        "foto_thumb": "http://www.terreiros.ceao.ufba.br/_FT/pq/170.jpg",
        "foto_grande": "http://www.terreiros.ceao.ufba.br/_FT/gd/170.jpg",
        "ceao_id": "170",
        "geo_status": "in_bahia"
      }
    },
    {
      "type": "Feature",
      "geometry": {
        "type": "Point",
        "coordinates": [
          -38.4542966295522,
          -12.9686972006181
        ]
      },
      "properties": {
        "nome": "Com Deus e as Águas",
        "fonte": "ceao",
        "fonte_detalhe": "CEAO/UFBA - terreiros.ceao.ufba.br",
        "lideranca": "Antônio Oliveira Santos",
        "nacao": "Keto",
        "ano_fundacao": "1968",
        "regente": "Oxóssi",
        "endereco": "Rua Boa Esperança , 77",
        "bairro": "Pernambués",
        "telefone": "não tem",
        "foto_thumb": "http://www.terreiros.ceao.ufba.br/_FT/pq/171.jpg",
        "foto_grande": "http://www.terreiros.ceao.ufba.br/_FT/gd/171.jpg",
        "ceao_id": "171",
        "geo_status": "in_bahia"
      }
    },
    {
      "type": "Feature",
      "geometry": {
        "type": "Point",
        "coordinates": [
          -38.456549199083,
          -12.970161401379
        ]
      },
      "properties": {
        "nome": "Ilê Axé Kawrí N'lá",
        "fonte": "ceao",
        "fonte_detalhe": "CEAO/UFBA - terreiros.ceao.ufba.br",
        "lideranca": "Leonildo Cunha de Souza",
        "nacao": "Keto",
        "ano_fundacao": "1993",
        "regente": "Oxóssi",
        "endereco": "Rua Tomás Gonzaga, Trav. São José, 89",
        "bairro": "Pernambués",
        "cep": "41130-670",
        "telefone": "8891-4434",
        "foto_thumb": "http://www.terreiros.ceao.ufba.br/_FT/pq/172.jpg",
        "foto_grande": "http://www.terreiros.ceao.ufba.br/_FT/gd/172.jpg",
        "ceao_id": "172",
        "geo_status": "in_bahia"
      }
    },
    {
      "type": "Feature",
      "geometry": {
        "type": "Point",
        "coordinates": [
          -38.4547521343211,
          -12.9730108893962
        ]
      },
      "properties": {
        "nome": "Kakurakaia",
        "fonte": "ceao",
        "fonte_detalhe": "CEAO/UFBA - terreiros.ceao.ufba.br",
        "lideranca": "Lúcia de Jesus",
        "nacao": "Angola",
        "ano_fundacao": "2003",
        "regente": "Iansã",
        "endereco": "Rua Nair, 20, fundo",
        "bairro": "Pernambués",
        "cep": "41120-580",
        "telefone": "9952-8040",
        "foto_thumb": "http://www.terreiros.ceao.ufba.br/_FT/pq/173.jpg",
        "foto_grande": "http://www.terreiros.ceao.ufba.br/_FT/gd/173.jpg",
        "ceao_id": "173",
        "geo_status": "in_bahia"
      }
    },
    {
      "type": "Feature",
      "geometry": {
        "type": "Point",
        "coordinates": [
          -38.459434384077,
          -12.9718592362272
        ]
      },
      "properties": {
        "nome": "Ilê Axé Oyasi Badé",
        "fonte": "ceao",
        "fonte_detalhe": "CEAO/UFBA - terreiros.ceao.ufba.br",
        "lideranca": "Djalma Jacob Rocha",
        "nacao": "Keto",
        "ano_fundacao": "1972",
        "regente": "Iansã e Ogum",
        "endereco": "Rua Deputado Eujacio Simões, 148E, Chapada",
        "bairro": "Rio Vermelho",
        "cep": "41920-290",
        "telefone": "3451-2347",
        "foto_thumb": "http://www.terreiros.ceao.ufba.br/_FT/pq/174.jpg",
        "foto_grande": "http://www.terreiros.ceao.ufba.br/_FT/gd/174.jpg",
        "ceao_id": "174",
        "geo_status": "in_bahia"
      }
    },
    {
      "type": "Feature",
      "geometry": {
        "type": "Point",
        "coordinates": [
          -38.4797616454586,
          -13.0032952612501
        ]
      },
      "properties": {
        "nome": "Talakise",
        "fonte": "ceao",
        "fonte_detalhe": "CEAO/UFBA - terreiros.ceao.ufba.br",
        "lideranca": "Silvia Luiza P. França",
        "nacao": "Keto",
        "ano_fundacao": "1988",
        "regente": "Oxumaré",
        "endereco": "Rua do Mamoeiro , 27 E",
        "bairro": "Santa Cruz",
        "cep": "41925-530",
        "telefone": "3354-9028",
        "foto_thumb": "http://www.terreiros.ceao.ufba.br/_FT/pq/175.jpg",
        "foto_grande": "http://www.terreiros.ceao.ufba.br/_FT/gd/175.jpg",
        "ceao_id": "175",
        "geo_status": "in_bahia"
      }
    },
    {
      "type": "Feature",
      "geometry": {
        "type": "Point",
        "coordinates": [
          -38.4765554852226,
          -12.9999702924811
        ]
      },
      "properties": {
        "nome": "Ilê Axé Min Dá",
        "fonte": "ceao",
        "fonte_detalhe": "CEAO/UFBA - terreiros.ceao.ufba.br",
        "lideranca": "Dêmis Amorim do Espírito Santo",
        "nacao": "Keto",
        "ano_fundacao": "1980",
        "regente": "Omolu",
        "endereco": "Rua Alto da Alegria, 27",
        "bairro": "Nordeste de Amaralina",
        "cep": "41905-645",
        "telefone": "3248-3891",
        "foto_thumb": "http://www.terreiros.ceao.ufba.br/_FT/pq/176.jpg",
        "foto_grande": "http://www.terreiros.ceao.ufba.br/_FT/gd/176.jpg",
        "ceao_id": "176",
        "geo_status": "in_bahia"
      }
    },
    {
      "type": "Feature",
      "geometry": {
        "type": "Point",
        "coordinates": [
          -38.5088373612186,
          -12.9958583499788
        ]
      },
      "properties": {
        "nome": "Sake de Lozenza de Unzambe",
        "fonte": "ceao",
        "fonte_detalhe": "CEAO/UFBA - terreiros.ceao.ufba.br",
        "lideranca": "Rosemar Morais Aguiar",
        "nacao": "Angola",
        "ano_fundacao": "1996",
        "regente": "Oxum",
        "endereco": "2ª Travessa 25 de dezembro, 64",
        "bairro": "Eng. Velho de Brotas",
        "cep": "40240-580",
        "telefone": "3498-0191",
        "foto_thumb": "http://www.terreiros.ceao.ufba.br/_FT/pq/179.jpg",
        "foto_grande": "http://www.terreiros.ceao.ufba.br/_FT/gd/179.jpg",
        "ceao_id": "179",
        "geo_status": "in_bahia"
      }
    },
    {
      "type": "Feature",
      "geometry": {
        "type": "Point",
        "coordinates": [
          -38.5037646350641,
          -12.9642146783901
        ]
      },
      "properties": {
        "nome": "Ylê Axé Ajunsun",
        "fonte": "ceao",
        "fonte_detalhe": "CEAO/UFBA - terreiros.ceao.ufba.br",
        "lideranca": "Giselia Maria da Costa",
        "nacao": "Keto",
        "ano_fundacao": "1969",
        "regente": "Obaluaê",
        "endereco": "Rua Domingos Rabelo, 47",
        "bairro": "Ribeira",
        "cep": "40420-000",
        "telefone": "3207-6512",
        "foto_thumb": "http://www.terreiros.ceao.ufba.br/_FT/pq/181.jpg",
        "foto_grande": "http://www.terreiros.ceao.ufba.br/_FT/gd/181.jpg",
        "ceao_id": "181",
        "geo_status": "in_bahia"
      }
    },
    {
      "type": "Feature",
      "geometry": {
        "type": "Point",
        "coordinates": [
          -38.4963963469406,
          -12.9166759275152
        ]
      },
      "properties": {
        "nome": "Manto Bantu Kiameian",
        "fonte": "ceao",
        "fonte_detalhe": "CEAO/UFBA - terreiros.ceao.ufba.br",
        "lideranca": "Cristina Alves de Souza",
        "nacao": "Angola",
        "ano_fundacao": "1956",
        "regente": "Oxum",
        "endereco": "Rua Marivaldo Tapioca, 134, Mangueira",
        "bairro": "Massaranduba",
        "cep": "40435-385",
        "telefone": "3314-5362",
        "foto_thumb": "http://www.terreiros.ceao.ufba.br/_FT/pq/182.jpg",
        "foto_grande": "http://www.terreiros.ceao.ufba.br/_FT/gd/182.jpg",
        "ceao_id": "182",
        "geo_status": "in_bahia"
      }
    },
    {
      "type": "Feature",
      "geometry": {
        "type": "Point",
        "coordinates": [
          -38.4983011541289,
          -12.9225935833147
        ]
      },
      "properties": {
        "nome": "Ylê Axé Omin Jiberessu",
        "fonte": "ceao",
        "fonte_detalhe": "CEAO/UFBA - terreiros.ceao.ufba.br",
        "lideranca": "Maria Gorete R. dos Santos",
        "nacao": "Keto",
        "ano_fundacao": "1988",
        "regente": "Oxum",
        "endereco": "Rua Pereira Rebouças, 01",
        "bairro": "Ribeira",
        "cep": "40420-240",
        "telefone": "8801-2039",
        "foto_thumb": "http://www.terreiros.ceao.ufba.br/_FT/pq/183.jpg",
        "foto_grande": "http://www.terreiros.ceao.ufba.br/_FT/gd/183.jpg",
        "ceao_id": "183",
        "geo_status": "in_bahia"
      }
    },
    {
      "type": "Feature",
      "geometry": {
        "type": "Point",
        "coordinates": [
          -38.494700961435,
          -12.9143749375714
        ]
      },
      "properties": {
        "nome": "Ylê Axé Oya Ogun Edê",
        "fonte": "ceao",
        "fonte_detalhe": "CEAO/UFBA - terreiros.ceao.ufba.br",
        "lideranca": "Hildete Lopes Santos",
        "nacao": "Alaketo",
        "ano_fundacao": "1971",
        "regente": "Ogum",
        "bairro": "Eng. Velho de Brotas",
        "cep": "40243-000",
        "telefone": "3381-2806",
        "foto_thumb": "http://www.terreiros.ceao.ufba.br/_FT/pq/184.jpg",
        "foto_grande": "http://www.terreiros.ceao.ufba.br/_FT/gd/184.jpg",
        "ceao_id": "184",
        "geo_status": "in_bahia"
      }
    },
    {
      "type": "Feature",
      "geometry": {
        "type": "Point",
        "coordinates": [
          -38.5034942117007,
          -12.9884377777939
        ]
      },
      "properties": {
        "nome": "Aba Funjá",
        "fonte": "ceao",
        "fonte_detalhe": "CEAO/UFBA - terreiros.ceao.ufba.br",
        "lideranca": "Eurivaldina Pereira",
        "nacao": "Ijexá",
        "ano_fundacao": "1922",
        "regente": "Oxum",
        "endereco": "Rua Sérgio de Carvalho, Vila Dinorá, 17 E",
        "bairro": "Vasco da Gama",
        "cep": "40230-680",
        "telefone": "3389-9928/ 8858-9401",
        "foto_thumb": "http://www.terreiros.ceao.ufba.br/_FT/pq/185.jpg",
        "foto_grande": "http://www.terreiros.ceao.ufba.br/_FT/gd/185.jpg",
        "ceao_id": "185",
        "geo_status": "in_bahia"
      }
    },
    {
      "type": "Feature",
      "geometry": {
        "type": "Point",
        "coordinates": [
          -38.4967007806494,
          -12.9976746159755
        ]
      },
      "properties": {
        "nome": "Abaça Caçute",
        "fonte": "ceao",
        "fonte_detalhe": "CEAO/UFBA - terreiros.ceao.ufba.br",
        "lideranca": "José Carlos Bispo da Hora",
        "nacao": "Angola",
        "ano_fundacao": "2001",
        "regente": "Oxalá",
        "endereco": "Rua Trasíbulo Ferraz, 25",
        "bairro": "Cidade Nova",
        "cep": "40313-460",
        "telefone": "3342-8314",
        "foto_thumb": "http://www.terreiros.ceao.ufba.br/_FT/pq/186.jpg",
        "foto_grande": "http://www.terreiros.ceao.ufba.br/_FT/gd/186.jpg",
        "ceao_id": "186",
        "geo_status": "in_bahia"
      }
    },
    {
      "type": "Feature",
      "geometry": {
        "type": "Point",
        "coordinates": [
          -38.4851707805251,
          -12.9627765301808
        ]
      },
      "properties": {
        "nome": "Ilê Axé Yjinoilu Orossi",
        "fonte": "ceao",
        "fonte_detalhe": "CEAO/UFBA - terreiros.ceao.ufba.br",
        "lideranca": "José Antônio de Almeida",
        "nacao": "Keto",
        "ano_fundacao": "1981",
        "regente": "Obaluaê",
        "endereco": "Rua 25 de Dezembro , 71",
        "bairro": "Cidade Nova",
        "cep": "40313-360",
        "telefone": "3381-6695",
        "foto_thumb": "http://www.terreiros.ceao.ufba.br/_FT/pq/187.jpg",
        "foto_grande": "http://www.terreiros.ceao.ufba.br/_FT/gd/187.jpg",
        "ceao_id": "187",
        "geo_status": "in_bahia"
      }
    },
    {
      "type": "Feature",
      "geometry": {
        "type": "Point",
        "coordinates": [
          -38.4838229367039,
          -12.9612523019246
        ]
      },
      "properties": {
        "nome": "Ylê Asse Omim Becendã Celombó Agelú",
        "fonte": "ceao",
        "fonte_detalhe": "CEAO/UFBA - terreiros.ceao.ufba.br",
        "lideranca": "Luciano dos Santos",
        "nacao": "Jêje Savalu",
        "ano_fundacao": "1985",
        "regente": "Xapanã",
        "endereco": "Rua Trasíbulo Ferraz , 70, Fundo casa 4",
        "bairro": "Cidade Nova",
        "cep": "40313-590",
        "telefone": "9186-0091",
        "foto_thumb": "http://www.terreiros.ceao.ufba.br/_FT/pq/188.jpg",
        "foto_grande": "http://www.terreiros.ceao.ufba.br/_FT/gd/188.jpg",
        "ceao_id": "188",
        "geo_status": "in_bahia"
      }
    },
    {
      "type": "Feature",
      "geometry": {
        "type": "Point",
        "coordinates": [
          -38.4952191497689,
          -12.9264673207148
        ]
      },
      "properties": {
        "nome": "Ylê Axé Iji Ilê",
        "fonte": "ceao",
        "fonte_detalhe": "CEAO/UFBA - terreiros.ceao.ufba.br",
        "lideranca": "Claudelina Oliveira Badaró",
        "nacao": "Keto",
        "ano_fundacao": "2001",
        "regente": "Omolu",
        "endereco": "2ª Travessa 25 de dezembro, 186",
        "bairro": "Eng. Velho de Brotas",
        "cep": "40240-580",
        "telefone": "3383-7439",
        "foto_thumb": "http://www.terreiros.ceao.ufba.br/_FT/pq/190.jpg",
        "foto_grande": "http://www.terreiros.ceao.ufba.br/_FT/gd/190.jpg",
        "ceao_id": "190",
        "geo_status": "in_bahia"
      }
    },
    {
      "type": "Feature",
      "geometry": {
        "type": "Point",
        "coordinates": [
          -38.4872137278971,
          -12.9601980135624
        ]
      },
      "properties": {
        "nome": "Casa de Yemanjá",
        "fonte": "ceao",
        "fonte_detalhe": "CEAO/UFBA - terreiros.ceao.ufba.br",
        "lideranca": "Eliete Estevão",
        "nacao": "Keto",
        "ano_fundacao": "1960",
        "regente": "Iemanjá",
        "endereco": "Rua Alto do Forno, 29",
        "bairro": "Cidade Nova",
        "cep": "40313-120",
        "telefone": "3382-8940",
        "foto_thumb": "http://www.terreiros.ceao.ufba.br/_FT/pq/193.jpg",
        "foto_grande": "http://www.terreiros.ceao.ufba.br/_FT/gd/193.jpg",
        "ceao_id": "193",
        "geo_status": "in_bahia"
      }
    },
    {
      "type": "Feature",
      "geometry": {
        "type": "Point",
        "coordinates": [
          -38.483781612862,
          -12.9664858924945
        ]
      },
      "properties": {
        "nome": "Ajunsiram Ifá Demin",
        "fonte": "ceao",
        "fonte_detalhe": "CEAO/UFBA - terreiros.ceao.ufba.br",
        "lideranca": "Helena Gomes B. dos Santos",
        "nacao": "Keto",
        "ano_fundacao": "1966",
        "regente": "Obaluaê",
        "endereco": "Rua Alto do Forno , 63",
        "bairro": "Cidade Nova",
        "cep": "40313-500",
        "telefone": "3234-3421",
        "foto_thumb": "http://www.terreiros.ceao.ufba.br/_FT/pq/194.jpg",
        "foto_grande": "http://www.terreiros.ceao.ufba.br/_FT/gd/194.jpg",
        "ceao_id": "194",
        "geo_status": "in_bahia"
      }
    },
    {
      "type": "Feature",
      "geometry": {
        "type": "Point",
        "coordinates": [
          -38.4837776242862,
          -12.9669537351078
        ]
      },
      "properties": {
        "nome": "Oya Madé",
        "fonte": "ceao",
        "fonte_detalhe": "CEAO/UFBA - terreiros.ceao.ufba.br",
        "lideranca": "Eunice Merceis Soares",
        "nacao": "Keto",
        "ano_fundacao": "1974",
        "regente": "Iansã",
        "endereco": "Rua 1º de Janeiro , 93",
        "bairro": "Cidade Nova",
        "cep": "40213-120",
        "telefone": "3234-0452",
        "foto_thumb": "http://www.terreiros.ceao.ufba.br/_FT/pq/196.jpg",
        "foto_grande": "http://www.terreiros.ceao.ufba.br/_FT/gd/196.jpg",
        "ceao_id": "196",
        "geo_status": "in_bahia"
      }
    },
    {
      "type": "Feature",
      "geometry": {
        "type": "Point",
        "coordinates": [
          -38.4824008999472,
          -12.9660776932465
        ]
      },
      "properties": {
        "nome": "Ilê Axé Lufam Luay",
        "fonte": "ceao",
        "fonte_detalhe": "CEAO/UFBA - terreiros.ceao.ufba.br",
        "lideranca": "Izabel Cristina Nunes Garcia",
        "nacao": "Keto",
        "ano_fundacao": "1967",
        "regente": "Obaluaê",
        "bairro": "Cidade Nova",
        "cep": "40313-520",
        "telefone": "3383-3220",
        "foto_thumb": "http://www.terreiros.ceao.ufba.br/_FT/pq/197.jpg",
        "foto_grande": "http://www.terreiros.ceao.ufba.br/_FT/gd/197.jpg",
        "ceao_id": "197",
        "geo_status": "in_bahia"
      }
    },
    {
      "type": "Feature",
      "geometry": {
        "type": "Point",
        "coordinates": [
          -38.4829703722121,
          -12.9663241610801
        ]
      },
      "properties": {
        "nome": "Centro de Caboclo Boiadeiro",
        "fonte": "ceao",
        "fonte_detalhe": "CEAO/UFBA - terreiros.ceao.ufba.br",
        "lideranca": "José Roque Lisboa Vinhas",
        "nacao": "Keto",
        "ano_fundacao": "1994",
        "regente": "Oxum",
        "endereco": "Rua Osório Vilas Boas, 29",
        "bairro": "Cidade Nova",
        "cep": "40318-160",
        "telefone": "3494-5909",
        "foto_thumb": "http://www.terreiros.ceao.ufba.br/_FT/pq/198.jpg",
        "foto_grande": "http://www.terreiros.ceao.ufba.br/_FT/gd/198.jpg",
        "ceao_id": "198",
        "geo_status": "in_bahia"
      }
    },
    {
      "type": "Feature",
      "geometry": {
        "type": "Point",
        "coordinates": [
          -38.4876666509429,
          -12.9605598693955
        ]
      },
      "properties": {
        "nome": "Cafungi Obaluaê",
        "fonte": "ceao",
        "fonte_detalhe": "CEAO/UFBA - terreiros.ceao.ufba.br",
        "lideranca": "Carmelita Gomes de Oliveira Santos",
        "nacao": "Angola",
        "ano_fundacao": "1974",
        "regente": "Obaluaê",
        "endereco": "Rua  24  de Junho, 6",
        "bairro": "Cidade Nova",
        "cep": "40313-480",
        "telefone": "3244-4628",
        "foto_thumb": "http://www.terreiros.ceao.ufba.br/_FT/pq/200.jpg",
        "foto_grande": "http://www.terreiros.ceao.ufba.br/_FT/gd/200.jpg",
        "ceao_id": "200",
        "geo_status": "in_bahia"
      }
    },
    {
      "type": "Feature",
      "geometry": {
        "type": "Point",
        "coordinates": [
          -38.4868073374387,
          -12.9660676550455
        ]
      },
      "properties": {
        "nome": "Terreiro de Airá",
        "fonte": "ceao",
        "fonte_detalhe": "CEAO/UFBA - terreiros.ceao.ufba.br",
        "lideranca": "Regina Boa Morte Santos",
        "nacao": "Keto Angola",
        "ano_fundacao": "1960",
        "regente": "Xangô",
        "endereco": "Rua Dr. Esteves de Assis, 55",
        "bairro": "Cidade Nova",
        "cep": "40315-230",
        "telefone": "3234-1892",
        "foto_thumb": "http://www.terreiros.ceao.ufba.br/_FT/pq/201.jpg",
        "foto_grande": "http://www.terreiros.ceao.ufba.br/_FT/gd/201.jpg",
        "ceao_id": "201",
        "geo_status": "in_bahia"
      }
    },
    {
      "type": "Feature",
      "geometry": {
        "type": "Point",
        "coordinates": [
          -38.4819047369269,
          -12.9664273803306
        ]
      },
      "properties": {
        "nome": "Terreiro de Jaguaraci",
        "fonte": "ceao",
        "fonte_detalhe": "CEAO/UFBA - terreiros.ceao.ufba.br",
        "lideranca": "Lourdes Carvalho Santos",
        "nacao": "Keto",
        "ano_fundacao": "1976",
        "regente": "Oxum",
        "endereco": "Rua Itapuã , 108",
        "bairro": "Cosme de Farias",
        "cep": "40253-255",
        "telefone": "3383-6281",
        "foto_thumb": "http://www.terreiros.ceao.ufba.br/_FT/pq/202.jpg",
        "foto_grande": "http://www.terreiros.ceao.ufba.br/_FT/gd/202.jpg",
        "ceao_id": "202",
        "geo_status": "in_bahia"
      }
    },
    {
      "type": "Feature",
      "geometry": {
        "type": "Point",
        "coordinates": [
          -38.4858540349907,
          -12.9804158996142
        ]
      },
      "properties": {
        "nome": "Ilê Axé Maroketu",
        "fonte": "ceao",
        "fonte_detalhe": "CEAO/UFBA - terreiros.ceao.ufba.br",
        "lideranca": "Cecília Moreira Soares",
        "nacao": "Keto",
        "ano_fundacao": "1939",
        "regente": "Obaluaê",
        "endereco": "Rua Antônio Viana , 65",
        "bairro": "Cosme de Farias",
        "cep": "40254-160",
        "telefone": "3389-0189",
        "foto_thumb": "http://www.terreiros.ceao.ufba.br/_FT/pq/203.jpg",
        "foto_grande": "http://www.terreiros.ceao.ufba.br/_FT/gd/203.jpg",
        "ceao_id": "203",
        "geo_status": "in_bahia"
      }
    },
    {
      "type": "Feature",
      "geometry": {
        "type": "Point",
        "coordinates": [
          -38.4883924103821,
          -12.9781868633166
        ]
      },
      "properties": {
        "nome": "Xangô Ilê I",
        "fonte": "ceao",
        "fonte_detalhe": "CEAO/UFBA - terreiros.ceao.ufba.br",
        "lideranca": "Maria da Conceição Freitas (Tia Cabocla)",
        "nacao": "Angola",
        "ano_fundacao": "1956",
        "regente": "Xangô",
        "endereco": "Rua Souza Uzel, 133",
        "bairro": "Garibaldi",
        "cep": "40213-010",
        "telefone": "3237-2690",
        "foto_thumb": "http://www.terreiros.ceao.ufba.br/_FT/pq/207.jpg",
        "foto_grande": "http://www.terreiros.ceao.ufba.br/_FT/gd/207.jpg",
        "ceao_id": "207",
        "geo_status": "in_bahia"
      }
    },
    {
      "type": "Feature",
      "geometry": {
        "type": "Point",
        "coordinates": [
          -38.49757330424,
          -13.0085922796697
        ]
      },
      "properties": {
        "nome": "Centro Oxossi Mutalumbu",
        "fonte": "ceao",
        "fonte_detalhe": "CEAO/UFBA - terreiros.ceao.ufba.br",
        "lideranca": "Antonia Carmelita Araújo",
        "nacao": "Angola",
        "ano_fundacao": "1966",
        "regente": "Oxóssi",
        "endereco": "Rua Manoel Rangel, 18",
        "bairro": "Rio Vermelho",
        "cep": "41950-380",
        "telefone": "3235-1474",
        "foto_thumb": "http://www.terreiros.ceao.ufba.br/_FT/pq/210.jpg",
        "foto_grande": "http://www.terreiros.ceao.ufba.br/_FT/gd/210.jpg",
        "ceao_id": "210",
        "geo_status": "in_bahia"
      }
    },
    {
      "type": "Feature",
      "geometry": {
        "type": "Point",
        "coordinates": [
          -38.5000154717746,
          -13.0098669811016
        ]
      },
      "properties": {
        "nome": "Iaominxoroque",
        "fonte": "ceao",
        "fonte_detalhe": "CEAO/UFBA - terreiros.ceao.ufba.br",
        "lideranca": "Benedito Antônio Nascimento",
        "nacao": "Keto",
        "ano_fundacao": "1966",
        "regente": "Iansã Balé",
        "endereco": "Rua Souza Uzel, 128",
        "bairro": "Garibaldi",
        "cep": "40213-010",
        "telefone": "3235-7096",
        "foto_thumb": "http://www.terreiros.ceao.ufba.br/_FT/pq/211.jpg",
        "foto_grande": "http://www.terreiros.ceao.ufba.br/_FT/gd/211.jpg",
        "ceao_id": "211",
        "geo_status": "in_bahia"
      }
    },
    {
      "type": "Feature",
      "geometry": {
        "type": "Point",
        "coordinates": [
          -38.5083971245656,
          -12.9955941415344
        ]
      },
      "properties": {
        "nome": "Axé Iroko",
        "fonte": "ceao",
        "fonte_detalhe": "CEAO/UFBA - terreiros.ceao.ufba.br",
        "lideranca": "Péricles Vieira de Souza",
        "nacao": "Keto",
        "ano_fundacao": "1954",
        "regente": "Oxóssi",
        "bairro": "Brotas",
        "cep": "40280-060",
        "telefone": "3451-7896",
        "foto_thumb": "http://www.terreiros.ceao.ufba.br/_FT/pq/212.jpg",
        "foto_grande": "http://www.terreiros.ceao.ufba.br/_FT/gd/212.jpg",
        "ceao_id": "212",
        "geo_status": "in_bahia"
      }
    },
    {
      "type": "Feature",
      "geometry": {
        "type": "Point",
        "coordinates": [
          -38.4740983311472,
          -12.9889500228736
        ]
      },
      "properties": {
        "nome": "Ilê Asé Oká Isô",
        "fonte": "ceao",
        "fonte_detalhe": "CEAO/UFBA - terreiros.ceao.ufba.br",
        "lideranca": "Ubaldo Silva Cardoso",
        "nacao": "Keto",
        "ano_fundacao": "1984",
        "regente": "Oiá",
        "bairro": "Brotas",
        "cep": "40259-750",
        "telefone": "3353-4097/ 9904-8026",
        "foto_thumb": "http://www.terreiros.ceao.ufba.br/_FT/pq/213.jpg",
        "foto_grande": "http://www.terreiros.ceao.ufba.br/_FT/gd/213.jpg",
        "ceao_id": "213",
        "geo_status": "in_bahia"
      }
    },
    {
      "type": "Feature",
      "geometry": {
        "type": "Point",
        "coordinates": [
          -38.4744161545975,
          -12.9873716148314
        ]
      },
      "properties": {
        "nome": "Ilê Axé Iatolonum",
        "fonte": "ceao",
        "fonte_detalhe": "CEAO/UFBA - terreiros.ceao.ufba.br",
        "lideranca": "José Valter Vasconcelos dos Santos",
        "nacao": "Keto",
        "ano_fundacao": "1975",
        "regente": "Iemanjá",
        "endereco": "Rua Alto da Saldanha, 75",
        "bairro": "Brotas",
        "cep": "40280-070",
        "telefone": "3452-1348",
        "foto_thumb": "http://www.terreiros.ceao.ufba.br/_FT/pq/214.jpg",
        "foto_grande": "http://www.terreiros.ceao.ufba.br/_FT/gd/214.jpg",
        "ceao_id": "214",
        "geo_status": "in_bahia"
      }
    },
    {
      "type": "Feature",
      "geometry": {
        "type": "Point",
        "coordinates": [
          -38.3571007754092,
          -12.9386667486796
        ]
      },
      "properties": {
        "nome": "Guere Betan Gume Sógbóadan",
        "fonte": "ceao",
        "fonte_detalhe": "CEAO/UFBA - terreiros.ceao.ufba.br",
        "lideranca": "José Carlos Santana",
        "nacao": "Mina Jêje",
        "ano_fundacao": "1971",
        "regente": "Becen",
        "endereco": "Rua Bahia, 37-A, Nova Brasília",
        "bairro": "Itapuã",
        "cep": "41630-310",
        "telefone": "3286-5624/ 9907-2442",
        "foto_thumb": "http://www.terreiros.ceao.ufba.br/_FT/pq/217.jpg",
        "foto_grande": "http://www.terreiros.ceao.ufba.br/_FT/gd/217.jpg",
        "ceao_id": "217",
        "geo_status": "in_bahia"
      }
    },
    {
      "type": "Feature",
      "geometry": {
        "type": "Point",
        "coordinates": [
          -38.3558217350501,
          -12.9354323793565
        ]
      },
      "properties": {
        "nome": "Ilê Axé Oiálamin",
        "fonte": "ceao",
        "fonte_detalhe": "CEAO/UFBA - terreiros.ceao.ufba.br",
        "lideranca": "Merita Santos Argulo",
        "nacao": "Keto",
        "ano_fundacao": "2002",
        "regente": "Iansã",
        "endereco": "Rua Sete de Setembro, Nova Brasília",
        "bairro": "Itapuã",
        "cep": "41611-210",
        "telefone": "3285-7265",
        "foto_thumb": "http://www.terreiros.ceao.ufba.br/_FT/pq/219.jpg",
        "foto_grande": "http://www.terreiros.ceao.ufba.br/_FT/gd/219.jpg",
        "ceao_id": "219",
        "geo_status": "in_bahia"
      }
    },
    {
      "type": "Feature",
      "geometry": {
        "type": "Point",
        "coordinates": [
          -38.3592705927011,
          -12.937754998922
        ]
      },
      "properties": {
        "nome": "Obâ Kanfé Olorum Filho",
        "fonte": "ceao",
        "fonte_detalhe": "CEAO/UFBA - terreiros.ceao.ufba.br",
        "lideranca": "Maria José N. Bispo",
        "nacao": "Keto",
        "ano_fundacao": "1942",
        "regente": "Obaluaê",
        "bairro": "Cosme de Farias",
        "cep": "40250-380",
        "telefone": "3383-6663",
        "foto_thumb": "http://www.terreiros.ceao.ufba.br/_FT/pq/220.jpg",
        "foto_grande": "http://www.terreiros.ceao.ufba.br/_FT/gd/220.jpg",
        "ceao_id": "220",
        "geo_status": "in_bahia"
      }
    },
    {
      "type": "Feature",
      "geometry": {
        "type": "Point",
        "coordinates": [
          -38.4882722394215,
          -12.9790377847785
        ]
      },
      "properties": {
        "nome": "Awziidi Junçara",
        "fonte": "ceao",
        "fonte_detalhe": "CEAO/UFBA - terreiros.ceao.ufba.br",
        "lideranca": "Valdeci dos Santos Hora",
        "nacao": "Angola",
        "ano_fundacao": "1964",
        "regente": "Inkosi",
        "bairro": "Cosme de Farias",
        "cep": "40253-040",
        "telefone": "3389-3448",
        "foto_thumb": "http://www.terreiros.ceao.ufba.br/_FT/pq/221.jpg",
        "foto_grande": "http://www.terreiros.ceao.ufba.br/_FT/gd/221.jpg",
        "ceao_id": "221",
        "geo_status": "in_bahia"
      }
    },
    {
      "type": "Feature",
      "geometry": {
        "type": "Point",
        "coordinates": [
          -38.4869401782456,
          -12.982694594393
        ]
      },
      "properties": {
        "nome": "Auê Te Dô",
        "fonte": "ceao",
        "fonte_detalhe": "CEAO/UFBA - terreiros.ceao.ufba.br",
        "lideranca": "Lourdes Santos Costa",
        "nacao": "Keto",
        "ano_fundacao": "1846",
        "regente": "Oxóssi e Iansã",
        "endereco": "Rua Heitor Dias, 505",
        "bairro": "Cosme de Farias",
        "cep": "40253-100",
        "telefone": "3244-0291",
        "foto_thumb": "http://www.terreiros.ceao.ufba.br/_FT/pq/222.jpg",
        "foto_grande": "http://www.terreiros.ceao.ufba.br/_FT/gd/222.jpg",
        "ceao_id": "222",
        "geo_status": "in_bahia"
      }
    },
    {
      "type": "Feature",
      "geometry": {
        "type": "Point",
        "coordinates": [
          -38.4847585482414,
          -12.9792667910627
        ]
      },
      "properties": {
        "nome": "Terreiro de Oxum Tadé",
        "fonte": "ceao",
        "fonte_detalhe": "CEAO/UFBA - terreiros.ceao.ufba.br",
        "lideranca": "Ivonete da Mata Barreto",
        "nacao": "Keto",
        "ano_fundacao": "1942",
        "regente": "Oxum",
        "endereco": "3ª Trav. Araçatuba, 48, Alto do Cruzeiro",
        "bairro": "Cosme de Farias",
        "cep": "40251-240",
        "telefone": "3233-8377/ 3244-6820",
        "foto_thumb": "http://www.terreiros.ceao.ufba.br/_FT/pq/223.jpg",
        "foto_grande": "http://www.terreiros.ceao.ufba.br/_FT/gd/223.jpg",
        "ceao_id": "223",
        "geo_status": "in_bahia"
      }
    },
    {
      "type": "Feature",
      "geometry": {
        "type": "Point",
        "coordinates": [
          -38.4873468231717,
          -12.9632697050779
        ]
      },
      "properties": {
        "nome": "Ilê Axé Ogy Nyfa Lagossy",
        "fonte": "ceao",
        "fonte_detalhe": "CEAO/UFBA - terreiros.ceao.ufba.br",
        "lideranca": "Ana Célia N. Morais",
        "nacao": "Keto Angola",
        "ano_fundacao": "1988",
        "regente": "Iansã",
        "endereco": "Rua Osório Vilas Boas , 31",
        "bairro": "Cidade Nova",
        "cep": "40318-160",
        "telefone": "3386-7956",
        "foto_thumb": "http://www.terreiros.ceao.ufba.br/_FT/pq/225.jpg",
        "foto_grande": "http://www.terreiros.ceao.ufba.br/_FT/gd/225.jpg",
        "ceao_id": "225",
        "geo_status": "in_bahia"
      }
    },
    {
      "type": "Feature",
      "geometry": {
        "type": "Point",
        "coordinates": [
          -38.4808499962404,
          -12.9655919115686
        ]
      },
      "properties": {
        "nome": "Terreiro Jyabarissa",
        "fonte": "ceao",
        "fonte_detalhe": "CEAO/UFBA - terreiros.ceao.ufba.br",
        "lideranca": "Elizabete Santos Malaquias",
        "nacao": "Keto",
        "ano_fundacao": "1966",
        "regente": "Xangô",
        "endereco": "Rua Santa Rita , 16 E Av. Floresta",
        "bairro": "IAPI",
        "cep": "40330-050",
        "telefone": "3386-3853",
        "foto_thumb": "http://www.terreiros.ceao.ufba.br/_FT/pq/228.jpg",
        "foto_grande": "http://www.terreiros.ceao.ufba.br/_FT/gd/228.jpg",
        "ceao_id": "228",
        "geo_status": "in_bahia"
      }
    },
    {
      "type": "Feature",
      "geometry": {
        "type": "Point",
        "coordinates": [
          -38.4813930205705,
          -12.9587592269977
        ]
      },
      "properties": {
        "nome": "Ilê Axé Elobimoy",
        "fonte": "ceao",
        "fonte_detalhe": "CEAO/UFBA - terreiros.ceao.ufba.br",
        "lideranca": "Regilton Alves Ribeiro",
        "nacao": "Keto",
        "ano_fundacao": "0",
        "regente": "Iemanjá e Xangô",
        "endereco": "Rua Santa Luiza , 69",
        "bairro": "Pau Miúdo",
        "telefone": "3244-2768",
        "foto_thumb": "http://www.terreiros.ceao.ufba.br/_FT/pq/230.jpg",
        "foto_grande": "http://www.terreiros.ceao.ufba.br/_FT/gd/230.jpg",
        "ceao_id": "230",
        "geo_status": "in_bahia"
      }
    },
    {
      "type": "Feature",
      "geometry": {
        "type": "Point",
        "coordinates": [
          -38.4811977773971,
          -12.9580299223094
        ]
      },
      "properties": {
        "nome": "Mutaazala de Unzambi",
        "fonte": "ceao",
        "fonte_detalhe": "CEAO/UFBA - terreiros.ceao.ufba.br",
        "lideranca": "Maria Lúcia Santos de Jesus",
        "nacao": "Angola",
        "ano_fundacao": "1994",
        "regente": "Oxóssi",
        "endereco": "Rua Santa Rita, 34",
        "bairro": "IAPI",
        "cep": "40330-050",
        "telefone": "3386-0796",
        "foto_thumb": "http://www.terreiros.ceao.ufba.br/_FT/pq/231.jpg",
        "foto_grande": "http://www.terreiros.ceao.ufba.br/_FT/gd/231.jpg",
        "ceao_id": "231",
        "geo_status": "in_bahia"
      }
    },
    {
      "type": "Feature",
      "geometry": {
        "type": "Point",
        "coordinates": [
          -38.4833489593279,
          -12.9560564605631
        ]
      },
      "properties": {
        "nome": "Ilê Axé Oya Ygebe",
        "fonte": "ceao",
        "fonte_detalhe": "CEAO/UFBA - terreiros.ceao.ufba.br",
        "lideranca": "Marionaldo Santana Reis",
        "nacao": "Keto",
        "ano_fundacao": "1984",
        "regente": "Iansã",
        "bairro": "IAPI",
        "cep": "40330-695",
        "telefone": "3388-3076",
        "foto_thumb": "http://www.terreiros.ceao.ufba.br/_FT/pq/232.jpg",
        "foto_grande": "http://www.terreiros.ceao.ufba.br/_FT/gd/232.jpg",
        "ceao_id": "232",
        "geo_status": "in_bahia"
      }
    },
    {
      "type": "Feature",
      "geometry": {
        "type": "Point",
        "coordinates": [
          -38.484635498923,
          -12.9554820173143
        ]
      },
      "properties": {
        "nome": "Ilê Axé Omim Dewá",
        "fonte": "ceao",
        "fonte_detalhe": "CEAO/UFBA - terreiros.ceao.ufba.br",
        "lideranca": "Ligia Maria Silva Santos",
        "nacao": "Keto",
        "ano_fundacao": "1984",
        "regente": "Oxum",
        "endereco": "Rua Manuel Drumont , Av. Soriano, 90",
        "bairro": "Caixa DÁgua",
        "cep": "40320-670",
        "telefone": "3244-7120",
        "foto_thumb": "http://www.terreiros.ceao.ufba.br/_FT/pq/233.jpg",
        "foto_grande": "http://www.terreiros.ceao.ufba.br/_FT/gd/233.jpg",
        "ceao_id": "233",
        "geo_status": "in_bahia"
      }
    },
    {
      "type": "Feature",
      "geometry": {
        "type": "Point",
        "coordinates": [
          -38.4911690068855,
          -12.9543836329084
        ]
      },
      "properties": {
        "nome": "Unzó Oya Sidã",
        "fonte": "ceao",
        "fonte_detalhe": "CEAO/UFBA - terreiros.ceao.ufba.br",
        "lideranca": "Crispiniana Amorim",
        "nacao": "Angola",
        "ano_fundacao": "2004",
        "regente": "Omolu",
        "endereco": "Rua São Roque, 96E",
        "bairro": "Pernambués",
        "cep": "41110-230",
        "telefone": "3432-0536",
        "foto_thumb": "http://www.terreiros.ceao.ufba.br/_FT/pq/234.jpg",
        "foto_grande": "http://www.terreiros.ceao.ufba.br/_FT/gd/234.jpg",
        "ceao_id": "234",
        "geo_status": "in_bahia"
      }
    },
    {
      "type": "Feature",
      "geometry": {
        "type": "Point",
        "coordinates": [
          -38.4598049231534,
          -12.9725619701848
        ]
      },
      "properties": {
        "nome": "Auxiliar Sultão das Matas Virgens",
        "fonte": "ceao",
        "fonte_detalhe": "CEAO/UFBA - terreiros.ceao.ufba.br",
        "lideranca": "Natalice P. da Cruz Santos",
        "nacao": "Angola",
        "ano_fundacao": "1962",
        "regente": "Caboclo Sultão e Oxum Apará",
        "bairro": "Pernambués",
        "cep": "41100-430",
        "telefone": "3231-5482",
        "foto_thumb": "http://www.terreiros.ceao.ufba.br/_FT/pq/236.jpg",
        "foto_grande": "http://www.terreiros.ceao.ufba.br/_FT/gd/236.jpg",
        "ceao_id": "236",
        "geo_status": "in_bahia"
      }
    },
    {
      "type": "Feature",
      "geometry": {
        "type": "Point",
        "coordinates": [
          -38.4611519042086,
          -12.9734114451654
        ]
      },
      "properties": {
        "nome": "Ilê Axé Ninfá",
        "fonte": "ceao",
        "fonte_detalhe": "CEAO/UFBA - terreiros.ceao.ufba.br",
        "lideranca": "Elenice Santa Rosa Santos",
        "nacao": "Keto",
        "ano_fundacao": "1966",
        "regente": "Iemanjá",
        "endereco": "2a Trav. São Francisco , 127 E",
        "bairro": "Pernambués",
        "cep": "41120-440",
        "telefone": "3432-0678",
        "foto_thumb": "http://www.terreiros.ceao.ufba.br/_FT/pq/237.jpg",
        "foto_grande": "http://www.terreiros.ceao.ufba.br/_FT/gd/237.jpg",
        "ceao_id": "237",
        "geo_status": "in_bahia"
      }
    },
    {
      "type": "Feature",
      "geometry": {
        "type": "Point",
        "coordinates": [
          -38.4572774751141,
          -12.9714894652311
        ]
      },
      "properties": {
        "nome": "Ilê Axé Yijnaré",
        "fonte": "ceao",
        "fonte_detalhe": "CEAO/UFBA - terreiros.ceao.ufba.br",
        "lideranca": "Alzira Montenegro Dora",
        "nacao": "Keto",
        "ano_fundacao": "1953",
        "regente": "Omolu",
        "endereco": "Rua Clemente Pereira, 24, fundo",
        "bairro": "Garcia",
        "cep": "40100-210",
        "telefone": "8134-1061",
        "foto_thumb": "http://www.terreiros.ceao.ufba.br/_FT/pq/238.jpg",
        "foto_grande": "http://www.terreiros.ceao.ufba.br/_FT/gd/238.jpg",
        "ceao_id": "238",
        "geo_status": "in_bahia"
      }
    },
    {
      "type": "Feature",
      "geometry": {
        "type": "Point",
        "coordinates": [
          -38.4947779554019,
          -12.9339738504193
        ]
      },
      "properties": {
        "nome": "Mameto Quissimí",
        "fonte": "ceao",
        "fonte_detalhe": "CEAO/UFBA - terreiros.ceao.ufba.br",
        "lideranca": "Gilson Santos de Araújo",
        "nacao": "Angola",
        "ano_fundacao": "1975",
        "regente": "Oxum",
        "endereco": "Rua Régis Pacheco, 169",
        "bairro": "Uruguai",
        "cep": "40450-060",
        "telefone": "3315-0844/ 3313-7499",
        "foto_thumb": "http://www.terreiros.ceao.ufba.br/_FT/pq/242.jpg",
        "foto_grande": "http://www.terreiros.ceao.ufba.br/_FT/gd/242.jpg",
        "ceao_id": "242",
        "geo_status": "in_bahia"
      }
    },
    {
      "type": "Feature",
      "geometry": {
        "type": "Point",
        "coordinates": [
          -38.4940867379571,
          -12.9359787166966
        ]
      },
      "properties": {
        "nome": "Ilê Axé Omin Ogunja",
        "fonte": "ceao",
        "fonte_detalhe": "CEAO/UFBA - terreiros.ceao.ufba.br",
        "lideranca": "João Luiz P. de Oliveira",
        "nacao": "Keto",
        "ano_fundacao": "1976",
        "regente": "Ogum",
        "endereco": "Rua Nova Brasília, 34",
        "bairro": "Vale das Pedrinhas",
        "cep": "41905-170",
        "telefone": "3347-3972",
        "foto_thumb": "http://www.terreiros.ceao.ufba.br/_FT/pq/243.jpg",
        "foto_grande": "http://www.terreiros.ceao.ufba.br/_FT/gd/243.jpg",
        "ceao_id": "243",
        "geo_status": "in_bahia"
      }
    },
    {
      "type": "Feature",
      "geometry": {
        "type": "Point",
        "coordinates": [
          -38.4775848991586,
          -13.0106801993585
        ]
      },
      "properties": {
        "nome": "Ilê Axé Omin Olôu Tapalepe",
        "fonte": "ceao",
        "fonte_detalhe": "CEAO/UFBA - terreiros.ceao.ufba.br",
        "lideranca": "Roseclei Santana Nascimento",
        "nacao": "Keto",
        "ano_fundacao": "1996",
        "regente": "Omolu",
        "endereco": "Rua José Inácio do Amaral, 70",
        "bairro": "Nordeste de Amaralina",
        "cep": "41905-370",
        "telefone": "3240-7990",
        "foto_thumb": "http://www.terreiros.ceao.ufba.br/_FT/pq/244.jpg",
        "foto_grande": "http://www.terreiros.ceao.ufba.br/_FT/gd/244.jpg",
        "ceao_id": "244",
        "geo_status": "in_bahia"
      }
    },
    {
      "type": "Feature",
      "geometry": {
        "type": "Point",
        "coordinates": [
          -38.4776936203068,
          -13.0096538874342
        ]
      },
      "properties": {
        "nome": "Ilê Axé Oya Jambeleji",
        "fonte": "ceao",
        "fonte_detalhe": "CEAO/UFBA - terreiros.ceao.ufba.br",
        "lideranca": "Francisca Cardeal Miranda",
        "nacao": "Keto",
        "ano_fundacao": "1986",
        "regente": "Iansã",
        "endereco": "Rua Patrão, 37",
        "bairro": "Vale das Pedrinhas",
        "cep": "41915-320",
        "telefone": "3347-8491",
        "foto_thumb": "http://www.terreiros.ceao.ufba.br/_FT/pq/245.jpg",
        "foto_grande": "http://www.terreiros.ceao.ufba.br/_FT/gd/245.jpg",
        "ceao_id": "245",
        "geo_status": "in_bahia"
      }
    },
    {
      "type": "Feature",
      "geometry": {
        "type": "Point",
        "coordinates": [
          -38.4813211927755,
          -13.0083474191297
        ]
      },
      "properties": {
        "nome": "Filho de Azacrá",
        "fonte": "ceao",
        "fonte_detalhe": "CEAO/UFBA - terreiros.ceao.ufba.br",
        "lideranca": "Everaldo de Jesus Almeida",
        "nacao": "Keto",
        "ano_fundacao": "1956",
        "regente": "Ogum e Oxóssi",
        "endereco": "Rua Reginaldo Matos , 102",
        "bairro": "Nordeste de Amaralina",
        "cep": "41905-365",
        "telefone": "3345-7101",
        "foto_thumb": "http://www.terreiros.ceao.ufba.br/_FT/pq/246.jpg",
        "foto_grande": "http://www.terreiros.ceao.ufba.br/_FT/gd/246.jpg",
        "ceao_id": "246",
        "geo_status": "in_bahia"
      }
    },
    {
      "type": "Feature",
      "geometry": {
        "type": "Point",
        "coordinates": [
          -38.4944236292839,
          -12.9515476246822
        ]
      },
      "properties": {
        "nome": "Axé Onim Xangô",
        "fonte": "ceao",
        "fonte_detalhe": "CEAO/UFBA - terreiros.ceao.ufba.br",
        "lideranca": "Neuza Ana dos Santos",
        "nacao": "Keto Jêje",
        "ano_fundacao": "2005",
        "regente": "Ogum",
        "endereco": "Rua do Norte, 4ª Trav., 126",
        "bairro": "Nordeste de Amaralina",
        "cep": "41905-001",
        "telefone": "3248-0663",
        "foto_thumb": "http://www.terreiros.ceao.ufba.br/_FT/pq/247.jpg",
        "foto_grande": "http://www.terreiros.ceao.ufba.br/_FT/gd/247.jpg",
        "ceao_id": "247",
        "geo_status": "in_bahia"
      }
    },
    {
      "type": "Feature",
      "geometry": {
        "type": "Point",
        "coordinates": [
          -38.4761488309921,
          -13.0092173664251
        ]
      },
      "properties": {
        "nome": "Ilê Axé Ominindê",
        "fonte": "ceao",
        "fonte_detalhe": "CEAO/UFBA - terreiros.ceao.ufba.br",
        "lideranca": "Valdina Santos de Jesus",
        "nacao": "Keto",
        "ano_fundacao": "1976",
        "regente": "Oxum",
        "endereco": "Rua Capitão Eugênio , 18",
        "bairro": "Ribeira",
        "cep": "40241-650",
        "telefone": "3316-2996",
        "foto_thumb": "http://www.terreiros.ceao.ufba.br/_FT/pq/248.jpg",
        "foto_grande": "http://www.terreiros.ceao.ufba.br/_FT/gd/248.jpg",
        "ceao_id": "248",
        "geo_status": "in_bahia"
      }
    },
    {
      "type": "Feature",
      "geometry": {
        "type": "Point",
        "coordinates": [
          -38.4971689870644,
          -12.9206720477202
        ]
      },
      "properties": {
        "nome": "Ylê Axé Opó Oya Suju",
        "fonte": "ceao",
        "fonte_detalhe": "CEAO/UFBA - terreiros.ceao.ufba.br",
        "lideranca": "Elza Neves de Souza",
        "nacao": "Keto",
        "ano_fundacao": "1978",
        "regente": "Iansã",
        "endereco": "Rua Domingos Rabelo, 51",
        "bairro": "Ribeira",
        "cep": "40420-000",
        "telefone": "3314-2529",
        "foto_thumb": "http://www.terreiros.ceao.ufba.br/_FT/pq/249.jpg",
        "foto_grande": "http://www.terreiros.ceao.ufba.br/_FT/gd/249.jpg",
        "ceao_id": "249",
        "geo_status": "in_bahia"
      }
    },
    {
      "type": "Feature",
      "geometry": {
        "type": "Point",
        "coordinates": [
          -38.4994402214433,
          -12.9191422698886
        ]
      },
      "properties": {
        "nome": "Atim Samba Deué",
        "fonte": "ceao",
        "fonte_detalhe": "CEAO/UFBA - terreiros.ceao.ufba.br",
        "lideranca": "Marina Maria Passos",
        "nacao": "Angola",
        "ano_fundacao": "1954",
        "regente": "Oxum",
        "endereco": "Rua Clóvis de Almeida Maia, 6",
        "bairro": "Ribeira",
        "cep": "40421-080",
        "telefone": "3315-2759",
        "foto_thumb": "http://www.terreiros.ceao.ufba.br/_FT/pq/251.jpg",
        "foto_grande": "http://www.terreiros.ceao.ufba.br/_FT/gd/251.jpg",
        "ceao_id": "251",
        "geo_status": "in_bahia"
      }
    },
    {
      "type": "Feature",
      "geometry": {
        "type": "Point",
        "coordinates": [
          -38.4368983357051,
          -12.9374769360326
        ]
      },
      "properties": {
        "nome": "Ilê Axé Lodomin Ajô",
        "fonte": "ceao",
        "fonte_detalhe": "CEAO/UFBA - terreiros.ceao.ufba.br",
        "lideranca": "Crispim Coelho de Araújo",
        "nacao": "Angola",
        "ano_fundacao": "1979",
        "regente": "Ogum",
        "endereco": "Rua Direta Sussuarana, Av. Ulysses Guimarães",
        "bairro": "Sussuarana",
        "telefone": "3461-9550",
        "foto_thumb": "http://www.terreiros.ceao.ufba.br/_FT/pq/255.jpg",
        "foto_grande": "http://www.terreiros.ceao.ufba.br/_FT/gd/255.jpg",
        "ceao_id": "255",
        "geo_status": "in_bahia"
      }
    },
    {
      "type": "Feature",
      "geometry": {
        "type": "Point",
        "coordinates": [
          -38.4302926989,
          -12.9394439249
        ]
      },
      "properties": {
        "nome": "Seman de Ungambi",
        "fonte": "ceao",
        "fonte_detalhe": "CEAO/UFBA - terreiros.ceao.ufba.br",
        "lideranca": "Eunice de Jesus Pereira",
        "nacao": "Angola",
        "ano_fundacao": "1974",
        "regente": "Oxumaré",
        "endereco": "Rua dos Oitis, 05",
        "bairro": "Sussuarana",
        "cep": "41215-360",
        "telefone": "3386-0054",
        "foto_thumb": "http://www.terreiros.ceao.ufba.br/_FT/pq/256.jpg",
        "foto_grande": "http://www.terreiros.ceao.ufba.br/_FT/gd/256.jpg",
        "ceao_id": "256",
        "geo_status": "in_bahia"
      }
    },
    {
      "type": "Feature",
      "geometry": {
        "type": "Point",
        "coordinates": [
          -38.4322326302818,
          -12.9354671567772
        ]
      },
      "properties": {
        "nome": "Ilê Axé Oialeji",
        "fonte": "ceao",
        "fonte_detalhe": "CEAO/UFBA - terreiros.ceao.ufba.br",
        "lideranca": "Terezinha Santos Queiroz",
        "nacao": "Keto",
        "ano_fundacao": "1985",
        "regente": "Iansã",
        "endereco": "Rua Antonio Carlos Magalhães, 156E",
        "bairro": "Sussuarana",
        "cep": "41215-400",
        "telefone": "3405-6590",
        "foto_thumb": "http://www.terreiros.ceao.ufba.br/_FT/pq/257.jpg",
        "foto_grande": "http://www.terreiros.ceao.ufba.br/_FT/gd/257.jpg",
        "ceao_id": "257",
        "geo_status": "in_bahia"
      }
    },
    {
      "type": "Feature",
      "geometry": {
        "type": "Point",
        "coordinates": [
          -38.4331027813577,
          -12.9355776124228
        ]
      },
      "properties": {
        "nome": "Ilê Axé Odor Bogy",
        "fonte": "ceao",
        "fonte_detalhe": "CEAO/UFBA - terreiros.ceao.ufba.br",
        "lideranca": "Anisdete de Jesus",
        "nacao": "Keto",
        "ano_fundacao": "1967",
        "regente": "Ogum",
        "endereco": "Rua Solón de Carvalho, 43 E",
        "bairro": "Sussuarana",
        "cep": "41218-094",
        "telefone": "3306-8009",
        "foto_thumb": "http://www.terreiros.ceao.ufba.br/_FT/pq/258.jpg",
        "foto_grande": "http://www.terreiros.ceao.ufba.br/_FT/gd/258.jpg",
        "ceao_id": "258",
        "geo_status": "in_bahia"
      }
    },
    {
      "type": "Feature",
      "geometry": {
        "type": "Point",
        "coordinates": [
          -38.4384404761893,
          -12.9361908953842
        ]
      },
      "properties": {
        "nome": "Tumba Jussara",
        "fonte": "ceao",
        "fonte_detalhe": "CEAO/UFBA - terreiros.ceao.ufba.br",
        "lideranca": "Berenice dos Santos",
        "nacao": "Angola",
        "ano_fundacao": "1983",
        "regente": "Xangô",
        "endereco": "Rua Rubens Zardival, 88E",
        "bairro": "Sussuarana",
        "cep": "41215-000",
        "telefone": "3405-6495",
        "foto_thumb": "http://www.terreiros.ceao.ufba.br/_FT/pq/259.jpg",
        "foto_grande": "http://www.terreiros.ceao.ufba.br/_FT/gd/259.jpg",
        "ceao_id": "259",
        "geo_status": "in_bahia"
      }
    },
    {
      "type": "Feature",
      "geometry": {
        "type": "Point",
        "coordinates": [
          -38.4332375520019,
          -12.936247781613
        ]
      },
      "properties": {
        "nome": "Centro Caboclo Eru",
        "fonte": "ceao",
        "fonte_detalhe": "CEAO/UFBA - terreiros.ceao.ufba.br",
        "lideranca": "Nilton Barbosa",
        "nacao": "Keto Angola",
        "ano_fundacao": "1988",
        "regente": "Ogum",
        "endereco": "Rua Direta de Pituaçu, 111",
        "bairro": "Sussuarana",
        "cep": "41217-160",
        "telefone": "3306-1972",
        "foto_thumb": "http://www.terreiros.ceao.ufba.br/_FT/pq/358.jpg",
        "foto_grande": "http://www.terreiros.ceao.ufba.br/_FT/gd/358.jpg",
        "ceao_id": "358",
        "geo_status": "in_bahia"
      }
    },
    {
      "type": "Feature",
      "geometry": {
        "type": "Point",
        "coordinates": [
          -38.3480628881932,
          -12.9186164187889
        ]
      },
      "properties": {
        "nome": "Ilê Axé Ebe Oxun Apará",
        "fonte": "ceao",
        "fonte_detalhe": "CEAO/UFBA - terreiros.ceao.ufba.br",
        "lideranca": "Alexandre Andonof Filho",
        "nacao": "Keto",
        "ano_fundacao": "1989",
        "regente": "Oxum",
        "bairro": "São Cristóvão",
        "cep": "41500-660",
        "telefone": "3377-0722",
        "foto_thumb": "http://www.terreiros.ceao.ufba.br/_FT/pq/261.jpg",
        "foto_grande": "http://www.terreiros.ceao.ufba.br/_FT/gd/261.jpg",
        "ceao_id": "261",
        "geo_status": "in_bahia"
      }
    },
    {
      "type": "Feature",
      "geometry": {
        "type": "Point",
        "coordinates": [
          -38.3550601697259,
          -12.9114564771362
        ]
      },
      "properties": {
        "nome": "Anzo Tata Inssuumbo",
        "fonte": "ceao",
        "fonte_detalhe": "CEAO/UFBA - terreiros.ceao.ufba.br",
        "lideranca": "Dirceu Lopes V. Teixeira",
        "nacao": "Angola",
        "ano_fundacao": "1979",
        "regente": "Obaluaê",
        "endereco": "Rua Alto do Girassol s/n, Sítio Akauã",
        "bairro": "São Cristóvão",
        "cep": "41507-050",
        "telefone": "3365-0359/ 3386-1163",
        "foto_thumb": "http://www.terreiros.ceao.ufba.br/_FT/pq/263.jpg",
        "foto_grande": "http://www.terreiros.ceao.ufba.br/_FT/gd/263.jpg",
        "ceao_id": "263",
        "geo_status": "in_bahia"
      }
    },
    {
      "type": "Feature",
      "geometry": {
        "type": "Point",
        "coordinates": [
          -38.3649145984899,
          -12.8948470445487
        ]
      },
      "properties": {
        "nome": "Terreiro de Ingongo de Unzambi",
        "fonte": "ceao",
        "fonte_detalhe": "CEAO/UFBA - terreiros.ceao.ufba.br",
        "lideranca": "Maria da Glória Anunciação Silva",
        "nacao": "Angola",
        "ano_fundacao": "1993",
        "regente": "Obaluaê",
        "endereco": "Rua São Jorge, 268E",
        "bairro": "São Cristóvão",
        "cep": "41500-080",
        "telefone": "3377-6544",
        "foto_thumb": "http://www.terreiros.ceao.ufba.br/_FT/pq/264.jpg",
        "foto_grande": "http://www.terreiros.ceao.ufba.br/_FT/gd/264.jpg",
        "ceao_id": "264",
        "geo_status": "in_bahia"
      }
    },
    {
      "type": "Feature",
      "geometry": {
        "type": "Point",
        "coordinates": [
          -38.3476875122383,
          -12.9132727106021
        ]
      },
      "properties": {
        "nome": "Ilê Axé Omô Obé Bualegi",
        "fonte": "ceao",
        "fonte_detalhe": "CEAO/UFBA - terreiros.ceao.ufba.br",
        "lideranca": "Ademário Santos da Costa",
        "nacao": "Keto",
        "ano_fundacao": "2001",
        "regente": "Oxóssi",
        "bairro": "Jardim das Margaridas",
        "cep": "41510-240",
        "telefone": "3251-4275/ 8865-5424",
        "foto_thumb": "http://www.terreiros.ceao.ufba.br/_FT/pq/266.jpg",
        "foto_grande": "http://www.terreiros.ceao.ufba.br/_FT/gd/266.jpg",
        "ceao_id": "266",
        "geo_status": "in_bahia"
      }
    },
    {
      "type": "Feature",
      "geometry": {
        "type": "Point",
        "coordinates": [
          -38.3504463761171,
          -12.9042641693811
        ]
      },
      "properties": {
        "nome": "Abebe Wurá - Leque de Ouro",
        "fonte": "ceao",
        "fonte_detalhe": "CEAO/UFBA - terreiros.ceao.ufba.br",
        "lideranca": "Jaime Hupsel Celestino",
        "nacao": "Keto",
        "ano_fundacao": "1959",
        "regente": "Oxaguiã e Oxum",
        "bairro": "Jardim das Margaridas",
        "cep": "42700-000",
        "telefone": "3377-2477",
        "foto_thumb": "http://www.terreiros.ceao.ufba.br/_FT/pq/267.jpg",
        "foto_grande": "http://www.terreiros.ceao.ufba.br/_FT/gd/267.jpg",
        "ceao_id": "267",
        "geo_status": "in_bahia"
      }
    },
    {
      "type": "Feature",
      "geometry": {
        "type": "Point",
        "coordinates": [
          -38.3487208870485,
          -12.9018955601021
        ]
      },
      "properties": {
        "nome": "Ilê Axé Ibá De Oyá",
        "fonte": "ceao",
        "fonte_detalhe": "CEAO/UFBA - terreiros.ceao.ufba.br",
        "lideranca": "Edvaldo Ferreira dos Santos",
        "nacao": "Keto",
        "ano_fundacao": "1992",
        "regente": "Iansã",
        "endereco": "Rua Antônio das Neves, 34",
        "bairro": "Jardim das Margaridas",
        "cep": "42700-000",
        "telefone": "9903-3614",
        "foto_thumb": "http://www.terreiros.ceao.ufba.br/_FT/pq/268.jpg",
        "foto_grande": "http://www.terreiros.ceao.ufba.br/_FT/gd/268.jpg",
        "ceao_id": "268",
        "geo_status": "in_bahia"
      }
    },
    {
      "type": "Feature",
      "geometry": {
        "type": "Point",
        "coordinates": [
          -38.3498315842044,
          -12.9000529007762
        ]
      },
      "properties": {
        "nome": "Ilê Axé Omin Tolomim",
        "fonte": "ceao",
        "fonte_detalhe": "CEAO/UFBA - terreiros.ceao.ufba.br",
        "lideranca": "Roberto Ferreira de Souza",
        "nacao": "Keto",
        "ano_fundacao": "1986",
        "regente": "Logunedé",
        "endereco": "Rua Antônio das Neves, 34",
        "bairro": "Jardim das Margaridas",
        "cep": "42700-000",
        "telefone": "3377-1655/ 8703-7180",
        "foto_thumb": "http://www.terreiros.ceao.ufba.br/_FT/pq/269.jpg",
        "foto_grande": "http://www.terreiros.ceao.ufba.br/_FT/gd/269.jpg",
        "ceao_id": "269",
        "geo_status": "in_bahia"
      }
    },
    {
      "type": "Feature",
      "geometry": {
        "type": "Point",
        "coordinates": [
          -38.350291459348,
          -12.8997750145646
        ]
      },
      "properties": {
        "nome": "Centro Umbanda Caboclo Pena Branca",
        "fonte": "ceao",
        "fonte_detalhe": "CEAO/UFBA - terreiros.ceao.ufba.br",
        "lideranca": "Vera Lúcia Gomes Farias",
        "nacao": "Umbanda",
        "ano_fundacao": "1978",
        "regente": "Iansã",
        "endereco": "Rua Afonso Sertão, 5",
        "bairro": "Ribeira",
        "cep": "40420-020",
        "telefone": "3491-2425",
        "foto_thumb": "http://www.terreiros.ceao.ufba.br/_FT/pq/270.jpg",
        "foto_grande": "http://www.terreiros.ceao.ufba.br/_FT/gd/270.jpg",
        "ceao_id": "270",
        "geo_status": "in_bahia"
      }
    },
    {
      "type": "Feature",
      "geometry": {
        "type": "Point",
        "coordinates": [
          -38.4962244908575,
          -12.918966448153
        ]
      },
      "properties": {
        "nome": "Ilê Axé Irá",
        "fonte": "ceao",
        "fonte_detalhe": "CEAO/UFBA - terreiros.ceao.ufba.br",
        "lideranca": "Ary Rocha de Souza",
        "nacao": "Keto Giro",
        "ano_fundacao": "1968",
        "regente": "Ogum de Ronda",
        "endereco": "Rua Santos Titara, 229",
        "bairro": "Massaranduba",
        "cep": "40435-480",
        "telefone": "3312-6138",
        "foto_thumb": "http://www.terreiros.ceao.ufba.br/_FT/pq/272.jpg",
        "foto_grande": "http://www.terreiros.ceao.ufba.br/_FT/gd/272.jpg",
        "ceao_id": "272",
        "geo_status": "in_bahia"
      }
    },
    {
      "type": "Feature",
      "geometry": {
        "type": "Point",
        "coordinates": [
          -38.496052903918,
          -12.9270072330544
        ]
      },
      "properties": {
        "nome": "Ylê Axé Omin Lewy",
        "fonte": "ceao",
        "fonte_detalhe": "CEAO/UFBA - terreiros.ceao.ufba.br",
        "lideranca": "Clenis Maria Alves de Assis",
        "nacao": "Keto",
        "ano_fundacao": "1976",
        "regente": "Oxum",
        "endereco": "Rua Segundo Barreiro, 35",
        "bairro": "Boa Viagem",
        "cep": "40425-140",
        "telefone": "3316-3866",
        "foto_thumb": "http://www.terreiros.ceao.ufba.br/_FT/pq/273.jpg",
        "foto_grande": "http://www.terreiros.ceao.ufba.br/_FT/gd/273.jpg",
        "ceao_id": "273",
        "geo_status": "in_bahia"
      }
    },
    {
      "type": "Feature",
      "geometry": {
        "type": "Point",
        "coordinates": [
          -38.5122892336874,
          -12.926292926532
        ]
      },
      "properties": {
        "nome": "Centro de Caridade Caboclo Capangueiro",
        "fonte": "ceao",
        "fonte_detalhe": "CEAO/UFBA - terreiros.ceao.ufba.br",
        "lideranca": "Marildo Luz Pinheira",
        "nacao": "Keto",
        "ano_fundacao": "2000",
        "regente": "Xangô",
        "endereco": "Rua Segundo Barreiro, Trav. Grunhalg, 4",
        "bairro": "Boa Viagem",
        "cep": "40425-140",
        "telefone": "3312-1939",
        "foto_thumb": "http://www.terreiros.ceao.ufba.br/_FT/pq/274.jpg",
        "foto_grande": "http://www.terreiros.ceao.ufba.br/_FT/gd/274.jpg",
        "ceao_id": "274",
        "geo_status": "in_bahia"
      }
    },
    {
      "type": "Feature",
      "geometry": {
        "type": "Point",
        "coordinates": [
          -38.4939434162172,
          -12.926615957514
        ]
      },
      "properties": {
        "nome": "Ylê Axé Oba Afonjá Alafin Oyó",
        "fonte": "ceao",
        "fonte_detalhe": "CEAO/UFBA - terreiros.ceao.ufba.br",
        "lideranca": "Cosme José de Matos Júnior",
        "nacao": "Keto",
        "ano_fundacao": "1985",
        "regente": "Xangô",
        "endereco": "Rua Travasso de Fora, 117",
        "bairro": "Bonfim",
        "cep": "40415-285",
        "telefone": "3208-0817",
        "foto_thumb": "http://www.terreiros.ceao.ufba.br/_FT/pq/278.jpg",
        "foto_grande": "http://www.terreiros.ceao.ufba.br/_FT/gd/278.jpg",
        "ceao_id": "278",
        "geo_status": "in_bahia"
      }
    },
    {
      "type": "Feature",
      "geometry": {
        "type": "Point",
        "coordinates": [
          -38.5046102327614,
          -12.9240309006009
        ]
      },
      "properties": {
        "nome": "Ilê Axé Omin Afoni",
        "fonte": "ceao",
        "fonte_detalhe": "CEAO/UFBA - terreiros.ceao.ufba.br",
        "lideranca": "Floriceia Conceição Luz",
        "nacao": "Keto",
        "ano_fundacao": "1969",
        "regente": "Sasitaguara",
        "endereco": "Rua Padre José Leal, 28 fundo",
        "bairro": "Massaranduba",
        "cep": "40435-210",
        "telefone": "9999-5926",
        "foto_thumb": "http://www.terreiros.ceao.ufba.br/_FT/pq/279.jpg",
        "foto_grande": "http://www.terreiros.ceao.ufba.br/_FT/gd/279.jpg",
        "ceao_id": "279",
        "geo_status": "in_bahia"
      }
    },
    {
      "type": "Feature",
      "geometry": {
        "type": "Point",
        "coordinates": [
          -38.4970375095859,
          -12.9193623828039
        ]
      },
      "properties": {
        "nome": "Axé Italabeim",
        "fonte": "ceao",
        "fonte_detalhe": "CEAO/UFBA - terreiros.ceao.ufba.br",
        "lideranca": "Durvanete Araújo dos Anjos",
        "nacao": "Ijexá",
        "ano_fundacao": "1966",
        "regente": "Oxalá",
        "endereco": "Rua Belanita , 61",
        "bairro": "Uruguai",
        "cep": "40450-270",
        "telefone": "3313-8759/ 3313-1079",
        "foto_thumb": "http://www.terreiros.ceao.ufba.br/_FT/pq/281.jpg",
        "foto_grande": "http://www.terreiros.ceao.ufba.br/_FT/gd/281.jpg",
        "ceao_id": "281",
        "geo_status": "in_bahia"
      }
    },
    {
      "type": "Feature",
      "geometry": {
        "type": "Point",
        "coordinates": [
          -38.4941645536927,
          -12.9305590290582
        ]
      },
      "properties": {
        "nome": "Ilê Axé Omi Milá Raízes de Omisilé",
        "fonte": "ceao",
        "fonte_detalhe": "CEAO/UFBA - terreiros.ceao.ufba.br",
        "lideranca": "Ricardo Oliveira de Santana",
        "nacao": "Keto",
        "ano_fundacao": "1995",
        "regente": "Oxum",
        "bairro": "Mussurunga",
        "cep": "41510-203",
        "telefone": "3376-2788/ 3755",
        "foto_thumb": "http://www.terreiros.ceao.ufba.br/_FT/pq/282.jpg",
        "foto_grande": "http://www.terreiros.ceao.ufba.br/_FT/gd/282.jpg",
        "ceao_id": "282",
        "geo_status": "in_bahia"
      }
    },
    {
      "type": "Feature",
      "geometry": {
        "type": "Point",
        "coordinates": [
          -38.3788748723983,
          -12.9113508152171
        ]
      },
      "properties": {
        "nome": "Junsara Kongo",
        "fonte": "ceao",
        "fonte_detalhe": "CEAO/UFBA - terreiros.ceao.ufba.br",
        "lideranca": "Ana Paula Brito Oliveira",
        "nacao": "Angola",
        "ano_fundacao": "1978",
        "regente": "Ogum Inkassi",
        "bairro": "Mussurunga I",
        "cep": "41510-190",
        "telefone": "3377-7513",
        "foto_thumb": "http://www.terreiros.ceao.ufba.br/_FT/pq/284.jpg",
        "foto_grande": "http://www.terreiros.ceao.ufba.br/_FT/gd/284.jpg",
        "ceao_id": "284",
        "geo_status": "in_bahia"
      }
    },
    {
      "type": "Feature",
      "geometry": {
        "type": "Point",
        "coordinates": [
          -38.3629941482735,
          -12.9182582373239
        ]
      },
      "properties": {
        "nome": "Danda Lewa",
        "fonte": "ceao",
        "fonte_detalhe": "CEAO/UFBA - terreiros.ceao.ufba.br",
        "lideranca": "Elucia Maria Conceição Costa",
        "nacao": "Angola",
        "ano_fundacao": "1982",
        "regente": "Oxum",
        "bairro": "Mussurunga II",
        "telefone": "3252-6541",
        "foto_thumb": "http://www.terreiros.ceao.ufba.br/_FT/pq/285.jpg",
        "foto_grande": "http://www.terreiros.ceao.ufba.br/_FT/gd/285.jpg",
        "ceao_id": "285",
        "geo_status": "in_bahia"
      }
    },
    {
      "type": "Feature",
      "geometry": {
        "type": "Point",
        "coordinates": [
          -38.3793580532641,
          -12.9102151808473
        ]
      },
      "properties": {
        "nome": "Ilê Axé Oya Baiomi",
        "fonte": "ceao",
        "fonte_detalhe": "CEAO/UFBA - terreiros.ceao.ufba.br",
        "lideranca": "Zenaide Salastiano Francisco dos Santos",
        "nacao": "Angola Caboclo",
        "ano_fundacao": "1984",
        "regente": "Oxóssi",
        "endereco": "Rua Padroeira do Brasil, 138",
        "bairro": "Vale das Pedrinhas",
        "cep": "41925-205",
        "telefone": "3240-0736",
        "foto_thumb": "http://www.terreiros.ceao.ufba.br/_FT/pq/287.jpg",
        "foto_grande": "http://www.terreiros.ceao.ufba.br/_FT/gd/287.jpg",
        "ceao_id": "287",
        "geo_status": "in_bahia"
      }
    },
    {
      "type": "Feature",
      "geometry": {
        "type": "Point",
        "coordinates": [
          -38.4756742386173,
          -13.0080017298377
        ]
      },
      "properties": {
        "nome": "Ilê Axé Iapondá",
        "fonte": "ceao",
        "fonte_detalhe": "CEAO/UFBA - terreiros.ceao.ufba.br",
        "lideranca": "Alex Nascimento Feuzemburgh",
        "nacao": "Keto",
        "ano_fundacao": "1993",
        "regente": "Oxum",
        "endereco": "Rua Belanita, 170",
        "bairro": "Uruguai",
        "cep": "40450-270",
        "telefone": "3312-4890",
        "foto_thumb": "http://www.terreiros.ceao.ufba.br/_FT/pq/288.jpg",
        "foto_grande": "http://www.terreiros.ceao.ufba.br/_FT/gd/288.jpg",
        "ceao_id": "288",
        "geo_status": "in_bahia"
      }
    },
    {
      "type": "Feature",
      "geometry": {
        "type": "Point",
        "coordinates": [
          -38.4957941606503,
          -12.9322482401916
        ]
      },
      "properties": {
        "nome": "Ilê Axé Omim D. Lewa",
        "fonte": "ceao",
        "fonte_detalhe": "CEAO/UFBA - terreiros.ceao.ufba.br",
        "lideranca": "Ana Paula Góes Bispo",
        "nacao": "Keto",
        "ano_fundacao": "2001",
        "regente": "Oxum",
        "endereco": "Rua haroldo de Sá, 38",
        "bairro": "Uruguai",
        "cep": "40453-090",
        "telefone": "3314-5708",
        "foto_thumb": "http://www.terreiros.ceao.ufba.br/_FT/pq/290.jpg",
        "foto_grande": "http://www.terreiros.ceao.ufba.br/_FT/gd/290.jpg",
        "ceao_id": "290",
        "geo_status": "in_bahia"
      }
    },
    {
      "type": "Feature",
      "geometry": {
        "type": "Point",
        "coordinates": [
          -38.4972489615942,
          -12.9389328332915
        ]
      },
      "properties": {
        "nome": "Yeieu Omim Ladê",
        "fonte": "ceao",
        "fonte_detalhe": "CEAO/UFBA - terreiros.ceao.ufba.br",
        "lideranca": "Roselita dos Reis Magalhães",
        "nacao": "Keto",
        "ano_fundacao": "1953",
        "regente": "Oxóssi",
        "endereco": "Rua Silvino Pereira, 138-E",
        "bairro": "Uruguai",
        "cep": "40450-510",
        "telefone": "3207-1062",
        "foto_thumb": "http://www.terreiros.ceao.ufba.br/_FT/pq/291.jpg",
        "foto_grande": "http://www.terreiros.ceao.ufba.br/_FT/gd/291.jpg",
        "ceao_id": "291",
        "geo_status": "in_bahia"
      }
    },
    {
      "type": "Feature",
      "geometry": {
        "type": "Point",
        "coordinates": [
          -38.4933464855511,
          -12.9330842419027
        ]
      },
      "properties": {
        "nome": "Ilê Axé Boforum Lass",
        "fonte": "ceao",
        "fonte_detalhe": "CEAO/UFBA - terreiros.ceao.ufba.br",
        "lideranca": "Maria do Carmo dos Santos Gonzaga",
        "nacao": "Nagô Ijexá",
        "ano_fundacao": "1970",
        "regente": "Oxum",
        "endereco": "Rua 1º de Janeiro, 48E",
        "bairro": "Uruguai",
        "cep": "40450-180",
        "telefone": "3340-4076",
        "foto_thumb": "http://www.terreiros.ceao.ufba.br/_FT/pq/292.jpg",
        "foto_grande": "http://www.terreiros.ceao.ufba.br/_FT/gd/292.jpg",
        "ceao_id": "292",
        "geo_status": "in_bahia"
      }
    },
    {
      "type": "Feature",
      "geometry": {
        "type": "Point",
        "coordinates": [
          -38.4920509904265,
          -12.9354180806051
        ]
      },
      "properties": {
        "nome": "Terreiro de Alafunké",
        "fonte": "ceao",
        "fonte_detalhe": "CEAO/UFBA - terreiros.ceao.ufba.br",
        "lideranca": "Carlinda da Silva Sá",
        "nacao": "Ijexá",
        "ano_fundacao": "1966",
        "regente": "Oxum",
        "bairro": "Jardim Cruzeiro",
        "telefone": "Não sabe",
        "foto_thumb": "http://www.terreiros.ceao.ufba.br/_FT/pq/293.jpg",
        "foto_grande": "http://www.terreiros.ceao.ufba.br/_FT/gd/293.jpg",
        "ceao_id": "293",
        "geo_status": "in_bahia"
      }
    },
    {
      "type": "Feature",
      "geometry": {
        "type": "Point",
        "coordinates": [
          -38.4916730290821,
          -12.9345836424059
        ]
      },
      "properties": {
        "nome": "Omim Lewá",
        "fonte": "ceao",
        "fonte_detalhe": "CEAO/UFBA - terreiros.ceao.ufba.br",
        "lideranca": "Janete Maturino Teixeira de Souza",
        "nacao": "Keto",
        "ano_fundacao": "1958",
        "regente": "Oxum",
        "endereco": "Rua 1º de Maio , 26",
        "bairro": "Jardim Cruzeiro",
        "cep": "40450-560",
        "telefone": "3314-3473",
        "foto_thumb": "http://www.terreiros.ceao.ufba.br/_FT/pq/295.jpg",
        "foto_grande": "http://www.terreiros.ceao.ufba.br/_FT/gd/295.jpg",
        "ceao_id": "295",
        "geo_status": "in_bahia"
      }
    },
    {
      "type": "Feature",
      "geometry": {
        "type": "Point",
        "coordinates": [
          -38.4763998013314,
          -13.0118030930893
        ]
      },
      "properties": {
        "nome": "Ilê Axé Oba Oniré",
        "fonte": "ceao",
        "fonte_detalhe": "CEAO/UFBA - terreiros.ceao.ufba.br",
        "lideranca": "Selma Cristina dos Santos Fragoso",
        "nacao": "Keto",
        "ano_fundacao": "2000",
        "regente": "Xangô",
        "endereco": "Rua Irmã Dulce, 49",
        "bairro": "Nordeste de Amaralina",
        "cep": "41959-540",
        "telefone": "3248-3249",
        "foto_thumb": "http://www.terreiros.ceao.ufba.br/_FT/pq/300.jpg",
        "foto_grande": "http://www.terreiros.ceao.ufba.br/_FT/gd/300.jpg",
        "ceao_id": "300",
        "geo_status": "in_bahia"
      }
    },
    {
      "type": "Feature",
      "geometry": {
        "type": "Point",
        "coordinates": [
          -38.4737960836372,
          -13.0094147082449
        ]
      },
      "properties": {
        "nome": "Euhangue",
        "fonte": "ceao",
        "fonte_detalhe": "CEAO/UFBA - terreiros.ceao.ufba.br",
        "lideranca": "Walfredo S. Machado",
        "nacao": "Angola",
        "ano_fundacao": "1981",
        "regente": "Caboclo Oxóssi",
        "endereco": "Rua Emidio Pio, 191",
        "bairro": "Nordeste de Amaralina",
        "cep": "41905-755",
        "telefone": "8855-5204",
        "foto_thumb": "http://www.terreiros.ceao.ufba.br/_FT/pq/301.jpg",
        "foto_grande": "http://www.terreiros.ceao.ufba.br/_FT/gd/301.jpg",
        "ceao_id": "301",
        "geo_status": "in_bahia"
      }
    },
    {
      "type": "Feature",
      "geometry": {
        "type": "Point",
        "coordinates": [
          -38.4707572678718,
          -13.0035673701493
        ]
      },
      "properties": {
        "nome": "Tenda Nanã",
        "fonte": "ceao",
        "fonte_detalhe": "CEAO/UFBA - terreiros.ceao.ufba.br",
        "lideranca": "Agenor Rodrigues Gomes",
        "nacao": "Angola",
        "ano_fundacao": "1970",
        "regente": "Oxóssi e Caboclo Pedra Preta",
        "endereco": "Rua Pará, 856",
        "bairro": "Pituba",
        "cep": "41830-170",
        "telefone": "9123-0356",
        "foto_thumb": "http://www.terreiros.ceao.ufba.br/_FT/pq/302.jpg",
        "foto_grande": "http://www.terreiros.ceao.ufba.br/_FT/gd/302.jpg",
        "ceao_id": "302",
        "geo_status": "in_bahia"
      }
    },
    {
      "type": "Feature",
      "geometry": {
        "type": "Point",
        "coordinates": [
          -38.4699369506845,
          -13.0056071108704
        ]
      },
      "properties": {
        "nome": "Ogun de Kariri",
        "fonte": "ceao",
        "fonte_detalhe": "CEAO/UFBA - terreiros.ceao.ufba.br",
        "lideranca": "Doraildes Rocha Araújo",
        "nacao": "Umbanda",
        "ano_fundacao": "1998",
        "regente": "Ogum",
        "endereco": "Rua 5 de Novembro, 105",
        "bairro": "Nordeste de Amaralina",
        "cep": "41905-130",
        "telefone": "3346-3924",
        "foto_thumb": "http://www.terreiros.ceao.ufba.br/_FT/pq/305.jpg",
        "foto_grande": "http://www.terreiros.ceao.ufba.br/_FT/gd/305.jpg",
        "ceao_id": "305",
        "geo_status": "in_bahia"
      }
    },
    {
      "type": "Feature",
      "geometry": {
        "type": "Point",
        "coordinates": [
          -38.4235710466096,
          -12.9709200491376
        ]
      },
      "properties": {
        "nome": "Ilê Axé Omoode Issambô",
        "fonte": "ceao",
        "fonte_detalhe": "CEAO/UFBA - terreiros.ceao.ufba.br",
        "lideranca": "José Luiz Melo Souza",
        "nacao": "Keto",
        "ano_fundacao": "2001",
        "regente": "Oxóssi",
        "endereco": "Rua Nossa Senhora Auxiliadora, 13 A, Nova Conquista",
        "bairro": "Itapuã",
        "cep": "41620-720",
        "telefone": "8187-0306",
        "foto_thumb": "http://www.terreiros.ceao.ufba.br/_FT/pq/307.jpg",
        "foto_grande": "http://www.terreiros.ceao.ufba.br/_FT/gd/307.jpg",
        "ceao_id": "307",
        "geo_status": "in_bahia"
      }
    },
    {
      "type": "Feature",
      "geometry": {
        "type": "Point",
        "coordinates": [
          -38.3655528337294,
          -12.9411372990574
        ]
      },
      "properties": {
        "nome": "Viva Deus Bisneto",
        "fonte": "ceao",
        "fonte_detalhe": "CEAO/UFBA - terreiros.ceao.ufba.br",
        "lideranca": "Marta do Rosário Pinheiro",
        "nacao": "Angola",
        "ano_fundacao": "1986",
        "regente": "Omolu",
        "endereco": "Rua Nova Brasília, Q.14, Lote 160 (Nova Brasília)",
        "bairro": "Itapuã",
        "cep": "41611-645",
        "telefone": "3375-3544",
        "foto_thumb": "http://www.terreiros.ceao.ufba.br/_FT/pq/309.jpg",
        "foto_grande": "http://www.terreiros.ceao.ufba.br/_FT/gd/309.jpg",
        "ceao_id": "309",
        "geo_status": "in_bahia"
      }
    },
    {
      "type": "Feature",
      "geometry": {
        "type": "Point",
        "coordinates": [
          -38.3538359161012,
          -12.9359445518044
        ]
      },
      "properties": {
        "nome": "Terreiro de Yemanjá",
        "fonte": "ceao",
        "fonte_detalhe": "CEAO/UFBA - terreiros.ceao.ufba.br",
        "lideranca": "Judite dos Santos Ferreira",
        "nacao": "Angola",
        "ano_fundacao": "1972",
        "regente": "Iemanjá",
        "endereco": "Rua Afonso Barqueiro, 11, Nova Brasília",
        "bairro": "Itapuã",
        "cep": "41611-205",
        "telefone": "3249-9970",
        "foto_thumb": "http://www.terreiros.ceao.ufba.br/_FT/pq/310.jpg",
        "foto_grande": "http://www.terreiros.ceao.ufba.br/_FT/gd/310.jpg",
        "ceao_id": "310",
        "geo_status": "in_bahia"
      }
    },
    {
      "type": "Feature",
      "geometry": {
        "type": "Point",
        "coordinates": [
          -38.3584102198233,
          -12.9384874750977
        ]
      },
      "properties": {
        "nome": "Unzó Lembafuranga",
        "fonte": "ceao",
        "fonte_detalhe": "CEAO/UFBA - terreiros.ceao.ufba.br",
        "lideranca": "Domingas Valeriana da Silva Souza",
        "nacao": "Angola",
        "ano_fundacao": "1976",
        "regente": "Ogum",
        "endereco": "Rua da Esperança de Brotas, 41-E",
        "bairro": "Cosme de Farias",
        "cep": "40250-220",
        "telefone": "3383-0569",
        "foto_thumb": "http://www.terreiros.ceao.ufba.br/_FT/pq/311.jpg",
        "foto_grande": "http://www.terreiros.ceao.ufba.br/_FT/gd/311.jpg",
        "ceao_id": "311",
        "geo_status": "in_bahia"
      }
    },
    {
      "type": "Feature",
      "geometry": {
        "type": "Point",
        "coordinates": [
          -38.4834757632126,
          -12.9800125982234
        ]
      },
      "properties": {
        "nome": "Ilê Axé Gidé Lêi",
        "fonte": "ceao",
        "fonte_detalhe": "CEAO/UFBA - terreiros.ceao.ufba.br",
        "lideranca": "Marlene Pereira da Conceição",
        "nacao": "Keto",
        "ano_fundacao": "1991",
        "regente": "Obaluaê",
        "endereco": "2ª Trav. Siri-Siri, 02, Alto do Cruzeiro",
        "bairro": "Cosme de Farias",
        "cep": "40253-410",
        "telefone": "3382-4942/ 9955-6786",
        "foto_thumb": "http://www.terreiros.ceao.ufba.br/_FT/pq/312.jpg",
        "foto_grande": "http://www.terreiros.ceao.ufba.br/_FT/gd/312.jpg",
        "ceao_id": "312",
        "geo_status": "in_bahia"
      }
    },
    {
      "type": "Feature",
      "geometry": {
        "type": "Point",
        "coordinates": [
          -38.4826900416442,
          -12.9807350111137
        ]
      },
      "properties": {
        "nome": "Ilê Axé Obâ Kaiodê",
        "fonte": "ceao",
        "fonte_detalhe": "CEAO/UFBA - terreiros.ceao.ufba.br",
        "lideranca": "José Mario Souza de Almeida",
        "nacao": "Keto",
        "ano_fundacao": "1992",
        "regente": "Xangô",
        "endereco": "Rua Siri-Siri, 64",
        "bairro": "Cosme de Farias",
        "cep": "40250-390",
        "telefone": "3383-6449/ 8709-5031",
        "foto_thumb": "http://www.terreiros.ceao.ufba.br/_FT/pq/313.jpg",
        "foto_grande": "http://www.terreiros.ceao.ufba.br/_FT/gd/313.jpg",
        "ceao_id": "313",
        "geo_status": "in_bahia"
      }
    },
    {
      "type": "Feature",
      "geometry": {
        "type": "Point",
        "coordinates": [
          -38.4856199995809,
          -12.9782511496303
        ]
      },
      "properties": {
        "nome": "Centro Sete Flechas",
        "fonte": "ceao",
        "fonte_detalhe": "CEAO/UFBA - terreiros.ceao.ufba.br",
        "lideranca": "Nadjane Candeias dos Santos",
        "nacao": "Keto",
        "ano_fundacao": "1994",
        "regente": "Omolu",
        "endereco": "Rua Engenheiro Hamilton lopes, 83",
        "bairro": "Cosme de Farias",
        "cep": "40250-420",
        "telefone": "8848-5374",
        "foto_thumb": "http://www.terreiros.ceao.ufba.br/_FT/pq/315.jpg",
        "foto_grande": "http://www.terreiros.ceao.ufba.br/_FT/gd/315.jpg",
        "ceao_id": "315",
        "geo_status": "in_bahia"
      }
    },
    {
      "type": "Feature",
      "geometry": {
        "type": "Point",
        "coordinates": [
          -38.4858003101229,
          -12.9786771530832
        ]
      },
      "properties": {
        "nome": "Terreiro Orile Eda Ifãn Jú",
        "fonte": "ceao",
        "fonte_detalhe": "CEAO/UFBA - terreiros.ceao.ufba.br",
        "lideranca": "Luiz Sérgio Barbosa",
        "nacao": "Keto",
        "ano_fundacao": "1964",
        "regente": "Oxum",
        "endereco": "Rua do Oriente , 156",
        "bairro": "Alto do Peru",
        "cep": "40357-110",
        "telefone": "3304-3584",
        "foto_thumb": "http://www.terreiros.ceao.ufba.br/_FT/pq/317.jpg",
        "foto_grande": "http://www.terreiros.ceao.ufba.br/_FT/gd/317.jpg",
        "ceao_id": "317",
        "geo_status": "in_bahia"
      }
    },
    {
      "type": "Feature",
      "geometry": {
        "type": "Point",
        "coordinates": [
          -38.4835965828223,
          -12.9360406244227
        ]
      },
      "properties": {
        "nome": "Ilê Axé Iboalama",
        "fonte": "ceao",
        "fonte_detalhe": "CEAO/UFBA - terreiros.ceao.ufba.br",
        "lideranca": "Arcanja de Assis",
        "nacao": "Keto",
        "ano_fundacao": "1988",
        "regente": "Oxóssi",
        "endereco": "Rua Rio Doce , 443 E",
        "bairro": "San Martin",
        "cep": "40349-535",
        "telefone": "3389-6669",
        "foto_thumb": "http://www.terreiros.ceao.ufba.br/_FT/pq/318.jpg",
        "foto_grande": "http://www.terreiros.ceao.ufba.br/_FT/gd/318.jpg",
        "ceao_id": "318",
        "geo_status": "in_bahia"
      }
    },
    {
      "type": "Feature",
      "geometry": {
        "type": "Point",
        "coordinates": [
          -38.4835861440809,
          -12.9379972414847
        ]
      },
      "properties": {
        "nome": "Terreiro Odê Omisilê",
        "fonte": "ceao",
        "fonte_detalhe": "CEAO/UFBA - terreiros.ceao.ufba.br",
        "lideranca": "Jakson Costa Lisboa",
        "nacao": "Keto",
        "ano_fundacao": "1998",
        "regente": "Logunedé",
        "endereco": "Rua Rio Doce, 15",
        "bairro": "San Martin",
        "cep": "40335-180",
        "telefone": "3389-7806",
        "foto_thumb": "http://www.terreiros.ceao.ufba.br/_FT/pq/319.jpg",
        "foto_grande": "http://www.terreiros.ceao.ufba.br/_FT/gd/319.jpg",
        "ceao_id": "319",
        "geo_status": "in_bahia"
      }
    },
    {
      "type": "Feature",
      "geometry": {
        "type": "Point",
        "coordinates": [
          -38.4851783682041,
          -12.9645777643055
        ]
      },
      "properties": {
        "nome": "Ilê Axé Adejemim",
        "fonte": "ceao",
        "fonte_detalhe": "CEAO/UFBA - terreiros.ceao.ufba.br",
        "lideranca": "Aurelina Libório de Lima",
        "nacao": "Keto",
        "ano_fundacao": "1974",
        "regente": "Iemanjá",
        "endereco": "Rua dos Pirineus , 65",
        "bairro": "Pau Miúdo",
        "cep": "40310-230",
        "telefone": "3382-7906",
        "foto_thumb": "http://www.terreiros.ceao.ufba.br/_FT/pq/322.jpg",
        "foto_grande": "http://www.terreiros.ceao.ufba.br/_FT/gd/322.jpg",
        "ceao_id": "322",
        "geo_status": "in_bahia"
      }
    },
    {
      "type": "Feature",
      "geometry": {
        "type": "Point",
        "coordinates": [
          -38.4828416226659,
          -12.9615421269557
        ]
      },
      "properties": {
        "nome": "Terreiro Edeloya",
        "fonte": "ceao",
        "fonte_detalhe": "CEAO/UFBA - terreiros.ceao.ufba.br",
        "lideranca": "Valdete Josina Almeida Santos",
        "nacao": "Keto",
        "ano_fundacao": "1999",
        "regente": "Iansã",
        "endereco": "Rua Baixa dos Pirineus, 61",
        "bairro": "Pau Miúdo",
        "cep": "40710-730",
        "telefone": "3244-3336",
        "foto_thumb": "http://www.terreiros.ceao.ufba.br/_FT/pq/323.jpg",
        "foto_grande": "http://www.terreiros.ceao.ufba.br/_FT/gd/323.jpg",
        "ceao_id": "323",
        "geo_status": "in_bahia"
      }
    },
    {
      "type": "Feature",
      "geometry": {
        "type": "Point",
        "coordinates": [
          -38.4833163522139,
          -12.9617443031677
        ]
      },
      "properties": {
        "nome": "Terreiro Oyá Jubalé",
        "fonte": "ceao",
        "fonte_detalhe": "CEAO/UFBA - terreiros.ceao.ufba.br",
        "lideranca": "Angelina Arcajo dos Santos",
        "nacao": "Keto Angola",
        "ano_fundacao": "1995",
        "regente": "Iansã",
        "endereco": "Rua 20 de Agosto , 100",
        "bairro": "Pau Miúdo",
        "cep": "40310-610",
        "telefone": "3234-5097",
        "foto_thumb": "http://www.terreiros.ceao.ufba.br/_FT/pq/324.jpg",
        "foto_grande": "http://www.terreiros.ceao.ufba.br/_FT/gd/324.jpg",
        "ceao_id": "324",
        "geo_status": "in_bahia"
      }
    },
    {
      "type": "Feature",
      "geometry": {
        "type": "Point",
        "coordinates": [
          -38.4902315266179,
          -12.9586285586875
        ]
      },
      "properties": {
        "nome": "Terreio Adê Izô",
        "fonte": "ceao",
        "fonte_detalhe": "CEAO/UFBA - terreiros.ceao.ufba.br",
        "lideranca": "Antônio Bispo da Paixão",
        "nacao": "Angola",
        "ano_fundacao": "1990",
        "regente": "Iansã",
        "endereco": "Rua São Jorge, 10, Barreiras",
        "bairro": "Cabula",
        "cep": "40195-070",
        "telefone": "3385-8081",
        "foto_thumb": "http://www.terreiros.ceao.ufba.br/_FT/pq/327.jpg",
        "foto_grande": "http://www.terreiros.ceao.ufba.br/_FT/gd/327.jpg",
        "ceao_id": "327",
        "geo_status": "in_bahia"
      }
    },
    {
      "type": "Feature",
      "geometry": {
        "type": "Point",
        "coordinates": [
          -38.4573566801154,
          -12.9432753078461
        ]
      },
      "properties": {
        "nome": "Ilê Axé Toloji",
        "fonte": "ceao",
        "fonte_detalhe": "CEAO/UFBA - terreiros.ceao.ufba.br",
        "lideranca": "João Itamar Serqueira",
        "nacao": "Keto",
        "ano_fundacao": "1954",
        "regente": "Omolu",
        "endereco": "Rua Desembargador Alfredo Vieira Lima",
        "bairro": "Escada",
        "cep": "40710-240",
        "telefone": "3218-5018/ 9104-6360",
        "foto_thumb": "http://www.terreiros.ceao.ufba.br/_FT/pq/331.jpg",
        "foto_grande": "http://www.terreiros.ceao.ufba.br/_FT/gd/331.jpg",
        "ceao_id": "331",
        "geo_status": "in_bahia"
      }
    },
    {
      "type": "Feature",
      "geometry": {
        "type": "Point",
        "coordinates": [
          -38.45970338595,
          -12.9453642453135
        ]
      },
      "properties": {
        "nome": "Ilê Alainakô",
        "fonte": "ceao",
        "fonte_detalhe": "CEAO/UFBA - terreiros.ceao.ufba.br",
        "lideranca": "Álvaro Higino de Souza",
        "nacao": "Keto",
        "ano_fundacao": "1969",
        "regente": "Oxaguiã",
        "endereco": "2ª Travessa da Terezinha, 59E",
        "bairro": "Escada",
        "telefone": "3398-3147",
        "foto_thumb": "http://www.terreiros.ceao.ufba.br/_FT/pq/335.jpg",
        "foto_grande": "http://www.terreiros.ceao.ufba.br/_FT/gd/335.jpg",
        "ceao_id": "335",
        "geo_status": "in_bahia"
      }
    },
    {
      "type": "Feature",
      "geometry": {
        "type": "Point",
        "coordinates": [
          -38.479722703043,
          -12.881013132234
        ]
      },
      "properties": {
        "nome": "Ylê Axé Obá Ideji",
        "fonte": "ceao",
        "fonte_detalhe": "CEAO/UFBA - terreiros.ceao.ufba.br",
        "lideranca": "Reinaldo Felizardo Caldas",
        "nacao": "Keto",
        "ano_fundacao": "1992",
        "regente": "Xangô",
        "endereco": "Rua Simão Sobral, 2ª Trav. Padre José Leal, 32",
        "bairro": "Massaranduba",
        "cep": "40432-575",
        "telefone": "3217-2702",
        "foto_thumb": "http://www.terreiros.ceao.ufba.br/_FT/pq/336.jpg",
        "foto_grande": "http://www.terreiros.ceao.ufba.br/_FT/gd/336.jpg",
        "ceao_id": "336",
        "geo_status": "in_bahia"
      }
    },
    {
      "type": "Feature",
      "geometry": {
        "type": "Point",
        "coordinates": [
          -38.4954230731301,
          -12.9241758560746
        ]
      },
      "properties": {
        "nome": "Ilê de Donojú Obalají",
        "fonte": "ceao",
        "fonte_detalhe": "CEAO/UFBA - terreiros.ceao.ufba.br",
        "lideranca": "Edivaldo de Souza",
        "nacao": "Keto",
        "ano_fundacao": "1996",
        "regente": "Xangô",
        "bairro": "Massaranduba",
        "cep": "40435-415",
        "telefone": "3316-5411",
        "foto_thumb": "http://www.terreiros.ceao.ufba.br/_FT/pq/337.jpg",
        "foto_grande": "http://www.terreiros.ceao.ufba.br/_FT/gd/337.jpg",
        "ceao_id": "337",
        "geo_status": "in_bahia"
      }
    },
    {
      "type": "Feature",
      "geometry": {
        "type": "Point",
        "coordinates": [
          -38.4947599607366,
          -12.9247136366119
        ]
      },
      "properties": {
        "nome": "Ilê Axé Ekoué",
        "fonte": "ceao",
        "fonte_detalhe": "CEAO/UFBA - terreiros.ceao.ufba.br",
        "lideranca": "Alina Pereira Conceição",
        "nacao": "Keto",
        "ano_fundacao": "1954",
        "regente": "Iansã",
        "endereco": "Rua Santa Clara, 40",
        "bairro": "Massaranduba",
        "cep": "40435-280",
        "telefone": "3316-2910",
        "foto_thumb": "http://www.terreiros.ceao.ufba.br/_FT/pq/338.jpg",
        "foto_grande": "http://www.terreiros.ceao.ufba.br/_FT/gd/338.jpg",
        "ceao_id": "338",
        "geo_status": "in_bahia"
      }
    },
    {
      "type": "Feature",
      "geometry": {
        "type": "Point",
        "coordinates": [
          -38.4941908288868,
          -12.9256392196541
        ]
      },
      "properties": {
        "nome": "Ilê Asé Táiginam",
        "fonte": "ceao",
        "fonte_detalhe": "CEAO/UFBA - terreiros.ceao.ufba.br",
        "lideranca": "Maria da Conceição S. de Oliveira",
        "nacao": "Keto",
        "ano_fundacao": "1981",
        "regente": "Iansã",
        "endereco": "2ª Trav. da Esperança, Av. Germano, 23",
        "bairro": "Massaranduba",
        "cep": "40435-200",
        "telefone": "3212-7945",
        "foto_thumb": "http://www.terreiros.ceao.ufba.br/_FT/pq/339.jpg",
        "foto_grande": "http://www.terreiros.ceao.ufba.br/_FT/gd/339.jpg",
        "ceao_id": "339",
        "geo_status": "in_bahia"
      }
    },
    {
      "type": "Feature",
      "geometry": {
        "type": "Point",
        "coordinates": [
          -38.4975257981595,
          -12.9274047798615
        ]
      },
      "properties": {
        "nome": "Ilê Axé Olamin",
        "fonte": "ceao",
        "fonte_detalhe": "CEAO/UFBA - terreiros.ceao.ufba.br",
        "lideranca": "Luiz Antônio Solares de Araújo",
        "nacao": "Keto",
        "ano_fundacao": "2001",
        "regente": "Xangô",
        "endereco": "Rua Genésio Sales, 52E, 1º andar",
        "bairro": "Massaranduba",
        "cep": "40435-250",
        "telefone": "3316-3537",
        "foto_thumb": "http://www.terreiros.ceao.ufba.br/_FT/pq/340.jpg",
        "foto_grande": "http://www.terreiros.ceao.ufba.br/_FT/gd/340.jpg",
        "ceao_id": "340",
        "geo_status": "in_bahia"
      }
    },
    {
      "type": "Feature",
      "geometry": {
        "type": "Point",
        "coordinates": [
          -38.4936292701927,
          -12.9260167477701
        ]
      },
      "properties": {
        "nome": "Casa de Caridade Caboclo Taperoá",
        "fonte": "ceao",
        "fonte_detalhe": "CEAO/UFBA - terreiros.ceao.ufba.br",
        "lideranca": "Fábio Fernandes Souza",
        "nacao": "Angola",
        "ano_fundacao": "2000",
        "regente": "Oxum",
        "endereco": "Rua Reinaldo de Matos, 17, 1º andar",
        "bairro": "Nordeste de Amaralina",
        "cep": "40905-535",
        "telefone": "3494-2305",
        "foto_thumb": "http://www.terreiros.ceao.ufba.br/_FT/pq/341.jpg",
        "foto_grande": "http://www.terreiros.ceao.ufba.br/_FT/gd/341.jpg",
        "ceao_id": "341",
        "geo_status": "in_bahia"
      }
    },
    {
      "type": "Feature",
      "geometry": {
        "type": "Point",
        "coordinates": [
          -38.4715651591254,
          -13.0090321863018
        ]
      },
      "properties": {
        "nome": "Axé Ajo Omi",
        "fonte": "ceao",
        "fonte_detalhe": "CEAO/UFBA - terreiros.ceao.ufba.br",
        "lideranca": "Isabel Santana Freitas",
        "nacao": "Keto",
        "ano_fundacao": "1966",
        "regente": "Ogum e Oxum",
        "endereco": "2ª Travessa Reinaldo de Matos, 31 E",
        "bairro": "Nordeste de Amaralina",
        "cep": "41900-180",
        "telefone": "3248-6902",
        "foto_thumb": "http://www.terreiros.ceao.ufba.br/_FT/pq/342.jpg",
        "foto_grande": "http://www.terreiros.ceao.ufba.br/_FT/gd/342.jpg",
        "ceao_id": "342",
        "geo_status": "in_bahia"
      }
    },
    {
      "type": "Feature",
      "geometry": {
        "type": "Point",
        "coordinates": [
          -38.3705962462071,
          -12.9398802003852
        ]
      },
      "properties": {
        "nome": "Ilê Axé Oju Kuaramin",
        "fonte": "ceao",
        "fonte_detalhe": "CEAO/UFBA - terreiros.ceao.ufba.br",
        "lideranca": "Maria José de Brito Rodrigues",
        "nacao": "Keto",
        "ano_fundacao": "1981",
        "regente": "Oxalá",
        "endereco": "Rua da Graça, 8, Alto do Coqueirinho",
        "bairro": "Itapuã",
        "cep": "41620-780",
        "telefone": "3249-4579",
        "foto_thumb": "http://www.terreiros.ceao.ufba.br/_FT/pq/346.jpg",
        "foto_grande": "http://www.terreiros.ceao.ufba.br/_FT/gd/346.jpg",
        "ceao_id": "346",
        "geo_status": "in_bahia"
      }
    },
    {
      "type": "Feature",
      "geometry": {
        "type": "Point",
        "coordinates": [
          -38.3712393164581,
          -12.9392520228717
        ]
      },
      "properties": {
        "nome": "Ilê Axé Ayê Alawo Emi",
        "fonte": "ceao",
        "fonte_detalhe": "CEAO/UFBA - terreiros.ceao.ufba.br",
        "lideranca": "Benedito do Carmo Mendes",
        "nacao": "Keto",
        "ano_fundacao": "1997",
        "regente": "Omidú",
        "bairro": "Itapuã",
        "cep": "41615-031",
        "telefone": "3249-3594",
        "foto_thumb": "http://www.terreiros.ceao.ufba.br/_FT/pq/347.jpg",
        "foto_grande": "http://www.terreiros.ceao.ufba.br/_FT/gd/347.jpg",
        "ceao_id": "347",
        "geo_status": "in_bahia"
      }
    },
    {
      "type": "Feature",
      "geometry": {
        "type": "Point",
        "coordinates": [
          -38.371875653205,
          -12.9430113819518
        ]
      },
      "properties": {
        "nome": "Onzó Tata Dyungunzo",
        "fonte": "ceao",
        "fonte_detalhe": "CEAO/UFBA - terreiros.ceao.ufba.br",
        "lideranca": "Irami Santos de Araújo",
        "nacao": "Angola",
        "ano_fundacao": "1998",
        "regente": "Gongobira",
        "endereco": "Rua Juazeiro, 29, Alto do Coqueirinho",
        "bairro": "Itapuã",
        "cep": "41610-260",
        "telefone": "3249-6791 (recado)",
        "foto_thumb": "http://www.terreiros.ceao.ufba.br/_FT/pq/349.jpg",
        "foto_grande": "http://www.terreiros.ceao.ufba.br/_FT/gd/349.jpg",
        "ceao_id": "349",
        "geo_status": "in_bahia"
      }
    },
    {
      "type": "Feature",
      "geometry": {
        "type": "Point",
        "coordinates": [
          -38.3574120411638,
          -12.9347349020214
        ]
      },
      "properties": {
        "nome": "Ilê Axé Omitoiá",
        "fonte": "ceao",
        "fonte_detalhe": "CEAO/UFBA - terreiros.ceao.ufba.br",
        "lideranca": "Catarina Souza",
        "nacao": "Keto",
        "ano_fundacao": "2002",
        "regente": "Oxum Apará",
        "endereco": "Rua Álvaro Baqueiro, 18, Nova Brasília",
        "bairro": "Itapuã",
        "cep": "41630-100",
        "telefone": "3249-8982",
        "foto_thumb": "http://www.terreiros.ceao.ufba.br/_FT/pq/351.jpg",
        "foto_grande": "http://www.terreiros.ceao.ufba.br/_FT/gd/351.jpg",
        "ceao_id": "351",
        "geo_status": "in_bahia"
      }
    },
    {
      "type": "Feature",
      "geometry": {
        "type": "Point",
        "coordinates": [
          -38.3624915320351,
          -12.9408764327851
        ]
      },
      "properties": {
        "nome": "Omina Jêxá",
        "fonte": "ceao",
        "fonte_detalhe": "CEAO/UFBA - terreiros.ceao.ufba.br",
        "lideranca": "Maria Pereira de Santana",
        "nacao": "Keto",
        "ano_fundacao": "1971",
        "regente": "Ogum",
        "endereco": "Rua Xangô, 30",
        "bairro": "Itapuã",
        "cep": "41715-360",
        "telefone": "3245-2170",
        "foto_thumb": "http://www.terreiros.ceao.ufba.br/_FT/pq/352.jpg",
        "foto_grande": "http://www.terreiros.ceao.ufba.br/_FT/gd/352.jpg",
        "ceao_id": "352",
        "geo_status": "in_bahia"
      }
    },
    {
      "type": "Feature",
      "geometry": {
        "type": "Point",
        "coordinates": [
          -38.3589453389,
          -12.9361007689
        ]
      },
      "properties": {
        "nome": "Ilê Nancy Omim",
        "fonte": "ceao",
        "fonte_detalhe": "CEAO/UFBA - terreiros.ceao.ufba.br",
        "lideranca": "Stella Maria de Jesus",
        "nacao": "Keto",
        "ano_fundacao": "1989",
        "regente": "Oxum",
        "endereco": "Rua João Pedro Rodrigues Lima , 7",
        "bairro": "Pau Miúdo",
        "cep": "40310-556",
        "telefone": "9923-7524",
        "ceao_id": "355",
        "geo_status": "in_bahia"
      }
    },
    {
      "type": "Feature",
      "geometry": {
        "type": "Point",
        "coordinates": [
          -38.4807809430764,
          -12.9643633572454
        ]
      },
      "properties": {
        "nome": "Ilê Babá Odé",
        "fonte": "ceao",
        "fonte_detalhe": "CEAO/UFBA - terreiros.ceao.ufba.br",
        "lideranca": "Berenice da Silva Ribeiro",
        "nacao": "Keto",
        "ano_fundacao": "1947",
        "regente": "Oxóssi",
        "endereco": "Rua Haroldo Caíno, 50",
        "bairro": "Sussuarana",
        "cep": "41215-820",
        "telefone": "3306-0043",
        "foto_thumb": "http://www.terreiros.ceao.ufba.br/_FT/pq/356.jpg",
        "foto_grande": "http://www.terreiros.ceao.ufba.br/_FT/gd/356.jpg",
        "ceao_id": "356",
        "geo_status": "in_bahia"
      }
    },
    {
      "type": "Feature",
      "geometry": {
        "type": "Point",
        "coordinates": [
          -38.4354426029766,
          -12.9325513226076
        ]
      },
      "properties": {
        "nome": "Casa Lassum Amazi",
        "fonte": "ceao",
        "fonte_detalhe": "CEAO/UFBA - terreiros.ceao.ufba.br",
        "lideranca": "Lindaura Cantuara dos Santos",
        "nacao": "Keto",
        "ano_fundacao": "1972",
        "regente": "Caboclo Lage Grande",
        "endereco": "Rua Moisés Mendes, 137E",
        "bairro": "Sussuarana",
        "cep": "41217-000",
        "telefone": "3306-4105",
        "foto_thumb": "http://www.terreiros.ceao.ufba.br/_FT/pq/359.jpg",
        "foto_grande": "http://www.terreiros.ceao.ufba.br/_FT/gd/359.jpg",
        "ceao_id": "359",
        "geo_status": "in_bahia"
      }
    },
    {
      "type": "Feature",
      "geometry": {
        "type": "Point",
        "coordinates": [
          -38.4362682608523,
          -12.9326948210238
        ]
      },
      "properties": {
        "nome": "Terreiro Ogum Oyá",
        "fonte": "ceao",
        "fonte_detalhe": "CEAO/UFBA - terreiros.ceao.ufba.br",
        "lideranca": "Mário Santos Conceição",
        "nacao": "Angola",
        "ano_fundacao": "1981",
        "regente": "Ogum",
        "endereco": "2a Trav. Abelardo Barbosa, 309",
        "bairro": "Sussuarana",
        "cep": "41214-520",
        "telefone": "3306-0086",
        "foto_thumb": "http://www.terreiros.ceao.ufba.br/_FT/pq/360.jpg",
        "foto_grande": "http://www.terreiros.ceao.ufba.br/_FT/gd/360.jpg",
        "ceao_id": "360",
        "geo_status": "in_bahia"
      }
    },
    {
      "type": "Feature",
      "geometry": {
        "type": "Point",
        "coordinates": [
          -38.4428841947619,
          -12.9295073882868
        ]
      },
      "properties": {
        "nome": "Ilê Axé Talakenãn",
        "fonte": "ceao",
        "fonte_detalhe": "CEAO/UFBA - terreiros.ceao.ufba.br",
        "lideranca": "Jorge Antônio de Jesus",
        "nacao": "Keto",
        "ano_fundacao": "1992",
        "regente": "Ogum",
        "endereco": "Rua Carlos Cloesy, 40E",
        "bairro": "Sussuarana",
        "cep": "41213-000",
        "telefone": "3405-3507",
        "foto_thumb": "http://www.terreiros.ceao.ufba.br/_FT/pq/361.jpg",
        "foto_grande": "http://www.terreiros.ceao.ufba.br/_FT/gd/361.jpg",
        "ceao_id": "361",
        "geo_status": "in_bahia"
      }
    },
    {
      "type": "Feature",
      "geometry": {
        "type": "Point",
        "coordinates": [
          -38.444051246798,
          -12.9293755230154
        ]
      },
      "properties": {
        "nome": "Ylé Axé Babá Malembá",
        "fonte": "ceao",
        "fonte_detalhe": "CEAO/UFBA - terreiros.ceao.ufba.br",
        "lideranca": "Antonio Carlos Góes dos Santos",
        "nacao": "Keto",
        "ano_fundacao": "1972",
        "regente": "Oxalá",
        "endereco": "Rua Marina Deiró Rocha, 531, Fundo",
        "bairro": "Sussuarana",
        "cep": "41212-000",
        "telefone": "3306-0136",
        "foto_thumb": "http://www.terreiros.ceao.ufba.br/_FT/pq/362.jpg",
        "foto_grande": "http://www.terreiros.ceao.ufba.br/_FT/gd/362.jpg",
        "ceao_id": "362",
        "geo_status": "in_bahia"
      }
    },
    {
      "type": "Feature",
      "geometry": {
        "type": "Point",
        "coordinates": [
          -38.4446471908967,
          -12.9287718240009
        ]
      },
      "properties": {
        "nome": "Ilê Omo Ketá Passu Detá",
        "fonte": "ceao",
        "fonte_detalhe": "CEAO/UFBA - terreiros.ceao.ufba.br",
        "lideranca": "Edvanilda Alves de Souza",
        "nacao": "Jêje",
        "ano_fundacao": "1963",
        "regente": "Ajunsú",
        "endereco": "Rua San Martin, 140-E",
        "bairro": "São Marcos",
        "cep": "41253-080",
        "telefone": "3212-0457",
        "foto_thumb": "http://www.terreiros.ceao.ufba.br/_FT/pq/363.jpg",
        "foto_grande": "http://www.terreiros.ceao.ufba.br/_FT/gd/363.jpg",
        "ceao_id": "363",
        "geo_status": "in_bahia"
      }
    },
    {
      "type": "Feature",
      "geometry": {
        "type": "Point",
        "coordinates": [
          -38.4422876153338,
          -12.925799675214
        ]
      },
      "properties": {
        "nome": "Centro do Caboclo Tupiniquim",
        "fonte": "ceao",
        "fonte_detalhe": "CEAO/UFBA - terreiros.ceao.ufba.br",
        "lideranca": "Márcio Silva de Lima",
        "nacao": "Jêje",
        "ano_fundacao": "2001",
        "regente": "Oxalá",
        "endereco": "Rua Laurindo Teles de Menezes, 120E, Manuel Bispo",
        "bairro": "Sussuarana",
        "cep": "41215-740",
        "telefone": "3405-2643",
        "foto_thumb": "http://www.terreiros.ceao.ufba.br/_FT/pq/365.jpg",
        "foto_grande": "http://www.terreiros.ceao.ufba.br/_FT/gd/365.jpg",
        "ceao_id": "365",
        "geo_status": "in_bahia"
      }
    },
    {
      "type": "Feature",
      "geometry": {
        "type": "Point",
        "coordinates": [
          -38.4420705724069,
          -12.9383563050006
        ]
      },
      "properties": {
        "nome": "Kafungê",
        "fonte": "ceao",
        "fonte_detalhe": "CEAO/UFBA - terreiros.ceao.ufba.br",
        "lideranca": "Simião de Freitas Cunha",
        "nacao": "Angola",
        "ano_fundacao": "1985",
        "regente": "Obaluaê",
        "endereco": "1ª Trav. Sérgio Cardoso, 07",
        "bairro": "Sussuarana",
        "cep": "41213-630",
        "telefone": "3405-5938",
        "foto_thumb": "http://www.terreiros.ceao.ufba.br/_FT/pq/366.jpg",
        "foto_grande": "http://www.terreiros.ceao.ufba.br/_FT/gd/366.jpg",
        "ceao_id": "366",
        "geo_status": "in_bahia"
      }
    },
    {
      "type": "Feature",
      "geometry": {
        "type": "Point",
        "coordinates": [
          -38.4430716967941,
          -12.9284291095674
        ]
      },
      "properties": {
        "nome": "Centro de Obaluaê",
        "fonte": "ceao",
        "fonte_detalhe": "CEAO/UFBA - terreiros.ceao.ufba.br",
        "lideranca": "Givanildo de Jesus Bispo",
        "nacao": "Keto Angola",
        "ano_fundacao": "1995",
        "regente": "Obaluaê",
        "endereco": "Rua da Paz, 25-E",
        "bairro": "Sussuarana",
        "cep": "41213-449",
        "telefone": "3306-4106",
        "foto_thumb": "http://www.terreiros.ceao.ufba.br/_FT/pq/367.jpg",
        "foto_grande": "http://www.terreiros.ceao.ufba.br/_FT/gd/367.jpg",
        "ceao_id": "367",
        "geo_status": "in_bahia"
      }
    },
    {
      "type": "Feature",
      "geometry": {
        "type": "Point",
        "coordinates": [
          -38.4425898896607,
          -12.9318941238349
        ]
      },
      "properties": {
        "nome": "Terreiro de Jibomi",
        "fonte": "ceao",
        "fonte_detalhe": "CEAO/UFBA - terreiros.ceao.ufba.br",
        "lideranca": "Frednelson do Nascimento Machado",
        "nacao": "Keto",
        "ano_fundacao": "1982",
        "regente": "Caboclo Tupinambá",
        "endereco": "Rua São Cristóvão, 4ª Travessa, Mário Kertesz, 12E",
        "bairro": "Sussuarana",
        "cep": "41214-065",
        "telefone": "3306-7081",
        "foto_thumb": "http://www.terreiros.ceao.ufba.br/_FT/pq/368.jpg",
        "foto_grande": "http://www.terreiros.ceao.ufba.br/_FT/gd/368.jpg",
        "ceao_id": "368",
        "geo_status": "in_bahia"
      }
    },
    {
      "type": "Feature",
      "geometry": {
        "type": "Point",
        "coordinates": [
          -38.4406383358852,
          -12.9257569985718
        ]
      },
      "properties": {
        "nome": "Ilê Axé Obá Airá Bodê",
        "fonte": "ceao",
        "fonte_detalhe": "CEAO/UFBA - terreiros.ceao.ufba.br",
        "lideranca": "Francisca Maria Bastos Conceição",
        "nacao": "Keto",
        "ano_fundacao": "1936",
        "regente": "Xangô",
        "bairro": "Caixa DÁgua",
        "cep": "40320-650",
        "telefone": "3234-4257",
        "foto_thumb": "http://www.terreiros.ceao.ufba.br/_FT/pq/371.jpg",
        "foto_grande": "http://www.terreiros.ceao.ufba.br/_FT/gd/371.jpg",
        "ceao_id": "371",
        "geo_status": "in_bahia"
      }
    },
    {
      "type": "Feature",
      "geometry": {
        "type": "Point",
        "coordinates": [
          -38.49210128545,
          -12.9552286931694
        ]
      },
      "properties": {
        "nome": "Centro Ogum Sete Estrelas",
        "fonte": "ceao",
        "fonte_detalhe": "CEAO/UFBA - terreiros.ceao.ufba.br",
        "lideranca": "Anilda Marinha da Silva",
        "nacao": "Angola",
        "ano_fundacao": "1970",
        "regente": "Ogum",
        "endereco": "Jardim Joana Dark, Rua Cel. Odilon Alves Peixoto de Atayde, 19",
        "bairro": "Caixa DÁgua",
        "cep": "40320-505",
        "telefone": "3241-7642",
        "foto_thumb": "http://www.terreiros.ceao.ufba.br/_FT/pq/372.jpg",
        "foto_grande": "http://www.terreiros.ceao.ufba.br/_FT/gd/372.jpg",
        "ceao_id": "372",
        "geo_status": "in_bahia"
      }
    },
    {
      "type": "Feature",
      "geometry": {
        "type": "Point",
        "coordinates": [
          -38.4959865283284,
          -12.9594714633363
        ]
      },
      "properties": {
        "nome": "Unzó Roxe Mucumbi",
        "fonte": "ceao",
        "fonte_detalhe": "CEAO/UFBA - terreiros.ceao.ufba.br",
        "lideranca": "Miriam Bitencurt Vilas Boas",
        "nacao": "Angola",
        "ano_fundacao": "1990",
        "regente": "Oxumaré",
        "endereco": "3ª Trav. São Tomé, 14",
        "bairro": "Caixa DÁgua",
        "cep": "40403-065",
        "telefone": "3388-7302",
        "ceao_id": "374",
        "geo_status": "in_bahia"
      }
    },
    {
      "type": "Feature",
      "geometry": {
        "type": "Point",
        "coordinates": [
          -38.5010754471637,
          -12.9324383362288
        ]
      },
      "properties": {
        "nome": "Ilé Asé Opó Obraláyò",
        "fonte": "ceao",
        "fonte_detalhe": "CEAO/UFBA - terreiros.ceao.ufba.br",
        "lideranca": "Acelino Cruz de Barros",
        "nacao": "Keto",
        "ano_fundacao": "1986",
        "regente": "Xangô",
        "bairro": "Uruguai",
        "cep": "40450-750",
        "telefone": "3312-8111",
        "foto_thumb": "http://www.terreiros.ceao.ufba.br/_FT/pq/379.jpg",
        "foto_grande": "http://www.terreiros.ceao.ufba.br/_FT/gd/379.jpg",
        "ceao_id": "379",
        "geo_status": "in_bahia"
      }
    },
    {
      "type": "Feature",
      "geometry": {
        "type": "Point",
        "coordinates": [
          -38.5035913512086,
          -12.9355064856247
        ]
      },
      "properties": {
        "nome": "Unzó Nkongo Lucaia",
        "fonte": "ceao",
        "fonte_detalhe": "CEAO/UFBA - terreiros.ceao.ufba.br",
        "lideranca": "Itatiaia do E.S. Cardoso",
        "nacao": "Angola",
        "ano_fundacao": "1961",
        "regente": "Caboclo Tupinambá",
        "endereco": "Rua Prof. José Santana, 07",
        "bairro": "Uruguai",
        "cep": "40450-690",
        "telefone": "3313-6809",
        "foto_thumb": "http://www.terreiros.ceao.ufba.br/_FT/pq/381.jpg",
        "foto_grande": "http://www.terreiros.ceao.ufba.br/_FT/gd/381.jpg",
        "ceao_id": "381",
        "geo_status": "in_bahia"
      }
    },
    {
      "type": "Feature",
      "geometry": {
        "type": "Point",
        "coordinates": [
          -38.4986605561936,
          -12.9375066081407
        ]
      },
      "properties": {
        "nome": "Onzo Congo Bessy",
        "fonte": "ceao",
        "fonte_detalhe": "CEAO/UFBA - terreiros.ceao.ufba.br",
        "lideranca": "Ana Lúcia Ribeiro",
        "nacao": "Angola",
        "ano_fundacao": "2003",
        "regente": "Ogum",
        "bairro": "Uruguai",
        "cep": "40450-720",
        "telefone": "3316-9710",
        "foto_thumb": "http://www.terreiros.ceao.ufba.br/_FT/pq/382.jpg",
        "foto_grande": "http://www.terreiros.ceao.ufba.br/_FT/gd/382.jpg",
        "ceao_id": "382",
        "geo_status": "in_bahia"
      }
    },
    {
      "type": "Feature",
      "geometry": {
        "type": "Point",
        "coordinates": [
          -38.4982513415176,
          -12.9354816476342
        ]
      },
      "properties": {
        "nome": "Ilé Asé Ofá Uwrá",
        "fonte": "ceao",
        "fonte_detalhe": "CEAO/UFBA - terreiros.ceao.ufba.br",
        "lideranca": "Carlos R. Pereira da Silva",
        "nacao": "Ijexá",
        "ano_fundacao": "1982",
        "regente": "Logunedé",
        "endereco": "Rua Machado Monteiro, 35, casa 5",
        "bairro": "Caminho de Areia",
        "cep": "40440-050",
        "telefone": "3312-4359/ 9963-0830",
        "foto_thumb": "http://www.terreiros.ceao.ufba.br/_FT/pq/383.jpg",
        "foto_grande": "http://www.terreiros.ceao.ufba.br/_FT/gd/383.jpg",
        "ceao_id": "383",
        "geo_status": "in_bahia"
      }
    },
    {
      "type": "Feature",
      "geometry": {
        "type": "Point",
        "coordinates": [
          -38.500707726539,
          -12.9345404216032
        ]
      },
      "properties": {
        "nome": "Ilê Asé Adê Funfum",
        "fonte": "ceao",
        "fonte_detalhe": "CEAO/UFBA - terreiros.ceao.ufba.br",
        "lideranca": "Carlos Fernando Almeida Menezes",
        "nacao": "Keto",
        "ano_fundacao": "2002",
        "regente": "Iansã",
        "endereco": "Rua Frederico Lisboa, 61",
        "bairro": "Roma",
        "cep": "40444-072",
        "telefone": "3489-8049/ 8106-3968",
        "foto_thumb": "http://www.terreiros.ceao.ufba.br/_FT/pq/384.jpg",
        "foto_grande": "http://www.terreiros.ceao.ufba.br/_FT/gd/384.jpg",
        "ceao_id": "384",
        "geo_status": "in_bahia"
      }
    },
    {
      "type": "Feature",
      "geometry": {
        "type": "Point",
        "coordinates": [
          -38.5026714102064,
          -12.9364946905169
        ]
      },
      "properties": {
        "nome": "Dandalunda Oya Matamba",
        "fonte": "ceao",
        "fonte_detalhe": "CEAO/UFBA - terreiros.ceao.ufba.br",
        "lideranca": "Nilza Terezinha da Mota e Silva",
        "nacao": "Angola",
        "ano_fundacao": "1977",
        "regente": "Oxum",
        "endereco": "Rua Graciliano de Fretias, 29",
        "bairro": "Roma",
        "cep": "40444-340",
        "telefone": "3314-7106",
        "foto_thumb": "http://www.terreiros.ceao.ufba.br/_FT/pq/385.jpg",
        "foto_grande": "http://www.terreiros.ceao.ufba.br/_FT/gd/385.jpg",
        "ceao_id": "385",
        "geo_status": "in_bahia"
      }
    },
    {
      "type": "Feature",
      "geometry": {
        "type": "Point",
        "coordinates": [
          -38.5029464715887,
          -12.9357315339694
        ]
      },
      "properties": {
        "nome": "Ilê Axé Omin Nauê",
        "fonte": "ceao",
        "fonte_detalhe": "CEAO/UFBA - terreiros.ceao.ufba.br",
        "lideranca": "Edcarlos Pereira da Silva",
        "nacao": "Keto",
        "ano_fundacao": "2000",
        "regente": "Oxum",
        "endereco": "Rua Simão Sobral, 2ª Trav. Padre José Leal, 56, fundo",
        "bairro": "Massaranduba",
        "cep": "40435-260",
        "telefone": "3312-1942",
        "ceao_id": "386",
        "geo_status": "in_bahia"
      }
    },
    {
      "type": "Feature",
      "geometry": {
        "type": "Point",
        "coordinates": [
          -38.4951962829568,
          -12.9250570061626
        ]
      },
      "properties": {
        "nome": "Terreiro Antônio Lázaro",
        "fonte": "ceao",
        "fonte_detalhe": "CEAO/UFBA - terreiros.ceao.ufba.br",
        "lideranca": "Jacira Ferreira Santiago",
        "nacao": "Keto",
        "ano_fundacao": "1976",
        "regente": "Obaluaê",
        "endereco": "Rua Major Marivaldo Tapioca, 326",
        "bairro": "Massaranduba",
        "cep": "40435-385",
        "telefone": "3312-8567",
        "foto_thumb": "http://www.terreiros.ceao.ufba.br/_FT/pq/388.jpg",
        "foto_grande": "http://www.terreiros.ceao.ufba.br/_FT/gd/388.jpg",
        "ceao_id": "388",
        "geo_status": "in_bahia"
      }
    },
    {
      "type": "Feature",
      "geometry": {
        "type": "Point",
        "coordinates": [
          -38.4975775962982,
          -12.9213968864234
        ]
      },
      "properties": {
        "nome": "Ilê Axé Oya Erami Onirê",
        "fonte": "ceao",
        "fonte_detalhe": "CEAO/UFBA - terreiros.ceao.ufba.br",
        "lideranca": "Anderson Ornelas Pena",
        "nacao": "Keto",
        "ano_fundacao": "2001",
        "regente": "Iansã",
        "endereco": "Rua Capitão Vicencio Constantino, Av. Alberto, 07",
        "bairro": "Massaranduba",
        "cep": "40435-660",
        "telefone": "3313-4002",
        "foto_thumb": "http://www.terreiros.ceao.ufba.br/_FT/pq/389.jpg",
        "foto_grande": "http://www.terreiros.ceao.ufba.br/_FT/gd/389.jpg",
        "ceao_id": "389",
        "geo_status": "in_bahia"
      }
    },
    {
      "type": "Feature",
      "geometry": {
        "type": "Point",
        "coordinates": [
          -38.4983801202824,
          -12.9243806876521
        ]
      },
      "properties": {
        "nome": "Ogum Delam",
        "fonte": "ceao",
        "fonte_detalhe": "CEAO/UFBA - terreiros.ceao.ufba.br",
        "lideranca": "Eunice Silva do Nascimento",
        "nacao": "Keto",
        "ano_fundacao": "1980",
        "regente": "Ogum e Omolu",
        "endereco": "Rua Dr. Eduardo Santos, 170",
        "bairro": "Pero Vaz",
        "cep": "40335-000",
        "telefone": "3388-3252",
        "foto_thumb": "http://www.terreiros.ceao.ufba.br/_FT/pq/390.jpg",
        "foto_grande": "http://www.terreiros.ceao.ufba.br/_FT/gd/390.jpg",
        "ceao_id": "390",
        "geo_status": "in_bahia"
      }
    },
    {
      "type": "Feature",
      "geometry": {
        "type": "Point",
        "coordinates": [
          -38.4886783488476,
          -12.9522510853377
        ]
      },
      "properties": {
        "nome": "Terreiro Unzó Dy Azulé",
        "fonte": "ceao",
        "fonte_detalhe": "CEAO/UFBA - terreiros.ceao.ufba.br",
        "lideranca": "Maria da Hora Sena dos Santos (Maria de Dialambé)",
        "nacao": "Angola",
        "ano_fundacao": "1993",
        "regente": "Zazi",
        "bairro": "Pero Vaz",
        "cep": "40335-000",
        "telefone": "3256-5366",
        "foto_thumb": "http://www.terreiros.ceao.ufba.br/_FT/pq/392.jpg",
        "foto_grande": "http://www.terreiros.ceao.ufba.br/_FT/gd/392.jpg",
        "ceao_id": "392",
        "geo_status": "in_bahia"
      }
    },
    {
      "type": "Feature",
      "geometry": {
        "type": "Point",
        "coordinates": [
          -38.4909537259576,
          -12.9480401282142
        ]
      },
      "properties": {
        "nome": "Terreiro de Oxalá",
        "fonte": "ceao",
        "fonte_detalhe": "CEAO/UFBA - terreiros.ceao.ufba.br",
        "lideranca": "Wilson de Araújo",
        "nacao": "Keto",
        "ano_fundacao": "1956",
        "regente": "Não informado",
        "endereco": "1ª Trav. da Mandichuria, 57",
        "bairro": "Caixa DÁgua",
        "cep": "40320-650",
        "telefone": "3234-4257",
        "foto_thumb": "http://www.terreiros.ceao.ufba.br/_FT/pq/393.jpg",
        "foto_grande": "http://www.terreiros.ceao.ufba.br/_FT/gd/393.jpg",
        "ceao_id": "393",
        "geo_status": "in_bahia"
      }
    },
    {
      "type": "Feature",
      "geometry": {
        "type": "Point",
        "coordinates": [
          -38.4916601965604,
          -12.9506238629406
        ]
      },
      "properties": {
        "nome": "Ilê Axé Ewá Omim Nerê",
        "fonte": "ceao",
        "fonte_detalhe": "CEAO/UFBA - terreiros.ceao.ufba.br",
        "lideranca": "Diana de Souza Barbosa",
        "nacao": "Keto",
        "ano_fundacao": "1999",
        "regente": "Oxum",
        "endereco": "Rua Baixa do Céu, 3",
        "bairro": "Liberdade",
        "cep": "40327-080",
        "telefone": "3256-0151/ 8853-5286",
        "foto_thumb": "http://www.terreiros.ceao.ufba.br/_FT/pq/395.jpg",
        "foto_grande": "http://www.terreiros.ceao.ufba.br/_FT/gd/395.jpg",
        "ceao_id": "395",
        "geo_status": "in_bahia"
      }
    },
    {
      "type": "Feature",
      "geometry": {
        "type": "Point",
        "coordinates": [
          -38.4926938372557,
          -12.9529564004597
        ]
      },
      "properties": {
        "nome": "Ilê Axé Alá Minfam",
        "fonte": "ceao",
        "fonte_detalhe": "CEAO/UFBA - terreiros.ceao.ufba.br",
        "lideranca": "Eduardo M. do Nascimento",
        "nacao": "Keto",
        "ano_fundacao": "1992",
        "regente": "Oxalá",
        "endereco": "Rua Prof. Wilson Lopes (Rua do Céu), 135",
        "bairro": "Liberdade",
        "cep": "40325-750",
        "telefone": "3241-7135",
        "foto_thumb": "http://www.terreiros.ceao.ufba.br/_FT/pq/396.jpg",
        "foto_grande": "http://www.terreiros.ceao.ufba.br/_FT/gd/396.jpg",
        "ceao_id": "396",
        "geo_status": "in_bahia"
      }
    },
    {
      "type": "Feature",
      "geometry": {
        "type": "Point",
        "coordinates": [
          -38.4896527581228,
          -12.953583202588
        ]
      },
      "properties": {
        "nome": "Centro do Caboclo Sultão das Matas",
        "fonte": "ceao",
        "fonte_detalhe": "CEAO/UFBA - terreiros.ceao.ufba.br",
        "lideranca": "Ducileda da Silva",
        "nacao": "Angola",
        "ano_fundacao": "1996",
        "regente": "Oxum",
        "bairro": "São Cristóvão",
        "cep": "41500-610",
        "telefone": "3388-8734",
        "foto_thumb": "http://www.terreiros.ceao.ufba.br/_FT/pq/398.jpg",
        "foto_grande": "http://www.terreiros.ceao.ufba.br/_FT/gd/398.jpg",
        "ceao_id": "398",
        "geo_status": "in_bahia"
      }
    },
    {
      "type": "Feature",
      "geometry": {
        "type": "Point",
        "coordinates": [
          -38.4455559888426,
          -12.9310567215115
        ]
      },
      "properties": {
        "nome": "Caboclo Zumbi",
        "fonte": "ceao",
        "fonte_detalhe": "CEAO/UFBA - terreiros.ceao.ufba.br",
        "lideranca": "Marinalva dos Santos",
        "nacao": "Jêje Angola",
        "ano_fundacao": "2001",
        "regente": "Iansã",
        "endereco": "Rua Antonio de Freitas, Trav. Yuri Carneiro, 05",
        "bairro": "Sussuarana",
        "cep": "41213-736",
        "telefone": "3306-4546",
        "foto_thumb": "http://www.terreiros.ceao.ufba.br/_FT/pq/401.jpg",
        "foto_grande": "http://www.terreiros.ceao.ufba.br/_FT/gd/401.jpg",
        "ceao_id": "401",
        "geo_status": "in_bahia"
      }
    },
    {
      "type": "Feature",
      "geometry": {
        "type": "Point",
        "coordinates": [
          -38.4424493558089,
          -12.932720424022
        ]
      },
      "properties": {
        "nome": "Centro Senhor Sultão das Matas",
        "fonte": "ceao",
        "fonte_detalhe": "CEAO/UFBA - terreiros.ceao.ufba.br",
        "lideranca": "Josivalda Maria de Jesus Sena",
        "nacao": "Jêje",
        "ano_fundacao": "2002",
        "regente": "Oxumaré",
        "endereco": "Rua Risoleta Carvalho, 40E",
        "bairro": "Sussuarana",
        "cep": "41218-037",
        "telefone": "8838-5592",
        "foto_thumb": "http://www.terreiros.ceao.ufba.br/_FT/pq/402.jpg",
        "foto_grande": "http://www.terreiros.ceao.ufba.br/_FT/gd/402.jpg",
        "ceao_id": "402",
        "geo_status": "in_bahia"
      }
    },
    {
      "type": "Feature",
      "geometry": {
        "type": "Point",
        "coordinates": [
          -38.4465730110108,
          -12.9295999808015
        ]
      },
      "properties": {
        "nome": "Yê Yê Indelê do Viva Deus",
        "fonte": "ceao",
        "fonte_detalhe": "CEAO/UFBA - terreiros.ceao.ufba.br",
        "lideranca": "Maria Inês da Purificação",
        "nacao": "Keto",
        "ano_fundacao": "1978",
        "regente": "Oxum",
        "endereco": "Rua Leste, 50E",
        "bairro": "São Marcos",
        "cep": "41250-050",
        "telefone": "3393-2142 (vizinho Domingos)",
        "foto_thumb": "http://www.terreiros.ceao.ufba.br/_FT/pq/405.jpg",
        "foto_grande": "http://www.terreiros.ceao.ufba.br/_FT/gd/405.jpg",
        "ceao_id": "405",
        "geo_status": "in_bahia"
      }
    },
    {
      "type": "Feature",
      "geometry": {
        "type": "Point",
        "coordinates": [
          -38.4380487400016,
          -12.9281971412761
        ]
      },
      "properties": {
        "nome": "Centro de Oxalá",
        "fonte": "ceao",
        "fonte_detalhe": "CEAO/UFBA - terreiros.ceao.ufba.br",
        "lideranca": "Maria Leonor Conceição Bonfim",
        "nacao": "Angola Umbanda",
        "ano_fundacao": "1976",
        "regente": "Oxalá",
        "endereco": "Rua Jair, 86E",
        "bairro": "São Marcos",
        "cep": "41250-030",
        "telefone": "3213-4957",
        "foto_thumb": "http://www.terreiros.ceao.ufba.br/_FT/pq/406.jpg",
        "foto_grande": "http://www.terreiros.ceao.ufba.br/_FT/gd/406.jpg",
        "ceao_id": "406",
        "geo_status": "in_bahia"
      }
    },
    {
      "type": "Feature",
      "geometry": {
        "type": "Point",
        "coordinates": [
          -38.4804007650421,
          -13.0066318310303
        ]
      },
      "properties": {
        "nome": "Omin Deja",
        "fonte": "ceao",
        "fonte_detalhe": "CEAO/UFBA - terreiros.ceao.ufba.br",
        "lideranca": "Ademario Sacramento",
        "nacao": "Keto Jêje",
        "ano_fundacao": "1999",
        "regente": "Ogum",
        "endereco": "Rua do Balneário, 48E",
        "bairro": "Amaralina",
        "cep": "41900-150",
        "telefone": "9907-1489",
        "foto_thumb": "http://www.terreiros.ceao.ufba.br/_FT/pq/412.jpg",
        "foto_grande": "http://www.terreiros.ceao.ufba.br/_FT/gd/412.jpg",
        "ceao_id": "412",
        "geo_status": "in_bahia"
      }
    },
    {
      "type": "Feature",
      "geometry": {
        "type": "Point",
        "coordinates": [
          -38.471458017581,
          -13.0098463259218
        ]
      },
      "properties": {
        "nome": "Ilê Axé Ominidê",
        "fonte": "ceao",
        "fonte_detalhe": "CEAO/UFBA - terreiros.ceao.ufba.br",
        "lideranca": "Maria de Lourdes Guerreiro de Jesus",
        "nacao": "Keto",
        "ano_fundacao": "1974",
        "regente": "Oxum",
        "endereco": "Rua Antônio Monteiro , 8",
        "bairro": "Fazenda Grande do Retiro",
        "cep": "40353-490",
        "telefone": "3214-0011",
        "foto_thumb": "http://www.terreiros.ceao.ufba.br/_FT/pq/414.jpg",
        "foto_grande": "http://www.terreiros.ceao.ufba.br/_FT/gd/414.jpg",
        "ceao_id": "414",
        "geo_status": "in_bahia"
      }
    },
    {
      "type": "Feature",
      "geometry": {
        "type": "Point",
        "coordinates": [
          -38.4718989208415,
          -12.9423001475181
        ]
      },
      "properties": {
        "nome": "Ilê Axé Omin Okê",
        "fonte": "ceao",
        "fonte_detalhe": "CEAO/UFBA - terreiros.ceao.ufba.br",
        "lideranca": "Rita Santos de Santana",
        "nacao": "Keto",
        "ano_fundacao": "1960",
        "regente": "Ogum",
        "endereco": "Rua Orozi , 26-A",
        "bairro": "Fazenda Grande do Retiro",
        "cep": "40353-440",
        "telefone": "3214-0223",
        "foto_thumb": "http://www.terreiros.ceao.ufba.br/_FT/pq/415.jpg",
        "foto_grande": "http://www.terreiros.ceao.ufba.br/_FT/gd/415.jpg",
        "ceao_id": "415",
        "geo_status": "in_bahia"
      }
    },
    {
      "type": "Feature",
      "geometry": {
        "type": "Point",
        "coordinates": [
          -38.4731943065262,
          -12.9424457080506
        ]
      },
      "properties": {
        "nome": "Ilê Axé Locir",
        "fonte": "ceao",
        "fonte_detalhe": "CEAO/UFBA - terreiros.ceao.ufba.br",
        "lideranca": "Antonio Isaque dos Santos",
        "nacao": "Keto",
        "ano_fundacao": "1961",
        "regente": "Oxóssi",
        "endereco": "Rua Fonte da Bica, 16",
        "bairro": "Fazenda Grande do Retiro",
        "cep": "40353-025",
        "telefone": "não tem",
        "foto_thumb": "http://www.terreiros.ceao.ufba.br/_FT/pq/416.jpg",
        "foto_grande": "http://www.terreiros.ceao.ufba.br/_FT/gd/416.jpg",
        "ceao_id": "416",
        "geo_status": "in_bahia"
      }
    },
    {
      "type": "Feature",
      "geometry": {
        "type": "Point",
        "coordinates": [
          -38.4754709175286,
          -12.9428097770577
        ]
      },
      "properties": {
        "nome": "Centro do Caboclo Araribóia",
        "fonte": "ceao",
        "fonte_detalhe": "CEAO/UFBA - terreiros.ceao.ufba.br",
        "lideranca": "Jessé Mota de Carvalho",
        "nacao": "Keto",
        "ano_fundacao": "1989",
        "regente": "Oxóssi",
        "endereco": "4a Travessa 2 de Julho, 8",
        "bairro": "Fazenda Grande do Retiro",
        "cep": "40350-140",
        "telefone": "3304-0798",
        "foto_thumb": "http://www.terreiros.ceao.ufba.br/_FT/pq/417.jpg",
        "foto_grande": "http://www.terreiros.ceao.ufba.br/_FT/gd/417.jpg",
        "ceao_id": "417",
        "geo_status": "in_bahia"
      }
    },
    {
      "type": "Feature",
      "geometry": {
        "type": "Point",
        "coordinates": [
          -38.4783324432575,
          -12.9437679857082
        ]
      },
      "properties": {
        "nome": "Ilê Axé Undé Omim Nadiré",
        "fonte": "ceao",
        "fonte_detalhe": "CEAO/UFBA - terreiros.ceao.ufba.br",
        "lideranca": "Marlene dos Santos Prinheiro",
        "nacao": "Keto",
        "ano_fundacao": "1966",
        "regente": "Oxum",
        "endereco": "Rua Eliseu Resende, 47",
        "bairro": "Fazenda Grande do Retiro",
        "cep": "40352-220",
        "telefone": "3303-3991",
        "foto_thumb": "http://www.terreiros.ceao.ufba.br/_FT/pq/418.jpg",
        "foto_grande": "http://www.terreiros.ceao.ufba.br/_FT/gd/418.jpg",
        "ceao_id": "418",
        "geo_status": "in_bahia"
      }
    },
    {
      "type": "Feature",
      "geometry": {
        "type": "Point",
        "coordinates": [
          -38.4795055759522,
          -12.9407194575102
        ]
      },
      "properties": {
        "nome": "Terreiro de Oiassi",
        "fonte": "ceao",
        "fonte_detalhe": "CEAO/UFBA - terreiros.ceao.ufba.br",
        "lideranca": "Coralina Gomes",
        "nacao": "Angola",
        "ano_fundacao": "1946",
        "regente": "Iansã",
        "endereco": "Rua Venseslau Galo , 36",
        "bairro": "Cosme de Farias",
        "cep": "40252-190",
        "telefone": "3382-0765",
        "foto_thumb": "http://www.terreiros.ceao.ufba.br/_FT/pq/419.jpg",
        "foto_grande": "http://www.terreiros.ceao.ufba.br/_FT/gd/419.jpg",
        "ceao_id": "419",
        "geo_status": "in_bahia"
      }
    },
    {
      "type": "Feature",
      "geometry": {
        "type": "Point",
        "coordinates": [
          -38.4892878398851,
          -12.9808696472667
        ]
      },
      "properties": {
        "nome": "Terreiro Incossi",
        "fonte": "ceao",
        "fonte_detalhe": "CEAO/UFBA - terreiros.ceao.ufba.br",
        "lideranca": "Elizabete Aquino Cunha",
        "nacao": "Angola",
        "ano_fundacao": "1957",
        "regente": "Ogum",
        "endereco": "Rua Lídio dos Santos, 90",
        "bairro": "San Martin",
        "cep": "40355-010",
        "telefone": "3389-6530",
        "foto_thumb": "http://www.terreiros.ceao.ufba.br/_FT/pq/420.jpg",
        "foto_grande": "http://www.terreiros.ceao.ufba.br/_FT/gd/420.jpg",
        "ceao_id": "420",
        "geo_status": "in_bahia"
      }
    },
    {
      "type": "Feature",
      "geometry": {
        "type": "Point",
        "coordinates": [
          -38.4817746840783,
          -12.9399084109843
        ]
      },
      "properties": {
        "nome": "Ilê Axé Dolomin",
        "fonte": "ceao",
        "fonte_detalhe": "CEAO/UFBA - terreiros.ceao.ufba.br",
        "lideranca": "Rosemary Pereira dos Santos",
        "nacao": "Keto",
        "ano_fundacao": "2000",
        "regente": "Oxum",
        "endereco": "Rua 12 de setembro, Alto do Cruzeiro",
        "bairro": "Cosme de Farias",
        "cep": "40253-220",
        "telefone": "3381-6159",
        "foto_thumb": "http://www.terreiros.ceao.ufba.br/_FT/pq/421.jpg",
        "foto_grande": "http://www.terreiros.ceao.ufba.br/_FT/gd/421.jpg",
        "ceao_id": "421",
        "geo_status": "in_bahia"
      }
    },
    {
      "type": "Feature",
      "geometry": {
        "type": "Point",
        "coordinates": [
          -38.4825941957649,
          -12.9818121938941
        ]
      },
      "properties": {
        "nome": "Ilê Axé Nagô Vodum Azoane",
        "fonte": "ceao",
        "fonte_detalhe": "CEAO/UFBA - terreiros.ceao.ufba.br",
        "lideranca": "Marcrinio Vaz",
        "nacao": "Keto Jêje",
        "ano_fundacao": "1946",
        "regente": "Obaluaê",
        "bairro": "Cosme de Farias",
        "cep": "40252-150",
        "telefone": "3383-7988",
        "foto_thumb": "http://www.terreiros.ceao.ufba.br/_FT/pq/423.jpg",
        "foto_grande": "http://www.terreiros.ceao.ufba.br/_FT/gd/423.jpg",
        "ceao_id": "423",
        "geo_status": "in_bahia"
      }
    },
    {
      "type": "Feature",
      "geometry": {
        "type": "Point",
        "coordinates": [
          -38.3503974082805,
          -12.921611785512
        ]
      },
      "properties": {
        "nome": "Ilê Axé Iyá Oyá Onira",
        "fonte": "ceao",
        "fonte_detalhe": "CEAO/UFBA - terreiros.ceao.ufba.br",
        "lideranca": "Bruno Nascimento Reis",
        "nacao": "Keto",
        "ano_fundacao": "1999",
        "regente": "Oiá",
        "endereco": "Rua Haroldo de Sá, 26",
        "bairro": "Uruguai",
        "cep": "40450-410",
        "telefone": "3313-8823/ 8147-9713",
        "foto_thumb": "http://www.terreiros.ceao.ufba.br/_FT/pq/424.jpg",
        "foto_grande": "http://www.terreiros.ceao.ufba.br/_FT/gd/424.jpg",
        "ceao_id": "424",
        "geo_status": "in_bahia"
      }
    },
    {
      "type": "Feature",
      "geometry": {
        "type": "Point",
        "coordinates": [
          -38.4943012296401,
          -12.933609106632
        ]
      },
      "properties": {
        "nome": "Ilê Asé Ode Omicele Filho",
        "fonte": "ceao",
        "fonte_detalhe": "CEAO/UFBA - terreiros.ceao.ufba.br",
        "lideranca": "Leonardo Santos Nascimento",
        "nacao": "Keto",
        "ano_fundacao": "2001",
        "regente": "Obaluaê",
        "endereco": "Rua Barão Vila da Barra, s/n (lado direito do Plano Inclinado)",
        "bairro": "Calçada",
        "cep": "40410-400",
        "telefone": "3313-5710",
        "foto_thumb": "http://www.terreiros.ceao.ufba.br/_FT/pq/427.jpg",
        "foto_grande": "http://www.terreiros.ceao.ufba.br/_FT/gd/427.jpg",
        "ceao_id": "427",
        "geo_status": "in_bahia"
      }
    },
    {
      "type": "Feature",
      "geometry": {
        "type": "Point",
        "coordinates": [
          -38.4340605077706,
          -12.871702577772
        ]
      },
      "properties": {
        "nome": "Ilê Axé Obá Oyo",
        "fonte": "ceao",
        "fonte_detalhe": "CEAO/UFBA - terreiros.ceao.ufba.br",
        "lideranca": "Otávio Raimundo Borges da Conceição",
        "nacao": "Keto",
        "ano_fundacao": "2000",
        "regente": "Xangô",
        "endereco": "Rua Corte Grande, 27",
        "bairro": "Vila Matos",
        "cep": "41950-308",
        "telefone": "3331-0367",
        "foto_thumb": "http://www.terreiros.ceao.ufba.br/_FT/pq/430.jpg",
        "foto_grande": "http://www.terreiros.ceao.ufba.br/_FT/gd/430.jpg",
        "ceao_id": "430",
        "geo_status": "in_bahia"
      }
    },
    {
      "type": "Feature",
      "geometry": {
        "type": "Point",
        "coordinates": [
          -38.4343004264296,
          -12.8533308844576
        ]
      },
      "properties": {
        "nome": "Unzó Lonboji",
        "fonte": "ceao",
        "fonte_detalhe": "CEAO/UFBA - terreiros.ceao.ufba.br",
        "lideranca": "Iracema Guilhermina Souza de Santana",
        "nacao": "Angola",
        "ano_fundacao": "1995",
        "regente": "Xangô",
        "endereco": "Rua Nova Brasília  Loteamento",
        "bairro": "Valéria",
        "cep": "41300-480",
        "telefone": "3291-1986",
        "foto_thumb": "http://www.terreiros.ceao.ufba.br/_FT/pq/432.jpg",
        "foto_grande": "http://www.terreiros.ceao.ufba.br/_FT/gd/432.jpg",
        "ceao_id": "432",
        "geo_status": "in_bahia"
      }
    },
    {
      "type": "Feature",
      "geometry": {
        "type": "Point",
        "coordinates": [
          -38.4392855148616,
          -12.8569160955509
        ]
      },
      "properties": {
        "nome": "Ilê Axé Olo Omim",
        "fonte": "ceao",
        "fonte_detalhe": "CEAO/UFBA - terreiros.ceao.ufba.br",
        "lideranca": "Doriléia do Espírito Santo",
        "nacao": "Keto",
        "ano_fundacao": "1997",
        "regente": "Oxum",
        "endereco": "Rua Nova Brasília, 23",
        "bairro": "Valéria",
        "cep": "41300-480",
        "telefone": "3301-0004",
        "foto_thumb": "http://www.terreiros.ceao.ufba.br/_FT/pq/433.jpg",
        "foto_grande": "http://www.terreiros.ceao.ufba.br/_FT/gd/433.jpg",
        "ceao_id": "433",
        "geo_status": "in_bahia"
      }
    },
    {
      "type": "Feature",
      "geometry": {
        "type": "Point",
        "coordinates": [
          -38.4363830403806,
          -12.8539066020999
        ]
      },
      "properties": {
        "nome": "Ilê Axé Omim Adecir",
        "fonte": "ceao",
        "fonte_detalhe": "CEAO/UFBA - terreiros.ceao.ufba.br",
        "lideranca": "Maria Conceição Pereira Mercês",
        "nacao": "Keto",
        "ano_fundacao": "1989",
        "regente": "Oxum",
        "endereco": "Rua João Vieira Lopes, 11",
        "bairro": "Valéria",
        "cep": "41301-620",
        "telefone": "3301-9154",
        "foto_thumb": "http://www.terreiros.ceao.ufba.br/_FT/pq/436.jpg",
        "foto_grande": "http://www.terreiros.ceao.ufba.br/_FT/gd/436.jpg",
        "ceao_id": "436",
        "geo_status": "in_bahia"
      }
    },
    {
      "type": "Feature",
      "geometry": {
        "type": "Point",
        "coordinates": [
          -38.430174660184,
          -12.8665282931763
        ]
      },
      "properties": {
        "nome": "Ilê Axé Apó Alwa É",
        "fonte": "ceao",
        "fonte_detalhe": "CEAO/UFBA - terreiros.ceao.ufba.br",
        "lideranca": "Maria Paula de Araújo",
        "nacao": "Keto",
        "ano_fundacao": "1999",
        "regente": "Omolu",
        "endereco": "Rua João Vieira Lopes, 49-E",
        "bairro": "Valéria",
        "cep": "41301-620",
        "telefone": "3301-9270",
        "foto_thumb": "http://www.terreiros.ceao.ufba.br/_FT/pq/437.jpg",
        "foto_grande": "http://www.terreiros.ceao.ufba.br/_FT/gd/437.jpg",
        "ceao_id": "437",
        "geo_status": "in_bahia"
      }
    },
    {
      "type": "Feature",
      "geometry": {
        "type": "Point",
        "coordinates": [
          -38.4310130959736,
          -12.8593776194115
        ]
      },
      "properties": {
        "nome": "Unzó Maiamba de Inzambe",
        "fonte": "ceao",
        "fonte_detalhe": "CEAO/UFBA - terreiros.ceao.ufba.br",
        "lideranca": "José Rafael dos Santos Rodrigues",
        "nacao": "Angola",
        "ano_fundacao": "1977",
        "regente": "Dandalunda e Oxum",
        "endereco": "Rua 13 de julho 253",
        "bairro": "Paripe",
        "telefone": "3397-2172",
        "foto_thumb": "http://www.terreiros.ceao.ufba.br/_FT/pq/439.jpg",
        "foto_grande": "http://www.terreiros.ceao.ufba.br/_FT/gd/439.jpg",
        "ceao_id": "439",
        "geo_status": "in_bahia"
      }
    },
    {
      "type": "Feature",
      "geometry": {
        "type": "Point",
        "coordinates": [
          -38.4730487705306,
          -12.8478708362749
        ]
      },
      "properties": {
        "nome": "Ylê Axé Torrundê",
        "fonte": "ceao",
        "fonte_detalhe": "CEAO/UFBA - terreiros.ceao.ufba.br",
        "lideranca": "Dary José Paim Mota",
        "nacao": "Jêje",
        "ano_fundacao": "1993",
        "regente": "Obaluaê",
        "endereco": "Rua Amapá 586 E",
        "bairro": "Paripe",
        "cep": "40440-680",
        "telefone": "3521-1423",
        "foto_thumb": "http://www.terreiros.ceao.ufba.br/_FT/pq/441.jpg",
        "foto_grande": "http://www.terreiros.ceao.ufba.br/_FT/gd/441.jpg",
        "ceao_id": "441",
        "geo_status": "in_bahia"
      }
    },
    {
      "type": "Feature",
      "geometry": {
        "type": "Point",
        "coordinates": [
          -38.4598916095315,
          -12.835776115345
        ]
      },
      "properties": {
        "nome": "Ilê Axé Ya Tomin",
        "fonte": "ceao",
        "fonte_detalhe": "CEAO/UFBA - terreiros.ceao.ufba.br",
        "lideranca": "Josefa Belisana Sena dos Santos",
        "nacao": "Keto",
        "ano_fundacao": "1966",
        "regente": "Oxalá",
        "endereco": "Rua Itaú, 35 Estrada da Cosisa",
        "bairro": "Paripe",
        "cep": "40810-560",
        "telefone": "3521-1130",
        "foto_thumb": "http://www.terreiros.ceao.ufba.br/_FT/pq/442.jpg",
        "foto_grande": "http://www.terreiros.ceao.ufba.br/_FT/gd/442.jpg",
        "ceao_id": "442",
        "geo_status": "in_bahia"
      }
    },
    {
      "type": "Feature",
      "geometry": {
        "type": "Point",
        "coordinates": [
          -38.4724806029226,
          -12.8334328456583
        ]
      },
      "properties": {
        "nome": "Terreiro Filho de um Sessetaquara",
        "fonte": "ceao",
        "fonte_detalhe": "CEAO/UFBA - terreiros.ceao.ufba.br",
        "lideranca": "Antônio Luiz Lima Santana",
        "nacao": "Angola",
        "ano_fundacao": "1961",
        "regente": "Ogum",
        "endereco": "Rua 13 de Maio, 20",
        "bairro": "Paripe",
        "cep": "40800-630",
        "telefone": "3397-6072",
        "foto_thumb": "http://www.terreiros.ceao.ufba.br/_FT/pq/443.jpg",
        "foto_grande": "http://www.terreiros.ceao.ufba.br/_FT/gd/443.jpg",
        "ceao_id": "443",
        "geo_status": "in_bahia"
      }
    },
    {
      "type": "Feature",
      "geometry": {
        "type": "Point",
        "coordinates": [
          -38.4584503497511,
          -12.8386026065937
        ]
      },
      "properties": {
        "nome": "Terreiro Oiá Gegemin",
        "fonte": "ceao",
        "fonte_detalhe": "CEAO/UFBA - terreiros.ceao.ufba.br",
        "lideranca": "Hilda da Silva Santos",
        "nacao": "Keto",
        "ano_fundacao": "0",
        "regente": "Iansã",
        "endereco": "Rua 21 de Abril , 33 A",
        "bairro": "Paripe",
        "cep": "40820-000",
        "telefone": "3307-4891",
        "foto_thumb": "http://www.terreiros.ceao.ufba.br/_FT/pq/444.jpg",
        "foto_grande": "http://www.terreiros.ceao.ufba.br/_FT/gd/444.jpg",
        "ceao_id": "444",
        "geo_status": "in_bahia"
      }
    },
    {
      "type": "Feature",
      "geometry": {
        "type": "Point",
        "coordinates": [
          -38.4628861584,
          -12.8359381996
        ]
      },
      "properties": {
        "nome": "Ilê Axé Omidêni",
        "fonte": "ceao",
        "fonte_detalhe": "CEAO/UFBA - terreiros.ceao.ufba.br",
        "lideranca": "Maria Helena de Jesus Santana",
        "nacao": "Keto",
        "ano_fundacao": "1992",
        "regente": "Oxum",
        "endereco": "Rua Sergipe , 304 E",
        "bairro": "Paripe",
        "cep": "40800-560",
        "telefone": "3397-3464",
        "foto_thumb": "http://www.terreiros.ceao.ufba.br/_FT/pq/446.jpg",
        "foto_grande": "http://www.terreiros.ceao.ufba.br/_FT/gd/446.jpg",
        "ceao_id": "446",
        "geo_status": "in_bahia"
      }
    },
    {
      "type": "Feature",
      "geometry": {
        "type": "Point",
        "coordinates": [
          -38.4627679239067,
          -12.8371543759254
        ]
      },
      "properties": {
        "nome": "Terreiro Oiá Matamba",
        "fonte": "ceao",
        "fonte_detalhe": "CEAO/UFBA - terreiros.ceao.ufba.br",
        "lideranca": "Benildes A. da Silva Soares",
        "nacao": "Angola",
        "ano_fundacao": "1966",
        "regente": "Iansã",
        "endereco": "Rua 13 de Maio, 181",
        "bairro": "Paripe",
        "cep": "40800-630",
        "telefone": "3521-3106",
        "foto_thumb": "http://www.terreiros.ceao.ufba.br/_FT/pq/447.jpg",
        "foto_grande": "http://www.terreiros.ceao.ufba.br/_FT/gd/447.jpg",
        "ceao_id": "447",
        "geo_status": "in_bahia"
      }
    },
    {
      "type": "Feature",
      "geometry": {
        "type": "Point",
        "coordinates": [
          -38.4612163000336,
          -12.8378804456111
        ]
      },
      "properties": {
        "nome": "Ilê Bomi Oxum",
        "fonte": "ceao",
        "fonte_detalhe": "CEAO/UFBA - terreiros.ceao.ufba.br",
        "lideranca": "Matildes dos Santos Araújo",
        "nacao": "Keto",
        "ano_fundacao": "1965",
        "regente": "Oxum e Oxossi",
        "bairro": "São Caetano",
        "cep": "40391-218",
        "telefone": "3304-1571",
        "foto_thumb": "http://www.terreiros.ceao.ufba.br/_FT/pq/449.jpg",
        "foto_grande": "http://www.terreiros.ceao.ufba.br/_FT/gd/449.jpg",
        "ceao_id": "449",
        "geo_status": "in_bahia"
      }
    },
    {
      "type": "Feature",
      "geometry": {
        "type": "Point",
        "coordinates": [
          -38.4773537946935,
          -12.9334602333306
        ]
      },
      "properties": {
        "nome": "Ilê Axé Tory Oyá",
        "fonte": "ceao",
        "fonte_detalhe": "CEAO/UFBA - terreiros.ceao.ufba.br",
        "lideranca": "Ana Patrícia Lopes Santos Machado",
        "nacao": "Keto",
        "ano_fundacao": "1996",
        "regente": "Oxum",
        "endereco": "Rua Manoel Fernandes, 15",
        "bairro": "São Caetano",
        "cep": "40950-610",
        "telefone": "3304-0083",
        "foto_thumb": "http://www.terreiros.ceao.ufba.br/_FT/pq/450.jpg",
        "foto_grande": "http://www.terreiros.ceao.ufba.br/_FT/gd/450.jpg",
        "ceao_id": "450",
        "geo_status": "in_bahia"
      }
    },
    {
      "type": "Feature",
      "geometry": {
        "type": "Point",
        "coordinates": [
          -38.478308117472,
          -12.9346540963612
        ]
      },
      "properties": {
        "nome": "Terreiro de Ajaguna",
        "fonte": "ceao",
        "fonte_detalhe": "CEAO/UFBA - terreiros.ceao.ufba.br",
        "lideranca": "Aritanã dos Santos Lima",
        "nacao": "Keto",
        "ano_fundacao": "1956",
        "regente": "Oxalá",
        "endereco": "Rua Melo Moraes Filho , 485",
        "bairro": "Fazenda Grande do Retiro",
        "cep": "40352-000",
        "telefone": "3303-5232/ 9175-5462",
        "foto_thumb": "http://www.terreiros.ceao.ufba.br/_FT/pq/451.jpg",
        "foto_grande": "http://www.terreiros.ceao.ufba.br/_FT/gd/451.jpg",
        "ceao_id": "451",
        "geo_status": "in_bahia"
      }
    },
    {
      "type": "Feature",
      "geometry": {
        "type": "Point",
        "coordinates": [
          -38.480372287649,
          -12.936228533894
        ]
      },
      "properties": {
        "nome": "Ilê Axé Babá Oju Alá Omi",
        "fonte": "ceao",
        "fonte_detalhe": "CEAO/UFBA - terreiros.ceao.ufba.br",
        "lideranca": "José Ivo Moreno",
        "nacao": "Keto",
        "ano_fundacao": "1971",
        "regente": "Oxalá",
        "endereco": "Rua Monte Pio, 42",
        "bairro": "São Caetano",
        "cep": "40387-540",
        "telefone": "3215-4027",
        "foto_thumb": "http://www.terreiros.ceao.ufba.br/_FT/pq/453.jpg",
        "foto_grande": "http://www.terreiros.ceao.ufba.br/_FT/gd/453.jpg",
        "ceao_id": "453",
        "geo_status": "in_bahia"
      }
    },
    {
      "type": "Feature",
      "geometry": {
        "type": "Point",
        "coordinates": [
          -38.4727483223232,
          -12.9290829689541
        ]
      },
      "properties": {
        "nome": "Terreiro Babáribò",
        "fonte": "ceao",
        "fonte_detalhe": "CEAO/UFBA - terreiros.ceao.ufba.br",
        "lideranca": "Maria Patrocícina da Conceição",
        "nacao": "Keto",
        "ano_fundacao": "0",
        "regente": "Oxalá",
        "endereco": "Rua Monte Pio , 41",
        "bairro": "São Caetano",
        "cep": "40387-540",
        "telefone": "3211-3901",
        "foto_thumb": "http://www.terreiros.ceao.ufba.br/_FT/pq/454.jpg",
        "foto_grande": "http://www.terreiros.ceao.ufba.br/_FT/gd/454.jpg",
        "ceao_id": "454",
        "geo_status": "in_bahia"
      }
    },
    {
      "type": "Feature",
      "geometry": {
        "type": "Point",
        "coordinates": [
          -38.474692151185,
          -12.9318240833169
        ]
      },
      "properties": {
        "nome": "Ilê Axé Kesimbe Kemense",
        "fonte": "ceao",
        "fonte_detalhe": "CEAO/UFBA - terreiros.ceao.ufba.br",
        "lideranca": "Solange Ferreira dos Santos",
        "nacao": "Keto",
        "ano_fundacao": "0",
        "regente": "Iansã",
        "endereco": "Rua Alto do  Santo Antônio, 16-E",
        "bairro": "São Caetano",
        "cep": "40390-635",
        "telefone": "9187-8125",
        "foto_thumb": "http://www.terreiros.ceao.ufba.br/_FT/pq/457.jpg",
        "foto_grande": "http://www.terreiros.ceao.ufba.br/_FT/gd/457.jpg",
        "ceao_id": "457",
        "geo_status": "in_bahia"
      }
    },
    {
      "type": "Feature",
      "geometry": {
        "type": "Point",
        "coordinates": [
          -38.4594549246823,
          -12.85933768353
        ]
      },
      "properties": {
        "nome": "Terreiro Unzo Mbaambuluseena Ye Teempu",
        "fonte": "ceao",
        "fonte_detalhe": "CEAO/UFBA - terreiros.ceao.ufba.br",
        "lideranca": "Maria Nanci dos Santos",
        "nacao": "Angola",
        "ano_fundacao": "2000",
        "regente": "Iansã",
        "endereco": "Rua Salomé, 34, Subestação da Luz",
        "bairro": "Paripe",
        "cep": "40810-170",
        "telefone": "8144-8034",
        "foto_thumb": "http://www.terreiros.ceao.ufba.br/_FT/pq/821.jpg",
        "foto_grande": "http://www.terreiros.ceao.ufba.br/_FT/gd/821.jpg",
        "ceao_id": "821",
        "geo_status": "in_bahia"
      }
    },
    {
      "type": "Feature",
      "geometry": {
        "type": "Point",
        "coordinates": [
          -38.4612535418415,
          -12.8600798648642
        ]
      },
      "properties": {
        "nome": "Ilê Onomi",
        "fonte": "ceao",
        "fonte_detalhe": "CEAO/UFBA - terreiros.ceao.ufba.br",
        "lideranca": "Marli Maria de Jesus Silva",
        "nacao": "Keto",
        "ano_fundacao": "1977",
        "regente": "Oxumaré",
        "endereco": "1ª Travessa Sudão , 101-E",
        "bairro": "Alto de Coutos",
        "cep": "40730-280",
        "telefone": "3308-1110",
        "foto_thumb": "http://www.terreiros.ceao.ufba.br/_FT/pq/464.jpg",
        "foto_grande": "http://www.terreiros.ceao.ufba.br/_FT/gd/464.jpg",
        "ceao_id": "464",
        "geo_status": "in_bahia"
      }
    },
    {
      "type": "Feature",
      "geometry": {
        "type": "Point",
        "coordinates": [
          -38.4654368050935,
          -12.8614171683948
        ]
      },
      "properties": {
        "nome": "Caboclo Erû do Ilê Axé",
        "fonte": "ceao",
        "fonte_detalhe": "CEAO/UFBA - terreiros.ceao.ufba.br",
        "lideranca": "Antonieta Neres de Jesus",
        "nacao": "Keto",
        "ano_fundacao": "1998",
        "regente": "Iansã",
        "bairro": "São Marcos",
        "cep": "41253-325",
        "telefone": "3393-5245",
        "foto_thumb": "http://www.terreiros.ceao.ufba.br/_FT/pq/468.jpg",
        "foto_grande": "http://www.terreiros.ceao.ufba.br/_FT/gd/468.jpg",
        "ceao_id": "468",
        "geo_status": "in_bahia"
      }
    },
    {
      "type": "Feature",
      "geometry": {
        "type": "Point",
        "coordinates": [
          -38.439327994241,
          -12.9257442588403
        ]
      },
      "properties": {
        "nome": "Ilê Axé Ojunilê Xapanan",
        "fonte": "ceao",
        "fonte_detalhe": "CEAO/UFBA - terreiros.ceao.ufba.br",
        "lideranca": "André Luiz de Jesus Santana",
        "nacao": "Keto",
        "ano_fundacao": "2001",
        "regente": "Obaluaê",
        "endereco": "Rua Travessa do Carmo, 45",
        "bairro": "Lobato",
        "telefone": "Não tem",
        "foto_thumb": "http://www.terreiros.ceao.ufba.br/_FT/pq/469.jpg",
        "foto_grande": "http://www.terreiros.ceao.ufba.br/_FT/gd/469.jpg",
        "ceao_id": "469",
        "geo_status": "in_bahia"
      }
    },
    {
      "type": "Feature",
      "geometry": {
        "type": "Point",
        "coordinates": [
          -38.4827248018152,
          -12.9263018264159
        ]
      },
      "properties": {
        "nome": "Kissimiã Tata Dizami",
        "fonte": "ceao",
        "fonte_detalhe": "CEAO/UFBA - terreiros.ceao.ufba.br",
        "lideranca": "Maria Augusta da Cruz",
        "nacao": "Angola",
        "ano_fundacao": "1980",
        "regente": "Oxumaré",
        "endereco": "Rua Alto do Barrilete, 13",
        "bairro": "Boa Vista do Lobato",
        "cep": "40397-170",
        "telefone": "Não tem",
        "foto_thumb": "http://www.terreiros.ceao.ufba.br/_FT/pq/470.jpg",
        "foto_grande": "http://www.terreiros.ceao.ufba.br/_FT/gd/470.jpg",
        "ceao_id": "470",
        "geo_status": "in_bahia"
      }
    },
    {
      "type": "Feature",
      "geometry": {
        "type": "Point",
        "coordinates": [
          -38.4815770962902,
          -12.925079639811
        ]
      },
      "properties": {
        "nome": "Luã Dewá",
        "fonte": "ceao",
        "fonte_detalhe": "CEAO/UFBA - terreiros.ceao.ufba.br",
        "lideranca": "Antonio Carlos Santos de Menezes",
        "nacao": "Keto",
        "ano_fundacao": "1971",
        "regente": "Oxum",
        "endereco": "Rua Monte Formoso",
        "bairro": "Lobato",
        "cep": "40470-088",
        "telefone": "3239-7053",
        "foto_thumb": "http://www.terreiros.ceao.ufba.br/_FT/pq/472.jpg",
        "foto_grande": "http://www.terreiros.ceao.ufba.br/_FT/gd/472.jpg",
        "ceao_id": "472",
        "geo_status": "in_bahia"
      }
    },
    {
      "type": "Feature",
      "geometry": {
        "type": "Point",
        "coordinates": [
          -38.4886760126589,
          -12.9260860500722
        ]
      },
      "properties": {
        "nome": "Ilê Axé Jiorônan",
        "fonte": "ceao",
        "fonte_detalhe": "CEAO/UFBA - terreiros.ceao.ufba.br",
        "lideranca": "Rosevaldo Menezes dos Santos",
        "nacao": "Keto",
        "ano_fundacao": "1991",
        "regente": "Obaluaê e Iansã",
        "bairro": "Lobato",
        "cep": "40470-380",
        "telefone": "9146-5704",
        "foto_thumb": "http://www.terreiros.ceao.ufba.br/_FT/pq/474.jpg",
        "foto_grande": "http://www.terreiros.ceao.ufba.br/_FT/gd/474.jpg",
        "ceao_id": "474",
        "geo_status": "in_bahia"
      }
    },
    {
      "type": "Feature",
      "geometry": {
        "type": "Point",
        "coordinates": [
          -38.4878723009104,
          -12.9263557971108
        ]
      },
      "properties": {
        "nome": "Unzó Oyá Matamba",
        "fonte": "ceao",
        "fonte_detalhe": "CEAO/UFBA - terreiros.ceao.ufba.br",
        "lideranca": "Gleide Freire Nascimento (Kaloiá)",
        "nacao": "Angola",
        "ano_fundacao": "2001",
        "regente": "Iansã",
        "endereco": "Rua Camanducaia, Conj. Joanes, Centro Oeste",
        "bairro": "Lobato",
        "cep": "40470-380",
        "telefone": "3215-1044",
        "foto_thumb": "http://www.terreiros.ceao.ufba.br/_FT/pq/475.jpg",
        "foto_grande": "http://www.terreiros.ceao.ufba.br/_FT/gd/475.jpg",
        "ceao_id": "475",
        "geo_status": "in_bahia"
      }
    },
    {
      "type": "Feature",
      "geometry": {
        "type": "Point",
        "coordinates": [
          -38.4909750700549,
          -12.9221749562749
        ]
      },
      "properties": {
        "nome": "Ilê Axé Jiaunsi",
        "fonte": "ceao",
        "fonte_detalhe": "CEAO/UFBA - terreiros.ceao.ufba.br",
        "lideranca": "Maria das Graças Costa Silva",
        "nacao": "Keto",
        "ano_fundacao": "1981",
        "regente": "Obaluaê",
        "bairro": "Lobato",
        "cep": "40470-630",
        "telefone": "não tem",
        "foto_thumb": "http://www.terreiros.ceao.ufba.br/_FT/pq/476.jpg",
        "foto_grande": "http://www.terreiros.ceao.ufba.br/_FT/gd/476.jpg",
        "ceao_id": "476",
        "geo_status": "in_bahia"
      }
    },
    {
      "type": "Feature",
      "geometry": {
        "type": "Point",
        "coordinates": [
          -38.4855432931323,
          -12.9035807567219
        ]
      },
      "properties": {
        "nome": "Terreiro de Santa Cárbara Neta de Jubiabá",
        "fonte": "ceao",
        "fonte_detalhe": "CEAO/UFBA - terreiros.ceao.ufba.br",
        "lideranca": "Evandite Sales dos Santos",
        "nacao": "Keto",
        "ano_fundacao": "2000",
        "regente": "Iansã e Oxum",
        "endereco": "Rua Voluntários da Pátria, 611, fundo",
        "bairro": "Lobato",
        "cep": "40470-000",
        "telefone": "3211-4819",
        "foto_thumb": "http://www.terreiros.ceao.ufba.br/_FT/pq/477.jpg",
        "foto_grande": "http://www.terreiros.ceao.ufba.br/_FT/gd/477.jpg",
        "ceao_id": "477",
        "geo_status": "in_bahia"
      }
    },
    {
      "type": "Feature",
      "geometry": {
        "type": "Point",
        "coordinates": [
          -38.4853306560394,
          -12.9295524698135
        ]
      },
      "properties": {
        "nome": "Ilê Axé Kafun Jessi",
        "fonte": "ceao",
        "fonte_detalhe": "CEAO/UFBA - terreiros.ceao.ufba.br",
        "lideranca": "Marivaldo Mendes Pinto",
        "nacao": "Keto",
        "ano_fundacao": "1985",
        "regente": "Obaluaê",
        "endereco": "Rua Senhor do Bonfim, Trav. Elisângela, 48",
        "bairro": "Lobato",
        "cep": "40470-170",
        "telefone": "8113-0816",
        "foto_thumb": "http://www.terreiros.ceao.ufba.br/_FT/pq/478.jpg",
        "foto_grande": "http://www.terreiros.ceao.ufba.br/_FT/gd/478.jpg",
        "ceao_id": "478",
        "geo_status": "in_bahia"
      }
    },
    {
      "type": "Feature",
      "geometry": {
        "type": "Point",
        "coordinates": [
          -38.4812615898398,
          -12.9182468074157
        ]
      },
      "properties": {
        "nome": "Ylê Axé Omin Alafin",
        "fonte": "ceao",
        "fonte_detalhe": "CEAO/UFBA - terreiros.ceao.ufba.br",
        "lideranca": "América Neves Duarte",
        "nacao": "Keto",
        "ano_fundacao": "1977",
        "regente": "Oxum Apará",
        "endereco": "2ª Trav. Domingos Rabelo, 686",
        "bairro": "Ribeira",
        "cep": "40421-700",
        "telefone": "3316-2923",
        "foto_thumb": "http://www.terreiros.ceao.ufba.br/_FT/pq/479.jpg",
        "foto_grande": "http://www.terreiros.ceao.ufba.br/_FT/gd/479.jpg",
        "ceao_id": "479",
        "geo_status": "in_bahia"
      }
    },
    {
      "type": "Feature",
      "geometry": {
        "type": "Point",
        "coordinates": [
          -38.4989545518807,
          -12.9204872817417
        ]
      },
      "properties": {
        "nome": "Ilê Axé Kaundê",
        "fonte": "ceao",
        "fonte_detalhe": "CEAO/UFBA - terreiros.ceao.ufba.br",
        "lideranca": "Decival Pinho Barbosa",
        "nacao": "Keto",
        "ano_fundacao": "2000",
        "regente": "Xangô e Ogum",
        "endereco": "Rua Dom Sebastião de Leme, 53A",
        "bairro": "Massaranduba",
        "cep": "40436-220",
        "telefone": "8714-1401",
        "foto_thumb": "http://www.terreiros.ceao.ufba.br/_FT/pq/480.jpg",
        "foto_grande": "http://www.terreiros.ceao.ufba.br/_FT/gd/480.jpg",
        "ceao_id": "480",
        "geo_status": "in_bahia"
      }
    },
    {
      "type": "Feature",
      "geometry": {
        "type": "Point",
        "coordinates": [
          -38.4941558497756,
          -12.9147546800575
        ]
      },
      "properties": {
        "nome": "Mikero",
        "fonte": "ceao",
        "fonte_detalhe": "CEAO/UFBA - terreiros.ceao.ufba.br",
        "lideranca": "Marinalva de Jesus Lima França",
        "nacao": "Keto",
        "ano_fundacao": "1999",
        "regente": "Iemanjá",
        "endereco": "Rua Ademário Pinheiro, 2",
        "bairro": "Amaralina",
        "telefone": "3346-3019",
        "foto_thumb": "http://www.terreiros.ceao.ufba.br/_FT/pq/484.jpg",
        "foto_grande": "http://www.terreiros.ceao.ufba.br/_FT/gd/484.jpg",
        "ceao_id": "484",
        "geo_status": "in_bahia"
      }
    },
    {
      "type": "Feature",
      "geometry": {
        "type": "Point",
        "coordinates": [
          -38.4732375388765,
          -13.0120022412322
        ]
      },
      "properties": {
        "nome": "Ogun de Ronda Rei dos Astros",
        "fonte": "ceao",
        "fonte_detalhe": "CEAO/UFBA - terreiros.ceao.ufba.br",
        "lideranca": "Mariana dos Santos",
        "nacao": "Umbanda",
        "ano_fundacao": "1956",
        "regente": "Ogum de Ronda",
        "endereco": "Rua Balneário, 38",
        "bairro": "Amaralina",
        "cep": "41900-050",
        "telefone": "3348-7535",
        "foto_thumb": "http://www.terreiros.ceao.ufba.br/_FT/pq/485.jpg",
        "foto_grande": "http://www.terreiros.ceao.ufba.br/_FT/gd/485.jpg",
        "ceao_id": "485",
        "geo_status": "in_bahia"
      }
    },
    {
      "type": "Feature",
      "geometry": {
        "type": "Point",
        "coordinates": [
          -38.4711509052538,
          -13.0102242563191
        ]
      },
      "properties": {
        "nome": "Baquissi Quicongo Cafunge",
        "fonte": "ceao",
        "fonte_detalhe": "CEAO/UFBA - terreiros.ceao.ufba.br",
        "lideranca": "Crispiniana dos Santos Silva",
        "nacao": "Angola",
        "ano_fundacao": "1979",
        "regente": "Obaluaê",
        "endereco": "2ª Trav. do Progresso, 3",
        "bairro": "Curuzu",
        "cep": "40366-035",
        "telefone": "Não tem",
        "foto_thumb": "http://www.terreiros.ceao.ufba.br/_FT/pq/486.jpg",
        "foto_grande": "http://www.terreiros.ceao.ufba.br/_FT/gd/486.jpg",
        "ceao_id": "486",
        "geo_status": "in_bahia"
      }
    },
    {
      "type": "Feature",
      "geometry": {
        "type": "Point",
        "coordinates": [
          -38.4857132125164,
          -12.9451143112933
        ]
      },
      "properties": {
        "nome": "Ora Axé Ogun",
        "fonte": "ceao",
        "fonte_detalhe": "CEAO/UFBA - terreiros.ceao.ufba.br",
        "lideranca": "Isabel de Jesus",
        "nacao": "Keto",
        "ano_fundacao": "2000",
        "regente": "Oxalá",
        "endereco": "Rua Miguel Lemos, 47",
        "bairro": "Federação",
        "cep": "40105-970",
        "telefone": "3235-8754/ 8806-9061",
        "foto_thumb": "http://www.terreiros.ceao.ufba.br/_FT/pq/487.jpg",
        "foto_grande": "http://www.terreiros.ceao.ufba.br/_FT/gd/487.jpg",
        "ceao_id": "487",
        "geo_status": "in_bahia"
      }
    },
    {
      "type": "Feature",
      "geometry": {
        "type": "Point",
        "coordinates": [
          -38.5131209046443,
          -12.9956943563717
        ]
      },
      "properties": {
        "nome": "Centro Xangô",
        "fonte": "ceao",
        "fonte_detalhe": "CEAO/UFBA - terreiros.ceao.ufba.br",
        "lideranca": "Valdilson Dias Santos",
        "nacao": "Espírita linha branca",
        "ano_fundacao": "1991",
        "regente": "Xangô",
        "endereco": "Rua Brasil, 232",
        "bairro": "Santa Cruz",
        "cep": "41927-090",
        "telefone": "3240-1913",
        "foto_thumb": "http://www.terreiros.ceao.ufba.br/_FT/pq/488.jpg",
        "foto_grande": "http://www.terreiros.ceao.ufba.br/_FT/gd/488.jpg",
        "ceao_id": "488",
        "geo_status": "in_bahia"
      }
    },
    {
      "type": "Feature",
      "geometry": {
        "type": "Point",
        "coordinates": [
          -38.4761911085151,
          -13.0060135320853
        ]
      },
      "properties": {
        "nome": "Ilê Axé Omolu Auê",
        "fonte": "ceao",
        "fonte_detalhe": "CEAO/UFBA - terreiros.ceao.ufba.br",
        "lideranca": "Ivete Monteiro dos Santos",
        "nacao": "Keto",
        "ano_fundacao": "1991",
        "regente": "Obaluaê",
        "endereco": "Rua Rilza, 30",
        "bairro": "Amaralina",
        "cep": "41900-350",
        "telefone": "3345-0131",
        "ceao_id": "489",
        "geo_status": "in_bahia"
      }
    },
    {
      "type": "Feature",
      "geometry": {
        "type": "Point",
        "coordinates": [
          -38.4764634065397,
          -13.0066807394767
        ]
      },
      "properties": {
        "nome": "Terreiro Dacocidê",
        "fonte": "ceao",
        "fonte_detalhe": "CEAO/UFBA - terreiros.ceao.ufba.br",
        "lideranca": "Crispim Francisco Ribeiro",
        "nacao": "Keto",
        "ano_fundacao": "1985",
        "regente": "Iemanjá",
        "endereco": "Rua Heitor Dias, 295",
        "bairro": "Cosme de Farias",
        "cep": "40253-090",
        "telefone": "3383-7793",
        "foto_thumb": "http://www.terreiros.ceao.ufba.br/_FT/pq/491.jpg",
        "foto_grande": "http://www.terreiros.ceao.ufba.br/_FT/gd/491.jpg",
        "ceao_id": "491",
        "geo_status": "in_bahia"
      }
    },
    {
      "type": "Feature",
      "geometry": {
        "type": "Point",
        "coordinates": [
          -38.4802997784425,
          -12.9387929021245
        ]
      },
      "properties": {
        "nome": "Terreiro Filho Manso Cocuazenza",
        "fonte": "ceao",
        "fonte_detalhe": "CEAO/UFBA - terreiros.ceao.ufba.br",
        "lideranca": "Antonieta Estelita Francisco",
        "nacao": "Angola",
        "ano_fundacao": "1966",
        "regente": "Iansã",
        "endereco": "Rua Boa Esperança, 38, Tanque do Meio",
        "bairro": "San Martin",
        "cep": "40349-325",
        "telefone": "3214-7395",
        "foto_thumb": "http://www.terreiros.ceao.ufba.br/_FT/pq/496.jpg",
        "foto_grande": "http://www.terreiros.ceao.ufba.br/_FT/gd/496.jpg",
        "ceao_id": "496",
        "geo_status": "in_bahia"
      }
    },
    {
      "type": "Feature",
      "geometry": {
        "type": "Point",
        "coordinates": [
          -38.4845260069285,
          -12.9404749763276
        ]
      },
      "properties": {
        "nome": "Terreiro Kaiala Bisneta Dagoméia",
        "fonte": "ceao",
        "fonte_detalhe": "CEAO/UFBA - terreiros.ceao.ufba.br",
        "lideranca": "Regina Lima Câmara",
        "nacao": "Angola",
        "ano_fundacao": "1998",
        "regente": "Iemanjá",
        "endereco": "Rua Melo Morais Filho, 14, fundo",
        "bairro": "Fazenda Grande do Retiro",
        "cep": "40350-000",
        "telefone": "8896-5730",
        "foto_thumb": "http://www.terreiros.ceao.ufba.br/_FT/pq/497.jpg",
        "foto_grande": "http://www.terreiros.ceao.ufba.br/_FT/gd/497.jpg",
        "ceao_id": "497",
        "geo_status": "in_bahia"
      }
    },
    {
      "type": "Feature",
      "geometry": {
        "type": "Point",
        "coordinates": [
          -38.4760994102445,
          -12.9499741879906
        ]
      },
      "properties": {
        "nome": "Terreiro Mocô Imbira",
        "fonte": "ceao",
        "fonte_detalhe": "CEAO/UFBA - terreiros.ceao.ufba.br",
        "lideranca": "Antônia Alves dos Santos",
        "nacao": "Angola",
        "ano_fundacao": "1964",
        "regente": "Ogum",
        "endereco": "Rua Direta das Pitangueiras, 73",
        "bairro": "Fazenda Grande do Retiro",
        "cep": "40353-150",
        "telefone": "3303-3097",
        "foto_thumb": "http://www.terreiros.ceao.ufba.br/_FT/pq/498.jpg",
        "foto_grande": "http://www.terreiros.ceao.ufba.br/_FT/gd/498.jpg",
        "ceao_id": "498",
        "geo_status": "in_bahia"
      }
    },
    {
      "type": "Feature",
      "geometry": {
        "type": "Point",
        "coordinates": [
          -38.4738391253639,
          -12.9412911786713
        ]
      },
      "properties": {
        "nome": "Terreiro Kaiango Filha do Atombenci",
        "fonte": "ceao",
        "fonte_detalhe": "CEAO/UFBA - terreiros.ceao.ufba.br",
        "lideranca": "Marlene Farias Monte Nero",
        "nacao": "Angola",
        "ano_fundacao": "1992",
        "regente": "Iansã",
        "endereco": "Rua Melo Morais Filho, 28",
        "bairro": "Fazenda Grande do Retiro",
        "cep": "40350-000",
        "telefone": "3382-7618",
        "foto_thumb": "http://www.terreiros.ceao.ufba.br/_FT/pq/499.jpg",
        "foto_grande": "http://www.terreiros.ceao.ufba.br/_FT/gd/499.jpg",
        "ceao_id": "499",
        "geo_status": "in_bahia"
      }
    },
    {
      "type": "Feature",
      "geometry": {
        "type": "Point",
        "coordinates": [
          -38.4865166220499,
          -12.9525491322449
        ]
      },
      "properties": {
        "nome": "Terreiro Tumba Sé",
        "fonte": "ceao",
        "fonte_detalhe": "CEAO/UFBA - terreiros.ceao.ufba.br",
        "lideranca": "Carmelita Luciano Pinto",
        "nacao": "Angola Keto",
        "ano_fundacao": "1946",
        "regente": "Zazi",
        "endereco": "2aTrav. Meirelles, 26",
        "bairro": "Pero Vaz",
        "cep": "40335-450",
        "telefone": "3288-1615",
        "foto_thumb": "http://www.terreiros.ceao.ufba.br/_FT/pq/505.jpg",
        "foto_grande": "http://www.terreiros.ceao.ufba.br/_FT/gd/505.jpg",
        "ceao_id": "505",
        "geo_status": "in_bahia"
      }
    },
    {
      "type": "Feature",
      "geometry": {
        "type": "Point",
        "coordinates": [
          -38.4917699932598,
          -12.9524387010494
        ]
      },
      "properties": {
        "nome": "Ilê Axé Estrela Guia",
        "fonte": "ceao",
        "fonte_detalhe": "CEAO/UFBA - terreiros.ceao.ufba.br",
        "lideranca": "Cebastiana Maria Pereira dos Santos",
        "nacao": "Angola",
        "ano_fundacao": "1983",
        "regente": "não informado",
        "endereco": "2ª Trav. Tenente Mario Alves, 156E",
        "bairro": "Liberdade",
        "cep": "40366-060",
        "telefone": "3388-2020",
        "foto_thumb": "http://www.terreiros.ceao.ufba.br/_FT/pq/507.jpg",
        "foto_grande": "http://www.terreiros.ceao.ufba.br/_FT/gd/507.jpg",
        "ceao_id": "507",
        "geo_status": "in_bahia"
      }
    },
    {
      "type": "Feature",
      "geometry": {
        "type": "Point",
        "coordinates": [
          -38.4879769594083,
          -12.9420891415207
        ]
      },
      "properties": {
        "nome": "Terreiro do Caboclo Catimboia",
        "fonte": "ceao",
        "fonte_detalhe": "CEAO/UFBA - terreiros.ceao.ufba.br",
        "lideranca": "Janete Reis do Nascimento",
        "nacao": "Angola",
        "ano_fundacao": "2000",
        "regente": "Oxóssi e Iansã",
        "bairro": "Plataforma",
        "cep": "40717-190",
        "telefone": "3241-6683/ 3242-1810",
        "foto_thumb": "http://www.terreiros.ceao.ufba.br/_FT/pq/510.jpg",
        "foto_grande": "http://www.terreiros.ceao.ufba.br/_FT/gd/510.jpg",
        "ceao_id": "510",
        "geo_status": "in_bahia"
      }
    },
    {
      "type": "Feature",
      "geometry": {
        "type": "Point",
        "coordinates": [
          -38.4738027194746,
          -12.8996494633146
        ]
      },
      "properties": {
        "nome": "Ylê Arco Verde",
        "fonte": "ceao",
        "fonte_detalhe": "CEAO/UFBA - terreiros.ceao.ufba.br",
        "lideranca": "Crênis Alves de Oliveira",
        "nacao": "Angola",
        "ano_fundacao": "1974",
        "regente": "Oxóssi",
        "endereco": "Rua Vista para o Mar, 131",
        "bairro": "Paripe",
        "cep": "40810-570",
        "telefone": "não informado",
        "foto_thumb": "http://www.terreiros.ceao.ufba.br/_FT/pq/511.jpg",
        "foto_grande": "http://www.terreiros.ceao.ufba.br/_FT/gd/511.jpg",
        "ceao_id": "511",
        "geo_status": "in_bahia"
      }
    },
    {
      "type": "Feature",
      "geometry": {
        "type": "Point",
        "coordinates": [
          -38.4742666002361,
          -12.8275232248543
        ]
      },
      "properties": {
        "nome": "Ilê Axé Tomboalê",
        "fonte": "ceao",
        "fonte_detalhe": "CEAO/UFBA - terreiros.ceao.ufba.br",
        "lideranca": "Edmilson Jorge dos Santos",
        "nacao": "Keto",
        "ano_fundacao": "1994",
        "regente": "Logunedé",
        "endereco": "Rua Aratu, 133",
        "bairro": "Paripe",
        "cep": "40810-430",
        "telefone": "3408-4122",
        "foto_thumb": "http://www.terreiros.ceao.ufba.br/_FT/pq/513.jpg",
        "foto_grande": "http://www.terreiros.ceao.ufba.br/_FT/gd/513.jpg",
        "ceao_id": "513",
        "geo_status": "in_bahia"
      }
    },
    {
      "type": "Feature",
      "geometry": {
        "type": "Point",
        "coordinates": [
          -38.4723784200355,
          -12.8310394893621
        ]
      },
      "properties": {
        "nome": "Ilê Axé Oxum Deuim",
        "fonte": "ceao",
        "fonte_detalhe": "CEAO/UFBA - terreiros.ceao.ufba.br",
        "lideranca": "Eloísa Conceição da Silva Oliveira",
        "nacao": "Keto",
        "ano_fundacao": "1994",
        "regente": "Oxum",
        "endereco": "Rua Aratu , 147",
        "bairro": "Paripe",
        "cep": "40810-430",
        "telefone": "3397-3038",
        "foto_thumb": "http://www.terreiros.ceao.ufba.br/_FT/pq/514.jpg",
        "foto_grande": "http://www.terreiros.ceao.ufba.br/_FT/gd/514.jpg",
        "ceao_id": "514",
        "geo_status": "in_bahia"
      }
    },
    {
      "type": "Feature",
      "geometry": {
        "type": "Point",
        "coordinates": [
          -38.4718546394861,
          -12.8315624507666
        ]
      },
      "properties": {
        "nome": "Ilê Oxossi",
        "fonte": "ceao",
        "fonte_detalhe": "CEAO/UFBA - terreiros.ceao.ufba.br",
        "lideranca": "Alexandrina Maria Bispo dos Santos",
        "nacao": "Keto",
        "ano_fundacao": "1976",
        "regente": "Oxóssi",
        "endereco": "Rua Potiguar, 57 E",
        "bairro": "Paripe",
        "cep": "40810-450",
        "telefone": "3307-5020",
        "foto_thumb": "http://www.terreiros.ceao.ufba.br/_FT/pq/515.jpg",
        "foto_grande": "http://www.terreiros.ceao.ufba.br/_FT/gd/515.jpg",
        "ceao_id": "515",
        "geo_status": "in_bahia"
      }
    },
    {
      "type": "Feature",
      "geometry": {
        "type": "Point",
        "coordinates": [
          -38.473220948648,
          -12.8280509456724
        ]
      },
      "properties": {
        "nome": "Ilê Axé Muricidá",
        "fonte": "ceao",
        "fonte_detalhe": "CEAO/UFBA - terreiros.ceao.ufba.br",
        "lideranca": "Gessé Lima dos Santos",
        "nacao": "Keto",
        "ano_fundacao": "1970",
        "regente": "Oxóssi",
        "endereco": "Rua Paraguai, 485",
        "bairro": "Paripe",
        "cep": "40820-090",
        "telefone": "8858-4708",
        "foto_thumb": "http://www.terreiros.ceao.ufba.br/_FT/pq/516.jpg",
        "foto_grande": "http://www.terreiros.ceao.ufba.br/_FT/gd/516.jpg",
        "ceao_id": "516",
        "geo_status": "in_bahia"
      }
    },
    {
      "type": "Feature",
      "geometry": {
        "type": "Point",
        "coordinates": [
          -38.4691862140897,
          -12.8359061294688
        ]
      },
      "properties": {
        "nome": "Ilê Axé Omi Lena",
        "fonte": "ceao",
        "fonte_detalhe": "CEAO/UFBA - terreiros.ceao.ufba.br",
        "lideranca": "Maria Neves Xavier",
        "nacao": "Keto",
        "ano_fundacao": "1966",
        "regente": "Oxum",
        "endereco": "Rua Iriguaçú, 90",
        "bairro": "Paripe",
        "cep": "40820-110",
        "telefone": "3307-7614",
        "foto_thumb": "http://www.terreiros.ceao.ufba.br/_FT/pq/518.jpg",
        "foto_grande": "http://www.terreiros.ceao.ufba.br/_FT/gd/518.jpg",
        "ceao_id": "518",
        "geo_status": "in_bahia"
      }
    },
    {
      "type": "Feature",
      "geometry": {
        "type": "Point",
        "coordinates": [
          -38.4243537576989,
          -12.8818815981494
        ]
      },
      "properties": {
        "nome": "Ilê Axé Opô Agodô",
        "fonte": "ceao",
        "fonte_detalhe": "CEAO/UFBA - terreiros.ceao.ufba.br",
        "lideranca": "Vanda Oliveria Passos",
        "nacao": "Keto",
        "ano_fundacao": "1974",
        "regente": "Xangô",
        "endereco": "Rua Boca da Mata, 125",
        "bairro": "Valéria",
        "cep": "41300-460",
        "telefone": "Não tem",
        "foto_thumb": "http://www.terreiros.ceao.ufba.br/_FT/pq/522.jpg",
        "foto_grande": "http://www.terreiros.ceao.ufba.br/_FT/gd/522.jpg",
        "ceao_id": "522",
        "geo_status": "in_bahia"
      }
    },
    {
      "type": "Feature",
      "geometry": {
        "type": "Point",
        "coordinates": [
          -38.4359623718873,
          -12.8629327440171
        ]
      },
      "properties": {
        "nome": "Ilê Axé Oyá Sibalê",
        "fonte": "ceao",
        "fonte_detalhe": "CEAO/UFBA - terreiros.ceao.ufba.br",
        "lideranca": "Maria Crispina",
        "nacao": "Keto",
        "ano_fundacao": "1986",
        "regente": "Iansã",
        "endereco": "Rua da Matriz, 78-E",
        "bairro": "Valéria",
        "cep": "41300-600",
        "telefone": "3301-1519",
        "foto_thumb": "http://www.terreiros.ceao.ufba.br/_FT/pq/523.jpg",
        "foto_grande": "http://www.terreiros.ceao.ufba.br/_FT/gd/523.jpg",
        "ceao_id": "523",
        "geo_status": "in_bahia"
      }
    },
    {
      "type": "Feature",
      "geometry": {
        "type": "Point",
        "coordinates": [
          -38.4248115475087,
          -12.8664900825349
        ]
      },
      "properties": {
        "nome": "Ilê De Ogunjá",
        "fonte": "ceao",
        "fonte_detalhe": "CEAO/UFBA - terreiros.ceao.ufba.br",
        "lideranca": "Pedro Ribeiro Xanches Filho",
        "nacao": "Keto",
        "ano_fundacao": "1986",
        "regente": "Ogunjá",
        "endereco": "Rua Nova Brasilia, 780",
        "bairro": "Valéria",
        "cep": "41300-480",
        "telefone": "3301-2306",
        "foto_thumb": "http://www.terreiros.ceao.ufba.br/_FT/pq/524.jpg",
        "foto_grande": "http://www.terreiros.ceao.ufba.br/_FT/gd/524.jpg",
        "ceao_id": "524",
        "geo_status": "in_bahia"
      }
    },
    {
      "type": "Feature",
      "geometry": {
        "type": "Point",
        "coordinates": [
          -38.4379820513366,
          -12.8578817808727
        ]
      },
      "properties": {
        "nome": "Ilê Gêge Dahomé",
        "fonte": "ceao",
        "fonte_detalhe": "CEAO/UFBA - terreiros.ceao.ufba.br",
        "lideranca": "Joberval José dos Santos",
        "nacao": "Jêje Keto",
        "ano_fundacao": "1926",
        "regente": "Xangô",
        "endereco": "Rua da Matriz , 27",
        "bairro": "Valéria",
        "cep": "41300-600",
        "telefone": "3301-9234",
        "foto_thumb": "http://www.terreiros.ceao.ufba.br/_FT/pq/525.jpg",
        "foto_grande": "http://www.terreiros.ceao.ufba.br/_FT/gd/525.jpg",
        "ceao_id": "525",
        "geo_status": "in_bahia"
      }
    },
    {
      "type": "Feature",
      "geometry": {
        "type": "Point",
        "coordinates": [
          -38.4330440451049,
          -12.8667979724749
        ]
      },
      "properties": {
        "nome": "Centro de Yemanjá",
        "fonte": "ceao",
        "fonte_detalhe": "CEAO/UFBA - terreiros.ceao.ufba.br",
        "lideranca": "Maria Duarte",
        "nacao": "Angola",
        "ano_fundacao": "1993",
        "regente": "Ogum",
        "endereco": "Rua Eduardo Oliveira, 12",
        "bairro": "Águas Claras",
        "telefone": "3305-0887",
        "foto_thumb": "http://www.terreiros.ceao.ufba.br/_FT/pq/527.jpg",
        "foto_grande": "http://www.terreiros.ceao.ufba.br/_FT/gd/527.jpg",
        "ceao_id": "527",
        "geo_status": "in_bahia"
      }
    },
    {
      "type": "Feature",
      "geometry": {
        "type": "Point",
        "coordinates": [
          -38.4202051002554,
          -12.8815536177219
        ]
      },
      "properties": {
        "nome": "Ilê Axé Omim Alaxé",
        "fonte": "ceao",
        "fonte_detalhe": "CEAO/UFBA - terreiros.ceao.ufba.br",
        "lideranca": "Clarinda Correia dos Santos",
        "nacao": "Keto",
        "ano_fundacao": "1994",
        "regente": "Ogum",
        "endereco": "Rua Albertina Santos, 34-E",
        "bairro": "Águas Claras",
        "cep": "41311-326",
        "telefone": "3238-3056",
        "foto_thumb": "http://www.terreiros.ceao.ufba.br/_FT/pq/528.jpg",
        "foto_grande": "http://www.terreiros.ceao.ufba.br/_FT/gd/528.jpg",
        "ceao_id": "528",
        "geo_status": "in_bahia"
      }
    },
    {
      "type": "Feature",
      "geometry": {
        "type": "Point",
        "coordinates": [
          -38.4300247821102,
          -12.8853723547444
        ]
      },
      "properties": {
        "nome": "Ilê Axé Ajá Omi",
        "fonte": "ceao",
        "fonte_detalhe": "CEAO/UFBA - terreiros.ceao.ufba.br",
        "lideranca": "Edvaldo Borges Mota",
        "nacao": "Keto",
        "ano_fundacao": "1989",
        "regente": "Oxalá",
        "endereco": "Rua Nestor Duarte, 141, Estrada Velha de  São Caetano",
        "bairro": "São Caetano",
        "cep": "40395-240",
        "telefone": "3259-2406",
        "foto_thumb": "http://www.terreiros.ceao.ufba.br/_FT/pq/529.jpg",
        "foto_grande": "http://www.terreiros.ceao.ufba.br/_FT/gd/529.jpg",
        "ceao_id": "529",
        "geo_status": "in_bahia"
      }
    },
    {
      "type": "Feature",
      "geometry": {
        "type": "Point",
        "coordinates": [
          -38.4853642599096,
          -12.9350935619845
        ]
      },
      "properties": {
        "nome": "Terreiro de Obaluaiê",
        "fonte": "ceao",
        "fonte_detalhe": "CEAO/UFBA - terreiros.ceao.ufba.br",
        "lideranca": "Edvaldo Soares Bessa",
        "nacao": "Umbanda",
        "ano_fundacao": "2004",
        "regente": "Oxóssi",
        "endereco": "Rua Primavera, 105",
        "bairro": "Boa Vista de São Caetano",
        "cep": "40387-166",
        "telefone": "9197-2148",
        "foto_thumb": "http://www.terreiros.ceao.ufba.br/_FT/pq/534.jpg",
        "foto_grande": "http://www.terreiros.ceao.ufba.br/_FT/gd/534.jpg",
        "ceao_id": "534",
        "geo_status": "in_bahia"
      }
    },
    {
      "type": "Feature",
      "geometry": {
        "type": "Point",
        "coordinates": [
          -38.4879291456677,
          -12.9351262474192
        ]
      },
      "properties": {
        "nome": "Centro do Cabolco Sete Flechas",
        "fonte": "ceao",
        "fonte_detalhe": "CEAO/UFBA - terreiros.ceao.ufba.br",
        "lideranca": "Vera Coutinho Viana",
        "nacao": "Keto Angola",
        "ano_fundacao": "2005",
        "regente": "Iansã Balé e Oxóssi",
        "endereco": "Rua Engº Austriquiano, 155-B",
        "bairro": "São Caetano",
        "cep": "40391-204",
        "telefone": "3304-7116",
        "foto_thumb": "http://www.terreiros.ceao.ufba.br/_FT/pq/531.jpg",
        "foto_grande": "http://www.terreiros.ceao.ufba.br/_FT/gd/531.jpg",
        "ceao_id": "531",
        "geo_status": "in_bahia"
      }
    },
    {
      "type": "Feature",
      "geometry": {
        "type": "Point",
        "coordinates": [
          -38.4870985936332,
          -12.9343864454646
        ]
      },
      "properties": {
        "nome": "Terreiro Oyá de Balé",
        "fonte": "ceao",
        "fonte_detalhe": "CEAO/UFBA - terreiros.ceao.ufba.br",
        "lideranca": "Neide de Agemira Ferreira Melkiades",
        "nacao": "Keto",
        "ano_fundacao": "0",
        "regente": "Iansã Akoró Balé",
        "endereco": "Rua Nestor Duarte, 138 fundo",
        "bairro": "São Caetano",
        "cep": "41395-240",
        "telefone": "3403-6363",
        "foto_thumb": "http://www.terreiros.ceao.ufba.br/_FT/pq/532.jpg",
        "foto_grande": "http://www.terreiros.ceao.ufba.br/_FT/gd/532.jpg",
        "ceao_id": "532",
        "geo_status": "in_bahia"
      }
    },
    {
      "type": "Feature",
      "geometry": {
        "type": "Point",
        "coordinates": [
          -38.4838512798423,
          -12.934188625558
        ]
      },
      "properties": {
        "nome": "Ilê Axé Oju Ominirê Anã",
        "fonte": "ceao",
        "fonte_detalhe": "CEAO/UFBA - terreiros.ceao.ufba.br",
        "lideranca": "Milton dos Santos Almeida",
        "nacao": "Keto",
        "ano_fundacao": "2002",
        "regente": "Ogum",
        "endereco": "Rua Nestor Duarte, 143, Estrada Velha",
        "bairro": "São Caetano",
        "cep": "40395-240",
        "telefone": "9911-4234",
        "foto_thumb": "http://www.terreiros.ceao.ufba.br/_FT/pq/533.jpg",
        "foto_grande": "http://www.terreiros.ceao.ufba.br/_FT/gd/533.jpg",
        "ceao_id": "533",
        "geo_status": "in_bahia"
      }
    },
    {
      "type": "Feature",
      "geometry": {
        "type": "Point",
        "coordinates": [
          -38.4762835006597,
          -12.9239617375468
        ]
      },
      "properties": {
        "nome": "Ilê Axé Megê Okê Raiz de Omim Ambukê",
        "fonte": "ceao",
        "fonte_detalhe": "CEAO/UFBA - terreiros.ceao.ufba.br",
        "lideranca": "Sandra Maria dos Reis",
        "nacao": "Keto",
        "ano_fundacao": "1995",
        "regente": "Ogum",
        "endereco": "Rua Nova Brejal, 80",
        "bairro": "São Caetano",
        "cep": "40349-045",
        "telefone": "9188-1548",
        "foto_thumb": "http://www.terreiros.ceao.ufba.br/_FT/pq/536.jpg",
        "foto_grande": "http://www.terreiros.ceao.ufba.br/_FT/gd/536.jpg",
        "ceao_id": "536",
        "geo_status": "in_bahia"
      }
    },
    {
      "type": "Feature",
      "geometry": {
        "type": "Point",
        "coordinates": [
          -38.4848743953569,
          -12.935475040234
        ]
      },
      "properties": {
        "nome": "Ilê Axé Olu Omim Oforogy",
        "fonte": "ceao",
        "fonte_detalhe": "CEAO/UFBA - terreiros.ceao.ufba.br",
        "lideranca": "Jailson Rodrigues das Neves",
        "nacao": "Keto",
        "ano_fundacao": "1982",
        "regente": "Oxum",
        "endereco": "Rua Rodovia A, 1ª Trav. Rodovia A",
        "bairro": "Boa Vista de São Caetano",
        "cep": "40385-000",
        "telefone": "3259-0868",
        "foto_thumb": "http://www.terreiros.ceao.ufba.br/_FT/pq/537.jpg",
        "foto_grande": "http://www.terreiros.ceao.ufba.br/_FT/gd/537.jpg",
        "ceao_id": "537",
        "geo_status": "in_bahia"
      }
    },
    {
      "type": "Feature",
      "geometry": {
        "type": "Point",
        "coordinates": [
          -38.4765973370249,
          -12.927725276746
        ]
      },
      "properties": {
        "nome": "Unzó Sasaganzuá Kanjoanlonjolo Kangunga Kiasampala Kanua",
        "fonte": "ceao",
        "fonte_detalhe": "CEAO/UFBA - terreiros.ceao.ufba.br",
        "lideranca": "Selma Dias de Q. dos Santos",
        "nacao": "Angola",
        "ano_fundacao": "0",
        "regente": "Angorô",
        "endereco": "Rua Nova Brejal, 129",
        "bairro": "São Caetano",
        "cep": "40349-045",
        "telefone": "9178-3173",
        "foto_thumb": "http://www.terreiros.ceao.ufba.br/_FT/pq/538.jpg",
        "foto_grande": "http://www.terreiros.ceao.ufba.br/_FT/gd/538.jpg",
        "ceao_id": "538",
        "geo_status": "in_bahia"
      }
    },
    {
      "type": "Feature",
      "geometry": {
        "type": "Point",
        "coordinates": [
          -38.4842655982224,
          -12.9352013903756
        ]
      },
      "properties": {
        "nome": "Terreiro Lemba Tumbangy",
        "fonte": "ceao",
        "fonte_detalhe": "CEAO/UFBA - terreiros.ceao.ufba.br",
        "lideranca": "Maria de Lourdes Santos",
        "nacao": "Angola",
        "ano_fundacao": "1971",
        "regente": "Obaluaê e Ogum",
        "endereco": "Rua do Amparo, Jardim Lobato",
        "bairro": "Lobato",
        "cep": "40337-050",
        "telefone": "3293-3441",
        "foto_thumb": "http://www.terreiros.ceao.ufba.br/_FT/pq/539.jpg",
        "foto_grande": "http://www.terreiros.ceao.ufba.br/_FT/gd/539.jpg",
        "ceao_id": "539",
        "geo_status": "in_bahia"
      }
    },
    {
      "type": "Feature",
      "geometry": {
        "type": "Point",
        "coordinates": [
          -38.4822704118105,
          -12.9161678131313
        ]
      },
      "properties": {
        "nome": "Ilê Axé Kossi Obá Afiolorum",
        "fonte": "ceao",
        "fonte_detalhe": "CEAO/UFBA - terreiros.ceao.ufba.br",
        "lideranca": "Cléber Marques Rodrigues",
        "nacao": "Keto",
        "ano_fundacao": "2003",
        "regente": "Logunedé",
        "bairro": "Lobato",
        "telefone": "3215-1825",
        "foto_thumb": "http://www.terreiros.ceao.ufba.br/_FT/pq/540.jpg",
        "foto_grande": "http://www.terreiros.ceao.ufba.br/_FT/gd/540.jpg",
        "ceao_id": "540",
        "geo_status": "in_bahia"
      }
    },
    {
      "type": "Feature",
      "geometry": {
        "type": "Point",
        "coordinates": [
          -38.4831675185811,
          -12.9219223163857
        ]
      },
      "properties": {
        "nome": "Unzo Indembwa Kamumzambi",
        "fonte": "ceao",
        "fonte_detalhe": "CEAO/UFBA - terreiros.ceao.ufba.br",
        "lideranca": "Francisco de Assis da Silva Bezerra",
        "nacao": "Angola",
        "ano_fundacao": "1991",
        "regente": "Tempo",
        "endereco": "1ª Trav. Mamorana, Baixa do Cacau",
        "bairro": "Lobato",
        "cep": "40391-298",
        "telefone": "3403-2629",
        "foto_thumb": "http://www.terreiros.ceao.ufba.br/_FT/pq/542.jpg",
        "foto_grande": "http://www.terreiros.ceao.ufba.br/_FT/gd/542.jpg",
        "ceao_id": "542",
        "geo_status": "in_bahia"
      }
    },
    {
      "type": "Feature",
      "geometry": {
        "type": "Point",
        "coordinates": [
          -38.4796161613627,
          -12.9157018716071
        ]
      },
      "properties": {
        "nome": "Ilê Axé Bualeji",
        "fonte": "ceao",
        "fonte_detalhe": "CEAO/UFBA - terreiros.ceao.ufba.br",
        "lideranca": "Antonieta de Souza",
        "nacao": "Keto",
        "ano_fundacao": "1973",
        "regente": "Oxóssi",
        "endereco": "Rua Monteiro Lobato, 538, Jardim Lobato",
        "bairro": "Lobato",
        "cep": "40470-100",
        "telefone": "3246-1457",
        "foto_thumb": "http://www.terreiros.ceao.ufba.br/_FT/pq/545.jpg",
        "foto_grande": "http://www.terreiros.ceao.ufba.br/_FT/gd/545.jpg",
        "ceao_id": "545",
        "geo_status": "in_bahia"
      }
    },
    {
      "type": "Feature",
      "geometry": {
        "type": "Point",
        "coordinates": [
          -38.4806017231146,
          -12.9142047185293
        ]
      },
      "properties": {
        "nome": "Filho de Omin Tundê",
        "fonte": "ceao",
        "fonte_detalhe": "CEAO/UFBA - terreiros.ceao.ufba.br",
        "lideranca": "Virgínia Nascimento Santos Pimentel",
        "nacao": "Keto",
        "ano_fundacao": "1976",
        "regente": "Oxum",
        "endereco": "Rua Oscar Cordeiro, 70, Jardim Lobato",
        "bairro": "Lobato",
        "cep": "40470-090",
        "telefone": "3246-2198",
        "foto_thumb": "http://www.terreiros.ceao.ufba.br/_FT/pq/546.jpg",
        "foto_grande": "http://www.terreiros.ceao.ufba.br/_FT/gd/546.jpg",
        "ceao_id": "546",
        "geo_status": "in_bahia"
      }
    },
    {
      "type": "Feature",
      "geometry": {
        "type": "Point",
        "coordinates": [
          -38.4802426744819,
          -12.9135479269208
        ]
      },
      "properties": {
        "nome": "Ilê Axé Omom Efun",
        "fonte": "ceao",
        "fonte_detalhe": "CEAO/UFBA - terreiros.ceao.ufba.br",
        "lideranca": "Fernando José Silva Bezerra",
        "nacao": "Keto",
        "ano_fundacao": "1990",
        "regente": "Logunedé",
        "endereco": "Rua Manuel, Av. São Salvador, casa 85",
        "bairro": "Lobato",
        "cep": "40391-298",
        "telefone": "3403-5640",
        "foto_thumb": "http://www.terreiros.ceao.ufba.br/_FT/pq/547.jpg",
        "foto_grande": "http://www.terreiros.ceao.ufba.br/_FT/gd/547.jpg",
        "ceao_id": "547",
        "geo_status": "in_bahia"
      }
    },
    {
      "type": "Feature",
      "geometry": {
        "type": "Point",
        "coordinates": [
          -38.4857311115582,
          -12.9330738317972
        ]
      },
      "properties": {
        "nome": "Ylê Axé Omin Tundê",
        "fonte": "ceao",
        "fonte_detalhe": "CEAO/UFBA - terreiros.ceao.ufba.br",
        "lideranca": "Florenice Muniz Barreto",
        "nacao": "Keto",
        "ano_fundacao": "1966",
        "regente": "Iemanjá",
        "bairro": "Lobato",
        "cep": "40470-636",
        "telefone": "3293-6791",
        "foto_thumb": "http://www.terreiros.ceao.ufba.br/_FT/pq/548.jpg",
        "foto_grande": "http://www.terreiros.ceao.ufba.br/_FT/gd/548.jpg",
        "ceao_id": "548",
        "geo_status": "in_bahia"
      }
    },
    {
      "type": "Feature",
      "geometry": {
        "type": "Point",
        "coordinates": [
          -38.4762346822604,
          -12.856421568342
        ]
      },
      "properties": {
        "nome": "Ilê Axé Oxumaré",
        "fonte": "ceao",
        "fonte_detalhe": "CEAO/UFBA - terreiros.ceao.ufba.br",
        "lideranca": "Paulo Roberto Bitenccurt",
        "nacao": "Keto",
        "ano_fundacao": "1987",
        "regente": "Oxumaré",
        "endereco": "Rua da Paz de Cima, 3",
        "bairro": "Bairro da Paz",
        "cep": "41610-330",
        "telefone": "Não tem",
        "foto_thumb": "http://www.terreiros.ceao.ufba.br/_FT/pq/550.jpg",
        "foto_grande": "http://www.terreiros.ceao.ufba.br/_FT/gd/550.jpg",
        "ceao_id": "550",
        "geo_status": "in_bahia"
      }
    },
    {
      "type": "Feature",
      "geometry": {
        "type": "Point",
        "coordinates": [
          -38.3739241449954,
          -12.9303441162991
        ]
      },
      "properties": {
        "nome": "Terreiro Ladê Pademim",
        "fonte": "ceao",
        "fonte_detalhe": "CEAO/UFBA - terreiros.ceao.ufba.br",
        "lideranca": "Maria Eusébia do Rosário",
        "nacao": "Keto",
        "ano_fundacao": "1958",
        "regente": "Oxum",
        "endereco": "Rua 28 de Dezembro, 2",
        "bairro": "Bairro da Paz",
        "telefone": "3368-0538",
        "foto_thumb": "http://www.terreiros.ceao.ufba.br/_FT/pq/551.jpg",
        "foto_grande": "http://www.terreiros.ceao.ufba.br/_FT/gd/551.jpg",
        "ceao_id": "551",
        "geo_status": "in_bahia"
      }
    },
    {
      "type": "Feature",
      "geometry": {
        "type": "Point",
        "coordinates": [
          -38.3735439490608,
          -12.9314076042852
        ]
      },
      "properties": {
        "nome": "Centro do Caboclo Guerreiro",
        "fonte": "ceao",
        "fonte_detalhe": "CEAO/UFBA - terreiros.ceao.ufba.br",
        "lideranca": "Carlos Alexandre Virgens de Jesus",
        "nacao": "Angola",
        "ano_fundacao": "1997",
        "regente": "Iemanjá e Oxalá",
        "endereco": "Rua 1º de maio, 30 Nova Brasília",
        "bairro": "Itapuã",
        "cep": "41630-020",
        "telefone": "3285-2317",
        "foto_thumb": "http://www.terreiros.ceao.ufba.br/_FT/pq/552.jpg",
        "foto_grande": "http://www.terreiros.ceao.ufba.br/_FT/gd/552.jpg",
        "ceao_id": "552",
        "geo_status": "in_bahia"
      }
    },
    {
      "type": "Feature",
      "geometry": {
        "type": "Point",
        "coordinates": [
          -38.3723834375306,
          -12.9272030256923
        ]
      },
      "properties": {
        "nome": "Ilê Axé Omim Oya",
        "fonte": "ceao",
        "fonte_detalhe": "CEAO/UFBA - terreiros.ceao.ufba.br",
        "lideranca": "Neucinéia N. dos Santos",
        "nacao": "Keto",
        "ano_fundacao": "1984",
        "regente": "Oxum",
        "endereco": "Rua Petrolinia Dércia, 147",
        "bairro": "Valéria",
        "cep": "41300-465",
        "telefone": "3302-2974/ 3306-6799",
        "foto_thumb": "http://www.terreiros.ceao.ufba.br/_FT/pq/554.jpg",
        "foto_grande": "http://www.terreiros.ceao.ufba.br/_FT/gd/554.jpg",
        "ceao_id": "554",
        "geo_status": "in_bahia"
      }
    },
    {
      "type": "Feature",
      "geometry": {
        "type": "Point",
        "coordinates": [
          -38.4319736537733,
          -12.8733460974007
        ]
      },
      "properties": {
        "nome": "Ilê Axé Zécide Dam",
        "fonte": "ceao",
        "fonte_detalhe": "CEAO/UFBA - terreiros.ceao.ufba.br",
        "lideranca": "Romilda América da Conceição",
        "nacao": "Jêje",
        "ano_fundacao": "1988",
        "regente": "Becen",
        "endereco": "Rua Diogo Fred, 30-A",
        "bairro": "Valéria",
        "cep": "41301-240",
        "telefone": "3301-4382",
        "foto_thumb": "http://www.terreiros.ceao.ufba.br/_FT/pq/556.jpg",
        "foto_grande": "http://www.terreiros.ceao.ufba.br/_FT/gd/556.jpg",
        "ceao_id": "556",
        "geo_status": "in_bahia"
      }
    },
    {
      "type": "Feature",
      "geometry": {
        "type": "Point",
        "coordinates": [
          -38.4375506570858,
          -12.8825107075374
        ]
      },
      "properties": {
        "nome": "Onzo Mean Avulô Unzambe",
        "fonte": "ceao",
        "fonte_detalhe": "CEAO/UFBA - terreiros.ceao.ufba.br",
        "lideranca": "Idalha Sampaio da Encarnação",
        "nacao": "Angola",
        "ano_fundacao": "1998",
        "regente": "Oxumaré",
        "endereco": "Rua da Paz, 14",
        "bairro": "Valéria",
        "cep": "40305-020",
        "telefone": "3215-6641",
        "foto_thumb": "http://www.terreiros.ceao.ufba.br/_FT/pq/557.jpg",
        "foto_grande": "http://www.terreiros.ceao.ufba.br/_FT/gd/557.jpg",
        "ceao_id": "557",
        "geo_status": "in_bahia"
      }
    },
    {
      "type": "Feature",
      "geometry": {
        "type": "Point",
        "coordinates": [
          -38.4432903931867,
          -12.8804807422146
        ]
      },
      "properties": {
        "nome": "Ilê Axé Lira de Ouro",
        "fonte": "ceao",
        "fonte_detalhe": "CEAO/UFBA - terreiros.ceao.ufba.br",
        "lideranca": "Valtércio dos Santos",
        "nacao": "Keto",
        "ano_fundacao": "1985",
        "regente": "Oxum",
        "endereco": "2ª Trav. Nossa Senhora das Graças (Nova Brasília de Valéria)",
        "bairro": "Valéria",
        "cep": "41306-015",
        "telefone": "8123-7730",
        "foto_thumb": "http://www.terreiros.ceao.ufba.br/_FT/pq/558.jpg",
        "foto_grande": "http://www.terreiros.ceao.ufba.br/_FT/gd/558.jpg",
        "ceao_id": "558",
        "geo_status": "in_bahia"
      }
    },
    {
      "type": "Feature",
      "geometry": {
        "type": "Point",
        "coordinates": [
          -38.4402606419582,
          -12.8603834743211
        ]
      },
      "properties": {
        "nome": "Ilê Axé Orumicila Raízes de Jidereci",
        "fonte": "ceao",
        "fonte_detalhe": "CEAO/UFBA - terreiros.ceao.ufba.br",
        "lideranca": "Wilson",
        "nacao": "Keto",
        "ano_fundacao": "1991",
        "regente": "Oxum",
        "endereco": "2ª Trav. Nossa Senhora das Graças (Nova Brasília de Valéria)",
        "bairro": "Valéria",
        "cep": "41306-015",
        "telefone": "3291-3116",
        "foto_thumb": "http://www.terreiros.ceao.ufba.br/_FT/pq/559.jpg",
        "foto_grande": "http://www.terreiros.ceao.ufba.br/_FT/gd/559.jpg",
        "ceao_id": "559",
        "geo_status": "in_bahia"
      }
    },
    {
      "type": "Feature",
      "geometry": {
        "type": "Point",
        "coordinates": [
          -38.477184386651,
          -12.8310898555573
        ]
      },
      "properties": {
        "nome": "Ilê Gedemerê",
        "fonte": "ceao",
        "fonte_detalhe": "CEAO/UFBA - terreiros.ceao.ufba.br",
        "lideranca": "Edileuza de Jesus",
        "nacao": "Keto",
        "ano_fundacao": "1976",
        "regente": "Ogum",
        "endereco": "Rua Venezuela, 234",
        "bairro": "Paripe",
        "cep": "40820-070",
        "telefone": "3521-0479",
        "foto_thumb": "http://www.terreiros.ceao.ufba.br/_FT/pq/562.jpg",
        "foto_grande": "http://www.terreiros.ceao.ufba.br/_FT/gd/562.jpg",
        "ceao_id": "562",
        "geo_status": "in_bahia"
      }
    },
    {
      "type": "Feature",
      "geometry": {
        "type": "Point",
        "coordinates": [
          -38.4661113023061,
          -12.8318567068371
        ]
      },
      "properties": {
        "nome": "Ilê Asé Oyá Lecy",
        "fonte": "ceao",
        "fonte_detalhe": "CEAO/UFBA - terreiros.ceao.ufba.br",
        "lideranca": "Antônio Márcio de Santana",
        "nacao": "Keto",
        "ano_fundacao": "2005",
        "regente": "Iansã",
        "bairro": "Paripe",
        "cep": "40760-190",
        "telefone": "3217-9326",
        "foto_thumb": "http://www.terreiros.ceao.ufba.br/_FT/pq/565.jpg",
        "foto_grande": "http://www.terreiros.ceao.ufba.br/_FT/gd/565.jpg",
        "ceao_id": "565",
        "geo_status": "in_bahia"
      }
    },
    {
      "type": "Feature",
      "geometry": {
        "type": "Point",
        "coordinates": [
          -38.4688795800943,
          -12.8300198587983
        ]
      },
      "properties": {
        "nome": "Ilê Três Unidos",
        "fonte": "ceao",
        "fonte_detalhe": "CEAO/UFBA - terreiros.ceao.ufba.br",
        "lideranca": "Elisa Maria das Dores",
        "nacao": "Keto",
        "ano_fundacao": "1970",
        "regente": "Xangô",
        "bairro": "Paripe",
        "telefone": "3217-2047",
        "foto_thumb": "http://www.terreiros.ceao.ufba.br/_FT/pq/566.jpg",
        "foto_grande": "http://www.terreiros.ceao.ufba.br/_FT/gd/566.jpg",
        "ceao_id": "566",
        "geo_status": "in_bahia"
      }
    },
    {
      "type": "Feature",
      "geometry": {
        "type": "Point",
        "coordinates": [
          -38.4755497687699,
          -12.8288045311302
        ]
      },
      "properties": {
        "nome": "Ilê Axé Iamim",
        "fonte": "ceao",
        "fonte_detalhe": "CEAO/UFBA - terreiros.ceao.ufba.br",
        "lideranca": "Miriam Pereira Toschina Rufino",
        "nacao": "Keto",
        "ano_fundacao": "1964",
        "regente": "Iemanjá",
        "endereco": "Rua Punciano Ferreira , 34E",
        "bairro": "São Marcos",
        "cep": "41250-253",
        "telefone": "3212-3346",
        "foto_thumb": "http://www.terreiros.ceao.ufba.br/_FT/pq/570.jpg",
        "foto_grande": "http://www.terreiros.ceao.ufba.br/_FT/gd/570.jpg",
        "ceao_id": "570",
        "geo_status": "in_bahia"
      }
    },
    {
      "type": "Feature",
      "geometry": {
        "type": "Point",
        "coordinates": [
          -38.4420880571019,
          -12.9244915150601
        ]
      },
      "properties": {
        "nome": "Terreiro de Omolu",
        "fonte": "ceao",
        "fonte_detalhe": "CEAO/UFBA - terreiros.ceao.ufba.br",
        "lideranca": "Carmelita Bastos Souza",
        "nacao": "Keto Angola",
        "ano_fundacao": "1966",
        "regente": "Omolu",
        "endereco": "Rua Santa Rita, 30E",
        "bairro": "São Marcos",
        "cep": "41247-080",
        "telefone": "Não tem",
        "foto_thumb": "http://www.terreiros.ceao.ufba.br/_FT/pq/572.jpg",
        "foto_grande": "http://www.terreiros.ceao.ufba.br/_FT/gd/572.jpg",
        "ceao_id": "572",
        "geo_status": "in_bahia"
      }
    },
    {
      "type": "Feature",
      "geometry": {
        "type": "Point",
        "coordinates": [
          -38.4405062122781,
          -12.9217376841131
        ]
      },
      "properties": {
        "nome": "Ilê Axé Jegbé Omom Tojadé Ati Kereliwi",
        "fonte": "ceao",
        "fonte_detalhe": "CEAO/UFBA - terreiros.ceao.ufba.br",
        "lideranca": "Norma Sueli Borges",
        "nacao": "Jêje Savalú",
        "ano_fundacao": "1995",
        "regente": "Becen",
        "endereco": "Estrada Velha do Coqueiro Grande, Rua Heráclito, s/n",
        "bairro": "Fazenda Grande III/IV",
        "cep": "41345-580",
        "telefone": "3313-4292/ 3305-1053",
        "foto_thumb": "http://www.terreiros.ceao.ufba.br/_FT/pq/573.jpg",
        "foto_grande": "http://www.terreiros.ceao.ufba.br/_FT/gd/573.jpg",
        "ceao_id": "573",
        "geo_status": "in_bahia"
      }
    },
    {
      "type": "Feature",
      "geometry": {
        "type": "Point",
        "coordinates": [
          -38.3955740200225,
          -12.9096072211847
        ]
      },
      "properties": {
        "nome": "Terreiro de Ògún",
        "fonte": "ceao",
        "fonte_detalhe": "CEAO/UFBA - terreiros.ceao.ufba.br",
        "lideranca": "Yara França dos Santos",
        "nacao": "Angola",
        "ano_fundacao": "1990",
        "regente": "Ogum",
        "endereco": "Rua Getúlio Vargas, 17",
        "bairro": "Jardim Cruzeiro",
        "cep": "40430-190",
        "telefone": "3313-1873/ 3312-2728",
        "foto_thumb": "http://www.terreiros.ceao.ufba.br/_FT/pq/574.jpg",
        "foto_grande": "http://www.terreiros.ceao.ufba.br/_FT/gd/574.jpg",
        "ceao_id": "574",
        "geo_status": "in_bahia"
      }
    },
    {
      "type": "Feature",
      "geometry": {
        "type": "Point",
        "coordinates": [
          -38.4996479632362,
          -12.932294262942
        ]
      },
      "properties": {
        "nome": "Ilê Axé Jagum Juleui",
        "fonte": "ceao",
        "fonte_detalhe": "CEAO/UFBA - terreiros.ceao.ufba.br",
        "lideranca": "Marcos Antônio Rodrigues Poppe",
        "nacao": "Keto",
        "ano_fundacao": "1983",
        "regente": "Obaluaê",
        "endereco": "Rua Matias de Alburquerque, 206",
        "bairro": "Uruguai",
        "cep": "40450-105",
        "telefone": "3312-9313/ 3389-6150",
        "foto_thumb": "http://www.terreiros.ceao.ufba.br/_FT/pq/575.jpg",
        "foto_grande": "http://www.terreiros.ceao.ufba.br/_FT/gd/575.jpg",
        "ceao_id": "575",
        "geo_status": "in_bahia"
      }
    },
    {
      "type": "Feature",
      "geometry": {
        "type": "Point",
        "coordinates": [
          -38.4975825787398,
          -12.9466805166123
        ]
      },
      "properties": {
        "nome": "Ilê Axé Babá Alá Omim",
        "fonte": "ceao",
        "fonte_detalhe": "CEAO/UFBA - terreiros.ceao.ufba.br",
        "lideranca": "Luzival L. do Nascimento",
        "nacao": "Keto",
        "ano_fundacao": "1999",
        "regente": "Oxaguiã",
        "endereco": "Rua da Alegria , 114",
        "bairro": "Curuzu",
        "cep": "40365-180",
        "telefone": "3388-2014/ 3386-6647",
        "foto_thumb": "http://www.terreiros.ceao.ufba.br/_FT/pq/578.jpg",
        "foto_grande": "http://www.terreiros.ceao.ufba.br/_FT/gd/578.jpg",
        "ceao_id": "578",
        "geo_status": "in_bahia"
      }
    },
    {
      "type": "Feature",
      "geometry": {
        "type": "Point",
        "coordinates": [
          -38.487641504492,
          -12.943650388863
        ]
      },
      "properties": {
        "nome": "Terreiro Mofunjá",
        "fonte": "ceao",
        "fonte_detalhe": "CEAO/UFBA - terreiros.ceao.ufba.br",
        "lideranca": "Luis dos Santos",
        "nacao": "Angola",
        "ano_fundacao": "1999",
        "regente": "Obaluaê",
        "endereco": "3ª Trav. Alvarenga Peixoto, 21",
        "bairro": "Liberdade",
        "cep": "40366-080",
        "telefone": "3388-2977",
        "foto_thumb": "http://www.terreiros.ceao.ufba.br/_FT/pq/580.jpg",
        "foto_grande": "http://www.terreiros.ceao.ufba.br/_FT/gd/580.jpg",
        "ceao_id": "580",
        "geo_status": "in_bahia"
      }
    },
    {
      "type": "Feature",
      "geometry": {
        "type": "Point",
        "coordinates": [
          -38.4923644453959,
          -12.9509463247152
        ]
      },
      "properties": {
        "nome": "Ale Baché Iageré",
        "fonte": "ceao",
        "fonte_detalhe": "CEAO/UFBA - terreiros.ceao.ufba.br",
        "lideranca": "Maria de São Pedro Amadeus dos Santos",
        "nacao": "Keto",
        "ano_fundacao": "1991",
        "regente": "Iansã",
        "endereco": "1ª Avenida Vila Operaria, 67, fundo",
        "bairro": "Curuzu",
        "cep": "40365-775",
        "telefone": "3388-4127",
        "foto_thumb": "http://www.terreiros.ceao.ufba.br/_FT/pq/582.jpg",
        "foto_grande": "http://www.terreiros.ceao.ufba.br/_FT/gd/582.jpg",
        "ceao_id": "582",
        "geo_status": "in_bahia"
      }
    },
    {
      "type": "Feature",
      "geometry": {
        "type": "Point",
        "coordinates": [
          -38.4866162973181,
          -12.9467657595946
        ]
      },
      "properties": {
        "nome": "Onzo Congo Mutalombó de Unzambe",
        "fonte": "ceao",
        "fonte_detalhe": "CEAO/UFBA - terreiros.ceao.ufba.br",
        "lideranca": "Joselito Rocha Santos",
        "nacao": "Angola",
        "ano_fundacao": "1980",
        "regente": "Oxóssi",
        "endereco": "Rua Melo Morais Filho, 59-B",
        "bairro": "Fazenda Grande do Retiro",
        "cep": "40350-000",
        "telefone": "3382-2136",
        "foto_thumb": "http://www.terreiros.ceao.ufba.br/_FT/pq/583.jpg",
        "foto_grande": "http://www.terreiros.ceao.ufba.br/_FT/gd/583.jpg",
        "ceao_id": "583",
        "geo_status": "in_bahia"
      }
    },
    {
      "type": "Feature",
      "geometry": {
        "type": "Point",
        "coordinates": [
          -38.4747317231459,
          -12.9473902595177
        ]
      },
      "properties": {
        "nome": "Ilê Axé Ôia Ômin Obá",
        "fonte": "ceao",
        "fonte_detalhe": "CEAO/UFBA - terreiros.ceao.ufba.br",
        "lideranca": "Marcos Antônio Conceição Mota",
        "nacao": "Keto",
        "ano_fundacao": "2002",
        "regente": "Iansã",
        "endereco": "2ª Trav. Lídio dos Santos, 3",
        "bairro": "San Martin",
        "cep": "40355-020",
        "telefone": "3383-4662",
        "foto_thumb": "http://www.terreiros.ceao.ufba.br/_FT/pq/584.jpg",
        "foto_grande": "http://www.terreiros.ceao.ufba.br/_FT/gd/584.jpg",
        "ceao_id": "584",
        "geo_status": "in_bahia"
      }
    },
    {
      "type": "Feature",
      "geometry": {
        "type": "Point",
        "coordinates": [
          -38.4831735822,
          -12.9422131722
        ]
      },
      "properties": {
        "nome": "Ilê Axé Ibá Nereô",
        "fonte": "ceao",
        "fonte_detalhe": "CEAO/UFBA - terreiros.ceao.ufba.br",
        "lideranca": "Jilmar Ferreira da Cruz",
        "nacao": "Keto",
        "ano_fundacao": "2002",
        "regente": "Oxum",
        "endereco": "Rua Alto da Boa Esperança, 118 Fonte do Capim",
        "bairro": "San Martin",
        "cep": "40350-030",
        "telefone": "3244-5390",
        "foto_thumb": "http://www.terreiros.ceao.ufba.br/_FT/pq/585.jpg",
        "foto_grande": "http://www.terreiros.ceao.ufba.br/_FT/gd/585.jpg",
        "ceao_id": "585",
        "geo_status": "in_bahia"
      }
    },
    {
      "type": "Feature",
      "geometry": {
        "type": "Point",
        "coordinates": [
          -38.4813812688065,
          -12.9403509356481
        ]
      },
      "properties": {
        "nome": "Ilê Axé Ibá Jidegi",
        "fonte": "ceao",
        "fonte_detalhe": "CEAO/UFBA - terreiros.ceao.ufba.br",
        "lideranca": "Paulo Roberto Cruz dos Santos",
        "nacao": "Keto",
        "ano_fundacao": "2003",
        "regente": "Obaluaê",
        "endereco": "Rua Alto da Boa Esperança, 116, Fonte do Capim",
        "bairro": "San Martin",
        "cep": "40355-030",
        "telefone": "3389-8228",
        "foto_thumb": "http://www.terreiros.ceao.ufba.br/_FT/pq/586.jpg",
        "foto_grande": "http://www.terreiros.ceao.ufba.br/_FT/gd/586.jpg",
        "ceao_id": "586",
        "geo_status": "in_bahia"
      }
    },
    {
      "type": "Feature",
      "geometry": {
        "type": "Point",
        "coordinates": [
          -38.4816435208207,
          -12.9410492476148
        ]
      },
      "properties": {
        "nome": "Ilê Axé Ômin Obá",
        "fonte": "ceao",
        "fonte_detalhe": "CEAO/UFBA - terreiros.ceao.ufba.br",
        "lideranca": "Maria Helena Silva Reis",
        "nacao": "Keto",
        "ano_fundacao": "1966",
        "regente": "Oxum",
        "endereco": "Rua Lídio dos Santos , 100",
        "bairro": "San Martin",
        "cep": "40355-010",
        "telefone": "3389-6531",
        "foto_thumb": "http://www.terreiros.ceao.ufba.br/_FT/pq/587.jpg",
        "foto_grande": "http://www.terreiros.ceao.ufba.br/_FT/gd/587.jpg",
        "ceao_id": "587",
        "geo_status": "in_bahia"
      }
    },
    {
      "type": "Feature",
      "geometry": {
        "type": "Point",
        "coordinates": [
          -38.4821266830325,
          -12.9410908310044
        ]
      },
      "properties": {
        "nome": "Terreiro Dandalunda",
        "fonte": "ceao",
        "fonte_detalhe": "CEAO/UFBA - terreiros.ceao.ufba.br",
        "lideranca": "Dina dos Anjos",
        "nacao": "Keto",
        "ano_fundacao": "1992",
        "regente": "Oxum",
        "endereco": "Rua Rio Nilo, 02",
        "bairro": "Fazenda Grande do Retiro",
        "cep": "40355-140",
        "telefone": "3244-5594",
        "foto_thumb": "http://www.terreiros.ceao.ufba.br/_FT/pq/588.jpg",
        "foto_grande": "http://www.terreiros.ceao.ufba.br/_FT/gd/588.jpg",
        "ceao_id": "588",
        "geo_status": "in_bahia"
      }
    },
    {
      "type": "Feature",
      "geometry": {
        "type": "Point",
        "coordinates": [
          -38.447279794245,
          -12.9249853374771
        ]
      },
      "properties": {
        "nome": "Ilê Axé Oiá Larê",
        "fonte": "ceao",
        "fonte_detalhe": "CEAO/UFBA - terreiros.ceao.ufba.br",
        "lideranca": "Zilda Floriano dos Santos",
        "nacao": "Keto",
        "ano_fundacao": "1979",
        "regente": "Iansã",
        "endereco": "Rua Dr. Pedro Araújo , 29",
        "bairro": "Fazenda Grande do Retiro",
        "cep": "40357-030",
        "telefone": "3303-2925",
        "foto_thumb": "http://www.terreiros.ceao.ufba.br/_FT/pq/590.jpg",
        "foto_grande": "http://www.terreiros.ceao.ufba.br/_FT/gd/590.jpg",
        "ceao_id": "590",
        "geo_status": "in_bahia"
      }
    },
    {
      "type": "Feature",
      "geometry": {
        "type": "Point",
        "coordinates": [
          -38.4813717312178,
          -12.9460989738528
        ]
      },
      "properties": {
        "nome": "Ilê Axé Oni Obá",
        "fonte": "ceao",
        "fonte_detalhe": "CEAO/UFBA - terreiros.ceao.ufba.br",
        "lideranca": "Evandro Alves dos Santos",
        "nacao": "Keto",
        "ano_fundacao": "1995",
        "regente": "Xangô",
        "endereco": "Rua Mello Moraes Filho , 96",
        "bairro": "Fazenda Grande do Retiro",
        "cep": "40350-000",
        "telefone": "3258-4582",
        "foto_thumb": "http://www.terreiros.ceao.ufba.br/_FT/pq/591.jpg",
        "foto_grande": "http://www.terreiros.ceao.ufba.br/_FT/gd/591.jpg",
        "ceao_id": "591",
        "geo_status": "in_bahia"
      }
    },
    {
      "type": "Feature",
      "geometry": {
        "type": "Point",
        "coordinates": [
          -38.4782766201,
          -12.9061265741
        ]
      },
      "properties": {
        "nome": "Ilê Axé Ufá Lossileuá",
        "fonte": "ceao",
        "fonte_detalhe": "CEAO/UFBA - terreiros.ceao.ufba.br",
        "lideranca": "Paulo Sérgio dos Santos",
        "nacao": "Keto",
        "ano_fundacao": "2003",
        "regente": "Logunedé",
        "endereco": "2ª Travessa Rio Negro, 30",
        "bairro": "Plataforma",
        "cep": "40710-782",
        "telefone": "8184-7062",
        "foto_thumb": "http://www.terreiros.ceao.ufba.br/_FT/pq/594.jpg",
        "foto_grande": "http://www.terreiros.ceao.ufba.br/_FT/gd/594.jpg",
        "ceao_id": "594",
        "geo_status": "in_bahia"
      }
    },
    {
      "type": "Feature",
      "geometry": {
        "type": "Point",
        "coordinates": [
          -38.4764199648847,
          -12.8952041859794
        ]
      },
      "properties": {
        "nome": "Ilê Axé Di Oyá",
        "fonte": "ceao",
        "fonte_detalhe": "CEAO/UFBA - terreiros.ceao.ufba.br",
        "lideranca": "Cícera Conceição Silva",
        "nacao": "Keto",
        "ano_fundacao": "1993",
        "regente": "Iansã e Obaluaê",
        "bairro": "Plataforma",
        "cep": "40717-190",
        "telefone": "3293-3685/ 9108-7419",
        "foto_thumb": "http://www.terreiros.ceao.ufba.br/_FT/pq/596.jpg",
        "foto_grande": "http://www.terreiros.ceao.ufba.br/_FT/gd/596.jpg",
        "ceao_id": "596",
        "geo_status": "in_bahia"
      }
    },
    {
      "type": "Feature",
      "geometry": {
        "type": "Point",
        "coordinates": [
          -38.4730608289848,
          -12.9029036014033
        ]
      },
      "properties": {
        "nome": "Daminikongo Muende de Umzambe",
        "fonte": "ceao",
        "fonte_detalhe": "CEAO/UFBA - terreiros.ceao.ufba.br",
        "lideranca": "Leônidas Leandro Mota",
        "nacao": "Angola",
        "ano_fundacao": "1997",
        "regente": "Ogum de Lei",
        "bairro": "Fazenda Grande III",
        "cep": "41345-100",
        "telefone": "3494-1354/ 3235-0500/ 8881-9783",
        "foto_thumb": "http://www.terreiros.ceao.ufba.br/_FT/pq/599.jpg",
        "foto_grande": "http://www.terreiros.ceao.ufba.br/_FT/gd/599.jpg",
        "ceao_id": "599",
        "geo_status": "in_bahia"
      }
    },
    {
      "type": "Feature",
      "geometry": {
        "type": "Point",
        "coordinates": [
          -38.4636853694944,
          -12.9489515331453
        ]
      },
      "properties": {
        "nome": "Centro de Caboclo Sultão das Matas",
        "fonte": "ceao",
        "fonte_detalhe": "CEAO/UFBA - terreiros.ceao.ufba.br",
        "lideranca": "Maria Conceição Souza dos Santos Costa",
        "nacao": "Caboclo Jêje",
        "ano_fundacao": "1989",
        "regente": "Caboclo Sultão das Matas",
        "endereco": "Rua Boa Esperança, 231 E casa",
        "bairro": "São Gonçalo",
        "cep": "41185-010",
        "telefone": "3494-7908",
        "foto_thumb": "http://www.terreiros.ceao.ufba.br/_FT/pq/601.jpg",
        "foto_grande": "http://www.terreiros.ceao.ufba.br/_FT/gd/601.jpg",
        "ceao_id": "601",
        "geo_status": "in_bahia"
      }
    },
    {
      "type": "Feature",
      "geometry": {
        "type": "Point",
        "coordinates": [
          -38.4847820105606,
          -12.9451435530474
        ]
      },
      "properties": {
        "nome": "Centro Mensageiro da Paz",
        "fonte": "ceao",
        "fonte_detalhe": "CEAO/UFBA - terreiros.ceao.ufba.br",
        "lideranca": "Maria de Lourdes Alves",
        "nacao": "Não informado",
        "ano_fundacao": "1986",
        "regente": "Caboclo Sultão das Matas",
        "bairro": "Cabula",
        "cep": "41185-130",
        "telefone": "3384-0557",
        "foto_thumb": "http://www.terreiros.ceao.ufba.br/_FT/pq/603.jpg",
        "foto_grande": "http://www.terreiros.ceao.ufba.br/_FT/gd/603.jpg",
        "ceao_id": "603",
        "geo_status": "in_bahia"
      }
    },
    {
      "type": "Feature",
      "geometry": {
        "type": "Point",
        "coordinates": [
          -38.468020374499,
          -12.9524417029041
        ]
      },
      "properties": {
        "nome": "Unzó Kunã Lembên'kossi",
        "fonte": "ceao",
        "fonte_detalhe": "CEAO/UFBA - terreiros.ceao.ufba.br",
        "lideranca": "Flor de Lis Carvalho C. Santos",
        "nacao": "Angola",
        "ano_fundacao": "1989",
        "regente": "Ogum",
        "bairro": "São Caetano",
        "cep": "40395-240",
        "telefone": "3259-2624",
        "foto_thumb": "http://www.terreiros.ceao.ufba.br/_FT/pq/604.jpg",
        "foto_grande": "http://www.terreiros.ceao.ufba.br/_FT/gd/604.jpg",
        "ceao_id": "604",
        "geo_status": "in_bahia"
      }
    },
    {
      "type": "Feature",
      "geometry": {
        "type": "Point",
        "coordinates": [
          -38.4870480383434,
          -12.9350629626404
        ]
      },
      "properties": {
        "nome": "Ilê Axé Ioromissilá",
        "fonte": "ceao",
        "fonte_detalhe": "CEAO/UFBA - terreiros.ceao.ufba.br",
        "lideranca": "Wilson Trindade Filho",
        "nacao": "Angola",
        "ano_fundacao": "1996",
        "regente": "Oxum",
        "endereco": "Rua 3 de Dezembro, 55",
        "bairro": "São Caetano",
        "cep": "40381-050",
        "telefone": "3249-1137",
        "foto_thumb": "http://www.terreiros.ceao.ufba.br/_FT/pq/605.jpg",
        "foto_grande": "http://www.terreiros.ceao.ufba.br/_FT/gd/605.jpg",
        "ceao_id": "605",
        "geo_status": "in_bahia"
      }
    },
    {
      "type": "Feature",
      "geometry": {
        "type": "Point",
        "coordinates": [
          -38.4805654653218,
          -12.9275811527451
        ]
      },
      "properties": {
        "nome": "Ilê Axé Oyá Sindiá",
        "fonte": "ceao",
        "fonte_detalhe": "CEAO/UFBA - terreiros.ceao.ufba.br",
        "lideranca": "Maria Altamira Santos",
        "nacao": "Keto",
        "ano_fundacao": "2001",
        "regente": "Iansã",
        "endereco": "3ª Travessa da Independência, s/n",
        "bairro": "Boa Vista de São Caetano",
        "cep": "40387-190",
        "telefone": "3259-5669",
        "foto_thumb": "http://www.terreiros.ceao.ufba.br/_FT/pq/606.jpg",
        "foto_grande": "http://www.terreiros.ceao.ufba.br/_FT/gd/606.jpg",
        "ceao_id": "606",
        "geo_status": "in_bahia"
      }
    },
    {
      "type": "Feature",
      "geometry": {
        "type": "Point",
        "coordinates": [
          -38.4771673466155,
          -12.9227703597722
        ]
      },
      "properties": {
        "nome": "Ilê Obá Oxê Lodô",
        "fonte": "ceao",
        "fonte_detalhe": "CEAO/UFBA - terreiros.ceao.ufba.br",
        "lideranca": "Manuel de Araújo dos Santos",
        "nacao": "Keto",
        "ano_fundacao": "1971",
        "regente": "Xangô",
        "bairro": "Boa Vista de São Caetano",
        "cep": "41250-000",
        "telefone": "3303-6727",
        "foto_thumb": "http://www.terreiros.ceao.ufba.br/_FT/pq/607.jpg",
        "foto_grande": "http://www.terreiros.ceao.ufba.br/_FT/gd/607.jpg",
        "ceao_id": "607",
        "geo_status": "in_bahia"
      }
    },
    {
      "type": "Feature",
      "geometry": {
        "type": "Point",
        "coordinates": [
          -38.4772374586147,
          -12.923302319784
        ]
      },
      "properties": {
        "nome": "Ilê Axé Vodu Moquatijauê",
        "fonte": "ceao",
        "fonte_detalhe": "CEAO/UFBA - terreiros.ceao.ufba.br",
        "lideranca": "Marcio Oliveira dos Santos",
        "nacao": "Keto",
        "ano_fundacao": "1978",
        "regente": "Ogum",
        "endereco": "Rua Raimunda Pinheiro (Alto da B.V.)",
        "bairro": "Boa Vista de São Caetano",
        "cep": "40386-020",
        "telefone": "3303-2427",
        "foto_thumb": "http://www.terreiros.ceao.ufba.br/_FT/pq/608.jpg",
        "foto_grande": "http://www.terreiros.ceao.ufba.br/_FT/gd/608.jpg",
        "ceao_id": "608",
        "geo_status": "in_bahia"
      }
    },
    {
      "type": "Feature",
      "geometry": {
        "type": "Point",
        "coordinates": [
          -38.4796720624721,
          -12.9240149644983
        ]
      },
      "properties": {
        "nome": "Gimboleci",
        "fonte": "ceao",
        "fonte_detalhe": "CEAO/UFBA - terreiros.ceao.ufba.br",
        "lideranca": "Sérgio Antônio Pereira Gomes",
        "nacao": "Keto",
        "ano_fundacao": "1974",
        "regente": "Padilha",
        "bairro": "Boa Vista de São Caetano",
        "cep": "40387-030",
        "telefone": "3259-3838",
        "foto_thumb": "http://www.terreiros.ceao.ufba.br/_FT/pq/611.jpg",
        "foto_grande": "http://www.terreiros.ceao.ufba.br/_FT/gd/611.jpg",
        "ceao_id": "611",
        "geo_status": "in_bahia"
      }
    },
    {
      "type": "Feature",
      "geometry": {
        "type": "Point",
        "coordinates": [
          -38.4775618774897,
          -12.9257655952679
        ]
      },
      "properties": {
        "nome": "Inkosse Lembá Diunzambi",
        "fonte": "ceao",
        "fonte_detalhe": "CEAO/UFBA - terreiros.ceao.ufba.br",
        "lideranca": "Hélio Rangel Filho",
        "nacao": "Angola",
        "ano_fundacao": "1994",
        "regente": "Ogum",
        "bairro": "São Caetano",
        "cep": "41395-240",
        "telefone": "3303-4213",
        "foto_thumb": "http://www.terreiros.ceao.ufba.br/_FT/pq/612.jpg",
        "foto_grande": "http://www.terreiros.ceao.ufba.br/_FT/gd/612.jpg",
        "ceao_id": "612",
        "geo_status": "in_bahia"
      }
    },
    {
      "type": "Feature",
      "geometry": {
        "type": "Point",
        "coordinates": [
          -38.4782577653744,
          -12.9231534073519
        ]
      },
      "properties": {
        "nome": "Ilê Axé Idan Tenemim",
        "fonte": "ceao",
        "fonte_detalhe": "CEAO/UFBA - terreiros.ceao.ufba.br",
        "lideranca": "Maria Ângela Oliveira de Jesus",
        "nacao": "Jêje",
        "ano_fundacao": "1988",
        "regente": "Oxumaré",
        "endereco": "1ª Trav. da Vila Operaria, 27",
        "bairro": "Curuzu",
        "cep": "40365-805",
        "telefone": "3388-6213",
        "foto_thumb": "http://www.terreiros.ceao.ufba.br/_FT/pq/614.jpg",
        "foto_grande": "http://www.terreiros.ceao.ufba.br/_FT/gd/614.jpg",
        "ceao_id": "614",
        "geo_status": "in_bahia"
      }
    },
    {
      "type": "Feature",
      "geometry": {
        "type": "Point",
        "coordinates": [
          -38.4873442944143,
          -12.9475526556028
        ]
      },
      "properties": {
        "nome": "Vodun Zó",
        "fonte": "ceao",
        "fonte_detalhe": "CEAO/UFBA - terreiros.ceao.ufba.br",
        "lideranca": "Amilton Sacramento Costa",
        "nacao": "Jêje Savalu",
        "ano_fundacao": "1971",
        "regente": "Sogbó e Oiá",
        "endereco": "Rua do Curuzu, 222, Vila Braulino",
        "bairro": "Liberdade",
        "cep": "40366-110",
        "telefone": "3256-1367",
        "foto_thumb": "http://www.terreiros.ceao.ufba.br/_FT/pq/617.jpg",
        "foto_grande": "http://www.terreiros.ceao.ufba.br/_FT/gd/617.jpg",
        "ceao_id": "617",
        "geo_status": "in_bahia"
      }
    },
    {
      "type": "Feature",
      "geometry": {
        "type": "Point",
        "coordinates": [
          -38.4866533372159,
          -12.9432788904312
        ]
      },
      "properties": {
        "nome": "Lambu Así",
        "fonte": "ceao",
        "fonte_detalhe": "CEAO/UFBA - terreiros.ceao.ufba.br",
        "lideranca": "Terezinha de Santana da Silva",
        "nacao": "Keto",
        "ano_fundacao": "1960",
        "regente": "Oxumaré",
        "endereco": "Rua Trav. Adelino Santos, 11, casa 2",
        "bairro": "Curuzu",
        "cep": "40365-780",
        "telefone": "3388-1753",
        "foto_thumb": "http://www.terreiros.ceao.ufba.br/_FT/pq/618.jpg",
        "foto_grande": "http://www.terreiros.ceao.ufba.br/_FT/gd/618.jpg",
        "ceao_id": "618",
        "geo_status": "in_bahia"
      }
    },
    {
      "type": "Feature",
      "geometry": {
        "type": "Point",
        "coordinates": [
          -38.4882192449553,
          -12.9480873716569
        ]
      },
      "properties": {
        "nome": "Ilê Axé Omim Toyá",
        "fonte": "ceao",
        "fonte_detalhe": "CEAO/UFBA - terreiros.ceao.ufba.br",
        "lideranca": "Regina Souza Santos",
        "nacao": "Keto",
        "ano_fundacao": "1985",
        "regente": "Iansã",
        "endereco": "Rua Ulisses Guimarães, 04",
        "bairro": "Águas Claras",
        "telefone": "3309-8059",
        "foto_thumb": "http://www.terreiros.ceao.ufba.br/_FT/pq/619.jpg",
        "foto_grande": "http://www.terreiros.ceao.ufba.br/_FT/gd/619.jpg",
        "ceao_id": "619",
        "geo_status": "in_bahia"
      }
    },
    {
      "type": "Feature",
      "geometry": {
        "type": "Point",
        "coordinates": [
          -38.4268006330921,
          -12.8802853415192
        ]
      },
      "properties": {
        "nome": "Terreiro de Imbanzãngola",
        "fonte": "ceao",
        "fonte_detalhe": "CEAO/UFBA - terreiros.ceao.ufba.br",
        "lideranca": "Apolonia Gomes",
        "nacao": "Angola",
        "ano_fundacao": "1946",
        "regente": "Iemanjá",
        "endereco": "Rua Benedito Jenkis , 465",
        "bairro": "Águas Claras",
        "cep": "41310-270",
        "telefone": "3395-7594",
        "foto_thumb": "http://www.terreiros.ceao.ufba.br/_FT/pq/620.jpg",
        "foto_grande": "http://www.terreiros.ceao.ufba.br/_FT/gd/620.jpg",
        "ceao_id": "620",
        "geo_status": "in_bahia"
      }
    },
    {
      "type": "Feature",
      "geometry": {
        "type": "Point",
        "coordinates": [
          -38.4346390842502,
          -12.8665456129129
        ]
      },
      "properties": {
        "nome": "Ilê Omi Oro",
        "fonte": "ceao",
        "fonte_detalhe": "CEAO/UFBA - terreiros.ceao.ufba.br",
        "lideranca": "Raimundo Souza",
        "nacao": "Jêje",
        "ano_fundacao": "1993",
        "regente": "Oxum",
        "endereco": "Rua Agnaldo Leite, 17",
        "bairro": "Valéria",
        "cep": "41300-040",
        "telefone": "9991-5779",
        "foto_thumb": "http://www.terreiros.ceao.ufba.br/_FT/pq/622.jpg",
        "foto_grande": "http://www.terreiros.ceao.ufba.br/_FT/gd/622.jpg",
        "ceao_id": "622",
        "geo_status": "in_bahia"
      }
    },
    {
      "type": "Feature",
      "geometry": {
        "type": "Point",
        "coordinates": [
          -38.4336434113355,
          -12.8986292284342
        ]
      },
      "properties": {
        "nome": "Ilê Axé Delê Osi",
        "fonte": "ceao",
        "fonte_detalhe": "CEAO/UFBA - terreiros.ceao.ufba.br",
        "lideranca": "Éster Ferreira de Araújo",
        "nacao": "Keto",
        "ano_fundacao": "1998",
        "regente": "Iemanjá e Ogum",
        "endereco": "Rua Jaime Vieira Lima, 114",
        "bairro": "Plataforma",
        "cep": "40490-005",
        "telefone": "3398-0827",
        "foto_thumb": "http://www.terreiros.ceao.ufba.br/_FT/pq/624.jpg",
        "foto_grande": "http://www.terreiros.ceao.ufba.br/_FT/gd/624.jpg",
        "ceao_id": "624",
        "geo_status": "in_bahia"
      }
    },
    {
      "type": "Feature",
      "geometry": {
        "type": "Point",
        "coordinates": [
          -38.4777439525746,
          -12.9022380940194
        ]
      },
      "properties": {
        "nome": "Terreiro Tumbangola",
        "fonte": "ceao",
        "fonte_detalhe": "CEAO/UFBA - terreiros.ceao.ufba.br",
        "lideranca": "Marlene Ribeiro Ferreira",
        "nacao": "Angola",
        "ano_fundacao": "1970",
        "regente": "Iansã",
        "bairro": "Plataforma",
        "cep": "40490-005",
        "telefone": "não tem",
        "foto_thumb": "http://www.terreiros.ceao.ufba.br/_FT/pq/625.jpg",
        "foto_grande": "http://www.terreiros.ceao.ufba.br/_FT/gd/625.jpg",
        "ceao_id": "625",
        "geo_status": "in_bahia"
      }
    },
    {
      "type": "Feature",
      "geometry": {
        "type": "Point",
        "coordinates": [
          -38.4781701051711,
          -12.9030900399001
        ]
      },
      "properties": {
        "nome": "Ilê Axé Ogõdossi/ Casa de Xangô",
        "fonte": "ceao",
        "fonte_detalhe": "CEAO/UFBA - terreiros.ceao.ufba.br",
        "lideranca": "Berenice Teixeira Santos",
        "nacao": "Keto",
        "ano_fundacao": "1946",
        "regente": "Xangô",
        "endereco": "Rua Jaime Vieira Lima, 20",
        "bairro": "Plataforma",
        "cep": "40490-005",
        "telefone": "3401-6905",
        "foto_thumb": "http://www.terreiros.ceao.ufba.br/_FT/pq/626.jpg",
        "foto_grande": "http://www.terreiros.ceao.ufba.br/_FT/gd/626.jpg",
        "ceao_id": "626",
        "geo_status": "in_bahia"
      }
    },
    {
      "type": "Feature",
      "geometry": {
        "type": "Point",
        "coordinates": [
          -38.4777611815256,
          -12.9043431873
        ]
      },
      "properties": {
        "nome": "Ilê Axé Korôdewá",
        "fonte": "ceao",
        "fonte_detalhe": "CEAO/UFBA - terreiros.ceao.ufba.br",
        "lideranca": "Zenilze Costa Pires",
        "nacao": "Keto",
        "ano_fundacao": "1994",
        "regente": "Oxum",
        "bairro": "Plataforma",
        "cep": "40717-170",
        "telefone": "3398-0296",
        "foto_thumb": "http://www.terreiros.ceao.ufba.br/_FT/pq/627.jpg",
        "foto_grande": "http://www.terreiros.ceao.ufba.br/_FT/gd/627.jpg",
        "ceao_id": "627",
        "geo_status": "in_bahia"
      }
    },
    {
      "type": "Feature",
      "geometry": {
        "type": "Point",
        "coordinates": [
          -38.4782125145751,
          -12.9022904568963
        ]
      },
      "properties": {
        "nome": "Ilê Axé Ajunssum Benoy",
        "fonte": "ceao",
        "fonte_detalhe": "CEAO/UFBA - terreiros.ceao.ufba.br",
        "lideranca": "Lomanto de Jesus Silva",
        "nacao": "Keto",
        "ano_fundacao": "1996",
        "regente": "Obaluaê",
        "endereco": "Rua 19 de março, s/n",
        "bairro": "Plataforma",
        "cep": "40490-188",
        "telefone": "3401-0777",
        "foto_thumb": "http://www.terreiros.ceao.ufba.br/_FT/pq/628.jpg",
        "foto_grande": "http://www.terreiros.ceao.ufba.br/_FT/gd/628.jpg",
        "ceao_id": "628",
        "geo_status": "in_bahia"
      }
    },
    {
      "type": "Feature",
      "geometry": {
        "type": "Point",
        "coordinates": [
          -38.4725537842384,
          -12.8726386004894
        ]
      },
      "properties": {
        "nome": "Centro de Caboclo Rei das Ervas",
        "fonte": "ceao",
        "fonte_detalhe": "CEAO/UFBA - terreiros.ceao.ufba.br",
        "lideranca": "Elisabete Santiago Rabelo",
        "nacao": "Angola",
        "ano_fundacao": "1972",
        "regente": "Iemanjá",
        "endereco": "Rua Rosalvo Barbosa Romeu, 13",
        "bairro": "Periperi",
        "cep": "40720-550",
        "telefone": "3308-3100",
        "foto_thumb": "http://www.terreiros.ceao.ufba.br/_FT/pq/633.jpg",
        "foto_grande": "http://www.terreiros.ceao.ufba.br/_FT/gd/633.jpg",
        "ceao_id": "633",
        "geo_status": "in_bahia"
      }
    },
    {
      "type": "Feature",
      "geometry": {
        "type": "Point",
        "coordinates": [
          -38.4729666348539,
          -12.8685677835393
        ]
      },
      "properties": {
        "nome": "Ilê Axé Omo Godoci",
        "fonte": "ceao",
        "fonte_detalhe": "CEAO/UFBA - terreiros.ceao.ufba.br",
        "lideranca": "Edmilson Ramos de Jesus",
        "nacao": "Keto",
        "ano_fundacao": "1995",
        "regente": "Xangô",
        "endereco": "Rua Lígia Maria, 24 E",
        "bairro": "Marechal Rondom",
        "cep": "41280-670",
        "telefone": "3211-5205",
        "foto_thumb": "http://www.terreiros.ceao.ufba.br/_FT/pq/634.jpg",
        "foto_grande": "http://www.terreiros.ceao.ufba.br/_FT/gd/634.jpg",
        "ceao_id": "634",
        "geo_status": "in_bahia"
      }
    },
    {
      "type": "Feature",
      "geometry": {
        "type": "Point",
        "coordinates": [
          -38.4701865958143,
          -12.9141255085277
        ]
      },
      "properties": {
        "nome": "Ylê Axé Oiá Dejé",
        "fonte": "ceao",
        "fonte_detalhe": "CEAO/UFBA - terreiros.ceao.ufba.br",
        "lideranca": "Maria José Pereira Ribeiro",
        "nacao": "Keto",
        "ano_fundacao": "1991",
        "regente": "Iansã",
        "endereco": "Rua Egito, 8E",
        "bairro": "Paripe",
        "telefone": "3521-1062/ 3217-5497",
        "foto_thumb": "http://www.terreiros.ceao.ufba.br/_FT/pq/639.jpg",
        "foto_grande": "http://www.terreiros.ceao.ufba.br/_FT/gd/639.jpg",
        "ceao_id": "639",
        "geo_status": "in_bahia"
      }
    },
    {
      "type": "Feature",
      "geometry": {
        "type": "Point",
        "coordinates": [
          -38.4694988660463,
          -12.827269882368
        ]
      },
      "properties": {
        "nome": "Ylê Axé Ogodogê",
        "fonte": "ceao",
        "fonte_detalhe": "CEAO/UFBA - terreiros.ceao.ufba.br",
        "lideranca": "Guilherme F. Bispo",
        "nacao": "Keto",
        "ano_fundacao": "1990",
        "regente": "Xangõ",
        "endereco": "Rua Juruna , 12",
        "bairro": "São Tomé de Paripe",
        "cep": "40800-180",
        "telefone": "3394-8184/ 9966-6506",
        "foto_thumb": "http://www.terreiros.ceao.ufba.br/_FT/pq/640.jpg",
        "foto_grande": "http://www.terreiros.ceao.ufba.br/_FT/gd/640.jpg",
        "ceao_id": "640",
        "geo_status": "in_bahia"
      }
    },
    {
      "type": "Feature",
      "geometry": {
        "type": "Point",
        "coordinates": [
          -38.4796412131775,
          -12.8206065773177
        ]
      },
      "properties": {
        "nome": "Ylê Axé Logemin",
        "fonte": "ceao",
        "fonte_detalhe": "CEAO/UFBA - terreiros.ceao.ufba.br",
        "lideranca": "Wilson Silva Santos",
        "nacao": "Keto Jêje",
        "ano_fundacao": "1983",
        "regente": "Logunedé",
        "endereco": "Rua Juruna , 48 E",
        "bairro": "São Tome de Paripe",
        "cep": "40800-180",
        "telefone": "3394-8175",
        "foto_thumb": "http://www.terreiros.ceao.ufba.br/_FT/pq/641.jpg",
        "foto_grande": "http://www.terreiros.ceao.ufba.br/_FT/gd/641.jpg",
        "ceao_id": "641",
        "geo_status": "in_bahia"
      }
    },
    {
      "type": "Feature",
      "geometry": {
        "type": "Point",
        "coordinates": [
          -38.4748525401827,
          -12.8208920376737
        ]
      },
      "properties": {
        "nome": "Ylê Axé de Obaluaê",
        "fonte": "ceao",
        "fonte_detalhe": "CEAO/UFBA - terreiros.ceao.ufba.br",
        "lideranca": "Hilda Silva Pereira",
        "nacao": "Keto",
        "ano_fundacao": "1956",
        "regente": "Obaluaê",
        "endereco": "Rua Mangaratiba , 45 E",
        "bairro": "Alto de Coutos",
        "cep": "40760-030",
        "telefone": "3397-2746",
        "foto_thumb": "http://www.terreiros.ceao.ufba.br/_FT/pq/643.jpg",
        "foto_grande": "http://www.terreiros.ceao.ufba.br/_FT/gd/643.jpg",
        "ceao_id": "643",
        "geo_status": "in_bahia"
      }
    },
    {
      "type": "Feature",
      "geometry": {
        "type": "Point",
        "coordinates": [
          -38.4638143846645,
          -12.8538198278363
        ]
      },
      "properties": {
        "nome": "Kunzó Tateto Kimbongo Pongo Nuelo",
        "fonte": "ceao",
        "fonte_detalhe": "CEAO/UFBA - terreiros.ceao.ufba.br",
        "lideranca": "José Simplicio Lubarina (Kafila Panzo)",
        "nacao": "Angola",
        "ano_fundacao": "1933",
        "regente": "Panzo",
        "endereco": "Rua Conj. ACM, Quadra11, 329",
        "bairro": "São Marcos",
        "cep": "41195-010",
        "telefone": "3393-7056",
        "foto_thumb": "http://www.terreiros.ceao.ufba.br/_FT/pq/644.jpg",
        "foto_grande": "http://www.terreiros.ceao.ufba.br/_FT/gd/644.jpg",
        "ceao_id": "644",
        "geo_status": "in_bahia"
      }
    },
    {
      "type": "Feature",
      "geometry": {
        "type": "Point",
        "coordinates": [
          -38.4377299979321,
          -12.9232418846045
        ]
      },
      "properties": {
        "nome": "Ilê Axé Siredemin",
        "fonte": "ceao",
        "fonte_detalhe": "CEAO/UFBA - terreiros.ceao.ufba.br",
        "lideranca": "João Bonfim S. Menezes",
        "nacao": "Keto",
        "ano_fundacao": "1986",
        "regente": "Logunedé",
        "bairro": "São Marcos",
        "cep": "41253-530",
        "telefone": "3213-6792",
        "foto_thumb": "http://www.terreiros.ceao.ufba.br/_FT/pq/645.jpg",
        "foto_grande": "http://www.terreiros.ceao.ufba.br/_FT/gd/645.jpg",
        "ceao_id": "645",
        "geo_status": "in_bahia"
      }
    },
    {
      "type": "Feature",
      "geometry": {
        "type": "Point",
        "coordinates": [
          -38.4379967805229,
          -12.9223309475791
        ]
      },
      "properties": {
        "nome": "Ilê Axé Ewue Titum",
        "fonte": "ceao",
        "fonte_detalhe": "CEAO/UFBA - terreiros.ceao.ufba.br",
        "lideranca": "Edival Andrade dos Santos",
        "nacao": "Keto",
        "ano_fundacao": "1994",
        "regente": "Ossaim",
        "bairro": "São Marcos",
        "cep": "41250-900",
        "telefone": "3409-2059",
        "foto_thumb": "http://www.terreiros.ceao.ufba.br/_FT/pq/646.jpg",
        "foto_grande": "http://www.terreiros.ceao.ufba.br/_FT/gd/646.jpg",
        "ceao_id": "646",
        "geo_status": "in_bahia"
      }
    },
    {
      "type": "Feature",
      "geometry": {
        "type": "Point",
        "coordinates": [
          -38.4328760920281,
          -12.9275008970839
        ]
      },
      "properties": {
        "nome": "Ilê Axé Faromi",
        "fonte": "ceao",
        "fonte_detalhe": "CEAO/UFBA - terreiros.ceao.ufba.br",
        "lideranca": "Léo Mário Ferreira Santos",
        "nacao": "Keto",
        "ano_fundacao": "2006",
        "regente": "Logunedé",
        "endereco": "Rua da Redenção, 14E",
        "bairro": "São Marcos",
        "cep": "41247-080",
        "telefone": "8838-2005",
        "foto_thumb": "http://www.terreiros.ceao.ufba.br/_FT/pq/647.jpg",
        "foto_grande": "http://www.terreiros.ceao.ufba.br/_FT/gd/647.jpg",
        "ceao_id": "647",
        "geo_status": "in_bahia"
      }
    },
    {
      "type": "Feature",
      "geometry": {
        "type": "Point",
        "coordinates": [
          -38.4419013983628,
          -12.9227281091716
        ]
      },
      "properties": {
        "nome": "Terreiro Ajamura Undé",
        "fonte": "ceao",
        "fonte_detalhe": "CEAO/UFBA - terreiros.ceao.ufba.br",
        "lideranca": "Jose Honorino Santana de Almeida",
        "nacao": "Angola",
        "ano_fundacao": "1986",
        "regente": "Ogum",
        "bairro": "São Marcos",
        "cep": "41250-280",
        "telefone": "3213-8271",
        "foto_thumb": "http://www.terreiros.ceao.ufba.br/_FT/pq/648.jpg",
        "foto_grande": "http://www.terreiros.ceao.ufba.br/_FT/gd/648.jpg",
        "ceao_id": "648",
        "geo_status": "in_bahia"
      }
    },
    {
      "type": "Feature",
      "geometry": {
        "type": "Point",
        "coordinates": [
          -38.4314441501016,
          -12.9201347720857
        ]
      },
      "properties": {
        "nome": "Mansu Ungurucemavulu",
        "fonte": "ceao",
        "fonte_detalhe": "CEAO/UFBA - terreiros.ceao.ufba.br",
        "lideranca": "Lindinalva Lucia da Conceição",
        "nacao": "Angola",
        "ano_fundacao": "2000",
        "regente": "Iansã",
        "endereco": "Rua João Melo Santos, 05, Fundo",
        "bairro": "São Marcos",
        "cep": "41250-300",
        "telefone": "3393-4313",
        "foto_thumb": "http://www.terreiros.ceao.ufba.br/_FT/pq/649.jpg",
        "foto_grande": "http://www.terreiros.ceao.ufba.br/_FT/gd/649.jpg",
        "ceao_id": "649",
        "geo_status": "in_bahia"
      }
    },
    {
      "type": "Feature",
      "geometry": {
        "type": "Point",
        "coordinates": [
          -38.4328309838168,
          -12.9245890014346
        ]
      },
      "properties": {
        "nome": "Terreiro Euká te Espero",
        "fonte": "ceao",
        "fonte_detalhe": "CEAO/UFBA - terreiros.ceao.ufba.br",
        "lideranca": "Angélica M. Lima Batista",
        "nacao": "Keto",
        "ano_fundacao": "1958",
        "regente": "Xangô, Oxum e Obaluaê",
        "endereco": "Rua Monteiro Lobato, 164",
        "bairro": "Lobato",
        "cep": "40470-100",
        "telefone": "3246-8013",
        "foto_thumb": "http://www.terreiros.ceao.ufba.br/_FT/pq/650.jpg",
        "foto_grande": "http://www.terreiros.ceao.ufba.br/_FT/gd/650.jpg",
        "ceao_id": "650",
        "geo_status": "in_bahia"
      }
    },
    {
      "type": "Feature",
      "geometry": {
        "type": "Point",
        "coordinates": [
          -38.4813059585924,
          -12.9145938651785
        ]
      },
      "properties": {
        "nome": "Ilê Axé Tundemin",
        "fonte": "ceao",
        "fonte_detalhe": "CEAO/UFBA - terreiros.ceao.ufba.br",
        "lideranca": "Fernando Rosa de Jesus",
        "nacao": "Ijexá",
        "ano_fundacao": "1984",
        "regente": "Oxum",
        "bairro": "Lobato",
        "cep": "40470-740",
        "telefone": "3392-9934",
        "foto_thumb": "http://www.terreiros.ceao.ufba.br/_FT/pq/651.jpg",
        "foto_grande": "http://www.terreiros.ceao.ufba.br/_FT/gd/651.jpg",
        "ceao_id": "651",
        "geo_status": "in_bahia"
      }
    },
    {
      "type": "Feature",
      "geometry": {
        "type": "Point",
        "coordinates": [
          -38.4775529890309,
          -12.9084979129437
        ]
      },
      "properties": {
        "nome": "Ilê Axè Azuani",
        "fonte": "ceao",
        "fonte_detalhe": "CEAO/UFBA - terreiros.ceao.ufba.br",
        "lideranca": "Marizete da Cruz Silva",
        "nacao": "Keto",
        "ano_fundacao": "1980",
        "regente": "Obaluaê",
        "endereco": "Rua São João",
        "bairro": "Alto do Cabrito",
        "telefone": "3239-0030",
        "foto_thumb": "http://www.terreiros.ceao.ufba.br/_FT/pq/652.jpg",
        "foto_grande": "http://www.terreiros.ceao.ufba.br/_FT/gd/652.jpg",
        "ceao_id": "652",
        "geo_status": "in_bahia"
      }
    },
    {
      "type": "Feature",
      "geometry": {
        "type": "Point",
        "coordinates": [
          -38.4772811046664,
          -12.9128541835988
        ]
      },
      "properties": {
        "nome": "Terreiro Yunsum",
        "fonte": "ceao",
        "fonte_detalhe": "CEAO/UFBA - terreiros.ceao.ufba.br",
        "lideranca": "Sônia Maria dos Santos Reis",
        "nacao": "Keto",
        "ano_fundacao": "1961",
        "regente": "Ogum",
        "endereco": "Rua Praça do Cabrito , 102-E",
        "bairro": "Alto do Cabrito",
        "cep": "40480-470",
        "telefone": "3211-2614",
        "foto_thumb": "http://www.terreiros.ceao.ufba.br/_FT/pq/653.jpg",
        "foto_grande": "http://www.terreiros.ceao.ufba.br/_FT/gd/653.jpg",
        "ceao_id": "653",
        "geo_status": "in_bahia"
      }
    },
    {
      "type": "Feature",
      "geometry": {
        "type": "Point",
        "coordinates": [
          -38.4835722469953,
          -12.8185692080909
        ]
      },
      "properties": {
        "nome": "Ylê Axé Obakinãn",
        "fonte": "ceao",
        "fonte_detalhe": "CEAO/UFBA - terreiros.ceao.ufba.br",
        "lideranca": "Nivaldo Conceição Bahia Junior",
        "nacao": "Angola",
        "ano_fundacao": "2003",
        "regente": "Oxóssi",
        "endereco": "Rua Jurema",
        "bairro": "São Tomé de Paripe",
        "cep": "40800-260",
        "telefone": "3217-3631",
        "ceao_id": "658",
        "geo_status": "in_bahia"
      }
    },
    {
      "type": "Feature",
      "geometry": {
        "type": "Point",
        "coordinates": [
          -38.4823501872068,
          -12.8214295129685
        ]
      },
      "properties": {
        "nome": "Ylê Axé Omi Ialodê",
        "fonte": "ceao",
        "fonte_detalhe": "CEAO/UFBA - terreiros.ceao.ufba.br",
        "lideranca": "Nilma Anunciação Silva Guimarães",
        "nacao": "Keto",
        "ano_fundacao": "1990",
        "regente": "Oxum",
        "bairro": "São Tomé de Paripe",
        "cep": "40800-272",
        "telefone": "3394-8183",
        "foto_thumb": "http://www.terreiros.ceao.ufba.br/_FT/pq/660.jpg",
        "foto_grande": "http://www.terreiros.ceao.ufba.br/_FT/gd/660.jpg",
        "ceao_id": "660",
        "geo_status": "in_bahia"
      }
    },
    {
      "type": "Feature",
      "geometry": {
        "type": "Point",
        "coordinates": [
          -38.443385110653,
          -12.9196856213149
        ]
      },
      "properties": {
        "nome": "Ilê Omô Oconlá Passadãn",
        "fonte": "ceao",
        "fonte_detalhe": "CEAO/UFBA - terreiros.ceao.ufba.br",
        "lideranca": "Valter Nascimento Francisco",
        "nacao": "Jêje",
        "ano_fundacao": "2005",
        "regente": "Logunedé",
        "endereco": "Rua Paracaína, 34-E",
        "bairro": "Pau da Lima",
        "telefone": "3213-5706",
        "foto_thumb": "http://www.terreiros.ceao.ufba.br/_FT/pq/669.jpg",
        "foto_grande": "http://www.terreiros.ceao.ufba.br/_FT/gd/669.jpg",
        "ceao_id": "669",
        "geo_status": "in_bahia"
      }
    },
    {
      "type": "Feature",
      "geometry": {
        "type": "Point",
        "coordinates": [
          -38.4420433605088,
          -12.9187086132407
        ]
      },
      "properties": {
        "nome": "Terreiro Iasitomin",
        "fonte": "ceao",
        "fonte_detalhe": "CEAO/UFBA - terreiros.ceao.ufba.br",
        "lideranca": "Marcos Roberto Galiza",
        "nacao": "Keto",
        "ano_fundacao": "1986",
        "regente": "Iemanjá",
        "endereco": "Rua Travessa Janaira, 79",
        "bairro": "Pau da lima",
        "cep": "41235-030",
        "telefone": "3213-1801",
        "foto_thumb": "http://www.terreiros.ceao.ufba.br/_FT/pq/670.jpg",
        "foto_grande": "http://www.terreiros.ceao.ufba.br/_FT/gd/670.jpg",
        "ceao_id": "670",
        "geo_status": "in_bahia"
      }
    },
    {
      "type": "Feature",
      "geometry": {
        "type": "Point",
        "coordinates": [
          -38.3773240544184,
          -12.9253747007626
        ]
      },
      "properties": {
        "nome": "Gira de Caboclo de Serra Negra",
        "fonte": "ceao",
        "fonte_detalhe": "CEAO/UFBA - terreiros.ceao.ufba.br",
        "lideranca": "Antonio Lima dos Santos",
        "nacao": "Keto",
        "ano_fundacao": "2000",
        "regente": "Oxum Apará",
        "endereco": "Rua Ubatã, 4",
        "bairro": "Bairro da Paz",
        "cep": "41515-324",
        "telefone": "9954-5825",
        "foto_thumb": "http://www.terreiros.ceao.ufba.br/_FT/pq/672.jpg",
        "foto_grande": "http://www.terreiros.ceao.ufba.br/_FT/gd/672.jpg",
        "ceao_id": "672",
        "geo_status": "in_bahia"
      }
    },
    {
      "type": "Feature",
      "geometry": {
        "type": "Point",
        "coordinates": [
          -38.370961252605,
          -12.9303422729131
        ]
      },
      "properties": {
        "nome": "Guerreiro de Gongá",
        "fonte": "ceao",
        "fonte_detalhe": "CEAO/UFBA - terreiros.ceao.ufba.br",
        "lideranca": "Ana Maria Evangelista dos Santos",
        "nacao": "Angola",
        "ano_fundacao": "1998",
        "regente": "Oxum",
        "endereco": "7ª Travessa Ubatã, 2",
        "bairro": "Bairro da Paz",
        "cep": "41515-246",
        "telefone": "Não tem",
        "foto_thumb": "http://www.terreiros.ceao.ufba.br/_FT/pq/676.jpg",
        "foto_grande": "http://www.terreiros.ceao.ufba.br/_FT/gd/676.jpg",
        "ceao_id": "676",
        "geo_status": "in_bahia"
      }
    },
    {
      "type": "Feature",
      "geometry": {
        "type": "Point",
        "coordinates": [
          -38.4318341695827,
          -12.8987141340982
        ]
      },
      "properties": {
        "nome": "Unzó Gunzelê Kuna Zambi",
        "fonte": "ceao",
        "fonte_detalhe": "CEAO/UFBA - terreiros.ceao.ufba.br",
        "lideranca": "Cleuza Maria Mercês Costa",
        "nacao": "Angola",
        "ano_fundacao": "1986",
        "regente": "Oxóssi",
        "endereco": "2ª Trav. Jacob de Carvalho, 14",
        "bairro": "Águas Claras",
        "cep": "41310-645",
        "telefone": "3219-7997",
        "foto_thumb": "http://www.terreiros.ceao.ufba.br/_FT/pq/679.jpg",
        "foto_grande": "http://www.terreiros.ceao.ufba.br/_FT/gd/679.jpg",
        "ceao_id": "679",
        "geo_status": "in_bahia"
      }
    },
    {
      "type": "Feature",
      "geometry": {
        "type": "Point",
        "coordinates": [
          -38.4308695085431,
          -12.9184202940819
        ]
      },
      "properties": {
        "nome": "Casa do Caboclo Pedra Preta",
        "fonte": "ceao",
        "fonte_detalhe": "CEAO/UFBA - terreiros.ceao.ufba.br",
        "lideranca": "Ivana da Silva de Souza",
        "nacao": "Keto",
        "ano_fundacao": "1996",
        "regente": "Oxum",
        "endereco": "3ª Trav. Tenente Mario Alves, 13",
        "bairro": "Liberdade",
        "cep": "40365-035",
        "telefone": "3256-2681",
        "foto_thumb": "http://www.terreiros.ceao.ufba.br/_FT/pq/683.jpg",
        "foto_grande": "http://www.terreiros.ceao.ufba.br/_FT/gd/683.jpg",
        "ceao_id": "683",
        "geo_status": "in_bahia"
      }
    },
    {
      "type": "Feature",
      "geometry": {
        "type": "Point",
        "coordinates": [
          -38.4895442847461,
          -12.9479870937033
        ]
      },
      "properties": {
        "nome": "Aze de Obaluaé",
        "fonte": "ceao",
        "fonte_detalhe": "CEAO/UFBA - terreiros.ceao.ufba.br",
        "lideranca": "Everaldo Campos de Almeida",
        "nacao": "Angola",
        "ano_fundacao": "1996",
        "regente": "Omolu",
        "endereco": "3ª Trav. do Progresso , 44B",
        "bairro": "Curuzu",
        "cep": "40365-005",
        "telefone": "3386-9000",
        "foto_thumb": "http://www.terreiros.ceao.ufba.br/_FT/pq/685.jpg",
        "foto_grande": "http://www.terreiros.ceao.ufba.br/_FT/gd/685.jpg",
        "ceao_id": "685",
        "geo_status": "in_bahia"
      }
    },
    {
      "type": "Feature",
      "geometry": {
        "type": "Point",
        "coordinates": [
          -38.4861092604695,
          -12.9446699022338
        ]
      },
      "properties": {
        "nome": "Canzo Mucambo",
        "fonte": "ceao",
        "fonte_detalhe": "CEAO/UFBA - terreiros.ceao.ufba.br",
        "lideranca": "Edelzuita Vitória dos Santos",
        "nacao": "Angola",
        "ano_fundacao": "1965",
        "regente": "Oxóssi",
        "endereco": "3ª Trav. Progresso de Baixo, 26",
        "bairro": "Liberdade",
        "telefone": "3386-8055",
        "foto_thumb": "http://www.terreiros.ceao.ufba.br/_FT/pq/686.jpg",
        "foto_grande": "http://www.terreiros.ceao.ufba.br/_FT/gd/686.jpg",
        "ceao_id": "686",
        "geo_status": "in_bahia"
      }
    },
    {
      "type": "Feature",
      "geometry": {
        "type": "Point",
        "coordinates": [
          -38.4854110991454,
          -12.9444309475003
        ]
      },
      "properties": {
        "nome": "Airá Omim",
        "fonte": "ceao",
        "fonte_detalhe": "CEAO/UFBA - terreiros.ceao.ufba.br",
        "lideranca": "Maria Clarisse dos Santos",
        "nacao": "Keto",
        "ano_fundacao": "1979",
        "regente": "Xangô e Oxum",
        "endereco": "2ª Trav. do Progresso , 18",
        "bairro": "Curuzu",
        "cep": "40366-035",
        "telefone": "3386-4292",
        "foto_thumb": "http://www.terreiros.ceao.ufba.br/_FT/pq/687.jpg",
        "foto_grande": "http://www.terreiros.ceao.ufba.br/_FT/gd/687.jpg",
        "ceao_id": "687",
        "geo_status": "in_bahia"
      }
    },
    {
      "type": "Feature",
      "geometry": {
        "type": "Point",
        "coordinates": [
          -38.3492017820037,
          -12.9134031628922
        ]
      },
      "properties": {
        "nome": "Terreiro de Inquince Amilongá Odoyá",
        "fonte": "ceao",
        "fonte_detalhe": "CEAO/UFBA - terreiros.ceao.ufba.br",
        "lideranca": "Edna Ribeiro do Carmo",
        "nacao": "Angola",
        "ano_fundacao": "1986",
        "regente": "Iemanjá",
        "endereco": "Rua São Roque, 42",
        "bairro": "São Cristóvão",
        "cep": "41510-020",
        "telefone": "3377-2057",
        "foto_thumb": "http://www.terreiros.ceao.ufba.br/_FT/pq/690.jpg",
        "foto_grande": "http://www.terreiros.ceao.ufba.br/_FT/gd/690.jpg",
        "ceao_id": "690",
        "geo_status": "in_bahia"
      }
    },
    {
      "type": "Feature",
      "geometry": {
        "type": "Point",
        "coordinates": [
          -38.4740410986988,
          -12.8630102721752
        ]
      },
      "properties": {
        "nome": "Unzó Amaze Di Umzambe",
        "fonte": "ceao",
        "fonte_detalhe": "CEAO/UFBA - terreiros.ceao.ufba.br",
        "lideranca": "Glede Selma Silva Leite",
        "nacao": "Angola",
        "ano_fundacao": "1966",
        "regente": "Oxum",
        "bairro": "Lobato",
        "cep": "40349-340",
        "telefone": "3304-0477",
        "foto_thumb": "http://www.terreiros.ceao.ufba.br/_FT/pq/694.jpg",
        "foto_grande": "http://www.terreiros.ceao.ufba.br/_FT/gd/694.jpg",
        "ceao_id": "694",
        "geo_status": "in_bahia"
      }
    },
    {
      "type": "Feature",
      "geometry": {
        "type": "Point",
        "coordinates": [
          -38.490080719585,
          -12.9357965590739
        ]
      },
      "properties": {
        "nome": "Unzó Di Angorô",
        "fonte": "ceao",
        "fonte_detalhe": "CEAO/UFBA - terreiros.ceao.ufba.br",
        "lideranca": "Maria de Lourdes da Cruz Santos",
        "nacao": "Angola",
        "ano_fundacao": "1945",
        "regente": "Angorô",
        "bairro": "Plataforma",
        "cep": "40717-190",
        "telefone": "3398-0225",
        "foto_thumb": "http://www.terreiros.ceao.ufba.br/_FT/pq/695.jpg",
        "foto_grande": "http://www.terreiros.ceao.ufba.br/_FT/gd/695.jpg",
        "ceao_id": "695",
        "geo_status": "in_bahia"
      }
    },
    {
      "type": "Feature",
      "geometry": {
        "type": "Point",
        "coordinates": [
          -38.4432247622181,
          -12.9008177140166
        ]
      },
      "properties": {
        "nome": "Centro de Caboclo Serra Negra da Aldeia de Jequitiriça",
        "fonte": "ceao",
        "fonte_detalhe": "CEAO/UFBA - terreiros.ceao.ufba.br",
        "lideranca": "Maria das Graças Bulcão dos Santos",
        "nacao": "Umbanda",
        "ano_fundacao": "1962",
        "regente": "Caboclo Serra Negra e Boiadeiro",
        "endereco": "Rua dos Dominicanos, 60 E",
        "bairro": "Dom Avelar",
        "cep": "41315-140",
        "telefone": "3391-6286",
        "foto_thumb": "http://www.terreiros.ceao.ufba.br/_FT/pq/706.jpg",
        "foto_grande": "http://www.terreiros.ceao.ufba.br/_FT/gd/706.jpg",
        "ceao_id": "706",
        "geo_status": "in_bahia"
      }
    },
    {
      "type": "Feature",
      "geometry": {
        "type": "Point",
        "coordinates": [
          -38.4953380720557,
          -12.9462989616129
        ]
      },
      "properties": {
        "nome": "Casa de Obá",
        "fonte": "ceao",
        "fonte_detalhe": "CEAO/UFBA - terreiros.ceao.ufba.br",
        "lideranca": "Edgar Conceição Filho",
        "nacao": "Jêje",
        "ano_fundacao": "1982",
        "regente": "Sogbô",
        "endereco": "Rua Nossa Senhora Auxiliadora, 142, casa 2",
        "bairro": "Pau da Lima",
        "cep": "41235-590",
        "telefone": "3393-8642",
        "foto_thumb": "http://www.terreiros.ceao.ufba.br/_FT/pq/710.jpg",
        "foto_grande": "http://www.terreiros.ceao.ufba.br/_FT/gd/710.jpg",
        "ceao_id": "710",
        "geo_status": "in_bahia"
      }
    },
    {
      "type": "Feature",
      "geometry": {
        "type": "Point",
        "coordinates": [
          -38.4831373463809,
          -12.9355623671428
        ]
      },
      "properties": {
        "nome": "Oiyá Kassarongongo Gente de Guiné",
        "fonte": "ceao",
        "fonte_detalhe": "CEAO/UFBA - terreiros.ceao.ufba.br",
        "lideranca": "Astéria Ferreia Matos",
        "nacao": "Angola",
        "ano_fundacao": "1946",
        "regente": "Iansã e Caboclo Gentil de Guiné",
        "endereco": "Rua Cabaceiras, 12",
        "bairro": "Ilha Amarela",
        "cep": "40717-780",
        "telefone": "3218-6523",
        "foto_thumb": "http://www.terreiros.ceao.ufba.br/_FT/pq/716.jpg",
        "foto_grande": "http://www.terreiros.ceao.ufba.br/_FT/gd/716.jpg",
        "ceao_id": "716",
        "geo_status": "in_bahia"
      }
    },
    {
      "type": "Feature",
      "geometry": {
        "type": "Point",
        "coordinates": [
          -38.4786782019903,
          -12.8980094870278
        ]
      },
      "properties": {
        "nome": "Atim Sibewí Dewzambi",
        "fonte": "ceao",
        "fonte_detalhe": "CEAO/UFBA - terreiros.ceao.ufba.br",
        "lideranca": "Inamárcia Silva Ribeiro",
        "nacao": "Angola",
        "ano_fundacao": "1978",
        "regente": "Iansã",
        "endereco": "5ª Travessa Costa Santos, 39E",
        "bairro": "Rio Sena",
        "cep": "40715-483",
        "telefone": "3218-3438/ 8864-4179",
        "foto_thumb": "http://www.terreiros.ceao.ufba.br/_FT/pq/719.jpg",
        "foto_grande": "http://www.terreiros.ceao.ufba.br/_FT/gd/719.jpg",
        "ceao_id": "719",
        "geo_status": "in_bahia"
      }
    },
    {
      "type": "Feature",
      "geometry": {
        "type": "Point",
        "coordinates": [
          -38.4316485991161,
          -12.8993676311302
        ]
      },
      "properties": {
        "nome": "Unzó Kuna Inkisi Tombensi Malaula",
        "fonte": "ceao",
        "fonte_detalhe": "CEAO/UFBA - terreiros.ceao.ufba.br",
        "lideranca": "Juracy Xavier Passinho",
        "nacao": "Angola",
        "ano_fundacao": "1976",
        "regente": "Dandalunda e Oxum",
        "endereco": "Rua Martacênia , 133 E",
        "bairro": "Águas Claras",
        "cep": "41310-160",
        "telefone": "3395-3429",
        "foto_thumb": "http://www.terreiros.ceao.ufba.br/_FT/pq/723.jpg",
        "foto_grande": "http://www.terreiros.ceao.ufba.br/_FT/gd/723.jpg",
        "ceao_id": "723",
        "geo_status": "in_bahia"
      }
    },
    {
      "type": "Feature",
      "geometry": {
        "type": "Point",
        "coordinates": [
          -38.432200224115,
          -12.8939369474284
        ]
      },
      "properties": {
        "nome": "Mansun Bandun Kuêkuê de Inkinansaba Filho",
        "fonte": "ceao",
        "fonte_detalhe": "CEAO/UFBA - terreiros.ceao.ufba.br",
        "lideranca": "Ildecilia Bomfim Cabral",
        "nacao": "Angola",
        "ano_fundacao": "1974",
        "regente": "Omolu e Oxum",
        "endereco": "2ª Trav. Paloma do Carmo, 17, Lot. Santo Antonio",
        "bairro": "Cajazeiras XI",
        "telefone": "3309-5713/ 9971-4772",
        "foto_thumb": "http://www.terreiros.ceao.ufba.br/_FT/pq/724.jpg",
        "foto_grande": "http://www.terreiros.ceao.ufba.br/_FT/gd/724.jpg",
        "ceao_id": "724",
        "geo_status": "in_bahia"
      }
    },
    {
      "type": "Feature",
      "geometry": {
        "type": "Point",
        "coordinates": [
          -38.4491738745529,
          -12.9029228067836
        ]
      },
      "properties": {
        "nome": "Ilê Azé Iatemi",
        "fonte": "ceao",
        "fonte_detalhe": "CEAO/UFBA - terreiros.ceao.ufba.br",
        "lideranca": "Enivaldina do Rosário Santos",
        "nacao": "Keto",
        "ano_fundacao": "1989",
        "regente": "Oxum Apará",
        "endereco": "Rua dos Dominicanos, 96 E",
        "bairro": "Dom Avelar",
        "cep": "41315-140",
        "telefone": "3246-2277",
        "foto_thumb": "http://www.terreiros.ceao.ufba.br/_FT/pq/726.jpg",
        "foto_grande": "http://www.terreiros.ceao.ufba.br/_FT/gd/726.jpg",
        "ceao_id": "726",
        "geo_status": "in_bahia"
      }
    },
    {
      "type": "Feature",
      "geometry": {
        "type": "Point",
        "coordinates": [
          -38.4501321146167,
          -12.9026483043046
        ]
      },
      "properties": {
        "nome": "Casa de Oxumaré",
        "fonte": "ceao",
        "fonte_detalhe": "CEAO/UFBA - terreiros.ceao.ufba.br",
        "lideranca": "Maura Emília Santos",
        "nacao": "Keto",
        "ano_fundacao": "1976",
        "regente": "Oxumaré",
        "endereco": "Rua das Carmelitas, 66",
        "bairro": "Dom Avelar",
        "cep": "41315-180",
        "telefone": "3321-5850",
        "foto_thumb": "http://www.terreiros.ceao.ufba.br/_FT/pq/728.jpg",
        "foto_grande": "http://www.terreiros.ceao.ufba.br/_FT/gd/728.jpg",
        "ceao_id": "728",
        "geo_status": "in_bahia"
      }
    },
    {
      "type": "Feature",
      "geometry": {
        "type": "Point",
        "coordinates": [
          -38.4467612537808,
          -12.9022225571838
        ]
      },
      "properties": {
        "nome": "Casa Caboclo Tupinambá",
        "fonte": "ceao",
        "fonte_detalhe": "CEAO/UFBA - terreiros.ceao.ufba.br",
        "lideranca": "Marina da Silva Menezes",
        "nacao": "Keto",
        "ano_fundacao": "1993",
        "regente": "Caboclo Tupinambá",
        "endereco": "Rua dos Dominicanos, 42 E",
        "bairro": "Dom Avelar",
        "cep": "41315-140",
        "telefone": "3391-5824",
        "foto_thumb": "http://www.terreiros.ceao.ufba.br/_FT/pq/729.jpg",
        "foto_grande": "http://www.terreiros.ceao.ufba.br/_FT/gd/729.jpg",
        "ceao_id": "729",
        "geo_status": "in_bahia"
      }
    },
    {
      "type": "Feature",
      "geometry": {
        "type": "Point",
        "coordinates": [
          -38.4484614618469,
          -12.9021378830682
        ]
      },
      "properties": {
        "nome": "Batifolhinha",
        "fonte": "ceao",
        "fonte_detalhe": "CEAO/UFBA - terreiros.ceao.ufba.br",
        "lideranca": "Ana Lúcia Souza Amorim",
        "nacao": "Angola",
        "ano_fundacao": "1954",
        "regente": "Iansã",
        "endereco": "Rua Garrido, 3",
        "bairro": "Campinas de Pirajá",
        "cep": "41275-500",
        "telefone": "3391-0886/ 0304",
        "foto_thumb": "http://www.terreiros.ceao.ufba.br/_FT/pq/730.jpg",
        "foto_grande": "http://www.terreiros.ceao.ufba.br/_FT/gd/730.jpg",
        "ceao_id": "730",
        "geo_status": "in_bahia"
      }
    },
    {
      "type": "Feature",
      "geometry": {
        "type": "Point",
        "coordinates": [
          -38.4693439379229,
          -12.9247415315114
        ]
      },
      "properties": {
        "nome": "Unzó Kondiogongo",
        "fonte": "ceao",
        "fonte_detalhe": "CEAO/UFBA - terreiros.ceao.ufba.br",
        "lideranca": "Creoza Silva Costa",
        "nacao": "Keto",
        "ano_fundacao": "1980",
        "regente": "Obaluaê",
        "endereco": "2ª Travessa Boa Paz, 5E",
        "bairro": "Campinas de Pirajá",
        "cep": "41270-248",
        "telefone": "3392-4481/ 3392-9059",
        "foto_thumb": "http://www.terreiros.ceao.ufba.br/_FT/pq/732.jpg",
        "foto_grande": "http://www.terreiros.ceao.ufba.br/_FT/gd/732.jpg",
        "ceao_id": "732",
        "geo_status": "in_bahia"
      }
    },
    {
      "type": "Feature",
      "geometry": {
        "type": "Point",
        "coordinates": [
          -38.4708883387227,
          -12.9271111648158
        ]
      },
      "properties": {
        "nome": "Kaê Adamoxi Oraibó Megí",
        "fonte": "ceao",
        "fonte_detalhe": "CEAO/UFBA - terreiros.ceao.ufba.br",
        "lideranca": "Wellington dos Santos Souza",
        "nacao": "Angola",
        "ano_fundacao": "1988",
        "regente": "Ogum",
        "endereco": "1ª Trav. Alvorada, 161",
        "bairro": "Pirajá",
        "cep": "41290-515",
        "telefone": "9976-8307/ 3391-3511",
        "foto_thumb": "http://www.terreiros.ceao.ufba.br/_FT/pq/734.jpg",
        "foto_grande": "http://www.terreiros.ceao.ufba.br/_FT/gd/734.jpg",
        "ceao_id": "734",
        "geo_status": "in_bahia"
      }
    },
    {
      "type": "Feature",
      "geometry": {
        "type": "Point",
        "coordinates": [
          -38.4662162378491,
          -12.900970419024
        ]
      },
      "properties": {
        "nome": "Onirê Dó Oxossi",
        "fonte": "ceao",
        "fonte_detalhe": "CEAO/UFBA - terreiros.ceao.ufba.br",
        "lideranca": "Berenice Correia",
        "nacao": "Keto",
        "ano_fundacao": "1971",
        "regente": "Oxóssi",
        "endereco": "2ª Trav. Alice, 41E",
        "bairro": "Pirajá",
        "cep": "41290-628",
        "telefone": "3215-3964",
        "foto_thumb": "http://www.terreiros.ceao.ufba.br/_FT/pq/735.jpg",
        "foto_grande": "http://www.terreiros.ceao.ufba.br/_FT/gd/735.jpg",
        "ceao_id": "735",
        "geo_status": "in_bahia"
      }
    },
    {
      "type": "Feature",
      "geometry": {
        "type": "Point",
        "coordinates": [
          -38.4645991001311,
          -12.8979683457235
        ]
      },
      "properties": {
        "nome": "Terreiro Venci Tudo",
        "fonte": "ceao",
        "fonte_detalhe": "CEAO/UFBA - terreiros.ceao.ufba.br",
        "lideranca": "Maria Lúcia Pereira da Silva",
        "nacao": "Angola",
        "ano_fundacao": "1949",
        "regente": "Ogum",
        "endereco": "Rua Elizário da Cruz , 52",
        "bairro": "Pirajá",
        "cep": "41295-100",
        "telefone": "3211-3341",
        "foto_thumb": "http://www.terreiros.ceao.ufba.br/_FT/pq/736.jpg",
        "foto_grande": "http://www.terreiros.ceao.ufba.br/_FT/gd/736.jpg",
        "ceao_id": "736",
        "geo_status": "in_bahia"
      }
    },
    {
      "type": "Feature",
      "geometry": {
        "type": "Point",
        "coordinates": [
          -38.466909255124,
          -12.898438892372
        ]
      },
      "properties": {
        "nome": "Mansubandu Kuenkue Do Inkinomsabu",
        "fonte": "ceao",
        "fonte_detalhe": "CEAO/UFBA - terreiros.ceao.ufba.br",
        "lideranca": "Marilda Ferreira Rodrigues",
        "nacao": "Angola",
        "ano_fundacao": "1946",
        "regente": "Oxum",
        "endereco": "Rua 24 de Agosto 168, Fim de Linha",
        "bairro": "Pirajá",
        "cep": "41291-150",
        "telefone": "3246-3356",
        "foto_thumb": "http://www.terreiros.ceao.ufba.br/_FT/pq/737.jpg",
        "foto_grande": "http://www.terreiros.ceao.ufba.br/_FT/gd/737.jpg",
        "ceao_id": "737",
        "geo_status": "in_bahia"
      }
    },
    {
      "type": "Feature",
      "geometry": {
        "type": "Point",
        "coordinates": [
          -38.465379884101,
          -12.8999882226945
        ]
      },
      "properties": {
        "nome": "Terreiro Oju Dan",
        "fonte": "ceao",
        "fonte_detalhe": "CEAO/UFBA - terreiros.ceao.ufba.br",
        "lideranca": "Nilson Cunha da Silva",
        "nacao": "Keto",
        "ano_fundacao": "1976",
        "regente": "Oxumaré",
        "endereco": "Rua São Jorge, 34",
        "bairro": "Pirajá",
        "cep": "41290-430",
        "telefone": "3215-9835/ 8779-3798",
        "foto_thumb": "http://www.terreiros.ceao.ufba.br/_FT/pq/738.jpg",
        "foto_grande": "http://www.terreiros.ceao.ufba.br/_FT/gd/738.jpg",
        "ceao_id": "738",
        "geo_status": "in_bahia"
      }
    },
    {
      "type": "Feature",
      "geometry": {
        "type": "Point",
        "coordinates": [
          -38.4627421426495,
          -12.8992561186546
        ]
      },
      "properties": {
        "nome": "Ylê Axé Jagun",
        "fonte": "ceao",
        "fonte_detalhe": "CEAO/UFBA - terreiros.ceao.ufba.br",
        "lideranca": "Elzeni Nunes dos Santos",
        "nacao": "Keto",
        "ano_fundacao": "1957",
        "regente": "Omolu",
        "endereco": "Rua Lucíola, 50E",
        "bairro": "Alto de Coutos",
        "cep": "40750-390",
        "telefone": "3217-7069",
        "foto_thumb": "http://www.terreiros.ceao.ufba.br/_FT/pq/740.jpg",
        "foto_grande": "http://www.terreiros.ceao.ufba.br/_FT/gd/740.jpg",
        "ceao_id": "740",
        "geo_status": "in_bahia"
      }
    },
    {
      "type": "Feature",
      "geometry": {
        "type": "Point",
        "coordinates": [
          -38.4676650671368,
          -12.853682761063
        ]
      },
      "properties": {
        "nome": "Ylê Axé Omidolá",
        "fonte": "ceao",
        "fonte_detalhe": "CEAO/UFBA - terreiros.ceao.ufba.br",
        "lideranca": "Adilson Ramos",
        "nacao": "Keto",
        "ano_fundacao": "1990",
        "regente": "Oxum",
        "endereco": "Rua 2 de julho, 281E",
        "bairro": "Alto de Coutos",
        "cep": "40750-380",
        "telefone": "3408-8320",
        "foto_thumb": "http://www.terreiros.ceao.ufba.br/_FT/pq/742.jpg",
        "foto_grande": "http://www.terreiros.ceao.ufba.br/_FT/gd/742.jpg",
        "ceao_id": "742",
        "geo_status": "in_bahia"
      }
    },
    {
      "type": "Feature",
      "geometry": {
        "type": "Point",
        "coordinates": [
          -38.4637250953648,
          -12.8446595848758
        ]
      },
      "properties": {
        "nome": "Itubenssara",
        "fonte": "ceao",
        "fonte_detalhe": "CEAO/UFBA - terreiros.ceao.ufba.br",
        "lideranca": "Célia Ferreira de Assis",
        "nacao": "Angola",
        "ano_fundacao": "1960",
        "regente": "Obaluaê",
        "bairro": "Plataforma",
        "cep": "40717-520",
        "telefone": "3398-3990",
        "foto_thumb": "http://www.terreiros.ceao.ufba.br/_FT/pq/752.jpg",
        "foto_grande": "http://www.terreiros.ceao.ufba.br/_FT/gd/752.jpg",
        "ceao_id": "752",
        "geo_status": "in_bahia"
      }
    },
    {
      "type": "Feature",
      "geometry": {
        "type": "Point",
        "coordinates": [
          -38.4839593331479,
          -12.9011752924117
        ]
      },
      "properties": {
        "nome": "Unzó Kassanji Rew Uzambi",
        "fonte": "ceao",
        "fonte_detalhe": "CEAO/UFBA - terreiros.ceao.ufba.br",
        "lideranca": "Carmelita Santana dos Reis",
        "nacao": "Angola",
        "ano_fundacao": "1997",
        "regente": "Iansã",
        "endereco": "Rua dos Ferroviários, 83",
        "bairro": "Plataforma",
        "cep": "40717-000",
        "telefone": "3398-5667",
        "foto_thumb": "http://www.terreiros.ceao.ufba.br/_FT/pq/753.jpg",
        "foto_grande": "http://www.terreiros.ceao.ufba.br/_FT/gd/753.jpg",
        "ceao_id": "753",
        "geo_status": "in_bahia"
      }
    },
    {
      "type": "Feature",
      "geometry": {
        "type": "Point",
        "coordinates": [
          -38.4826024708711,
          -12.9013263053398
        ]
      },
      "properties": {
        "nome": "Terreiro Oiá Min",
        "fonte": "ceao",
        "fonte_detalhe": "CEAO/UFBA - terreiros.ceao.ufba.br",
        "lideranca": "Keila dos Anjos de Oliveira",
        "nacao": "Keto",
        "ano_fundacao": "2003",
        "regente": "Iansã",
        "endereco": "Rua das Bananeiras, 49",
        "bairro": "Plataforma",
        "cep": "40717-070",
        "telefone": "8145-2947",
        "foto_thumb": "http://www.terreiros.ceao.ufba.br/_FT/pq/754.jpg",
        "foto_grande": "http://www.terreiros.ceao.ufba.br/_FT/gd/754.jpg",
        "ceao_id": "754",
        "geo_status": "in_bahia"
      }
    },
    {
      "type": "Feature",
      "geometry": {
        "type": "Point",
        "coordinates": [
          -38.4405050753376,
          -12.8904886238977
        ]
      },
      "properties": {
        "nome": "Terreiro Sultão das Matas",
        "fonte": "ceao",
        "fonte_detalhe": "CEAO/UFBA - terreiros.ceao.ufba.br",
        "lideranca": "Oneide Concha da Silva",
        "nacao": "Keto",
        "ano_fundacao": "2001",
        "regente": "Nanã Buruku",
        "endereco": "Rua A, Casa 2",
        "bairro": "Cajazeiras VII",
        "telefone": "3395-3356",
        "foto_thumb": "http://www.terreiros.ceao.ufba.br/_FT/pq/756.jpg",
        "foto_grande": "http://www.terreiros.ceao.ufba.br/_FT/gd/756.jpg",
        "ceao_id": "756",
        "geo_status": "in_bahia"
      }
    },
    {
      "type": "Feature",
      "geometry": {
        "type": "Point",
        "coordinates": [
          -38.4078494131663,
          -12.8761386479958
        ]
      },
      "properties": {
        "nome": "Terreiro Tingongo Muende",
        "fonte": "ceao",
        "fonte_detalhe": "CEAO/UFBA - terreiros.ceao.ufba.br",
        "lideranca": "Geovania Macedo Valença",
        "nacao": "Keto Angola",
        "ano_fundacao": "1982",
        "regente": "Obaluaê",
        "endereco": "Rua Jucelino Kubchek, 7-E",
        "bairro": "Cajazeiras XI",
        "telefone": "3395-3533",
        "foto_thumb": "http://www.terreiros.ceao.ufba.br/_FT/pq/760.jpg",
        "foto_grande": "http://www.terreiros.ceao.ufba.br/_FT/gd/760.jpg",
        "ceao_id": "760",
        "geo_status": "in_bahia"
      }
    },
    {
      "type": "Feature",
      "geometry": {
        "type": "Point",
        "coordinates": [
          -38.4055483911021,
          -12.8868990633569
        ]
      },
      "properties": {
        "nome": "Ilê Tomim Kiosise Ayo",
        "fonte": "ceao",
        "fonte_detalhe": "CEAO/UFBA - terreiros.ceao.ufba.br",
        "lideranca": "Iaraci Santos Brito",
        "nacao": "Keto",
        "ano_fundacao": "1992",
        "regente": "Oxum",
        "endereco": "Rua Flaviano da Apresentação, 29, Lot. Santo Antonio",
        "bairro": "Cajazeiras XI",
        "telefone": "3309-3499",
        "foto_thumb": "http://www.terreiros.ceao.ufba.br/_FT/pq/761.jpg",
        "foto_grande": "http://www.terreiros.ceao.ufba.br/_FT/gd/761.jpg",
        "ceao_id": "761",
        "geo_status": "in_bahia"
      }
    },
    {
      "type": "Feature",
      "geometry": {
        "type": "Point",
        "coordinates": [
          -38.4059119694892,
          -12.8783762215623
        ]
      },
      "properties": {
        "nome": "Unzó Catulande de Umzambe",
        "fonte": "ceao",
        "fonte_detalhe": "CEAO/UFBA - terreiros.ceao.ufba.br",
        "lideranca": "Elisabet da Silva Cavalcante",
        "nacao": "Angola",
        "ano_fundacao": "2005",
        "regente": "Oxalá",
        "endereco": "Rua Nossa Senhora de Lourdes, 710",
        "bairro": "Cajazeiras XI",
        "telefone": "3238-5474",
        "foto_thumb": "http://www.terreiros.ceao.ufba.br/_FT/pq/763.jpg",
        "foto_grande": "http://www.terreiros.ceao.ufba.br/_FT/gd/763.jpg",
        "ceao_id": "763",
        "geo_status": "in_bahia"
      }
    },
    {
      "type": "Feature",
      "geometry": {
        "type": "Point",
        "coordinates": [
          -38.4026152353207,
          -12.8778172625829
        ]
      },
      "properties": {
        "nome": "Terreiro Yé Guinã",
        "fonte": "ceao",
        "fonte_detalhe": "CEAO/UFBA - terreiros.ceao.ufba.br",
        "lideranca": "Lídio Ferreira de Oliveira",
        "nacao": "Alaketo",
        "ano_fundacao": "1956",
        "regente": "Oxum",
        "endereco": "Rua Rio Prado , 72",
        "bairro": "Liberdade",
        "cep": "40375-040",
        "telefone": "Não tem",
        "foto_thumb": "http://www.terreiros.ceao.ufba.br/_FT/pq/764.jpg",
        "foto_grande": "http://www.terreiros.ceao.ufba.br/_FT/gd/764.jpg",
        "ceao_id": "764",
        "geo_status": "in_bahia"
      }
    },
    {
      "type": "Feature",
      "geometry": {
        "type": "Point",
        "coordinates": [
          -38.4968903447027,
          -12.9517879714592
        ]
      },
      "properties": {
        "nome": "Kaiango Kapango",
        "fonte": "ceao",
        "fonte_detalhe": "CEAO/UFBA - terreiros.ceao.ufba.br",
        "lideranca": "Regina Maria de Oliveira",
        "nacao": "Angola",
        "ano_fundacao": "1990",
        "regente": "Iansã e Oxumaré",
        "endereco": "1ª Trav. Rio Prado, 72E",
        "bairro": "Liberdade",
        "cep": "40325-295",
        "telefone": "3242-0801/ 3241-0834",
        "foto_thumb": "http://www.terreiros.ceao.ufba.br/_FT/pq/768.jpg",
        "foto_grande": "http://www.terreiros.ceao.ufba.br/_FT/gd/768.jpg",
        "ceao_id": "768",
        "geo_status": "in_bahia"
      }
    },
    {
      "type": "Feature",
      "geometry": {
        "type": "Point",
        "coordinates": [
          -38.4953252555031,
          -12.9477383767909
        ]
      },
      "properties": {
        "nome": "Omo Ajagum Torundé",
        "fonte": "ceao",
        "fonte_detalhe": "CEAO/UFBA - terreiros.ceao.ufba.br",
        "lideranca": "Edson Silva Moreno",
        "nacao": "Jêje",
        "ano_fundacao": "1990",
        "regente": "Obaluaê",
        "endereco": "Rua Prof. Walson Lopes, 12 (Rua do Céu)",
        "bairro": "Liberdade",
        "cep": "40325-870",
        "telefone": "3243-8896",
        "foto_thumb": "http://www.terreiros.ceao.ufba.br/_FT/pq/769.jpg",
        "foto_grande": "http://www.terreiros.ceao.ufba.br/_FT/gd/769.jpg",
        "ceao_id": "769",
        "geo_status": "in_bahia"
      }
    },
    {
      "type": "Feature",
      "geometry": {
        "type": "Point",
        "coordinates": [
          -38.4914342256922,
          -12.9495455339931
        ]
      },
      "properties": {
        "nome": "Centro Cafungé",
        "fonte": "ceao",
        "fonte_detalhe": "CEAO/UFBA - terreiros.ceao.ufba.br",
        "lideranca": "Lázaro Itamar de Carvalho",
        "nacao": "Keto",
        "ano_fundacao": "1992",
        "regente": "Omolu",
        "endereco": "Rua Camamu, 38, Térreo",
        "bairro": "Liberdade",
        "cep": "40375-110",
        "telefone": "3242-4240",
        "foto_thumb": "http://www.terreiros.ceao.ufba.br/_FT/pq/770.jpg",
        "foto_grande": "http://www.terreiros.ceao.ufba.br/_FT/gd/770.jpg",
        "ceao_id": "770",
        "geo_status": "in_bahia"
      }
    },
    {
      "type": "Feature",
      "geometry": {
        "type": "Point",
        "coordinates": [
          -38.4947779206408,
          -12.9470194232903
        ]
      },
      "properties": {
        "nome": "Iê Iê Ominlaxé",
        "fonte": "ceao",
        "fonte_detalhe": "CEAO/UFBA - terreiros.ceao.ufba.br",
        "lideranca": "Maria Tereza de Carvalho Natividade",
        "nacao": "Keto",
        "ano_fundacao": "1981",
        "regente": "Oxum Apará",
        "endereco": "Rua Alto do Manuel Monte, 328  E",
        "bairro": "Plataforma",
        "cep": "40717-080",
        "telefone": "3398-0757",
        "foto_thumb": "http://www.terreiros.ceao.ufba.br/_FT/pq/771.jpg",
        "foto_grande": "http://www.terreiros.ceao.ufba.br/_FT/gd/771.jpg",
        "ceao_id": "771",
        "geo_status": "in_bahia"
      }
    },
    {
      "type": "Feature",
      "geometry": {
        "type": "Point",
        "coordinates": [
          -38.4863421977845,
          -12.8928096975947
        ]
      },
      "properties": {
        "nome": "Terreiro São Roque",
        "fonte": "ceao",
        "fonte_detalhe": "CEAO/UFBA - terreiros.ceao.ufba.br",
        "lideranca": "Eulália dos Santos",
        "nacao": "Angola",
        "ano_fundacao": "1975",
        "regente": "Omolu",
        "endereco": "Rua Itaquaraci, 10 E",
        "bairro": "Boa Vista do Lobato",
        "cep": "40483-020",
        "telefone": "3293-1247",
        "foto_thumb": "http://www.terreiros.ceao.ufba.br/_FT/pq/773.jpg",
        "foto_grande": "http://www.terreiros.ceao.ufba.br/_FT/gd/773.jpg",
        "ceao_id": "773",
        "geo_status": "in_bahia"
      }
    },
    {
      "type": "Feature",
      "geometry": {
        "type": "Point",
        "coordinates": [
          -38.4863610564049,
          -12.8939281895381
        ]
      },
      "properties": {
        "nome": "Terreiro Atim Taumbira",
        "fonte": "ceao",
        "fonte_detalhe": "CEAO/UFBA - terreiros.ceao.ufba.br",
        "lideranca": "Raimundo André Teixeira",
        "nacao": "Angola",
        "ano_fundacao": "1964",
        "regente": "Oxóssi",
        "endereco": "Rua da Bananeira, 29",
        "bairro": "Plataforma",
        "cep": "40717-290",
        "telefone": "3398-5445",
        "foto_thumb": "http://www.terreiros.ceao.ufba.br/_FT/pq/776.jpg",
        "foto_grande": "http://www.terreiros.ceao.ufba.br/_FT/gd/776.jpg",
        "ceao_id": "776",
        "geo_status": "in_bahia"
      }
    },
    {
      "type": "Feature",
      "geometry": {
        "type": "Point",
        "coordinates": [
          -38.4847181538529,
          -12.8962282306908
        ]
      },
      "properties": {
        "nome": "Terreiro Estrela do Mar",
        "fonte": "ceao",
        "fonte_detalhe": "CEAO/UFBA - terreiros.ceao.ufba.br",
        "lideranca": "Ainá Costa da Silva",
        "nacao": "Angola",
        "ano_fundacao": "1941",
        "regente": "Oxum Apará",
        "endereco": "Rua Alto do Manuel Monte, 2E",
        "bairro": "Plataforma",
        "cep": "40717-080",
        "telefone": "3218-7833",
        "foto_thumb": "http://www.terreiros.ceao.ufba.br/_FT/pq/777.jpg",
        "foto_grande": "http://www.terreiros.ceao.ufba.br/_FT/gd/777.jpg",
        "ceao_id": "777",
        "geo_status": "in_bahia"
      }
    },
    {
      "type": "Feature",
      "geometry": {
        "type": "Point",
        "coordinates": [
          -38.4680050252455,
          -12.8531219833782
        ]
      },
      "properties": {
        "nome": "Ylê Asé de Omolú",
        "fonte": "ceao",
        "fonte_detalhe": "CEAO/UFBA - terreiros.ceao.ufba.br",
        "lideranca": "Raimundo de Castro Carvalho",
        "nacao": "Keto",
        "ano_fundacao": "1976",
        "regente": "Obaluaê",
        "endereco": "Rua Luanda, quadra 17, lote 37, Parque Selubal",
        "bairro": "Alto de Coutos",
        "cep": "40750-400",
        "telefone": "3521-3767",
        "foto_thumb": "http://www.terreiros.ceao.ufba.br/_FT/pq/779.jpg",
        "foto_grande": "http://www.terreiros.ceao.ufba.br/_FT/gd/779.jpg",
        "ceao_id": "779",
        "geo_status": "in_bahia"
      }
    },
    {
      "type": "Feature",
      "geometry": {
        "type": "Point",
        "coordinates": [
          -38.4631778402384,
          -12.9018393208569
        ]
      },
      "properties": {
        "nome": "Centro Umbandista Caboclo Rei do Congo",
        "fonte": "ceao",
        "fonte_detalhe": "CEAO/UFBA - terreiros.ceao.ufba.br",
        "lideranca": "Luzia Maria Souza A. Teixeira",
        "nacao": "Keto",
        "ano_fundacao": "1978",
        "regente": "Obaluaê",
        "endereco": "Conj. Pirajá I, Caminho 34, Casa 3, Rua Vivendas dos Passaros",
        "bairro": "Pirajá I",
        "cep": "41290-540",
        "telefone": "3391-2861",
        "foto_thumb": "http://www.terreiros.ceao.ufba.br/_FT/pq/787.jpg",
        "foto_grande": "http://www.terreiros.ceao.ufba.br/_FT/gd/787.jpg",
        "ceao_id": "787",
        "geo_status": "in_bahia"
      }
    },
    {
      "type": "Feature",
      "geometry": {
        "type": "Point",
        "coordinates": [
          -38.4540893961849,
          -12.8935302274941
        ]
      },
      "properties": {
        "nome": "Omi Deayá Diunzambí",
        "fonte": "ceao",
        "fonte_detalhe": "CEAO/UFBA - terreiros.ceao.ufba.br",
        "lideranca": "Antônio Paulo dos Santos Neves",
        "nacao": "Angola",
        "ano_fundacao": "2003",
        "regente": "Ogum",
        "endereco": "Rua 1º de janeiro, 62",
        "bairro": "Pirajá",
        "cep": "41290-350",
        "telefone": "3293-0784/ 8874-8865",
        "foto_thumb": "http://www.terreiros.ceao.ufba.br/_FT/pq/790.jpg",
        "foto_grande": "http://www.terreiros.ceao.ufba.br/_FT/gd/790.jpg",
        "ceao_id": "790",
        "geo_status": "in_bahia"
      }
    },
    {
      "type": "Feature",
      "geometry": {
        "type": "Point",
        "coordinates": [
          -38.4664959801491,
          -12.8974385872708
        ]
      },
      "properties": {
        "nome": "Olorum Ioyá",
        "fonte": "ceao",
        "fonte_detalhe": "CEAO/UFBA - terreiros.ceao.ufba.br",
        "lideranca": "Lindenar dos Santos Silva",
        "nacao": "Keto",
        "ano_fundacao": "1979",
        "regente": "Iansã",
        "endereco": "Rua Elísio Mesquita Nova, 277",
        "bairro": "Pirajá",
        "cep": "41295-360",
        "telefone": "9924-3156/ 3246-2183",
        "foto_thumb": "http://www.terreiros.ceao.ufba.br/_FT/pq/793.jpg",
        "foto_grande": "http://www.terreiros.ceao.ufba.br/_FT/gd/793.jpg",
        "ceao_id": "793",
        "geo_status": "in_bahia"
      }
    },
    {
      "type": "Feature",
      "geometry": {
        "type": "Point",
        "coordinates": [
          -38.4635519791169,
          -12.8963637992961
        ]
      },
      "properties": {
        "nome": "Terreiro de Kossamango",
        "fonte": "ceao",
        "fonte_detalhe": "CEAO/UFBA - terreiros.ceao.ufba.br",
        "lideranca": "Maria Cléia dos Santos Almeida",
        "nacao": "Angola",
        "ano_fundacao": "1973",
        "regente": "Iansã Balé",
        "bairro": "Plataforma",
        "cep": "40717-080",
        "telefone": "não tem",
        "foto_thumb": "http://www.terreiros.ceao.ufba.br/_FT/pq/794.jpg",
        "foto_grande": "http://www.terreiros.ceao.ufba.br/_FT/gd/794.jpg",
        "ceao_id": "794",
        "geo_status": "in_bahia"
      }
    },
    {
      "type": "Feature",
      "geometry": {
        "type": "Point",
        "coordinates": [
          -38.4848684367979,
          -12.893244094958
        ]
      },
      "properties": {
        "nome": "Terreiro Jiji",
        "fonte": "ceao",
        "fonte_detalhe": "CEAO/UFBA - terreiros.ceao.ufba.br",
        "lideranca": "Paulina dos Santos",
        "nacao": "Keto",
        "ano_fundacao": "1956",
        "regente": "Obaluaê",
        "endereco": "Rua Alcina, 15- E",
        "bairro": "Pirajá",
        "cep": "41295-150",
        "telefone": "3215-0339",
        "foto_thumb": "http://www.terreiros.ceao.ufba.br/_FT/pq/797.jpg",
        "foto_grande": "http://www.terreiros.ceao.ufba.br/_FT/gd/797.jpg",
        "ceao_id": "797",
        "geo_status": "in_bahia"
      }
    },
    {
      "type": "Feature",
      "geometry": {
        "type": "Point",
        "coordinates": [
          -38.4659918888024,
          -12.8983429746126
        ]
      },
      "properties": {
        "nome": "Centro do Caboclo do Juremeira",
        "fonte": "ceao",
        "fonte_detalhe": "CEAO/UFBA - terreiros.ceao.ufba.br",
        "lideranca": "Terezinha Alves dos Santos",
        "nacao": "Angola",
        "ano_fundacao": "1959",
        "regente": "Obaluaê",
        "endereco": "Rua I, caminho 6, casa 18, etapa",
        "bairro": "Castelo Branco",
        "telefone": "3238-9274",
        "foto_thumb": "http://www.terreiros.ceao.ufba.br/_FT/pq/798.jpg",
        "foto_grande": "http://www.terreiros.ceao.ufba.br/_FT/gd/798.jpg",
        "ceao_id": "798",
        "geo_status": "in_bahia"
      }
    },
    {
      "type": "Feature",
      "geometry": {
        "type": "Point",
        "coordinates": [
          -38.4332303203431,
          -12.9063742545718
        ]
      },
      "properties": {
        "nome": "Centro Caboclo Boiadeiro",
        "fonte": "ceao",
        "fonte_detalhe": "CEAO/UFBA - terreiros.ceao.ufba.br",
        "lideranca": "João Pereira dos Santos Filho",
        "nacao": "Keto",
        "ano_fundacao": "1992",
        "regente": "Oxum",
        "endereco": "Rua Caminho 3, Casa 39, 3ª Etapa",
        "bairro": "Castelo Branco",
        "cep": "41321-245",
        "telefone": "3305-7131",
        "foto_thumb": "http://www.terreiros.ceao.ufba.br/_FT/pq/799.jpg",
        "foto_grande": "http://www.terreiros.ceao.ufba.br/_FT/gd/799.jpg",
        "ceao_id": "799",
        "geo_status": "in_bahia"
      }
    },
    {
      "type": "Feature",
      "geometry": {
        "type": "Point",
        "coordinates": [
          -38.4307866361184,
          -12.9021208846554
        ]
      },
      "properties": {
        "nome": "Caboclo Lage Grande da Bahia",
        "fonte": "ceao",
        "fonte_detalhe": "CEAO/UFBA - terreiros.ceao.ufba.br",
        "lideranca": "Petrúcia dos Santos Silva (Mãe Pel)",
        "nacao": "Angola",
        "ano_fundacao": "1965",
        "regente": "Oxalá",
        "endereco": "Rua 13, 3ª Etapa, 45",
        "bairro": "Castelo Branco",
        "cep": "41320-210",
        "telefone": "3395-6483",
        "foto_thumb": "http://www.terreiros.ceao.ufba.br/_FT/pq/802.jpg",
        "foto_grande": "http://www.terreiros.ceao.ufba.br/_FT/gd/802.jpg",
        "ceao_id": "802",
        "geo_status": "in_bahia"
      }
    },
    {
      "type": "Feature",
      "geometry": {
        "type": "Point",
        "coordinates": [
          -38.4334507503706,
          -12.9030417166528
        ]
      },
      "properties": {
        "nome": "Jakurika Atim de Uzambe",
        "fonte": "ceao",
        "fonte_detalhe": "CEAO/UFBA - terreiros.ceao.ufba.br",
        "lideranca": "Eliedna dos Santos Castro",
        "nacao": "Angola",
        "ano_fundacao": "1974",
        "regente": "Obaluaê",
        "endereco": "3ª Etapa Castelo Branco, 11, Rua 27",
        "bairro": "Castelo Branco",
        "telefone": "3395-9971/ 9991-1835",
        "foto_thumb": "http://www.terreiros.ceao.ufba.br/_FT/pq/803.jpg",
        "foto_grande": "http://www.terreiros.ceao.ufba.br/_FT/gd/803.jpg",
        "ceao_id": "803",
        "geo_status": "in_bahia"
      }
    },
    {
      "type": "Feature",
      "geometry": {
        "type": "Point",
        "coordinates": [
          -38.4293410195784,
          -12.9002582402925
        ]
      },
      "properties": {
        "nome": "Terreiro de Jiloá",
        "fonte": "ceao",
        "fonte_detalhe": "CEAO/UFBA - terreiros.ceao.ufba.br",
        "lideranca": "Aurelice Ferreira dos Santos",
        "nacao": "Angola",
        "ano_fundacao": "1999",
        "regente": "Obaluaê, Iansã e Iemanjá",
        "endereco": "Rua Mabaço de Cima, 91E",
        "bairro": "Plataforma",
        "cep": "40717-060",
        "telefone": "não tem",
        "foto_thumb": "http://www.terreiros.ceao.ufba.br/_FT/pq/804.jpg",
        "foto_grande": "http://www.terreiros.ceao.ufba.br/_FT/gd/804.jpg",
        "ceao_id": "804",
        "geo_status": "in_bahia"
      }
    },
    {
      "type": "Feature",
      "geometry": {
        "type": "Point",
        "coordinates": [
          -38.4852740347096,
          -12.8920306472927
        ]
      },
      "properties": {
        "nome": "Senzala Religiosa Mukunndewá",
        "fonte": "ceao",
        "fonte_detalhe": "CEAO/UFBA - terreiros.ceao.ufba.br",
        "lideranca": "Valdeci Teixeira Barbosa",
        "nacao": "Bantu",
        "ano_fundacao": "1991",
        "regente": "Ogum",
        "bairro": "Plataforma",
        "cep": "40717-500",
        "telefone": "9926-7949",
        "foto_thumb": "http://www.terreiros.ceao.ufba.br/_FT/pq/806.jpg",
        "foto_grande": "http://www.terreiros.ceao.ufba.br/_FT/gd/806.jpg",
        "ceao_id": "806",
        "geo_status": "in_bahia"
      }
    },
    {
      "type": "Feature",
      "geometry": {
        "type": "Point",
        "coordinates": [
          -38.4737608521321,
          -12.9182168778388
        ]
      },
      "properties": {
        "nome": "Lembá Dilé",
        "fonte": "ceao",
        "fonte_detalhe": "CEAO/UFBA - terreiros.ceao.ufba.br",
        "lideranca": "Roberto Batista",
        "nacao": "Angola",
        "ano_fundacao": "2003",
        "regente": "Oxalá",
        "bairro": "Boa Vista do Lobato",
        "cep": "40455-971",
        "telefone": "3246-3452",
        "foto_thumb": "http://www.terreiros.ceao.ufba.br/_FT/pq/808.jpg",
        "foto_grande": "http://www.terreiros.ceao.ufba.br/_FT/gd/808.jpg",
        "ceao_id": "808",
        "geo_status": "in_bahia"
      }
    },
    {
      "type": "Feature",
      "geometry": {
        "type": "Point",
        "coordinates": [
          -38.4765518670706,
          -12.9192986948664
        ]
      },
      "properties": {
        "nome": "Terreiro de Iemanjá",
        "fonte": "ceao",
        "fonte_detalhe": "CEAO/UFBA - terreiros.ceao.ufba.br",
        "lideranca": "Valdelice Santos Queiroz",
        "nacao": "Keto",
        "ano_fundacao": "1986",
        "regente": "Iemanjá",
        "endereco": "Rua Boa Ventura, 151",
        "bairro": "Boa Vista do Lobato",
        "cep": "40470-760",
        "telefone": "3211-4804",
        "foto_thumb": "http://www.terreiros.ceao.ufba.br/_FT/pq/810.jpg",
        "foto_grande": "http://www.terreiros.ceao.ufba.br/_FT/gd/810.jpg",
        "ceao_id": "810",
        "geo_status": "in_bahia"
      }
    },
    {
      "type": "Feature",
      "geometry": {
        "type": "Point",
        "coordinates": [
          -38.5054556329862,
          -12.9882542182024
        ]
      },
      "properties": {
        "nome": "Terreiro Tolomim",
        "fonte": "ceao",
        "fonte_detalhe": "CEAO/UFBA - terreiros.ceao.ufba.br",
        "lideranca": "Edvaldo Cordeiro",
        "nacao": "Keto",
        "ano_fundacao": "1991",
        "regente": "Ogum",
        "endereco": "Rua Nossa Senhora de Lourdes, Loteam. Sto. Antonio  Faz. Boa União",
        "bairro": "Cajazeiras XI",
        "telefone": "3309-2933",
        "foto_thumb": "http://www.terreiros.ceao.ufba.br/_FT/pq/812.jpg",
        "foto_grande": "http://www.terreiros.ceao.ufba.br/_FT/gd/812.jpg",
        "ceao_id": "812",
        "geo_status": "in_bahia"
      }
    },
    {
      "type": "Feature",
      "geometry": {
        "type": "Point",
        "coordinates": [
          -38.3993991662785,
          -12.8784990101186
        ]
      },
      "properties": {
        "nome": "Kanzua Inkonsi Danbeleuci Di Umzambi",
        "fonte": "ceao",
        "fonte_detalhe": "CEAO/UFBA - terreiros.ceao.ufba.br",
        "lideranca": "Ubiraci Gomes Ferão",
        "nacao": "Angola",
        "ano_fundacao": "1994",
        "regente": "Ogum",
        "endereco": "Rua Paraíso, 39, Loteamento Sto. Antonio",
        "bairro": "Cajazeiras XI",
        "telefone": "3219-0605",
        "foto_thumb": "http://www.terreiros.ceao.ufba.br/_FT/pq/815.jpg",
        "foto_grande": "http://www.terreiros.ceao.ufba.br/_FT/gd/815.jpg",
        "ceao_id": "815",
        "geo_status": "in_bahia"
      }
    },
    {
      "type": "Feature",
      "geometry": {
        "type": "Point",
        "coordinates": [
          -38.4613020204758,
          -12.8625232047884
        ]
      },
      "properties": {
        "nome": "Terreiro Gunzó Luango",
        "fonte": "ceao",
        "fonte_detalhe": "CEAO/UFBA - terreiros.ceao.ufba.br",
        "lideranca": "Reinaldo Silva Ferreira",
        "nacao": "Angola",
        "ano_fundacao": "0",
        "regente": "Xangô",
        "endereco": "Rua Antonio Balbino, 41E",
        "bairro": "Paripe",
        "telefone": "3521-2419 (recado)/ 9239-1391",
        "foto_thumb": "http://www.terreiros.ceao.ufba.br/_FT/pq/823.jpg",
        "foto_grande": "http://www.terreiros.ceao.ufba.br/_FT/gd/823.jpg",
        "ceao_id": "823",
        "geo_status": "in_bahia"
      }
    },
    {
      "type": "Feature",
      "geometry": {
        "type": "Point",
        "coordinates": [
          -38.4550409614375,
          -12.8418125632887
        ]
      },
      "properties": {
        "nome": "Terreiro Jussa Condirê",
        "fonte": "ceao",
        "fonte_detalhe": "CEAO/UFBA - terreiros.ceao.ufba.br",
        "lideranca": "Gerson Santana dos Santos",
        "nacao": "Angola",
        "ano_fundacao": "1986",
        "regente": "Ogum",
        "endereco": "Rua Salomé, 63E",
        "bairro": "Paripe",
        "cep": "40810-170",
        "telefone": "3521-2419",
        "foto_thumb": "http://www.terreiros.ceao.ufba.br/_FT/pq/825.jpg",
        "foto_grande": "http://www.terreiros.ceao.ufba.br/_FT/gd/825.jpg",
        "ceao_id": "825",
        "geo_status": "in_bahia"
      }
    },
    {
      "type": "Feature",
      "geometry": {
        "type": "Point",
        "coordinates": [
          -38.487426763796,
          -12.9487797566337
        ]
      },
      "properties": {
        "nome": "Centro Mãe Celia",
        "fonte": "ceao",
        "fonte_detalhe": "CEAO/UFBA - terreiros.ceao.ufba.br",
        "lideranca": "Dilcelia Alves dos Santos",
        "nacao": "Keto",
        "ano_fundacao": "1997",
        "regente": "Caboclo Catendé",
        "endereco": "Rua Alto do Abacate, 42",
        "bairro": "Liberdade",
        "cep": "40370-570",
        "telefone": "não informado",
        "foto_thumb": "http://www.terreiros.ceao.ufba.br/_FT/pq/829.jpg",
        "foto_grande": "http://www.terreiros.ceao.ufba.br/_FT/gd/829.jpg",
        "ceao_id": "829",
        "geo_status": "in_bahia"
      }
    },
    {
      "type": "Feature",
      "geometry": {
        "type": "Point",
        "coordinates": [
          -38.3756750154718,
          -12.926753828881
        ]
      },
      "properties": {
        "nome": "Sessão de Giro",
        "fonte": "ceao",
        "fonte_detalhe": "CEAO/UFBA - terreiros.ceao.ufba.br",
        "lideranca": "Iraci Lopes Costa Santos",
        "nacao": "Keto",
        "ano_fundacao": "2000",
        "regente": "Oxum",
        "endereco": "Rua Corina Barradas, 8, Estrada das Barreiras",
        "bairro": "Cabula",
        "cep": "41195-399",
        "telefone": "3257-0857",
        "foto_thumb": "http://www.terreiros.ceao.ufba.br/_FT/pq/832.jpg",
        "foto_grande": "http://www.terreiros.ceao.ufba.br/_FT/gd/832.jpg",
        "ceao_id": "832",
        "geo_status": "in_bahia"
      }
    },
    {
      "type": "Feature",
      "geometry": {
        "type": "Point",
        "coordinates": [
          -38.4526002689186,
          -12.9422875370324
        ]
      },
      "properties": {
        "nome": "Ilê Ogum Edi Alaki Koisan",
        "fonte": "ceao",
        "fonte_detalhe": "CEAO/UFBA - terreiros.ceao.ufba.br",
        "lideranca": "Maria Beatriz dos Santos",
        "nacao": "Keto",
        "ano_fundacao": "1984",
        "regente": "Logunedé",
        "endereco": "Rua Dom  Eugênio Sales , 86",
        "bairro": "Boca do Rio",
        "cep": "40706-670",
        "telefone": "3230-7187",
        "foto_thumb": "http://www.terreiros.ceao.ufba.br/_FT/pq/833.jpg",
        "foto_grande": "http://www.terreiros.ceao.ufba.br/_FT/gd/833.jpg",
        "ceao_id": "833",
        "geo_status": "in_bahia"
      }
    },
    {
      "type": "Feature",
      "geometry": {
        "type": "Point",
        "coordinates": [
          -38.419964207815,
          -12.9743486410028
        ]
      },
      "properties": {
        "nome": "Unzo Bakisé Sasa Ganzua Gongará Kaiango",
        "fonte": "ceao",
        "fonte_detalhe": "CEAO/UFBA - terreiros.ceao.ufba.br",
        "lideranca": "José Carlos Paim",
        "nacao": "Angola",
        "ano_fundacao": "1995",
        "regente": "Kaiango Kapango",
        "endereco": "Conjunto ACM, Rua Padre Anchieta s/n",
        "bairro": "Cabula",
        "telefone": "3384-3727/ 3327-7161",
        "foto_thumb": "http://www.terreiros.ceao.ufba.br/_FT/pq/835.jpg",
        "foto_grande": "http://www.terreiros.ceao.ufba.br/_FT/gd/835.jpg",
        "ceao_id": "835",
        "geo_status": "in_bahia"
      }
    },
    {
      "type": "Feature",
      "geometry": {
        "type": "Point",
        "coordinates": [
          -38.4632045682757,
          -12.9419525636672
        ]
      },
      "properties": {
        "nome": "Ilê Ashé Vodum Kaiôgy",
        "fonte": "ceao",
        "fonte_detalhe": "CEAO/UFBA - terreiros.ceao.ufba.br",
        "lideranca": "Elizabeth Ferreira Sacramento",
        "nacao": "Keto",
        "ano_fundacao": "1980",
        "regente": "Obaluaê",
        "endereco": "Rua da Jamaica, Trav. 29 de Setembro, 23",
        "bairro": "Bairro da Paz",
        "cep": "40515-284",
        "telefone": "9172-0041",
        "foto_thumb": "http://www.terreiros.ceao.ufba.br/_FT/pq/836.jpg",
        "foto_grande": "http://www.terreiros.ceao.ufba.br/_FT/gd/836.jpg",
        "ceao_id": "836",
        "geo_status": "in_bahia"
      }
    },
    {
      "type": "Feature",
      "geometry": {
        "type": "Point",
        "coordinates": [
          -38.4231479270893,
          -12.9029236797437
        ]
      },
      "properties": {
        "nome": "Lembaroci",
        "fonte": "ceao",
        "fonte_detalhe": "CEAO/UFBA - terreiros.ceao.ufba.br",
        "lideranca": "Antonia M. S. Nascimento",
        "nacao": "Angola Keto",
        "ano_fundacao": "1991",
        "regente": "Oxalá",
        "endereco": "Rua Sacramento, qd. 2, 28, Cajazeiras 4",
        "bairro": "Castelo Branco",
        "telefone": "Não tem",
        "foto_thumb": "http://www.terreiros.ceao.ufba.br/_FT/pq/840.jpg",
        "foto_grande": "http://www.terreiros.ceao.ufba.br/_FT/gd/840.jpg",
        "ceao_id": "840",
        "geo_status": "in_bahia"
      }
    },
    {
      "type": "Feature",
      "geometry": {
        "type": "Point",
        "coordinates": [
          -38.4392056709406,
          -12.9044840718658
        ]
      },
      "properties": {
        "nome": "Terreiro de Giboum Cafungé",
        "fonte": "ceao",
        "fonte_detalhe": "CEAO/UFBA - terreiros.ceao.ufba.br",
        "lideranca": "Amilton Anunciação de Souza",
        "nacao": "Angola",
        "ano_fundacao": "1983",
        "regente": "Obaluaê",
        "endereco": "Rua São Pedro, 52, Travessa São Benedito",
        "bairro": "Vila Canária",
        "cep": "41390-000",
        "telefone": "3211-9284",
        "foto_thumb": "http://www.terreiros.ceao.ufba.br/_FT/pq/841.jpg",
        "foto_grande": "http://www.terreiros.ceao.ufba.br/_FT/gd/841.jpg",
        "ceao_id": "841",
        "geo_status": "in_bahia"
      }
    },
    {
      "type": "Feature",
      "geometry": {
        "type": "Point",
        "coordinates": [
          -38.4424918898216,
          -12.9084937464718
        ]
      },
      "properties": {
        "nome": "Terreiro Omodualá",
        "fonte": "ceao",
        "fonte_detalhe": "CEAO/UFBA - terreiros.ceao.ufba.br",
        "lideranca": "Aurivaldo Ribeiro dos Santos",
        "nacao": "Keto Angola",
        "ano_fundacao": "1981",
        "regente": "Oxalá",
        "endereco": "Rua José Gomes de Aguiar, 52",
        "bairro": "Vila Canária",
        "cep": "41390-200",
        "telefone": "3215-4431",
        "foto_thumb": "http://www.terreiros.ceao.ufba.br/_FT/pq/842.jpg",
        "foto_grande": "http://www.terreiros.ceao.ufba.br/_FT/gd/842.jpg",
        "ceao_id": "842",
        "geo_status": "in_bahia"
      }
    },
    {
      "type": "Feature",
      "geometry": {
        "type": "Point",
        "coordinates": [
          -38.4419695286209,
          -12.9107068606758
        ]
      },
      "properties": {
        "nome": "Abacá Axé Zazi Mucundê",
        "fonte": "ceao",
        "fonte_detalhe": "CEAO/UFBA - terreiros.ceao.ufba.br",
        "lideranca": "Durvalina Martins Moncorgo",
        "nacao": "Angola",
        "ano_fundacao": "1933",
        "regente": "Xangõ",
        "endereco": "Rua Altair Humberto Santos, 17",
        "bairro": "Vila Canária",
        "cep": "41390-065",
        "telefone": "3211-9850",
        "foto_thumb": "http://www.terreiros.ceao.ufba.br/_FT/pq/844.jpg",
        "foto_grande": "http://www.terreiros.ceao.ufba.br/_FT/gd/844.jpg",
        "ceao_id": "844",
        "geo_status": "in_bahia"
      }
    },
    {
      "type": "Feature",
      "geometry": {
        "type": "Point",
        "coordinates": [
          -38.487895536549,
          -12.9486801160239
        ]
      },
      "properties": {
        "nome": "Centro de Giro Eru de Visaura",
        "fonte": "ceao",
        "fonte_detalhe": "CEAO/UFBA - terreiros.ceao.ufba.br",
        "lideranca": "Jocelia Freitas Lima",
        "nacao": "Keto",
        "ano_fundacao": "1999",
        "regente": "Oxum Apará",
        "endereco": "Rua da Gengibirra de Cima, 39",
        "bairro": "Liberdade",
        "cep": "40370-500",
        "telefone": "3386-5077",
        "foto_thumb": "http://www.terreiros.ceao.ufba.br/_FT/pq/850.jpg",
        "foto_grande": "http://www.terreiros.ceao.ufba.br/_FT/gd/850.jpg",
        "ceao_id": "850",
        "geo_status": "in_bahia"
      }
    },
    {
      "type": "Feature",
      "geometry": {
        "type": "Point",
        "coordinates": [
          -38.4930549366412,
          -12.9452796590622
        ]
      },
      "properties": {
        "nome": "Terreiro Kidanadana",
        "fonte": "ceao",
        "fonte_detalhe": "CEAO/UFBA - terreiros.ceao.ufba.br",
        "lideranca": "Roque Pereira da Silva",
        "nacao": "Jêje",
        "ano_fundacao": "1997",
        "regente": "Oxóssi",
        "endereco": "Rua Maria Antonieta, 33-E",
        "bairro": "Cajazeiras XI",
        "cep": "41330-446",
        "telefone": "3309-4106",
        "foto_thumb": "http://www.terreiros.ceao.ufba.br/_FT/pq/855.jpg",
        "foto_grande": "http://www.terreiros.ceao.ufba.br/_FT/gd/855.jpg",
        "ceao_id": "855",
        "geo_status": "in_bahia"
      }
    },
    {
      "type": "Feature",
      "geometry": {
        "type": "Point",
        "coordinates": [
          -38.4020383118237,
          -12.8797474582033
        ]
      },
      "properties": {
        "nome": "Centro Oxóssi Caçador",
        "fonte": "ceao",
        "fonte_detalhe": "CEAO/UFBA - terreiros.ceao.ufba.br",
        "lideranca": "Darcilene Macedo de Carvalho",
        "nacao": "Keto",
        "ano_fundacao": "2000",
        "regente": "Oxóssi",
        "endereco": "Rua Nossa Sra de Lourdes, Loteamento Sto Antonio",
        "bairro": "Cajazeiras XI",
        "telefone": "3353-4596/ 3238-1199",
        "foto_thumb": "http://www.terreiros.ceao.ufba.br/_FT/pq/857.jpg",
        "foto_grande": "http://www.terreiros.ceao.ufba.br/_FT/gd/857.jpg",
        "ceao_id": "857",
        "geo_status": "in_bahia"
      }
    },
    {
      "type": "Feature",
      "geometry": {
        "type": "Point",
        "coordinates": [
          -38.4009067210566,
          -12.8780261785126
        ]
      },
      "properties": {
        "nome": "Unzó Niquice Kwa Ningunzo Kayango",
        "fonte": "ceao",
        "fonte_detalhe": "CEAO/UFBA - terreiros.ceao.ufba.br",
        "lideranca": "Jucelina Santos Nascimento",
        "nacao": "Angola",
        "ano_fundacao": "2000",
        "regente": "Bamburucema",
        "endereco": "Rua Nossa Sra de Lourdes, 743, Loteamento Sto Antonio",
        "bairro": "Cajazeiras XI",
        "telefone": "8165-2735",
        "foto_thumb": "http://www.terreiros.ceao.ufba.br/_FT/pq/858.jpg",
        "foto_grande": "http://www.terreiros.ceao.ufba.br/_FT/gd/858.jpg",
        "ceao_id": "858",
        "geo_status": "in_bahia"
      }
    },
    {
      "type": "Feature",
      "geometry": {
        "type": "Point",
        "coordinates": [
          -38.4087839579689,
          -12.8830497017272
        ]
      },
      "properties": {
        "nome": "Mutalombo Yê Kaiongo",
        "fonte": "ceao",
        "fonte_detalhe": "CEAO/UFBA - terreiros.ceao.ufba.br",
        "lideranca": "Jorge Barreto dos Santos",
        "nacao": "Angola Paketan",
        "ano_fundacao": "1971",
        "regente": "Mutalombo",
        "bairro": "Cajazeiras XI",
        "cep": "41347-050",
        "telefone": "9131-7672",
        "foto_thumb": "http://www.terreiros.ceao.ufba.br/_FT/pq/862.jpg",
        "foto_grande": "http://www.terreiros.ceao.ufba.br/_FT/gd/862.jpg",
        "ceao_id": "862",
        "geo_status": "in_bahia"
      }
    },
    {
      "type": "Feature",
      "geometry": {
        "type": "Point",
        "coordinates": [
          -38.4735181218608,
          -12.8599931288869
        ]
      },
      "properties": {
        "nome": "Terreiro Unzó Insumbuessi",
        "fonte": "ceao",
        "fonte_detalhe": "CEAO/UFBA - terreiros.ceao.ufba.br",
        "lideranca": "George da Cruz Santos",
        "nacao": "Angola",
        "ano_fundacao": "1991",
        "regente": "Kafungi",
        "endereco": "Rua Osvaldo Martins de Castro, 111E",
        "bairro": "Boa Vista do Lobato",
        "cep": "40480-160",
        "telefone": "3292-1331",
        "foto_thumb": "http://www.terreiros.ceao.ufba.br/_FT/pq/870.jpg",
        "foto_grande": "http://www.terreiros.ceao.ufba.br/_FT/gd/870.jpg",
        "ceao_id": "870",
        "geo_status": "in_bahia"
      }
    },
    {
      "type": "Feature",
      "geometry": {
        "type": "Point",
        "coordinates": [
          -38.4742997765305,
          -12.9201940889834
        ]
      },
      "properties": {
        "nome": "Terreiro de Ulufamin",
        "fonte": "ceao",
        "fonte_detalhe": "CEAO/UFBA - terreiros.ceao.ufba.br",
        "lideranca": "Valdete Ramos dos Santos",
        "nacao": "Keto",
        "ano_fundacao": "1976",
        "regente": "Oxalá",
        "bairro": "Boa Vista do Lobato",
        "cep": "40455-971",
        "telefone": "Não tem",
        "foto_thumb": "http://www.terreiros.ceao.ufba.br/_FT/pq/872.jpg",
        "foto_grande": "http://www.terreiros.ceao.ufba.br/_FT/gd/872.jpg",
        "ceao_id": "872",
        "geo_status": "in_bahia"
      }
    },
    {
      "type": "Feature",
      "geometry": {
        "type": "Point",
        "coordinates": [
          -38.473715728751,
          -12.9190202567556
        ]
      },
      "properties": {
        "nome": "Terreiro Centro de Oxum",
        "fonte": "ceao",
        "fonte_detalhe": "CEAO/UFBA - terreiros.ceao.ufba.br",
        "lideranca": "Maria do Carmo Oliveira",
        "nacao": "Keto",
        "ano_fundacao": "1969",
        "regente": "Oxum",
        "endereco": "Rua Itaquaraci, 211 E",
        "bairro": "Boa Vista do Lobato",
        "cep": "40487-000",
        "telefone": "3293-1302",
        "foto_thumb": "http://www.terreiros.ceao.ufba.br/_FT/pq/873.jpg",
        "foto_grande": "http://www.terreiros.ceao.ufba.br/_FT/gd/873.jpg",
        "ceao_id": "873",
        "geo_status": "in_bahia"
      }
    },
    {
      "type": "Feature",
      "geometry": {
        "type": "Point",
        "coordinates": [
          -38.4760179756342,
          -12.9176305731388
        ]
      },
      "properties": {
        "nome": "Sessão de Umbanda",
        "fonte": "ceao",
        "fonte_detalhe": "CEAO/UFBA - terreiros.ceao.ufba.br",
        "lideranca": "Sara Barreto",
        "nacao": "Angola",
        "ano_fundacao": "1999",
        "regente": "Ogum",
        "endereco": "Rua Cabritolândia, 372E",
        "bairro": "Alto do Cabrito",
        "cep": "40480-580",
        "telefone": "3239-6871",
        "foto_thumb": "http://www.terreiros.ceao.ufba.br/_FT/pq/875.jpg",
        "foto_grande": "http://www.terreiros.ceao.ufba.br/_FT/gd/875.jpg",
        "ceao_id": "875",
        "geo_status": "in_bahia"
      }
    },
    {
      "type": "Feature",
      "geometry": {
        "type": "Point",
        "coordinates": [
          -38.4791402964284,
          -12.8922601776786
        ]
      },
      "properties": {
        "nome": "Centro de Caboclo Rei da Marujada",
        "fonte": "ceao",
        "fonte_detalhe": "CEAO/UFBA - terreiros.ceao.ufba.br",
        "lideranca": "Nerivaldo da Silva Alexandrino",
        "nacao": "Keto",
        "ano_fundacao": "2003",
        "regente": "Xangô",
        "endereco": "Rua Olímpia, 311B",
        "bairro": "Plataforma",
        "cep": "40713-500",
        "telefone": "3398-2536",
        "foto_thumb": "http://www.terreiros.ceao.ufba.br/_FT/pq/879.jpg",
        "foto_grande": "http://www.terreiros.ceao.ufba.br/_FT/gd/879.jpg",
        "ceao_id": "879",
        "geo_status": "in_bahia"
      }
    },
    {
      "type": "Feature",
      "geometry": {
        "type": "Point",
        "coordinates": [
          -38.4284754588315,
          -12.9044822716064
        ]
      },
      "properties": {
        "nome": "Ylê Alé Toloji",
        "fonte": "ceao",
        "fonte_detalhe": "CEAO/UFBA - terreiros.ceao.ufba.br",
        "lideranca": "Manuel Rodrigues",
        "nacao": "Keto",
        "ano_fundacao": "1998",
        "regente": "Omolu",
        "endereco": "Rua J, Caminho 21, 6",
        "bairro": "Castelo Branco",
        "cep": "41330-010",
        "telefone": "3395-3122",
        "foto_thumb": "http://www.terreiros.ceao.ufba.br/_FT/pq/889.jpg",
        "foto_grande": "http://www.terreiros.ceao.ufba.br/_FT/gd/889.jpg",
        "ceao_id": "889",
        "geo_status": "in_bahia"
      }
    },
    {
      "type": "Feature",
      "geometry": {
        "type": "Point",
        "coordinates": [
          -38.4308351495324,
          -12.9074050546139
        ]
      },
      "properties": {
        "nome": "Terreiro da Vissouro",
        "fonte": "ceao",
        "fonte_detalhe": "CEAO/UFBA - terreiros.ceao.ufba.br",
        "lideranca": "Maria da Glória Lima Torres",
        "nacao": "Angola",
        "ano_fundacao": "1969",
        "regente": "Kibanda Rondo Rei da Vissoura",
        "endereco": "Rua Simone Barradas, 85 E",
        "bairro": "Jardim Nova Esperança",
        "cep": "41370-030",
        "telefone": "3212-5172",
        "foto_thumb": "http://www.terreiros.ceao.ufba.br/_FT/pq/890.jpg",
        "foto_grande": "http://www.terreiros.ceao.ufba.br/_FT/gd/890.jpg",
        "ceao_id": "890",
        "geo_status": "in_bahia"
      }
    },
    {
      "type": "Feature",
      "geometry": {
        "type": "Point",
        "coordinates": [
          -38.4177521419977,
          -12.9090664229978
        ]
      },
      "properties": {
        "nome": "Terreiro San Doá",
        "fonte": "ceao",
        "fonte_detalhe": "CEAO/UFBA - terreiros.ceao.ufba.br",
        "lideranca": "Geralda dos Santos Brandão",
        "nacao": "Keto",
        "ano_fundacao": "1971",
        "regente": "Iansã e Oxóssi",
        "endereco": "Rua Marli Lopes, 14E, Jardim Lobato",
        "bairro": "Lobato",
        "cep": "40484-210",
        "telefone": "3239-6586",
        "foto_thumb": "http://www.terreiros.ceao.ufba.br/_FT/pq/895.jpg",
        "foto_grande": "http://www.terreiros.ceao.ufba.br/_FT/gd/895.jpg",
        "ceao_id": "895",
        "geo_status": "in_bahia"
      }
    },
    {
      "type": "Feature",
      "geometry": {
        "type": "Point",
        "coordinates": [
          -38.475264116172,
          -12.9164477839283
        ]
      },
      "properties": {
        "nome": "Kewanvolá",
        "fonte": "ceao",
        "fonte_detalhe": "CEAO/UFBA - terreiros.ceao.ufba.br",
        "lideranca": "Manuel Clemildo da Cruz",
        "nacao": "Angola Bantu",
        "ano_fundacao": "1962",
        "regente": "Omolu",
        "endereco": "Rua Manuel Monte , 261-E",
        "bairro": "Plataforma",
        "cep": "40717-080",
        "telefone": "3398-1563/ 3398-1966",
        "foto_thumb": "http://www.terreiros.ceao.ufba.br/_FT/pq/896.jpg",
        "foto_grande": "http://www.terreiros.ceao.ufba.br/_FT/gd/896.jpg",
        "ceao_id": "896",
        "geo_status": "in_bahia"
      }
    },
    {
      "type": "Feature",
      "geometry": {
        "type": "Point",
        "coordinates": [
          -38.4916856402101,
          -12.9433700516118
        ]
      },
      "properties": {
        "nome": "Ilê Fanfun Ké",
        "fonte": "ceao",
        "fonte_detalhe": "CEAO/UFBA - terreiros.ceao.ufba.br",
        "lideranca": "Antonio Paulo Lima Brito",
        "nacao": "Keto",
        "ano_fundacao": "1960",
        "regente": "Oxalá",
        "bairro": "IAPI",
        "cep": "40330-160",
        "telefone": "3388-8858",
        "foto_thumb": "http://www.terreiros.ceao.ufba.br/_FT/pq/899.jpg",
        "foto_grande": "http://www.terreiros.ceao.ufba.br/_FT/gd/899.jpg",
        "ceao_id": "899",
        "geo_status": "in_bahia"
      }
    },
    {
      "type": "Feature",
      "geometry": {
        "type": "Point",
        "coordinates": [
          -38.4822474093237,
          -12.9558998387623
        ]
      },
      "properties": {
        "nome": "Terreiro Dyalunda",
        "fonte": "ceao",
        "fonte_detalhe": "CEAO/UFBA - terreiros.ceao.ufba.br",
        "lideranca": "Eunice Gomes Moura",
        "nacao": "Angola",
        "ano_fundacao": "1991",
        "regente": "Oxum",
        "endereco": "Rua Belo Oriente, 108",
        "bairro": "Liberdade",
        "cep": "40325-390",
        "telefone": "3243-9390",
        "foto_thumb": "http://www.terreiros.ceao.ufba.br/_FT/pq/900.jpg",
        "foto_grande": "http://www.terreiros.ceao.ufba.br/_FT/gd/900.jpg",
        "ceao_id": "900",
        "geo_status": "in_bahia"
      }
    },
    {
      "type": "Feature",
      "geometry": {
        "type": "Point",
        "coordinates": [
          -38.4895228175973,
          -12.9498847830095
        ]
      },
      "properties": {
        "nome": "Bandelé Congo Filho",
        "fonte": "ceao",
        "fonte_detalhe": "CEAO/UFBA - terreiros.ceao.ufba.br",
        "lideranca": "Marina Alves de Moura",
        "nacao": "Angola",
        "ano_fundacao": "1965",
        "regente": "Iansã",
        "endereco": "Rua Progresso , 30",
        "bairro": "Curuzu",
        "cep": "40365-035",
        "telefone": "3305-4374",
        "foto_thumb": "http://www.terreiros.ceao.ufba.br/_FT/pq/902.jpg",
        "foto_grande": "http://www.terreiros.ceao.ufba.br/_FT/gd/902.jpg",
        "ceao_id": "902",
        "geo_status": "in_bahia"
      }
    },
    {
      "type": "Feature",
      "geometry": {
        "type": "Point",
        "coordinates": [
          -38.4572241849918,
          -12.946753275788
        ]
      },
      "properties": {
        "nome": "Ilê Yá Yalodeidé",
        "fonte": "ceao",
        "fonte_detalhe": "CEAO/UFBA - terreiros.ceao.ufba.br",
        "lideranca": "Angélica Conceição Ferreira",
        "nacao": "Keto",
        "ano_fundacao": "1996",
        "regente": "Oxum",
        "bairro": "Cabula V",
        "cep": "41180-085",
        "telefone": "3492-0669",
        "foto_thumb": "http://www.terreiros.ceao.ufba.br/_FT/pq/905.jpg",
        "foto_grande": "http://www.terreiros.ceao.ufba.br/_FT/gd/905.jpg",
        "ceao_id": "905",
        "geo_status": "in_bahia"
      }
    },
    {
      "type": "Feature",
      "geometry": {
        "type": "Point",
        "coordinates": [
          -38.43893407794,
          -12.9023689709114
        ]
      },
      "properties": {
        "nome": "Oyá Dey",
        "fonte": "ceao",
        "fonte_detalhe": "CEAO/UFBA - terreiros.ceao.ufba.br",
        "lideranca": "Elizabeth Souza Nascimento",
        "nacao": "Keto Jêje",
        "ano_fundacao": "1954",
        "regente": "Oiá",
        "endereco": "Rua 17 , Casa 12",
        "bairro": "Castelo Branco",
        "cep": "41320-525",
        "telefone": "3215-3005",
        "foto_thumb": "http://www.terreiros.ceao.ufba.br/_FT/pq/907.jpg",
        "foto_grande": "http://www.terreiros.ceao.ufba.br/_FT/gd/907.jpg",
        "ceao_id": "907",
        "geo_status": "in_bahia"
      }
    },
    {
      "type": "Feature",
      "geometry": {
        "type": "Point",
        "coordinates": [
          -38.4371773264136,
          -12.9009888139772
        ]
      },
      "properties": {
        "nome": "Obá Orun Ifá",
        "fonte": "ceao",
        "fonte_detalhe": "CEAO/UFBA - terreiros.ceao.ufba.br",
        "lideranca": "Claudemira P. Costa",
        "nacao": "Keto",
        "ano_fundacao": "1955",
        "regente": "Xangô",
        "endereco": "Rua A 3ª Etapa 152",
        "bairro": "Castelo Branco",
        "telefone": "não informado",
        "foto_thumb": "http://www.terreiros.ceao.ufba.br/_FT/pq/909.jpg",
        "foto_grande": "http://www.terreiros.ceao.ufba.br/_FT/gd/909.jpg",
        "ceao_id": "909",
        "geo_status": "in_bahia"
      }
    },
    {
      "type": "Feature",
      "geometry": {
        "type": "Point",
        "coordinates": [
          -38.4096099217414,
          -12.8825223556809
        ]
      },
      "properties": {
        "nome": "Obagegemim",
        "fonte": "ceao",
        "fonte_detalhe": "CEAO/UFBA - terreiros.ceao.ufba.br",
        "lideranca": "Augusta Mª da C. Marques",
        "nacao": "Ijexá",
        "ano_fundacao": "1984",
        "regente": "não informado",
        "endereco": "Rua Padre Eloy, 15 E,",
        "bairro": "Vale do Ogunjá",
        "cep": "40290-190",
        "telefone": "3276-1162",
        "foto_thumb": "http://www.terreiros.ceao.ufba.br/_FT/pq/914.jpg",
        "foto_grande": "http://www.terreiros.ceao.ufba.br/_FT/gd/914.jpg",
        "ceao_id": "914",
        "geo_status": "in_bahia"
      }
    },
    {
      "type": "Feature",
      "geometry": {
        "type": "Point",
        "coordinates": [
          -38.4766807005054,
          -12.8992227221713
        ]
      },
      "properties": {
        "nome": "Afroxi Ilê",
        "fonte": "ceao",
        "fonte_detalhe": "CEAO/UFBA - terreiros.ceao.ufba.br",
        "lideranca": "Delza Santos da Silva",
        "nacao": "Angola",
        "ano_fundacao": "1995",
        "regente": "Oxóssi, Oxum, Nanã e Ogum",
        "endereco": "Estrada do Cabrito, São João, Rua dos Ferroviários , 203, fundo",
        "bairro": "Plataforma",
        "cep": "40717-000",
        "telefone": "9616-7857",
        "foto_thumb": "http://www.terreiros.ceao.ufba.br/_FT/pq/919.jpg",
        "foto_grande": "http://www.terreiros.ceao.ufba.br/_FT/gd/919.jpg",
        "ceao_id": "919",
        "geo_status": "in_bahia"
      }
    },
    {
      "type": "Feature",
      "geometry": {
        "type": "Point",
        "coordinates": [
          -38.4792932750647,
          -12.8914121417072
        ]
      },
      "properties": {
        "nome": "Centro Espírita Ogum de Roda",
        "fonte": "ceao",
        "fonte_detalhe": "CEAO/UFBA - terreiros.ceao.ufba.br",
        "lideranca": "Jaílse Souza dos Santos",
        "nacao": "Angola",
        "ano_fundacao": "1991",
        "regente": "Ogum",
        "endereco": "Rua dos Ferroviários, 155",
        "bairro": "Plataforma",
        "cep": "40717-000",
        "telefone": "3218-9970",
        "foto_thumb": "http://www.terreiros.ceao.ufba.br/_FT/pq/922.jpg",
        "foto_grande": "http://www.terreiros.ceao.ufba.br/_FT/gd/922.jpg",
        "ceao_id": "922",
        "geo_status": "in_bahia"
      }
    },
    {
      "type": "Feature",
      "geometry": {
        "type": "Point",
        "coordinates": [
          -38.4817003473776,
          -12.8991479708632
        ]
      },
      "properties": {
        "nome": "Filho do Terreiro de Angola",
        "fonte": "ceao",
        "fonte_detalhe": "CEAO/UFBA - terreiros.ceao.ufba.br",
        "lideranca": "Dejanira de Jesus Silva",
        "nacao": "Angola",
        "ano_fundacao": "1986",
        "regente": "Iansã",
        "endereco": "Rua Rio Madeira, 65",
        "bairro": "Itacaranha",
        "cep": "40710-310",
        "telefone": "8193-3931",
        "foto_thumb": "http://www.terreiros.ceao.ufba.br/_FT/pq/923.jpg",
        "foto_grande": "http://www.terreiros.ceao.ufba.br/_FT/gd/923.jpg",
        "ceao_id": "923",
        "geo_status": "in_bahia"
      }
    },
    {
      "type": "Feature",
      "geometry": {
        "type": "Point",
        "coordinates": [
          -38.4831009209177,
          -12.8881986564512
        ]
      },
      "properties": {
        "nome": "Cacique de Luanda",
        "fonte": "ceao",
        "fonte_detalhe": "CEAO/UFBA - terreiros.ceao.ufba.br",
        "lideranca": "Maria Clara Batista Souza",
        "nacao": "Keto Ijexá",
        "ano_fundacao": "1968",
        "regente": "Oxum e Oxóssi",
        "endereco": "Rua Pirami, 282E, Bariri",
        "bairro": "Plataforma",
        "cep": "40715-710",
        "telefone": "3218-3869",
        "foto_thumb": "http://www.terreiros.ceao.ufba.br/_FT/pq/925.jpg",
        "foto_grande": "http://www.terreiros.ceao.ufba.br/_FT/gd/925.jpg",
        "ceao_id": "925",
        "geo_status": "in_bahia"
      }
    },
    {
      "type": "Feature",
      "geometry": {
        "type": "Point",
        "coordinates": [
          -38.4610441064742,
          -12.8559870479211
        ]
      },
      "properties": {
        "nome": "Terreiro Kaianguelê Izambe",
        "fonte": "ceao",
        "fonte_detalhe": "CEAO/UFBA - terreiros.ceao.ufba.br",
        "lideranca": "Ivonete Santos dos Anjos",
        "nacao": "Angola",
        "ano_fundacao": "1994",
        "regente": "Iansã",
        "endereco": "Rua da Caixa dÁgua, 48E",
        "bairro": "Fazenda Coutos I",
        "cep": "40730-010",
        "telefone": "3315-0615",
        "foto_thumb": "http://www.terreiros.ceao.ufba.br/_FT/pq/929.jpg",
        "foto_grande": "http://www.terreiros.ceao.ufba.br/_FT/gd/929.jpg",
        "ceao_id": "929",
        "geo_status": "in_bahia"
      }
    },
    {
      "type": "Feature",
      "geometry": {
        "type": "Point",
        "coordinates": [
          -38.4791011500543,
          -12.8882035808754
        ]
      },
      "properties": {
        "nome": "Centro de Giro do Caboclo Pedra Preta",
        "fonte": "ceao",
        "fonte_detalhe": "CEAO/UFBA - terreiros.ceao.ufba.br",
        "lideranca": "Eliene Lima da Anunciação",
        "nacao": "Keto",
        "ano_fundacao": "1994",
        "regente": "Iansã",
        "endereco": "1ª Travessa Ladeira da Terezinha, 333/ Rua Balneário de Escada",
        "bairro": "Escada",
        "cep": "40711-130",
        "telefone": "3218-6914",
        "foto_thumb": "http://www.terreiros.ceao.ufba.br/_FT/pq/935.jpg",
        "foto_grande": "http://www.terreiros.ceao.ufba.br/_FT/gd/935.jpg",
        "ceao_id": "935",
        "geo_status": "in_bahia"
      }
    },
    {
      "type": "Feature",
      "geometry": {
        "type": "Point",
        "coordinates": [
          -38.477608258543,
          -12.881813884958
        ]
      },
      "properties": {
        "nome": "Ilê Oiá Odi Koroadê",
        "fonte": "ceao",
        "fonte_detalhe": "CEAO/UFBA - terreiros.ceao.ufba.br",
        "lideranca": "Maria Virginia Almeida Nascimento",
        "nacao": "Keto",
        "ano_fundacao": "1987",
        "regente": "Iansã",
        "bairro": "Escada",
        "cep": "40710-250",
        "telefone": "3218-2131",
        "foto_thumb": "http://www.terreiros.ceao.ufba.br/_FT/pq/939.jpg",
        "foto_grande": "http://www.terreiros.ceao.ufba.br/_FT/gd/939.jpg",
        "ceao_id": "939",
        "geo_status": "in_bahia"
      }
    },
    {
      "type": "Feature",
      "geometry": {
        "type": "Point",
        "coordinates": [
          -38.4801381936989,
          -12.8796032586973
        ]
      },
      "properties": {
        "nome": "Unzó Mona Di Ameán",
        "fonte": "ceao",
        "fonte_detalhe": "CEAO/UFBA - terreiros.ceao.ufba.br",
        "lideranca": "Maria Angélica dos Santos Macedo",
        "nacao": "Angola",
        "ano_fundacao": "2006",
        "regente": "Dandalunda",
        "endereco": "Rua Alto da Terezinha, 82, Ladeira da Terezinha",
        "bairro": "Escada",
        "cep": "40711-160",
        "telefone": "3398-1361",
        "foto_thumb": "http://www.terreiros.ceao.ufba.br/_FT/pq/941.jpg",
        "foto_grande": "http://www.terreiros.ceao.ufba.br/_FT/gd/941.jpg",
        "ceao_id": "941",
        "geo_status": "in_bahia"
      }
    },
    {
      "type": "Feature",
      "geometry": {
        "type": "Point",
        "coordinates": [
          -38.4771015329146,
          -12.8790366240858
        ]
      },
      "properties": {
        "nome": "Terreiro Penacho Bantu",
        "fonte": "ceao",
        "fonte_detalhe": "CEAO/UFBA - terreiros.ceao.ufba.br",
        "lideranca": "Abigail Rocha de Jesus",
        "nacao": "Angola",
        "ano_fundacao": "1946",
        "regente": "Oxóssi",
        "endereco": "Rua Sergimirim, 91E",
        "bairro": "Itacaranha",
        "cep": "40713-295",
        "telefone": "3398-0393",
        "foto_thumb": "http://www.terreiros.ceao.ufba.br/_FT/pq/944.jpg",
        "foto_grande": "http://www.terreiros.ceao.ufba.br/_FT/gd/944.jpg",
        "ceao_id": "944",
        "geo_status": "in_bahia"
      }
    },
    {
      "type": "Feature",
      "geometry": {
        "type": "Point",
        "coordinates": [
          -38.4803992374988,
          -12.8857571827446
        ]
      },
      "properties": {
        "nome": "Terreiro Dêjinan",
        "fonte": "ceao",
        "fonte_detalhe": "CEAO/UFBA - terreiros.ceao.ufba.br",
        "lideranca": "José Mercês dos Reis S. Cruz",
        "nacao": "Keto",
        "ano_fundacao": "0",
        "regente": "Xangô",
        "endereco": "Rua Muritiba , 59",
        "bairro": "Itacaranha",
        "cep": "40215-080",
        "telefone": "3398-1678",
        "foto_thumb": "http://www.terreiros.ceao.ufba.br/_FT/pq/947.jpg",
        "foto_grande": "http://www.terreiros.ceao.ufba.br/_FT/gd/947.jpg",
        "ceao_id": "947",
        "geo_status": "in_bahia"
      }
    },
    {
      "type": "Feature",
      "geometry": {
        "type": "Point",
        "coordinates": [
          -38.4152944640691,
          -12.9085397590784
        ]
      },
      "properties": {
        "nome": "Ilê Babá Bokiní",
        "fonte": "ceao",
        "fonte_detalhe": "CEAO/UFBA - terreiros.ceao.ufba.br",
        "lideranca": "Joselita Pereira dos Santos",
        "nacao": "Keto",
        "ano_fundacao": "1960",
        "regente": "Oxóssi",
        "endereco": "Rua Pedro de Alcântara, 2 E",
        "bairro": "Jardim Nova Esperança",
        "cep": "41370-160",
        "telefone": "3393-3764",
        "foto_thumb": "http://www.terreiros.ceao.ufba.br/_FT/pq/954.jpg",
        "foto_grande": "http://www.terreiros.ceao.ufba.br/_FT/gd/954.jpg",
        "ceao_id": "954",
        "geo_status": "in_bahia"
      }
    },
    {
      "type": "Feature",
      "geometry": {
        "type": "Point",
        "coordinates": [
          -38.4693834942513,
          -12.8713590054445
        ]
      },
      "properties": {
        "nome": "Ilê Iyá Omi Axé Iyamassê (Terreiro do Gantois)",
        "fonte": "ceao",
        "fonte_detalhe": "CEAO/UFBA - terreiros.ceao.ufba.br",
        "lideranca": "Carmen Oliveira da Silva",
        "nacao": "Keto",
        "ano_fundacao": "1849",
        "regente": "Oxóssi",
        "bairro": "Federação",
        "cep": "40213-050",
        "telefone": "3321-9231",
        "foto_thumb": "http://www.terreiros.ceao.ufba.br/_FT/pq/959.jpg",
        "foto_grande": "http://www.terreiros.ceao.ufba.br/_FT/gd/959.jpg",
        "ceao_id": "959",
        "geo_status": "in_bahia"
      }
    },
    {
      "type": "Feature",
      "geometry": {
        "type": "Point",
        "coordinates": [
          -38.4897208483395,
          -12.9854848407473
        ]
      },
      "properties": {
        "nome": "Mutuiçara",
        "fonte": "ceao",
        "fonte_detalhe": "CEAO/UFBA - terreiros.ceao.ufba.br",
        "lideranca": "Angelina Matos",
        "nacao": "Angola",
        "ano_fundacao": "1969",
        "regente": "Oxum",
        "endereco": "Rua 18 de Agosto , 143 E",
        "bairro": "Brotas",
        "cep": "41296-130",
        "telefone": "3276-5085",
        "foto_thumb": "http://www.terreiros.ceao.ufba.br/_FT/pq/969.jpg",
        "foto_grande": "http://www.terreiros.ceao.ufba.br/_FT/gd/969.jpg",
        "ceao_id": "969",
        "geo_status": "in_bahia"
      }
    },
    {
      "type": "Feature",
      "geometry": {
        "type": "Point",
        "coordinates": [
          -38.4801892812583,
          -12.9949763019934
        ]
      },
      "properties": {
        "nome": "Ilê Àse Ôni Ôfélélé",
        "fonte": "ceao",
        "fonte_detalhe": "CEAO/UFBA - terreiros.ceao.ufba.br",
        "lideranca": "Gilmar de Souza Moreira",
        "nacao": "Keto",
        "ano_fundacao": "1995",
        "regente": "Iansã",
        "endereco": "Rua Daniel Lisboa, Baixa da Torre, 37",
        "bairro": "Brotas",
        "cep": "40985-560",
        "telefone": "3356-1892",
        "foto_thumb": "http://www.terreiros.ceao.ufba.br/_FT/pq/970.jpg",
        "foto_grande": "http://www.terreiros.ceao.ufba.br/_FT/gd/970.jpg",
        "ceao_id": "970",
        "geo_status": "in_bahia"
      }
    },
    {
      "type": "Feature",
      "geometry": {
        "type": "Point",
        "coordinates": [
          -38.4243190745746,
          -12.9105417561737
        ]
      },
      "properties": {
        "nome": "Ilè Asè Iàló Òdè Idà Inà",
        "fonte": "ceao",
        "fonte_detalhe": "CEAO/UFBA - terreiros.ceao.ufba.br",
        "lideranca": "Ricardo Ferreira Costa",
        "nacao": "Angola Keto",
        "ano_fundacao": "1992",
        "regente": "Iansã",
        "bairro": "Sete de Abril",
        "cep": "41385-025",
        "telefone": "3213-4934/ 8832-9301",
        "foto_thumb": "http://www.terreiros.ceao.ufba.br/_FT/pq/972.jpg",
        "foto_grande": "http://www.terreiros.ceao.ufba.br/_FT/gd/972.jpg",
        "ceao_id": "972",
        "geo_status": "in_bahia"
      }
    },
    {
      "type": "Feature",
      "geometry": {
        "type": "Point",
        "coordinates": [
          -38.4240169447,
          -12.9092871124263
        ]
      },
      "properties": {
        "nome": "Capangueiro da Vissaura",
        "fonte": "ceao",
        "fonte_detalhe": "CEAO/UFBA - terreiros.ceao.ufba.br",
        "lideranca": "José Santiago Oliveria",
        "nacao": "Angola",
        "ano_fundacao": "1920",
        "regente": "Logunedé",
        "endereco": "Rua 6 de Janeiro, 68 A",
        "bairro": "Sete de Abril",
        "cep": "41385-000",
        "telefone": "3213-8619",
        "foto_thumb": "http://www.terreiros.ceao.ufba.br/_FT/pq/975.jpg",
        "foto_grande": "http://www.terreiros.ceao.ufba.br/_FT/gd/975.jpg",
        "ceao_id": "975",
        "geo_status": "in_bahia"
      }
    },
    {
      "type": "Feature",
      "geometry": {
        "type": "Point",
        "coordinates": [
          -38.4284191937691,
          -12.9065869174201
        ]
      },
      "properties": {
        "nome": "Unzó Yeye Yeye Mim",
        "fonte": "ceao",
        "fonte_detalhe": "CEAO/UFBA - terreiros.ceao.ufba.br",
        "lideranca": "Aricelia Bispo Mattos",
        "nacao": "Angola",
        "ano_fundacao": "1994",
        "regente": "Oxum",
        "endereco": "Rua 8 qd. 7 nº 23 2ª Etapa",
        "bairro": "Castelo Branco",
        "telefone": "3302-6315",
        "foto_thumb": "http://www.terreiros.ceao.ufba.br/_FT/pq/977.jpg",
        "foto_grande": "http://www.terreiros.ceao.ufba.br/_FT/gd/977.jpg",
        "ceao_id": "977",
        "geo_status": "in_bahia"
      }
    },
    {
      "type": "Feature",
      "geometry": {
        "type": "Point",
        "coordinates": [
          -38.4925009009014,
          -12.9392708922007
        ]
      },
      "properties": {
        "nome": "Terreiro Lemba Junssara",
        "fonte": "ceao",
        "fonte_detalhe": "CEAO/UFBA - terreiros.ceao.ufba.br",
        "lideranca": "Paulo Rodrigues dos Santos",
        "nacao": "Angola",
        "ano_fundacao": "1983",
        "regente": "Lembá",
        "bairro": "Plataforma",
        "cep": "40490-350",
        "telefone": "3398-2389",
        "foto_thumb": "http://www.terreiros.ceao.ufba.br/_FT/pq/982.jpg",
        "foto_grande": "http://www.terreiros.ceao.ufba.br/_FT/gd/982.jpg",
        "ceao_id": "982",
        "geo_status": "in_bahia"
      }
    },
    {
      "type": "Feature",
      "geometry": {
        "type": "Point",
        "coordinates": [
          -38.472209009451,
          -12.8776559336929
        ]
      },
      "properties": {
        "nome": "Terreiro Monakesibi",
        "fonte": "ceao",
        "fonte_detalhe": "CEAO/UFBA - terreiros.ceao.ufba.br",
        "lideranca": "Agenor Alves de Freitas Filho",
        "nacao": "Angola",
        "ano_fundacao": "1984",
        "regente": "Oxum",
        "bairro": "Rio Sena",
        "cep": "40725-530",
        "telefone": "3217-7281",
        "foto_thumb": "http://www.terreiros.ceao.ufba.br/_FT/pq/985.jpg",
        "foto_grande": "http://www.terreiros.ceao.ufba.br/_FT/gd/985.jpg",
        "ceao_id": "985",
        "geo_status": "in_bahia"
      }
    },
    {
      "type": "Feature",
      "geometry": {
        "type": "Point",
        "coordinates": [
          -38.4720171528349,
          -12.8748241695151
        ]
      },
      "properties": {
        "nome": "Reinado de Iemanjá",
        "fonte": "ceao",
        "fonte_detalhe": "CEAO/UFBA - terreiros.ceao.ufba.br",
        "lideranca": "Helena das Neves",
        "nacao": "Keto",
        "ano_fundacao": "1955",
        "regente": "Iemanjá",
        "endereco": "Rua São Bartolomeu, 123",
        "bairro": "Plataforma",
        "cep": "40490-246",
        "telefone": "3316-4890",
        "foto_thumb": "http://www.terreiros.ceao.ufba.br/_FT/pq/986.jpg",
        "foto_grande": "http://www.terreiros.ceao.ufba.br/_FT/gd/986.jpg",
        "ceao_id": "986",
        "geo_status": "in_bahia"
      }
    },
    {
      "type": "Feature",
      "geometry": {
        "type": "Point",
        "coordinates": [
          -38.4779421443594,
          -12.8918848989563
        ]
      },
      "properties": {
        "nome": "Ilê Omam Omim Tundê",
        "fonte": "ceao",
        "fonte_detalhe": "CEAO/UFBA - terreiros.ceao.ufba.br",
        "lideranca": "Rita de Cássia Cerqueira Guimarães",
        "nacao": "Keto",
        "ano_fundacao": "1991",
        "regente": "Oxum",
        "endereco": "Loteamento Ilha Amarela, Rua N.Sa da Conceição, qd 6, lote 1, casa 1",
        "bairro": "Ilha Amarela",
        "telefone": "3313-1159/ 9153-6703",
        "foto_thumb": "http://www.terreiros.ceao.ufba.br/_FT/pq/988.jpg",
        "foto_grande": "http://www.terreiros.ceao.ufba.br/_FT/gd/988.jpg",
        "ceao_id": "988",
        "geo_status": "in_bahia"
      }
    },
    {
      "type": "Feature",
      "geometry": {
        "type": "Point",
        "coordinates": [
          -38.4550483488027,
          -12.9595052443535
        ]
      },
      "properties": {
        "nome": "Centro Casa de Mesa Branca Raio de Sol",
        "fonte": "ceao",
        "fonte_detalhe": "CEAO/UFBA - terreiros.ceao.ufba.br",
        "lideranca": "Marineide Santos Meneses",
        "nacao": "Umbanda",
        "ano_fundacao": "1997",
        "regente": "Iansã",
        "endereco": "Rua do Campo, s/n",
        "bairro": "Cabula V",
        "telefone": "3257-4134/ 9165-6966",
        "foto_thumb": "http://www.terreiros.ceao.ufba.br/_FT/pq/993.jpg",
        "foto_grande": "http://www.terreiros.ceao.ufba.br/_FT/gd/993.jpg",
        "ceao_id": "993",
        "geo_status": "in_bahia"
      }
    },
    {
      "type": "Feature",
      "geometry": {
        "type": "Point",
        "coordinates": [
          -38.4194377423372,
          -12.9049032261321
        ]
      },
      "properties": {
        "nome": "Ilé Asé Tolomogi",
        "fonte": "ceao",
        "fonte_detalhe": "CEAO/UFBA - terreiros.ceao.ufba.br",
        "lideranca": "Gilberto Benedito da Silva Teixeira",
        "nacao": "Keto",
        "ano_fundacao": "1981",
        "regente": "Ogum e Obaluaê",
        "bairro": "Cajazeiras IV",
        "cep": "41330-010",
        "telefone": "3309-3108",
        "foto_thumb": "http://www.terreiros.ceao.ufba.br/_FT/pq/1001.jpg",
        "foto_grande": "http://www.terreiros.ceao.ufba.br/_FT/gd/1001.jpg",
        "ceao_id": "1001",
        "geo_status": "in_bahia"
      }
    },
    {
      "type": "Feature",
      "geometry": {
        "type": "Point",
        "coordinates": [
          -38.4261799717766,
          -12.8988577206748
        ]
      },
      "properties": {
        "nome": "Ylê Legi Odé",
        "fonte": "ceao",
        "fonte_detalhe": "CEAO/UFBA - terreiros.ceao.ufba.br",
        "lideranca": "Maria Helena da Silva Sacramento",
        "nacao": "Keto",
        "ano_fundacao": "1986",
        "regente": "Oxum",
        "endereco": "4ª Travessa José Teixeira",
        "bairro": "Novo Marotinho",
        "cep": "41350-380",
        "telefone": "3212-4015",
        "foto_thumb": "http://www.terreiros.ceao.ufba.br/_FT/pq/1002.jpg",
        "foto_grande": "http://www.terreiros.ceao.ufba.br/_FT/gd/1002.jpg",
        "ceao_id": "1002",
        "geo_status": "in_bahia"
      }
    },
    {
      "type": "Feature",
      "geometry": {
        "type": "Point",
        "coordinates": [
          -38.4838228550391,
          -12.9410702902815
        ]
      },
      "properties": {
        "nome": "Ilê Jobe Omim",
        "fonte": "ceao",
        "fonte_detalhe": "CEAO/UFBA - terreiros.ceao.ufba.br",
        "lideranca": "Ailton Santos",
        "nacao": "Keto",
        "ano_fundacao": "1993",
        "regente": "Oxum e Obaluaê",
        "bairro": "São Gonçalo",
        "cep": "41190-280",
        "telefone": "3385-8137",
        "foto_thumb": "http://www.terreiros.ceao.ufba.br/_FT/pq/1003.jpg",
        "foto_grande": "http://www.terreiros.ceao.ufba.br/_FT/gd/1003.jpg",
        "ceao_id": "1003",
        "geo_status": "in_bahia"
      }
    },
    {
      "type": "Feature",
      "geometry": {
        "type": "Point",
        "coordinates": [
          -38.4675789437972,
          -12.9506727305146
        ]
      },
      "properties": {
        "nome": "Terreiro Kaiaya Kesicongo",
        "fonte": "ceao",
        "fonte_detalhe": "CEAO/UFBA - terreiros.ceao.ufba.br",
        "lideranca": "José Roberto Souza Melquiades",
        "nacao": "Angola",
        "ano_fundacao": "1991",
        "regente": "Iemanjá",
        "endereco": "Rua Graça Oliveira de Jesus, 18",
        "bairro": "Sussuarana",
        "cep": "41214-710",
        "telefone": "3433-2272",
        "foto_thumb": "http://www.terreiros.ceao.ufba.br/_FT/pq/1005.jpg",
        "foto_grande": "http://www.terreiros.ceao.ufba.br/_FT/gd/1005.jpg",
        "ceao_id": "1005",
        "geo_status": "in_bahia"
      }
    },
    {
      "type": "Feature",
      "geometry": {
        "type": "Point",
        "coordinates": [
          -38.4606351734457,
          -12.9438468037683
        ]
      },
      "properties": {
        "nome": "Terreiro Iganlemin",
        "fonte": "ceao",
        "fonte_detalhe": "CEAO/UFBA - terreiros.ceao.ufba.br",
        "lideranca": "Iranildes Santos de Jesus",
        "nacao": "Keto",
        "ano_fundacao": "1976",
        "regente": "Iansã",
        "endereco": "Rua 1º de Dezembro, Trav. São José do Egito, Baixa de Santo Antonio, 136E",
        "bairro": "São Gonçalo",
        "cep": "41185-120",
        "telefone": "9936-0815",
        "foto_thumb": "http://www.terreiros.ceao.ufba.br/_FT/pq/1007.jpg",
        "foto_grande": "http://www.terreiros.ceao.ufba.br/_FT/gd/1007.jpg",
        "ceao_id": "1007",
        "geo_status": "in_bahia"
      }
    },
    {
      "type": "Feature",
      "geometry": {
        "type": "Point",
        "coordinates": [
          -38.4624743638477,
          -12.8727491639489
        ]
      },
      "properties": {
        "nome": "Obá Omin Fá",
        "fonte": "ceao",
        "fonte_detalhe": "CEAO/UFBA - terreiros.ceao.ufba.br",
        "lideranca": "Luiz Carlos Nascimento",
        "nacao": "Keto",
        "ano_fundacao": "1964",
        "regente": "Xangô",
        "endereco": "Rua Alto das Pedrinhas, 39",
        "bairro": "Luis Anselmo",
        "cep": "40260-390",
        "telefone": "3234-5632",
        "foto_thumb": "http://www.terreiros.ceao.ufba.br/_FT/pq/1018.jpg",
        "foto_grande": "http://www.terreiros.ceao.ufba.br/_FT/gd/1018.jpg",
        "ceao_id": "1018",
        "geo_status": "in_bahia"
      }
    },
    {
      "type": "Feature",
      "geometry": {
        "type": "Point",
        "coordinates": [
          -38.4896370568911,
          -12.9743503621056
        ]
      },
      "properties": {
        "nome": "Odê Oni Fará",
        "fonte": "ceao",
        "fonte_detalhe": "CEAO/UFBA - terreiros.ceao.ufba.br",
        "lideranca": "Edimilson Sampaio de Santana",
        "nacao": "Keto",
        "ano_fundacao": "1993",
        "regente": "Oxóssi",
        "endereco": "Rua Pedro Veloso Gordilho, 14",
        "bairro": "Matatu",
        "cep": "40717-120",
        "telefone": "3382-0783",
        "foto_thumb": "http://www.terreiros.ceao.ufba.br/_FT/pq/1022.jpg",
        "foto_grande": "http://www.terreiros.ceao.ufba.br/_FT/gd/1022.jpg",
        "ceao_id": "1022",
        "geo_status": "in_bahia"
      }
    },
    {
      "type": "Feature",
      "geometry": {
        "type": "Point",
        "coordinates": [
          -38.4945729324285,
          -12.9972350934319
        ]
      },
      "properties": {
        "nome": "Terreiro Zazi Congo de Angola",
        "fonte": "ceao",
        "fonte_detalhe": "CEAO/UFBA - terreiros.ceao.ufba.br",
        "lideranca": "Maria Faustina Nascimento Rodrigues",
        "nacao": "Angola",
        "ano_fundacao": "1993",
        "regente": "Xangô",
        "endereco": "Rua Silveria Martins, Trav. Nabicuara, s/n",
        "bairro": "Saboeiro",
        "cep": "41180-005",
        "telefone": "3257-0997",
        "foto_thumb": "http://www.terreiros.ceao.ufba.br/_FT/pq/1025.jpg",
        "foto_grande": "http://www.terreiros.ceao.ufba.br/_FT/gd/1025.jpg",
        "ceao_id": "1025",
        "geo_status": "in_bahia"
      }
    },
    {
      "type": "Feature",
      "geometry": {
        "type": "Point",
        "coordinates": [
          -38.4596056410293,
          -12.9460504162031
        ]
      },
      "properties": {
        "nome": "Casa de Lua Cheia",
        "fonte": "ceao",
        "fonte_detalhe": "CEAO/UFBA - terreiros.ceao.ufba.br",
        "lideranca": "João Bispo Cerqueira",
        "nacao": "Umbanda",
        "ano_fundacao": "1977",
        "regente": "Caboclo Lua Cheia",
        "endereco": "Rua Silveira Martins, 500",
        "bairro": "Cabula",
        "cep": "41150-000",
        "telefone": "3384-1804",
        "foto_thumb": "http://www.terreiros.ceao.ufba.br/_FT/pq/1030.jpg",
        "foto_grande": "http://www.terreiros.ceao.ufba.br/_FT/gd/1030.jpg",
        "ceao_id": "1030",
        "geo_status": "in_bahia"
      }
    },
    {
      "type": "Feature",
      "geometry": {
        "type": "Point",
        "coordinates": [
          -38.4588587270734,
          -12.929846854677
        ]
      },
      "properties": {
        "nome": "Unzó Sidirá Tucá Neto",
        "fonte": "ceao",
        "fonte_detalhe": "CEAO/UFBA - terreiros.ceao.ufba.br",
        "lideranca": "Irene Moreira da Silva",
        "nacao": "Angola",
        "ano_fundacao": "1991",
        "regente": "Iansã",
        "endereco": "Rua Demóstenes Nascimento, 54",
        "bairro": "Praia Grande",
        "cep": "40435-560",
        "telefone": "3308-0272",
        "foto_thumb": "http://www.terreiros.ceao.ufba.br/_FT/pq/1034.jpg",
        "foto_grande": "http://www.terreiros.ceao.ufba.br/_FT/gd/1034.jpg",
        "ceao_id": "1034",
        "geo_status": "in_bahia"
      }
    },
    {
      "type": "Feature",
      "geometry": {
        "type": "Point",
        "coordinates": [
          -38.4740132004434,
          -12.8683562526961
        ]
      },
      "properties": {
        "nome": "Ingongo de Zambê",
        "fonte": "ceao",
        "fonte_detalhe": "CEAO/UFBA - terreiros.ceao.ufba.br",
        "lideranca": "Tânia Regina Borges Oliveira",
        "nacao": "Angola",
        "ano_fundacao": "1983",
        "regente": "Omolu do Tempo",
        "endereco": "Rua Ana Paula, 31  E",
        "bairro": "Plataforma",
        "cep": "40710-599",
        "telefone": "3316-3622",
        "foto_thumb": "http://www.terreiros.ceao.ufba.br/_FT/pq/1035.jpg",
        "foto_grande": "http://www.terreiros.ceao.ufba.br/_FT/gd/1035.jpg",
        "ceao_id": "1035",
        "geo_status": "in_bahia"
      }
    },
    {
      "type": "Feature",
      "geometry": {
        "type": "Point",
        "coordinates": [
          -38.475468634091,
          -12.8973845152528
        ]
      },
      "properties": {
        "nome": "Ilê Ayá Banají",
        "fonte": "ceao",
        "fonte_detalhe": "CEAO/UFBA - terreiros.ceao.ufba.br",
        "lideranca": "Iracema do Sacramento  Silva",
        "nacao": "Keto",
        "ano_fundacao": "1983",
        "regente": "Iansã",
        "endereco": "Rua Serrinha , 121",
        "bairro": "Itacaranha",
        "cep": "40715-020",
        "telefone": "3218-9134",
        "foto_thumb": "http://www.terreiros.ceao.ufba.br/_FT/pq/1036.jpg",
        "foto_grande": "http://www.terreiros.ceao.ufba.br/_FT/gd/1036.jpg",
        "ceao_id": "1036",
        "geo_status": "in_bahia"
      }
    },
    {
      "type": "Feature",
      "geometry": {
        "type": "Point",
        "coordinates": [
          -38.4733641048548,
          -12.9086254939729
        ]
      },
      "properties": {
        "nome": "Onzo Nguzo Za Nkisi Dandalunda Ye Tempo (Mocambo)",
        "fonte": "ceao",
        "fonte_detalhe": "CEAO/UFBA - terreiros.ceao.ufba.br",
        "lideranca": "Anselmo José da Gama Santos",
        "nacao": "Angola",
        "ano_fundacao": "1994",
        "regente": "Dandalunda",
        "endereco": "Rua Heide Carneiro, 89, Vila Dois de Julho",
        "bairro": "Trobogy",
        "cep": "41262-100",
        "telefone": "9181-2719/ 3360-6668",
        "foto_thumb": "http://www.terreiros.ceao.ufba.br/_FT/pq/1039.jpg",
        "foto_grande": "http://www.terreiros.ceao.ufba.br/_FT/gd/1039.jpg",
        "ceao_id": "1039",
        "geo_status": "in_bahia"
      }
    },
    {
      "type": "Feature",
      "geometry": {
        "type": "Point",
        "coordinates": [
          -38.4216151601971,
          -12.9117391355034
        ]
      },
      "properties": {
        "nome": "Ilê De Ajonsor",
        "fonte": "ceao",
        "fonte_detalhe": "CEAO/UFBA - terreiros.ceao.ufba.br",
        "lideranca": "Cleonice Barbosa Pinto",
        "nacao": "Keto",
        "ano_fundacao": "1966",
        "regente": "Obaluaê",
        "endereco": "Rua Simone Barradas, 38",
        "bairro": "Jardim Nova Esperança",
        "cep": "41370-030",
        "telefone": "3393-1233",
        "foto_thumb": "http://www.terreiros.ceao.ufba.br/_FT/pq/1043.jpg",
        "foto_grande": "http://www.terreiros.ceao.ufba.br/_FT/gd/1043.jpg",
        "ceao_id": "1043",
        "geo_status": "in_bahia"
      }
    },
    {
      "type": "Feature",
      "geometry": {
        "type": "Point",
        "coordinates": [
          -38.4172026800638,
          -12.9100574876255
        ]
      },
      "properties": {
        "nome": "Ogum Benãomin",
        "fonte": "ceao",
        "fonte_detalhe": "CEAO/UFBA - terreiros.ceao.ufba.br",
        "lideranca": "Antonio dos Santos Costa",
        "nacao": "Keto Angola",
        "ano_fundacao": "1994",
        "regente": "Ogum",
        "endereco": "Rua João Paulo II, 10",
        "bairro": "Jardim Nova Esperança",
        "cep": "41370-370",
        "telefone": "3212-6423",
        "foto_thumb": "http://www.terreiros.ceao.ufba.br/_FT/pq/1045.jpg",
        "foto_grande": "http://www.terreiros.ceao.ufba.br/_FT/gd/1045.jpg",
        "ceao_id": "1045",
        "geo_status": "in_bahia"
      }
    },
    {
      "type": "Feature",
      "geometry": {
        "type": "Point",
        "coordinates": [
          -38.4199087036916,
          -12.9137480668676
        ]
      },
      "properties": {
        "nome": "Yyá Lamin Omin Tanan",
        "fonte": "ceao",
        "fonte_detalhe": "CEAO/UFBA - terreiros.ceao.ufba.br",
        "lideranca": "Vitoriana da Silva Lessa",
        "nacao": "Keto",
        "ano_fundacao": "1932",
        "regente": "Caboclo Irará Imoré da Selvagem",
        "endereco": "Rua Pequeno Saldanha, 19, Vale do Matatu",
        "bairro": "Matatu",
        "cep": "40255-390",
        "telefone": "3233-5953",
        "foto_thumb": "http://www.terreiros.ceao.ufba.br/_FT/pq/1047.jpg",
        "foto_grande": "http://www.terreiros.ceao.ufba.br/_FT/gd/1047.jpg",
        "ceao_id": "1047",
        "geo_status": "in_bahia"
      }
    },
    {
      "type": "Feature",
      "geometry": {
        "type": "Point",
        "coordinates": [
          -38.4885086628173,
          -12.9766535867093
        ]
      },
      "properties": {
        "nome": "Ilé Àse Ejó Dan",
        "fonte": "ceao",
        "fonte_detalhe": "CEAO/UFBA - terreiros.ceao.ufba.br",
        "lideranca": "Terezinha Lima Santos",
        "nacao": "Keto",
        "ano_fundacao": "1986",
        "regente": "Becen",
        "endereco": "Rua Professor João Prisco Paraíso, 5ª Trav.",
        "bairro": "Matatu",
        "cep": "40255-740",
        "telefone": "3234-3884",
        "foto_thumb": "http://www.terreiros.ceao.ufba.br/_FT/pq/1050.jpg",
        "foto_grande": "http://www.terreiros.ceao.ufba.br/_FT/gd/1050.jpg",
        "ceao_id": "1050",
        "geo_status": "in_bahia"
      }
    },
    {
      "type": "Feature",
      "geometry": {
        "type": "Point",
        "coordinates": [
          -38.4920273239464,
          -12.9766939331147
        ]
      },
      "properties": {
        "nome": "Ilê Maroiá Laje Alaketu",
        "fonte": "ceao",
        "fonte_detalhe": "CEAO/UFBA - terreiros.ceao.ufba.br",
        "lideranca": "Jocelina Barbosa Bispo",
        "nacao": "Keto",
        "ano_fundacao": "1836",
        "regente": "Oxossi",
        "endereco": "Rua Luis Anselmo, Av. Alaketu, 13",
        "bairro": "Luis Anselmo",
        "cep": "40260-475",
        "telefone": "3382-5093",
        "foto_thumb": "http://www.terreiros.ceao.ufba.br/_FT/pq/1051.jpg",
        "foto_grande": "http://www.terreiros.ceao.ufba.br/_FT/gd/1051.jpg",
        "ceao_id": "1051",
        "geo_status": "in_bahia"
      }
    },
    {
      "type": "Feature",
      "geometry": {
        "type": "Point",
        "coordinates": [
          -38.4898833748927,
          -12.9754146354823
        ]
      },
      "properties": {
        "nome": "Terreiro de Tupinambá",
        "fonte": "ceao",
        "fonte_detalhe": "CEAO/UFBA - terreiros.ceao.ufba.br",
        "lideranca": "Vera Lúcia Ailane Santos",
        "nacao": "Keto",
        "ano_fundacao": "1986",
        "regente": "Ogum Xeroquê",
        "endereco": "Rua União, 63, fundo, ponto 13",
        "bairro": "Mata Escura",
        "cep": "41225-100",
        "telefone": "9111-8009",
        "foto_thumb": "http://www.terreiros.ceao.ufba.br/_FT/pq/1052.jpg",
        "foto_grande": "http://www.terreiros.ceao.ufba.br/_FT/gd/1052.jpg",
        "ceao_id": "1052",
        "geo_status": "in_bahia"
      }
    },
    {
      "type": "Feature",
      "geometry": {
        "type": "Point",
        "coordinates": [
          -38.4566043229819,
          -12.9288268830103
        ]
      },
      "properties": {
        "nome": "Terreiro Deus é Mais que Tudo",
        "fonte": "ceao",
        "fonte_detalhe": "CEAO/UFBA - terreiros.ceao.ufba.br",
        "lideranca": "Cremilda G. Ribeiro",
        "nacao": "Keto",
        "ano_fundacao": "1936",
        "regente": "Obaluaê",
        "endereco": "Rua Coronel Serra Martins, 19",
        "bairro": "Liberdade",
        "cep": "40370-060",
        "telefone": "3242-9995",
        "foto_thumb": "http://www.terreiros.ceao.ufba.br/_FT/pq/1054.jpg",
        "foto_grande": "http://www.terreiros.ceao.ufba.br/_FT/gd/1054.jpg",
        "ceao_id": "1054",
        "geo_status": "in_bahia"
      }
    },
    {
      "type": "Feature",
      "geometry": {
        "type": "Point",
        "coordinates": [
          -38.4584608553518,
          -12.9273451387501
        ]
      },
      "properties": {
        "nome": "Kavuungo Oromin Zungara",
        "fonte": "ceao",
        "fonte_detalhe": "CEAO/UFBA - terreiros.ceao.ufba.br",
        "lideranca": "Ana Maria Silva Barandi",
        "nacao": "Angola",
        "ano_fundacao": "2005",
        "regente": "Obaluaê",
        "endereco": "Rua Eraldo Tinoco, 25",
        "bairro": "Cajazeiras XI",
        "cep": "41330-520",
        "telefone": "3238-1845",
        "foto_thumb": "http://www.terreiros.ceao.ufba.br/_FT/pq/1057.jpg",
        "foto_grande": "http://www.terreiros.ceao.ufba.br/_FT/gd/1057.jpg",
        "ceao_id": "1057",
        "geo_status": "in_bahia"
      }
    },
    {
      "type": "Feature",
      "geometry": {
        "type": "Point",
        "coordinates": [
          -38.4120636776156,
          -12.88002582823
        ]
      },
      "properties": {
        "nome": "Centro de Caboclo Jaguaraci",
        "fonte": "ceao",
        "fonte_detalhe": "CEAO/UFBA - terreiros.ceao.ufba.br",
        "lideranca": "Edna Bispo Santos",
        "nacao": "Angola",
        "ano_fundacao": "1986",
        "regente": "Oxum",
        "bairro": "Cajazeiras X",
        "telefone": "3305-0605",
        "foto_thumb": "http://www.terreiros.ceao.ufba.br/_FT/pq/1058.jpg",
        "foto_grande": "http://www.terreiros.ceao.ufba.br/_FT/gd/1058.jpg",
        "ceao_id": "1058",
        "geo_status": "in_bahia"
      }
    },
    {
      "type": "Feature",
      "geometry": {
        "type": "Point",
        "coordinates": [
          -38.4104929739875,
          -12.8962232550159
        ]
      },
      "properties": {
        "nome": "Manso Dadalungua Concuazenza",
        "fonte": "ceao",
        "fonte_detalhe": "CEAO/UFBA - terreiros.ceao.ufba.br",
        "lideranca": "Noélia Nascimento da Silva",
        "nacao": "Angola Keto",
        "ano_fundacao": "1940",
        "regente": "Ogum e Oxum",
        "bairro": "Estrada Velha do Aeroporto",
        "cep": "41345-040",
        "telefone": "3302-0077",
        "foto_thumb": "http://www.terreiros.ceao.ufba.br/_FT/pq/1059.jpg",
        "foto_grande": "http://www.terreiros.ceao.ufba.br/_FT/gd/1059.jpg",
        "ceao_id": "1059",
        "geo_status": "in_bahia"
      }
    },
    {
      "type": "Feature",
      "geometry": {
        "type": "Point",
        "coordinates": [
          -38.4522184436972,
          -12.9500523593205
        ]
      },
      "properties": {
        "nome": "Terreiro Oya Omim Olorum",
        "fonte": "ceao",
        "fonte_detalhe": "CEAO/UFBA - terreiros.ceao.ufba.br",
        "lideranca": "Valdelice Beatriz dos Santos",
        "nacao": "Keto",
        "ano_fundacao": "2001",
        "regente": "Iansã Balé",
        "endereco": "Rua Fernando Luis, 57E",
        "bairro": "Tancredo Neves",
        "cep": "41207-500",
        "telefone": "3361-8376",
        "foto_thumb": "http://www.terreiros.ceao.ufba.br/_FT/pq/1062.jpg",
        "foto_grande": "http://www.terreiros.ceao.ufba.br/_FT/gd/1062.jpg",
        "ceao_id": "1062",
        "geo_status": "in_bahia"
      }
    },
    {
      "type": "Feature",
      "geometry": {
        "type": "Point",
        "coordinates": [
          -38.4706678815019,
          -12.8762089301092
        ]
      },
      "properties": {
        "nome": "Terreiro Oba Dobé",
        "fonte": "ceao",
        "fonte_detalhe": "CEAO/UFBA - terreiros.ceao.ufba.br",
        "lideranca": "Nelza Magalhães Santana",
        "nacao": "Keto",
        "ano_fundacao": "2001",
        "regente": "Xangô",
        "endereco": "Rua Cardeal Jean, 187",
        "bairro": "Alto da Terezinha",
        "cep": "40715-366",
        "telefone": "3314-2212/ 9123-8909",
        "foto_thumb": "http://www.terreiros.ceao.ufba.br/_FT/pq/1064.jpg",
        "foto_grande": "http://www.terreiros.ceao.ufba.br/_FT/gd/1064.jpg",
        "ceao_id": "1064",
        "geo_status": "in_bahia"
      }
    },
    {
      "type": "Feature",
      "geometry": {
        "type": "Point",
        "coordinates": [
          -38.4714922297919,
          -12.8801303928766
        ]
      },
      "properties": {
        "nome": "Terreiro Omi Nidê",
        "fonte": "ceao",
        "fonte_detalhe": "CEAO/UFBA - terreiros.ceao.ufba.br",
        "lideranca": "Valdimira Maria Trindade dos Santos",
        "nacao": "Angola",
        "ano_fundacao": "1951",
        "regente": "Ogum",
        "endereco": "Rua Getulio Vargas, 177",
        "bairro": "Alto da Terezinha",
        "cep": "41711-320",
        "telefone": "3218-0096",
        "foto_thumb": "http://www.terreiros.ceao.ufba.br/_FT/pq/1070.jpg",
        "foto_grande": "http://www.terreiros.ceao.ufba.br/_FT/gd/1070.jpg",
        "ceao_id": "1070",
        "geo_status": "in_bahia"
      }
    },
    {
      "type": "Feature",
      "geometry": {
        "type": "Point",
        "coordinates": [
          -38.4533027115091,
          -12.9487393923715
        ]
      },
      "properties": {
        "nome": "Terreiro Olufanjá",
        "fonte": "ceao",
        "fonte_detalhe": "CEAO/UFBA - terreiros.ceao.ufba.br",
        "lideranca": "Elenice Oliveira da Conceição",
        "nacao": "Keto",
        "ano_fundacao": "1969",
        "regente": "Oxalá",
        "endereco": "Rua Alagoas, 92/94 (Beirú)",
        "bairro": "Tancredo Neves",
        "cep": "41210-160",
        "telefone": "3230-8366",
        "foto_thumb": "http://www.terreiros.ceao.ufba.br/_FT/pq/1075.jpg",
        "foto_grande": "http://www.terreiros.ceao.ufba.br/_FT/gd/1075.jpg",
        "ceao_id": "1075",
        "geo_status": "in_bahia"
      }
    },
    {
      "type": "Feature",
      "geometry": {
        "type": "Point",
        "coordinates": [
          -38.4802471726764,
          -12.980780824586
        ]
      },
      "properties": {
        "nome": "Ilê Asé Onín Pó (Força da Terra)",
        "fonte": "ceao",
        "fonte_detalhe": "CEAO/UFBA - terreiros.ceao.ufba.br",
        "lideranca": "Edison Andrade Freire",
        "nacao": "Keto",
        "ano_fundacao": "1984",
        "regente": "Obaluaê",
        "endereco": "Rua Beco do Ouro, s/n, Nova Costituinte",
        "bairro": "Periperi",
        "cep": "40720-161",
        "telefone": "3308-4783/ 8888-7783",
        "foto_thumb": "http://www.terreiros.ceao.ufba.br/_FT/pq/1078.jpg",
        "foto_grande": "http://www.terreiros.ceao.ufba.br/_FT/gd/1078.jpg",
        "ceao_id": "1078",
        "geo_status": "in_bahia"
      }
    },
    {
      "type": "Feature",
      "geometry": {
        "type": "Point",
        "coordinates": [
          -38.4212331234266,
          -12.9235555542541
        ]
      },
      "properties": {
        "nome": "Axé Loyá",
        "fonte": "ceao",
        "fonte_detalhe": "CEAO/UFBA - terreiros.ceao.ufba.br",
        "lideranca": "Julio Santana Braga",
        "nacao": "Keto",
        "ano_fundacao": "1992",
        "regente": "Iansã",
        "endereco": "Rua do Raposo, 2206 (Birirpero)",
        "bairro": "São Cristóvão",
        "cep": "41507-030",
        "telefone": "3345-6594",
        "foto_thumb": "http://www.terreiros.ceao.ufba.br/_FT/pq/1084.jpg",
        "foto_grande": "http://www.terreiros.ceao.ufba.br/_FT/gd/1084.jpg",
        "ceao_id": "1084",
        "geo_status": "in_bahia"
      }
    },
    {
      "type": "Feature",
      "geometry": {
        "type": "Point",
        "coordinates": [
          -38.3652310309823,
          -12.8827222627038
        ]
      },
      "properties": {
        "nome": "Suitala Mean",
        "fonte": "ceao",
        "fonte_detalhe": "CEAO/UFBA - terreiros.ceao.ufba.br",
        "lideranca": "Maria Roque Bispo de Jesus",
        "nacao": "Angola",
        "ano_fundacao": "1998",
        "regente": "Oxum",
        "endereco": "Rua Araújo Martins , 2ª Travessa",
        "bairro": "Canabrava",
        "cep": "41260-290",
        "telefone": "3462-5869/ 8885-4969",
        "foto_thumb": "http://www.terreiros.ceao.ufba.br/_FT/pq/1085.jpg",
        "foto_grande": "http://www.terreiros.ceao.ufba.br/_FT/gd/1085.jpg",
        "ceao_id": "1085",
        "geo_status": "in_bahia"
      }
    },
    {
      "type": "Feature",
      "geometry": {
        "type": "Point",
        "coordinates": [
          -38.4275066238948,
          -12.9026889673854
        ]
      },
      "properties": {
        "nome": "Neto do Atombessi",
        "fonte": "ceao",
        "fonte_detalhe": "CEAO/UFBA - terreiros.ceao.ufba.br",
        "lideranca": "Orlando de Jesus",
        "nacao": "Angola",
        "ano_fundacao": "1984",
        "regente": "Oxossi",
        "endereco": "Rua das Patativas, 35E",
        "bairro": "Canabrava",
        "cep": "41260-010",
        "telefone": "3230-0031",
        "foto_thumb": "http://www.terreiros.ceao.ufba.br/_FT/pq/1088.jpg",
        "foto_grande": "http://www.terreiros.ceao.ufba.br/_FT/gd/1088.jpg",
        "ceao_id": "1088",
        "geo_status": "in_bahia"
      }
    },
    {
      "type": "Feature",
      "geometry": {
        "type": "Point",
        "coordinates": [
          -38.3638990439,
          -12.8791414627
        ]
      },
      "properties": {
        "nome": "Terreiro do Bate Folha",
        "fonte": "ceao",
        "fonte_detalhe": "CEAO/UFBA - terreiros.ceao.ufba.br",
        "lideranca": "Eduarlindo C. de Souza",
        "nacao": "Angola",
        "ano_fundacao": "1916",
        "regente": "Iansã",
        "endereco": "Rua Direta da Mata Escura",
        "bairro": "Mata Escura",
        "cep": "41225-190",
        "telefone": "3306-2163",
        "foto_thumb": "http://www.terreiros.ceao.ufba.br/_FT/pq/1090.jpg",
        "foto_grande": "http://www.terreiros.ceao.ufba.br/_FT/gd/1090.jpg",
        "ceao_id": "1090",
        "geo_status": "in_bahia"
      }
    },
    {
      "type": "Feature",
      "geometry": {
        "type": "Point",
        "coordinates": [
          -38.4437067310373,
          -12.9454042587476
        ]
      },
      "properties": {
        "nome": "Terreiro Tumbeci",
        "fonte": "ceao",
        "fonte_detalhe": "CEAO/UFBA - terreiros.ceao.ufba.br",
        "lideranca": "Geruna Passos Santos",
        "nacao": "Angola",
        "ano_fundacao": "0",
        "regente": "Kavungo",
        "endereco": "Rua Nossa Senhora da Conceição, 206 E (Beirú)",
        "bairro": "Tancredo Neves",
        "cep": "41207-125",
        "telefone": "3362-5096",
        "foto_thumb": "http://www.terreiros.ceao.ufba.br/_FT/pq/1096.jpg",
        "foto_grande": "http://www.terreiros.ceao.ufba.br/_FT/gd/1096.jpg",
        "ceao_id": "1096",
        "geo_status": "in_bahia"
      }
    },
    {
      "type": "Feature",
      "geometry": {
        "type": "Point",
        "coordinates": [
          -38.4088412128021,
          -12.914135756511
        ]
      },
      "properties": {
        "nome": "Terreiro Tumba Mutá",
        "fonte": "ceao",
        "fonte_detalhe": "CEAO/UFBA - terreiros.ceao.ufba.br",
        "lideranca": "Magnólia Almeida Silva",
        "nacao": "Angola",
        "ano_fundacao": "2003",
        "regente": "Oxóssi",
        "endereco": "Rua Alto do Coqueiral, 365",
        "bairro": "Alto da Terezinha",
        "telefone": "9123-8907",
        "foto_thumb": "http://www.terreiros.ceao.ufba.br/_FT/pq/1098.jpg",
        "foto_grande": "http://www.terreiros.ceao.ufba.br/_FT/gd/1098.jpg",
        "ceao_id": "1098",
        "geo_status": "in_bahia"
      }
    },
    {
      "type": "Feature",
      "geometry": {
        "type": "Point",
        "coordinates": [
          -38.4724231618079,
          -12.8836748770615
        ]
      },
      "properties": {
        "nome": "Ibá Oji Tundê",
        "fonte": "ceao",
        "fonte_detalhe": "CEAO/UFBA - terreiros.ceao.ufba.br",
        "lideranca": "Nivaldo Antônio dos Santos",
        "nacao": "Nagô Vodum",
        "ano_fundacao": "1982",
        "regente": "Obaluaê",
        "endereco": "Rua Abraão, 29E, Loteamento Moisés, Conj. ACM",
        "bairro": "Barreiras",
        "cep": "41195-235",
        "telefone": "3433-0411/ 3384-4156",
        "foto_thumb": "http://www.terreiros.ceao.ufba.br/_FT/pq/1102.jpg",
        "foto_grande": "http://www.terreiros.ceao.ufba.br/_FT/gd/1102.jpg",
        "ceao_id": "1102",
        "geo_status": "in_bahia"
      }
    },
    {
      "type": "Feature",
      "geometry": {
        "type": "Point",
        "coordinates": [
          -38.4771587307293,
          -12.8991331150936
        ]
      },
      "properties": {
        "nome": "Terreiro de Angola Espada de Ouro",
        "fonte": "ceao",
        "fonte_detalhe": "CEAO/UFBA - terreiros.ceao.ufba.br",
        "lideranca": "Marinalva Conceição Cruz",
        "nacao": "Angola",
        "ano_fundacao": "1972",
        "regente": "Boiadeiro",
        "endereco": "Rua Sergimirin, 101E",
        "bairro": "Itacaranha",
        "cep": "40713-295",
        "telefone": "3218-2291",
        "foto_thumb": "http://www.terreiros.ceao.ufba.br/_FT/pq/1105.jpg",
        "foto_grande": "http://www.terreiros.ceao.ufba.br/_FT/gd/1105.jpg",
        "ceao_id": "1105",
        "geo_status": "in_bahia"
      }
    },
    {
      "type": "Feature",
      "geometry": {
        "type": "Point",
        "coordinates": [
          -38.4698933855786,
          -12.8723661186512
        ]
      },
      "properties": {
        "nome": "Unzo Humuraxá Iunsara",
        "fonte": "ceao",
        "fonte_detalhe": "CEAO/UFBA - terreiros.ceao.ufba.br",
        "lideranca": "Raimundo Camilo dos Santos",
        "nacao": "Angola",
        "ano_fundacao": "1998",
        "regente": "Tempo e Oxalufã",
        "endereco": "Rua Vila Neli, 24E",
        "bairro": "Plataforma",
        "cep": "40718-339",
        "telefone": "3398-2854",
        "foto_thumb": "http://www.terreiros.ceao.ufba.br/_FT/pq/1107.jpg",
        "foto_grande": "http://www.terreiros.ceao.ufba.br/_FT/gd/1107.jpg",
        "ceao_id": "1107",
        "geo_status": "in_bahia"
      }
    },
    {
      "type": "Feature",
      "geometry": {
        "type": "Point",
        "coordinates": [
          -38.4787618864881,
          -12.8870024016277
        ]
      },
      "properties": {
        "nome": "Lediji",
        "fonte": "ceao",
        "fonte_detalhe": "CEAO/UFBA - terreiros.ceao.ufba.br",
        "lideranca": "Marina Ferreira Silva",
        "nacao": "Keto",
        "ano_fundacao": "0",
        "regente": "Xangô",
        "endereco": "Rua Lagoa Dourada, 25E",
        "bairro": "Itacaranha",
        "cep": "40713-360",
        "telefone": "3218-5796",
        "foto_thumb": "http://www.terreiros.ceao.ufba.br/_FT/pq/1109.jpg",
        "foto_grande": "http://www.terreiros.ceao.ufba.br/_FT/gd/1109.jpg",
        "ceao_id": "1109",
        "geo_status": "in_bahia"
      }
    },
    {
      "type": "Feature",
      "geometry": {
        "type": "Point",
        "coordinates": [
          -38.423917461919,
          -12.8973669710734
        ]
      },
      "properties": {
        "nome": "Ilé Asé Babá Inlé Funjenan",
        "fonte": "ceao",
        "fonte_detalhe": "CEAO/UFBA - terreiros.ceao.ufba.br",
        "lideranca": "Ana Maria de Lima",
        "nacao": "Keto Jêje",
        "ano_fundacao": "2006",
        "regente": "Oxaguiã",
        "endereco": "Rua Juracy Trindade, 125E",
        "bairro": "Jardim Cajazeiras",
        "cep": "41230-540",
        "telefone": "3392-7283",
        "foto_thumb": "http://www.terreiros.ceao.ufba.br/_FT/pq/1126.jpg",
        "foto_grande": "http://www.terreiros.ceao.ufba.br/_FT/gd/1126.jpg",
        "ceao_id": "1126",
        "geo_status": "in_bahia"
      }
    },
    {
      "type": "Feature",
      "geometry": {
        "type": "Point",
        "coordinates": [
          -38.4474434787354,
          -12.9134852909132
        ]
      },
      "properties": {
        "nome": "Ilé Asé Babá Yá Lekwe",
        "fonte": "ceao",
        "fonte_detalhe": "CEAO/UFBA - terreiros.ceao.ufba.br",
        "lideranca": "João de Oliveira Tourinho",
        "nacao": "Keto",
        "ano_fundacao": "1992",
        "regente": "Oxalá",
        "endereco": "Rua Juraci Trindade, 40, fim da rua",
        "bairro": "Jardim Cajazeiras",
        "cep": "41230-540",
        "telefone": "9207-5676",
        "foto_thumb": "http://www.terreiros.ceao.ufba.br/_FT/pq/1127.jpg",
        "foto_grande": "http://www.terreiros.ceao.ufba.br/_FT/gd/1127.jpg",
        "ceao_id": "1127",
        "geo_status": "in_bahia"
      }
    },
    {
      "type": "Feature",
      "geometry": {
        "type": "Point",
        "coordinates": [
          -38.4472713514492,
          -12.914455295911
        ]
      },
      "properties": {
        "nome": "Centro de Caboclo Eru da Aldeia de Jequiriça",
        "fonte": "ceao",
        "fonte_detalhe": "CEAO/UFBA - terreiros.ceao.ufba.br",
        "lideranca": "Valdete Cardoso Teles",
        "nacao": "Keto Angola",
        "ano_fundacao": "1997",
        "regente": "Ogum de Ronda e Oxum Apará",
        "endereco": "Rua Pastor Rodrigues Santana, s/n",
        "bairro": "Jardim Cajazeiras",
        "cep": "41390-340",
        "telefone": "3392-5384/ 8138-4595",
        "foto_thumb": "http://www.terreiros.ceao.ufba.br/_FT/pq/1128.jpg",
        "foto_grande": "http://www.terreiros.ceao.ufba.br/_FT/gd/1128.jpg",
        "ceao_id": "1128",
        "geo_status": "in_bahia"
      }
    },
    {
      "type": "Feature",
      "geometry": {
        "type": "Point",
        "coordinates": [
          -38.4455893536441,
          -12.9150143204422
        ]
      },
      "properties": {
        "nome": "Ilê Asé Odé Lodemí Filho de Lembá",
        "fonte": "ceao",
        "fonte_detalhe": "CEAO/UFBA - terreiros.ceao.ufba.br",
        "lideranca": "Jeferson Silva Cardoso",
        "nacao": "Keto",
        "ano_fundacao": "1998",
        "regente": "Oxóssi",
        "endereco": "Rua E, Setor II, Caminho 4, Casa 4",
        "bairro": "Cajazeiras X",
        "telefone": "8219-5562",
        "foto_thumb": "http://www.terreiros.ceao.ufba.br/_FT/pq/1130.jpg",
        "foto_grande": "http://www.terreiros.ceao.ufba.br/_FT/gd/1130.jpg",
        "ceao_id": "1130",
        "geo_status": "in_bahia"
      }
    },
    {
      "type": "Feature",
      "geometry": {
        "type": "Point",
        "coordinates": [
          -38.4736632988926,
          -12.9173047925497
        ]
      },
      "properties": {
        "nome": "Ynssu Gunzu Kilombata",
        "fonte": "ceao",
        "fonte_detalhe": "CEAO/UFBA - terreiros.ceao.ufba.br",
        "lideranca": "Maria Antônia Pereira Góes",
        "nacao": "Angola",
        "ano_fundacao": "1982",
        "regente": "Oxóssi",
        "endereco": "Rua Oscar Duque de Almeida, 233",
        "bairro": "Alto do Cabrito",
        "cep": "40480-580",
        "telefone": "3392-6594",
        "foto_thumb": "http://www.terreiros.ceao.ufba.br/_FT/pq/1133.jpg",
        "foto_grande": "http://www.terreiros.ceao.ufba.br/_FT/gd/1133.jpg",
        "ceao_id": "1133",
        "geo_status": "in_bahia"
      }
    },
    {
      "type": "Feature",
      "geometry": {
        "type": "Point",
        "coordinates": [
          -38.4585437719687,
          -12.849031510052
        ]
      },
      "properties": {
        "nome": "Ilê Oiá Gibericô",
        "fonte": "ceao",
        "fonte_detalhe": "CEAO/UFBA - terreiros.ceao.ufba.br",
        "lideranca": "Analice de Jesus Bispo Souza",
        "nacao": "Angola",
        "ano_fundacao": "1993",
        "regente": "Iansã",
        "endereco": "Rua 22 de Março, 25E",
        "bairro": "Vista Alegre",
        "telefone": "3307-1976",
        "foto_thumb": "http://www.terreiros.ceao.ufba.br/_FT/pq/1142.jpg",
        "foto_grande": "http://www.terreiros.ceao.ufba.br/_FT/gd/1142.jpg",
        "ceao_id": "1142",
        "geo_status": "in_bahia"
      }
    },
    {
      "type": "Feature",
      "geometry": {
        "type": "Point",
        "coordinates": [
          -38.5302454540608,
          -12.776138386678
        ]
      },
      "properties": {
        "nome": "Caboclo Itapuã",
        "fonte": "ceao",
        "fonte_detalhe": "CEAO/UFBA - terreiros.ceao.ufba.br",
        "lideranca": "Lygia Salles",
        "nacao": "Jêje Nagô",
        "ano_fundacao": "1970",
        "regente": "Becen",
        "endereco": "Rua Bela Vista, 36, Alto do Coqueirinho",
        "bairro": "Itapuã",
        "cep": "41615-000",
        "telefone": "3286-4275/ 9962-6768",
        "foto_thumb": "http://www.terreiros.ceao.ufba.br/_FT/pq/1151.jpg",
        "foto_grande": "http://www.terreiros.ceao.ufba.br/_FT/gd/1151.jpg",
        "ceao_id": "1151",
        "geo_status": "in_bahia"
      }
    },
    {
      "type": "Feature",
      "geometry": {
        "type": "Point",
        "coordinates": [
          -38.4033884797562,
          -12.9160255284525
        ]
      },
      "properties": {
        "nome": "Centro de Boiadeiro",
        "fonte": "ceao",
        "fonte_detalhe": "CEAO/UFBA - terreiros.ceao.ufba.br",
        "lideranca": "Edileuza dos Santos",
        "nacao": "Angola",
        "ano_fundacao": "1989",
        "regente": "Oxóssi",
        "endereco": "Rua Lafaete Morais Sarmento, 268",
        "bairro": "Tancredo Neves",
        "telefone": "3363-0113",
        "foto_thumb": "http://www.terreiros.ceao.ufba.br/_FT/pq/1158.jpg",
        "foto_grande": "http://www.terreiros.ceao.ufba.br/_FT/gd/1158.jpg",
        "ceao_id": "1158",
        "geo_status": "in_bahia"
      }
    },
    {
      "type": "Feature",
      "geometry": {
        "type": "Point",
        "coordinates": [
          -38.4455179945921,
          -12.9409355809258
        ]
      },
      "properties": {
        "nome": "Azilô Kasangi Raiz de Omim Silê",
        "fonte": "ceao",
        "fonte_detalhe": "CEAO/UFBA - terreiros.ceao.ufba.br",
        "lideranca": "Ana Maria Santos Nascimento",
        "nacao": "Angola",
        "ano_fundacao": "1977",
        "regente": "Tempo",
        "endereco": "Rua Lafaete Sarmento, 253",
        "bairro": "Tancredo Neves",
        "telefone": "3376-2420",
        "foto_thumb": "http://www.terreiros.ceao.ufba.br/_FT/pq/1159.jpg",
        "foto_grande": "http://www.terreiros.ceao.ufba.br/_FT/gd/1159.jpg",
        "ceao_id": "1159",
        "geo_status": "in_bahia"
      }
    },
    {
      "type": "Feature",
      "geometry": {
        "type": "Point",
        "coordinates": [
          -38.43976052625,
          -12.9474177042301
        ]
      },
      "properties": {
        "nome": "Oya Filha de Roxinoré Filha do Terreiro Santa Cruz",
        "fonte": "ceao",
        "fonte_detalhe": "CEAO/UFBA - terreiros.ceao.ufba.br",
        "lideranca": "Adalice de Andrade Santos",
        "nacao": "Keto",
        "ano_fundacao": "1997",
        "regente": "Iansã e Obaluaê",
        "endereco": "Rua Reinaldo Praxedes, 42E (Beirú)",
        "bairro": "Arenoso",
        "cep": "40211-480",
        "telefone": "3230-2840",
        "foto_thumb": "http://www.terreiros.ceao.ufba.br/_FT/pq/1163.jpg",
        "foto_grande": "http://www.terreiros.ceao.ufba.br/_FT/gd/1163.jpg",
        "ceao_id": "1163",
        "geo_status": "in_bahia"
      }
    },
    {
      "type": "Feature",
      "geometry": {
        "type": "Point",
        "coordinates": [
          -38.4413057560514,
          -12.947418091389
        ]
      },
      "properties": {
        "nome": "Centro de Giro Jubiabá",
        "fonte": "ceao",
        "fonte_detalhe": "CEAO/UFBA - terreiros.ceao.ufba.br",
        "lideranca": "Izabel Balbina de Oliveira",
        "nacao": "Angola",
        "ano_fundacao": "1977",
        "regente": "Danjué Gibonã e  Caboclo Jubiabá",
        "bairro": "Cabula",
        "telefone": "Não tem",
        "foto_thumb": "http://www.terreiros.ceao.ufba.br/_FT/pq/1166.jpg",
        "foto_grande": "http://www.terreiros.ceao.ufba.br/_FT/gd/1166.jpg",
        "ceao_id": "1166",
        "geo_status": "in_bahia"
      }
    },
    {
      "type": "Feature",
      "geometry": {
        "type": "Point",
        "coordinates": [
          -38.4880222100077,
          -12.9386847555957
        ]
      },
      "properties": {
        "nome": "Centro Tupiniquim",
        "fonte": "ceao",
        "fonte_detalhe": "CEAO/UFBA - terreiros.ceao.ufba.br",
        "lideranca": "Luzia Nilza Barbosa Santos",
        "nacao": "Keto",
        "ano_fundacao": "1946",
        "regente": "Iansã e Ogum",
        "endereco": "Rua Demóstenes Nascimento, 41",
        "bairro": "Praia Grande",
        "cep": "40435-560",
        "telefone": "3407-4587",
        "foto_thumb": "http://www.terreiros.ceao.ufba.br/_FT/pq/1168.jpg",
        "foto_grande": "http://www.terreiros.ceao.ufba.br/_FT/gd/1168.jpg",
        "ceao_id": "1168",
        "geo_status": "in_bahia"
      }
    },
    {
      "type": "Feature",
      "geometry": {
        "type": "Point",
        "coordinates": [
          -38.4756831442755,
          -12.8952062789737
        ]
      },
      "properties": {
        "nome": "Asé Ilê Ogiyan",
        "fonte": "ceao",
        "fonte_detalhe": "CEAO/UFBA - terreiros.ceao.ufba.br",
        "lideranca": "Maria dos Reis Carneiro",
        "nacao": "Jêje Savalu",
        "ano_fundacao": "1976",
        "regente": "Oxaguiã",
        "endereco": "Rua Sá Oliveria, 51 próx. ao fim de linha",
        "bairro": "Plataforma",
        "cep": "40717-380",
        "telefone": "3247-8009",
        "foto_thumb": "http://www.terreiros.ceao.ufba.br/_FT/pq/1170.jpg",
        "foto_grande": "http://www.terreiros.ceao.ufba.br/_FT/gd/1170.jpg",
        "ceao_id": "1170",
        "geo_status": "in_bahia"
      }
    },
    {
      "type": "Feature",
      "geometry": {
        "type": "Point",
        "coordinates": [
          -38.4724978879868,
          -12.8901402985814
        ]
      },
      "properties": {
        "nome": "Terreiro Onipó Neto",
        "fonte": "ceao",
        "fonte_detalhe": "CEAO/UFBA - terreiros.ceao.ufba.br",
        "lideranca": "Roselice Santos do Amor Divino",
        "nacao": "Angola",
        "ano_fundacao": "1986",
        "regente": "Oiá",
        "bairro": "Imbuí",
        "cep": "41730-010",
        "telefone": "3362-2904",
        "foto_thumb": "http://www.terreiros.ceao.ufba.br/_FT/pq/1173.jpg",
        "foto_grande": "http://www.terreiros.ceao.ufba.br/_FT/gd/1173.jpg",
        "ceao_id": "1173",
        "geo_status": "in_bahia"
      }
    },
    {
      "type": "Feature",
      "geometry": {
        "type": "Point",
        "coordinates": [
          -38.4717316957195,
          -12.8873347249535
        ]
      },
      "properties": {
        "nome": "Yiá Teí",
        "fonte": "ceao",
        "fonte_detalhe": "CEAO/UFBA - terreiros.ceao.ufba.br",
        "lideranca": "Alda Queiroz",
        "nacao": "Angola",
        "ano_fundacao": "1984",
        "regente": "Oxum e Iansã",
        "endereco": "Rua Amazonas, 7",
        "bairro": "Praia Grande",
        "cep": "40725-070",
        "telefone": "3408-0584",
        "foto_thumb": "http://www.terreiros.ceao.ufba.br/_FT/pq/1177.jpg",
        "foto_grande": "http://www.terreiros.ceao.ufba.br/_FT/gd/1177.jpg",
        "ceao_id": "1177",
        "geo_status": "in_bahia"
      }
    },
    {
      "type": "Feature",
      "geometry": {
        "type": "Point",
        "coordinates": [
          -38.4729596632003,
          -12.8893045888163
        ]
      },
      "properties": {
        "nome": "Unzó Malawlakuna Bate Folinha",
        "fonte": "ceao",
        "fonte_detalhe": "CEAO/UFBA - terreiros.ceao.ufba.br",
        "lideranca": "Gilcélia Magalhaes Chaves de Andrade",
        "nacao": "Angola",
        "ano_fundacao": "1972",
        "regente": "Iansã",
        "endereco": "Rua da Cabaceira, 607 A",
        "bairro": "Ilha Amarela",
        "cep": "40715-020",
        "telefone": "3218-3160",
        "foto_thumb": "http://www.terreiros.ceao.ufba.br/_FT/pq/1187.jpg",
        "foto_grande": "http://www.terreiros.ceao.ufba.br/_FT/gd/1187.jpg",
        "ceao_id": "1187",
        "geo_status": "in_bahia"
      }
    },
    {
      "type": "Feature",
      "geometry": {
        "type": "Point",
        "coordinates": [
          -38.4894000476355,
          -12.9344730475223
        ]
      },
      "properties": {
        "nome": "Terreiro Luandeí",
        "fonte": "ceao",
        "fonte_detalhe": "CEAO/UFBA - terreiros.ceao.ufba.br",
        "lideranca": "Elza Carmo Alves",
        "nacao": "Keto",
        "ano_fundacao": "1989",
        "regente": "Logunedé",
        "endereco": "Rua Pedro Avelino, 37, Qd.11",
        "bairro": "Arenoso",
        "telefone": "3461-3638",
        "foto_thumb": "http://www.terreiros.ceao.ufba.br/_FT/pq/1190.jpg",
        "foto_grande": "http://www.terreiros.ceao.ufba.br/_FT/gd/1190.jpg",
        "ceao_id": "1190",
        "geo_status": "in_bahia"
      }
    },
    {
      "type": "Feature",
      "geometry": {
        "type": "Point",
        "coordinates": [
          -38.4495926408399,
          -12.9511801223131
        ]
      },
      "properties": {
        "nome": "Funanji Filho",
        "fonte": "ceao",
        "fonte_detalhe": "CEAO/UFBA - terreiros.ceao.ufba.br",
        "lideranca": "Marcus Conceição de Almeida",
        "nacao": "Angola",
        "ano_fundacao": "2002",
        "regente": "Tempo",
        "endereco": "Rua Ari Alex Brust, 28E",
        "bairro": "Tancredo Neves",
        "cep": "41207-710",
        "telefone": "3232-9075",
        "foto_thumb": "http://www.terreiros.ceao.ufba.br/_FT/pq/1194.jpg",
        "foto_grande": "http://www.terreiros.ceao.ufba.br/_FT/gd/1194.jpg",
        "ceao_id": "1194",
        "geo_status": "in_bahia"
      }
    },
    {
      "type": "Feature",
      "geometry": {
        "type": "Point",
        "coordinates": [
          -38.4481546246108,
          -12.9510773842487
        ]
      },
      "properties": {
        "nome": "Ibugbé Won Orìsá",
        "fonte": "ceao",
        "fonte_detalhe": "CEAO/UFBA - terreiros.ceao.ufba.br",
        "lideranca": "Juvenal da Conceição Gonzaga",
        "nacao": "Jêje Nagô",
        "ano_fundacao": "1982",
        "regente": "Oxalá",
        "bairro": "São Cristóvão",
        "cep": "41502-400",
        "telefone": "3365-0291/ 3359-6935",
        "foto_thumb": "http://www.terreiros.ceao.ufba.br/_FT/pq/1195.jpg",
        "foto_grande": "http://www.terreiros.ceao.ufba.br/_FT/gd/1195.jpg",
        "ceao_id": "1195",
        "geo_status": "in_bahia"
      }
    },
    {
      "type": "Feature",
      "geometry": {
        "type": "Point",
        "coordinates": [
          -38.4783085491684,
          -12.8921687994022
        ]
      },
      "properties": {
        "nome": "Unzó Katendé In Dandalunda",
        "fonte": "ceao",
        "fonte_detalhe": "CEAO/UFBA - terreiros.ceao.ufba.br",
        "lideranca": "Robenilda Nascimento dos Santos",
        "nacao": "Angola Paketan",
        "ano_fundacao": "1974",
        "regente": "Katendé in Dandalunda",
        "endereco": "4a Trav. Alto Cerqueira, 23",
        "bairro": "Alto de Coutos",
        "cep": "40750-106",
        "telefone": "3521-1765/ 8871-6855",
        "foto_thumb": "http://www.terreiros.ceao.ufba.br/_FT/pq/1214.jpg",
        "foto_grande": "http://www.terreiros.ceao.ufba.br/_FT/gd/1214.jpg",
        "ceao_id": "1214",
        "geo_status": "in_bahia"
      }
    },
    {
      "type": "Feature",
      "geometry": {
        "type": "Point",
        "coordinates": [
          -38.4938183468157,
          -12.953248505155
        ]
      },
      "properties": {
        "nome": "Oxossi Mutalambu",
        "fonte": "ceao",
        "fonte_detalhe": "CEAO/UFBA - terreiros.ceao.ufba.br",
        "lideranca": "Angélica Pereira Souza",
        "nacao": "Angola",
        "ano_fundacao": "1978",
        "regente": "Oxóssi",
        "endereco": "Rua da Palha, 7, Praia Grande",
        "bairro": "Ilha de Maré",
        "cep": "42500-600",
        "telefone": "3297-2156",
        "foto_thumb": "http://www.terreiros.ceao.ufba.br/_FT/pq/1218.jpg",
        "foto_grande": "http://www.terreiros.ceao.ufba.br/_FT/gd/1218.jpg",
        "ceao_id": "1218",
        "geo_status": "in_bahia"
      }
    },
    {
      "type": "Feature",
      "geometry": {
        "type": "Point",
        "coordinates": [
          -38.5301812873226,
          -12.7771987656958
        ]
      },
      "properties": {
        "nome": "Unzo D'Amazimona Kessimbe",
        "fonte": "ceao",
        "fonte_detalhe": "CEAO/UFBA - terreiros.ceao.ufba.br",
        "lideranca": "Derilton Soares de Carvalho",
        "nacao": "Angola",
        "ano_fundacao": "1971",
        "regente": "Oxum",
        "endereco": "Rua do Beco, Praia Grande",
        "bairro": "Ilha de Maré",
        "cep": "42500-000",
        "telefone": "3297-2035",
        "foto_thumb": "http://www.terreiros.ceao.ufba.br/_FT/pq/1223.jpg",
        "foto_grande": "http://www.terreiros.ceao.ufba.br/_FT/gd/1223.jpg",
        "ceao_id": "1223",
        "geo_status": "in_bahia"
      }
    },
    {
      "type": "Feature",
      "geometry": {
        "type": "Point",
        "coordinates": [
          -38.3964318532258,
          -12.9110883703566
        ]
      },
      "properties": {
        "nome": "Ilé Asé Aují Olá Omí (Axe Arôiew)",
        "fonte": "ceao",
        "fonte_detalhe": "CEAO/UFBA - terreiros.ceao.ufba.br",
        "lideranca": "José Mauro Gomide",
        "nacao": "Keto",
        "ano_fundacao": "1977",
        "regente": "Oxóssi",
        "endereco": "1ª Trav. Heráclito",
        "bairro": "Fazenda Grande IV",
        "cep": "41345-605",
        "telefone": "3305-1490/ 91019-609",
        "foto_thumb": "http://www.terreiros.ceao.ufba.br/_FT/pq/1225.jpg",
        "foto_grande": "http://www.terreiros.ceao.ufba.br/_FT/gd/1225.jpg",
        "ceao_id": "1225",
        "geo_status": "in_bahia"
      }
    },
    {
      "type": "Feature",
      "geometry": {
        "type": "Point",
        "coordinates": [
          -38.3959823838823,
          -12.9108124762791
        ]
      },
      "properties": {
        "nome": "Ilé Asé Omí Keloiá",
        "fonte": "ceao",
        "fonte_detalhe": "CEAO/UFBA - terreiros.ceao.ufba.br",
        "lideranca": "Ita Maria de Oliveira Giudice",
        "nacao": "Keto",
        "ano_fundacao": "2002",
        "regente": "Oxum Apará",
        "endereco": "Rua Heráclito, Chácara Mina de Ouro, 6",
        "bairro": "Fazenda Grande IV",
        "cep": "41345-580",
        "telefone": "3395-3399/ 8172-2633",
        "foto_thumb": "http://www.terreiros.ceao.ufba.br/_FT/pq/1230.jpg",
        "foto_grande": "http://www.terreiros.ceao.ufba.br/_FT/gd/1230.jpg",
        "ceao_id": "1230",
        "geo_status": "in_bahia"
      }
    },
    {
      "type": "Feature",
      "geometry": {
        "type": "Point",
        "coordinates": [
          -38.3954833922727,
          -12.9115805142455
        ]
      },
      "properties": {
        "nome": "Unzó de Angoro Deapoema Engenoá",
        "fonte": "ceao",
        "fonte_detalhe": "CEAO/UFBA - terreiros.ceao.ufba.br",
        "lideranca": "Aldaci Santos Oliveira",
        "nacao": "Angola",
        "ano_fundacao": "2002",
        "regente": "Angorá",
        "bairro": "Nova Brasília",
        "cep": "41099-065",
        "telefone": "3309-9065/ 8195-2604",
        "foto_thumb": "http://www.terreiros.ceao.ufba.br/_FT/pq/1231.jpg",
        "foto_grande": "http://www.terreiros.ceao.ufba.br/_FT/gd/1231.jpg",
        "ceao_id": "1231",
        "geo_status": "in_bahia"
      }
    },
    {
      "type": "Feature",
      "geometry": {
        "type": "Point",
        "coordinates": [
          -38.405525813074,
          -12.9187632287707
        ]
      },
      "properties": {
        "nome": "Sunfucia Undé",
        "fonte": "ceao",
        "fonte_detalhe": "CEAO/UFBA - terreiros.ceao.ufba.br",
        "lideranca": "Jiucélia Alves Miranda",
        "nacao": "Keto",
        "ano_fundacao": "1997",
        "regente": "Oxumaré",
        "endereco": "Rua Heráclito, 28, lote 2 e 3",
        "bairro": "Fazenda Grande IV",
        "cep": "41345-580",
        "telefone": "3395-3515/ 9943-5589",
        "foto_thumb": "http://www.terreiros.ceao.ufba.br/_FT/pq/1232.jpg",
        "foto_grande": "http://www.terreiros.ceao.ufba.br/_FT/gd/1232.jpg",
        "ceao_id": "1232",
        "geo_status": "in_bahia"
      }
    },
    {
      "type": "Feature",
      "geometry": {
        "type": "Point",
        "coordinates": [
          -38.4678136630462,
          -12.8521635888391
        ]
      },
      "properties": {
        "nome": "Ilê Asé Onicofá Bominjá",
        "fonte": "ceao",
        "fonte_detalhe": "CEAO/UFBA - terreiros.ceao.ufba.br",
        "lideranca": "José Augusto Cruz dos Santos",
        "nacao": "Keto",
        "ano_fundacao": "2003",
        "regente": "Oxóssi",
        "bairro": "Jardim Santo Inácio",
        "cep": "41231-330",
        "telefone": "3391-7613",
        "foto_thumb": "http://www.terreiros.ceao.ufba.br/_FT/pq/1240.jpg",
        "foto_grande": "http://www.terreiros.ceao.ufba.br/_FT/gd/1240.jpg",
        "ceao_id": "1240",
        "geo_status": "in_bahia"
      }
    },
    {
      "type": "Feature",
      "geometry": {
        "type": "Point",
        "coordinates": [
          -38.3942204446597,
          -12.9095659092421
        ]
      },
      "properties": {
        "nome": "Ilê Asé Jobi Lodé",
        "fonte": "ceao",
        "fonte_detalhe": "CEAO/UFBA - terreiros.ceao.ufba.br",
        "lideranca": "Antônio Olavo Vieira de Castro",
        "nacao": "Keto",
        "ano_fundacao": "1995",
        "regente": "Ogunjá",
        "bairro": "São Cristóvão",
        "cep": "41410-030",
        "telefone": "3377-3795/ 9978-6440",
        "foto_thumb": "http://www.terreiros.ceao.ufba.br/_FT/pq/1243.jpg",
        "foto_grande": "http://www.terreiros.ceao.ufba.br/_FT/gd/1243.jpg",
        "ceao_id": "1243",
        "geo_status": "in_bahia"
      }
    },
    {
      "type": "Feature",
      "geometry": {
        "type": "Point",
        "coordinates": [
          -38.3893371910037,
          -12.9094301023795
        ]
      },
      "properties": {
        "nome": "Giro de Boiadeiro",
        "fonte": "ceao",
        "fonte_detalhe": "CEAO/UFBA - terreiros.ceao.ufba.br",
        "lideranca": "Vanda de Carvalho",
        "nacao": "Angola",
        "ano_fundacao": "1978",
        "regente": "Iansã",
        "endereco": "Rua Jaqueira do Carneiro, Trav. Vila Pinto, 40-E",
        "bairro": "Retiro",
        "cep": "40353-000",
        "telefone": "3383-2585",
        "foto_thumb": "http://www.terreiros.ceao.ufba.br/_FT/pq/1248.jpg",
        "foto_grande": "http://www.terreiros.ceao.ufba.br/_FT/gd/1248.jpg",
        "ceao_id": "1248",
        "geo_status": "in_bahia"
      }
    },
    {
      "type": "Feature",
      "geometry": {
        "type": "Point",
        "coordinates": [
          -38.4738316428867,
          -12.9476688864276
        ]
      },
      "properties": {
        "nome": "Ilê Asé Omí Logum",
        "fonte": "ceao",
        "fonte_detalhe": "CEAO/UFBA - terreiros.ceao.ufba.br",
        "lideranca": "Nivaldo Batista de Oliveira",
        "nacao": "Keto",
        "ano_fundacao": "1984",
        "regente": "Oxóssi",
        "bairro": "São Cristóvão",
        "cep": "41505-065",
        "telefone": "3252-5950/ 3241-8876",
        "foto_thumb": "http://www.terreiros.ceao.ufba.br/_FT/pq/1249.jpg",
        "foto_grande": "http://www.terreiros.ceao.ufba.br/_FT/gd/1249.jpg",
        "ceao_id": "1249",
        "geo_status": "in_bahia"
      }
    },
    {
      "type": "Feature",
      "geometry": {
        "type": "Point",
        "coordinates": [
          -38.372377761487,
          -12.8782884922653
        ]
      },
      "properties": {
        "nome": "Terreiro de Angola Muka Moenda",
        "fonte": "ceao",
        "fonte_detalhe": "CEAO/UFBA - terreiros.ceao.ufba.br",
        "lideranca": "Elias da Silva Oliveira",
        "nacao": "Angola",
        "ano_fundacao": "1999",
        "regente": "Angorô",
        "endereco": "Rua Velha Pirajá (Rua Oscar Seixas), 177",
        "bairro": "Pirajá",
        "cep": "41290-470",
        "telefone": "3303-3327/ 9208-2999",
        "foto_thumb": "http://www.terreiros.ceao.ufba.br/_FT/pq/1251.jpg",
        "foto_grande": "http://www.terreiros.ceao.ufba.br/_FT/gd/1251.jpg",
        "ceao_id": "1251",
        "geo_status": "in_bahia"
      }
    },
    {
      "type": "Feature",
      "geometry": {
        "type": "Point",
        "coordinates": [
          -38.46924280077,
          -12.9035005301821
        ]
      },
      "properties": {
        "nome": "Odalá",
        "fonte": "ceao",
        "fonte_detalhe": "CEAO/UFBA - terreiros.ceao.ufba.br",
        "lideranca": "Floripes Cerqueira dos Anjos",
        "nacao": "Keto Angola",
        "ano_fundacao": "1986",
        "regente": "Iansã e Oxóssi",
        "bairro": "Retiro",
        "cep": "40353-035",
        "telefone": "1001",
        "foto_thumb": "http://www.terreiros.ceao.ufba.br/_FT/pq/1252.jpg",
        "foto_grande": "http://www.terreiros.ceao.ufba.br/_FT/gd/1252.jpg",
        "ceao_id": "1252",
        "geo_status": "in_bahia"
      }
    },
    {
      "type": "Feature",
      "geometry": {
        "type": "Point",
        "coordinates": [
          -38.4735575797616,
          -12.9468140339258
        ]
      },
      "properties": {
        "nome": "Ilé Asé Omi Oxum Pondó",
        "fonte": "ceao",
        "fonte_detalhe": "CEAO/UFBA - terreiros.ceao.ufba.br",
        "lideranca": "Vera Maria Dultra do Vale",
        "nacao": "Ijexá",
        "ano_fundacao": "1991",
        "regente": "Oxum",
        "endereco": "Rua Eufrosina Miranda , 44",
        "bairro": "Barros Reis",
        "cep": "40315-490",
        "telefone": "3244-8111",
        "foto_thumb": "http://www.terreiros.ceao.ufba.br/_FT/pq/1253.jpg",
        "foto_grande": "http://www.terreiros.ceao.ufba.br/_FT/gd/1253.jpg",
        "ceao_id": "1253",
        "geo_status": "in_bahia"
      }
    },
    {
      "type": "Feature",
      "geometry": {
        "type": "Point",
        "coordinates": [
          -38.499545243047,
          -12.9391956151169
        ]
      },
      "properties": {
        "nome": "Unzo Oramim Kei de Unzambi",
        "fonte": "ceao",
        "fonte_detalhe": "CEAO/UFBA - terreiros.ceao.ufba.br",
        "lideranca": "Mario Sérgio Carvalho",
        "nacao": "Angola",
        "ano_fundacao": "2002",
        "regente": "Iemanjá Ogunté",
        "endereco": "2a Trav. Sérgio de Cavalho, 24",
        "bairro": "Eng. V. da Federação",
        "cep": "40230-079",
        "telefone": "3235-7067/ 2201-8045",
        "foto_thumb": "http://www.terreiros.ceao.ufba.br/_FT/pq/1257.jpg",
        "foto_grande": "http://www.terreiros.ceao.ufba.br/_FT/gd/1257.jpg",
        "ceao_id": "1257",
        "geo_status": "in_bahia"
      }
    },
    {
      "type": "Feature",
      "geometry": {
        "type": "Point",
        "coordinates": [
          -38.5062024701429,
          -12.9699686988401
        ]
      },
      "properties": {
        "nome": "Gonxiá de Obaluaê Muncombo Mononguzu",
        "fonte": "ceao",
        "fonte_detalhe": "CEAO/UFBA - terreiros.ceao.ufba.br",
        "lideranca": "Francisca de Assis Dantas",
        "nacao": "Angola",
        "ano_fundacao": "1987",
        "regente": "não informado",
        "endereco": "Rua Direta do Arraial do Retiro, 99",
        "bairro": "Arraial do Retiro",
        "telefone": "3257-1166",
        "foto_thumb": "http://www.terreiros.ceao.ufba.br/_FT/pq/1260.jpg",
        "foto_grande": "http://www.terreiros.ceao.ufba.br/_FT/gd/1260.jpg",
        "ceao_id": "1260",
        "geo_status": "in_bahia"
      }
    },
    {
      "type": "Feature",
      "geometry": {
        "type": "Point",
        "coordinates": [
          -38.4645201119656,
          -12.9436881469945
        ]
      },
      "properties": {
        "nome": "Ilê Ogum Pará Megi",
        "fonte": "ceao",
        "fonte_detalhe": "CEAO/UFBA - terreiros.ceao.ufba.br",
        "lideranca": "Rita de Cássia Moreira dos Santos",
        "nacao": "Keto",
        "ano_fundacao": "1995",
        "regente": "Ogum",
        "endereco": "Rua E,  Caminho 4, Casa 9, Setor 2",
        "bairro": "Cajazeiras X",
        "telefone": "8888-1489",
        "foto_thumb": "http://www.terreiros.ceao.ufba.br/_FT/pq/1263.jpg",
        "foto_grande": "http://www.terreiros.ceao.ufba.br/_FT/gd/1263.jpg",
        "ceao_id": "1263",
        "geo_status": "in_bahia"
      }
    },
    {
      "type": "Feature",
      "geometry": {
        "type": "Point",
        "coordinates": [
          -38.4090101655888,
          -12.8816151390082
        ]
      },
      "properties": {
        "nome": "Onipó Filho",
        "fonte": "ceao",
        "fonte_detalhe": "CEAO/UFBA - terreiros.ceao.ufba.br",
        "lideranca": "Ana de Oliveira Nery",
        "nacao": "Angola",
        "ano_fundacao": "1961",
        "regente": "Iansã",
        "endereco": "4ª Trav. Eugênio Sales, 5",
        "bairro": "Boca do Rio",
        "cep": "41741-385",
        "telefone": "3461-0985/ 8897-8060",
        "foto_thumb": "http://www.terreiros.ceao.ufba.br/_FT/pq/1264.jpg",
        "foto_grande": "http://www.terreiros.ceao.ufba.br/_FT/gd/1264.jpg",
        "ceao_id": "1264",
        "geo_status": "in_bahia"
      }
    },
    {
      "type": "Feature",
      "geometry": {
        "type": "Point",
        "coordinates": [
          -38.4709896205707,
          -12.8320683525337
        ]
      },
      "properties": {
        "nome": "Centro de Caboclo Sete Flechas",
        "fonte": "ceao",
        "fonte_detalhe": "CEAO/UFBA - terreiros.ceao.ufba.br",
        "lideranca": "Maria do Carmo Cavalcante dos Santos",
        "nacao": "Angola Umbanda",
        "ano_fundacao": "1983",
        "regente": "Oxum Apará",
        "endereco": "Rua Monte Belém do Meio, 33, fundos",
        "bairro": "Vasco da Gama",
        "cep": "40243-190",
        "telefone": "3261-1842",
        "foto_thumb": "http://www.terreiros.ceao.ufba.br/_FT/pq/1267.jpg",
        "foto_grande": "http://www.terreiros.ceao.ufba.br/_FT/gd/1267.jpg",
        "ceao_id": "1267",
        "geo_status": "in_bahia"
      }
    },
    {
      "type": "Feature",
      "geometry": {
        "type": "Point",
        "coordinates": [
          -38.4439292448472,
          -12.9433436841453
        ]
      },
      "properties": {
        "nome": "Ilê Asé Neguamen Filho Lembá",
        "fonte": "ceao",
        "fonte_detalhe": "CEAO/UFBA - terreiros.ceao.ufba.br",
        "lideranca": "Perolina Mercês dos Santos",
        "nacao": "Keto",
        "ano_fundacao": "2005",
        "regente": "Omolu",
        "bairro": "Fazenda Grande II",
        "telefone": "3395-6075",
        "foto_thumb": "http://www.terreiros.ceao.ufba.br/_FT/pq/1272.jpg",
        "foto_grande": "http://www.terreiros.ceao.ufba.br/_FT/gd/1272.jpg",
        "ceao_id": "1272",
        "geo_status": "in_bahia"
      }
    },
    {
      "type": "Feature",
      "geometry": {
        "type": "Point",
        "coordinates": [
          -38.4052355946649,
          -12.9044865083368
        ]
      },
      "properties": {
        "nome": "Ilé Asé Omín Nítá",
        "fonte": "ceao",
        "fonte_detalhe": "CEAO/UFBA - terreiros.ceao.ufba.br",
        "lideranca": "Wilson Nunes Cardoso",
        "nacao": "Keto",
        "ano_fundacao": "1985",
        "regente": "Ogum",
        "bairro": "Amaralina",
        "cep": "41820-020",
        "telefone": "3248-5667/ 9934-6088",
        "foto_thumb": "http://www.terreiros.ceao.ufba.br/_FT/pq/1273.jpg",
        "foto_grande": "http://www.terreiros.ceao.ufba.br/_FT/gd/1273.jpg",
        "ceao_id": "1273",
        "geo_status": "in_bahia"
      }
    },
    {
      "type": "Feature",
      "geometry": {
        "type": "Point",
        "coordinates": [
          -38.4780490206243,
          -13.0118629287789
        ]
      },
      "properties": {
        "nome": "D'ioyá Kegan",
        "fonte": "ceao",
        "fonte_detalhe": "CEAO/UFBA - terreiros.ceao.ufba.br",
        "lideranca": "Helena da Silva Barros",
        "nacao": "Keto",
        "ano_fundacao": "1957",
        "regente": "Iansã",
        "endereco": "1a Trav. Esperança, 19 (Antigo Tanque do Meio)",
        "bairro": "San Martin",
        "cep": "40355-040",
        "telefone": "3214-7153",
        "foto_thumb": "http://www.terreiros.ceao.ufba.br/_FT/pq/1274.jpg",
        "foto_grande": "http://www.terreiros.ceao.ufba.br/_FT/gd/1274.jpg",
        "ceao_id": "1274",
        "geo_status": "in_bahia"
      }
    },
    {
      "type": "Feature",
      "geometry": {
        "type": "Point",
        "coordinates": [
          -38.4828055411431,
          -12.9331886865409
        ]
      },
      "properties": {
        "nome": "Ilê Asé Iyá Omim Odó",
        "fonte": "ceao",
        "fonte_detalhe": "CEAO/UFBA - terreiros.ceao.ufba.br",
        "lideranca": "Luciano Bispo dos Santos",
        "nacao": "Keto",
        "ano_fundacao": "2000",
        "regente": "Oxum",
        "endereco": "Rua Aurelio Lopes, 60E",
        "bairro": "Fazenda Grande II",
        "telefone": "9142-5411",
        "foto_thumb": "http://www.terreiros.ceao.ufba.br/_FT/pq/1276.jpg",
        "foto_grande": "http://www.terreiros.ceao.ufba.br/_FT/gd/1276.jpg",
        "ceao_id": "1276",
        "geo_status": "in_bahia"
      }
    },
    {
      "type": "Feature",
      "geometry": {
        "type": "Point",
        "coordinates": [
          -38.407895974202,
          -12.9021682397859
        ]
      },
      "properties": {
        "nome": "Ilê Asé Gira Ndé Filho de Lemba",
        "fonte": "ceao",
        "fonte_detalhe": "CEAO/UFBA - terreiros.ceao.ufba.br",
        "lideranca": "Francisco Assis de Oliveira Rocha",
        "nacao": "Alaketo",
        "ano_fundacao": "2004",
        "regente": "Ogum",
        "endereco": "Setor II, Rua 4, Casa 55 (Curva do Boi)",
        "bairro": "Cajazeiras X",
        "telefone": "8219-5562",
        "foto_thumb": "http://www.terreiros.ceao.ufba.br/_FT/pq/1277.jpg",
        "foto_grande": "http://www.terreiros.ceao.ufba.br/_FT/gd/1277.jpg",
        "ceao_id": "1277",
        "geo_status": "in_bahia"
      }
    },
    {
      "type": "Feature",
      "geometry": {
        "type": "Point",
        "coordinates": [
          -38.4118176493783,
          -12.8828377041695
        ]
      },
      "properties": {
        "nome": "Dandalunda Cantumbereci Diumzambi",
        "fonte": "ceao",
        "fonte_detalhe": "CEAO/UFBA - terreiros.ceao.ufba.br",
        "lideranca": "Cláudia Barbosa dos Santos",
        "nacao": "Angola",
        "ano_fundacao": "1997",
        "regente": "Oxum",
        "endereco": "Rua Jaguaripe I, Caminho 10, Casa s/n",
        "bairro": "Fazenda Grande II",
        "cep": "41651-040",
        "telefone": "3395-6075",
        "foto_thumb": "http://www.terreiros.ceao.ufba.br/_FT/pq/1278.jpg",
        "foto_grande": "http://www.terreiros.ceao.ufba.br/_FT/gd/1278.jpg",
        "ceao_id": "1278",
        "geo_status": "in_bahia"
      }
    },
    {
      "type": "Feature",
      "geometry": {
        "type": "Point",
        "coordinates": [
          -38.4469085904921,
          -12.9136413090188
        ]
      },
      "properties": {
        "nome": "Onzó Mutalambo",
        "fonte": "ceao",
        "fonte_detalhe": "CEAO/UFBA - terreiros.ceao.ufba.br",
        "lideranca": "Maria de Jesus Rocha Soares",
        "nacao": "Angola",
        "ano_fundacao": "1953",
        "regente": "Oxóssi",
        "bairro": "CEASA",
        "cep": "41402-050",
        "telefone": "3301-5315",
        "foto_thumb": "http://www.terreiros.ceao.ufba.br/_FT/pq/1280.jpg",
        "foto_grande": "http://www.terreiros.ceao.ufba.br/_FT/gd/1280.jpg",
        "ceao_id": "1280",
        "geo_status": "in_bahia"
      }
    },
    {
      "type": "Feature",
      "geometry": {
        "type": "Point",
        "coordinates": [
          -38.4746727386489,
          -12.9148324970326
        ]
      },
      "properties": {
        "nome": "Terreiro Aloyá",
        "fonte": "ceao",
        "fonte_detalhe": "CEAO/UFBA - terreiros.ceao.ufba.br",
        "lideranca": "Eurico Alcântara dos Santos",
        "nacao": "Keto",
        "ano_fundacao": "1979",
        "regente": "Obaluaê",
        "endereco": "Rua Alto do Abaeté, 37",
        "bairro": "Itapuã",
        "cep": "41610-510",
        "telefone": "3249-5350/ 8875-9611",
        "foto_thumb": "http://www.terreiros.ceao.ufba.br/_FT/pq/1283.jpg",
        "foto_grande": "http://www.terreiros.ceao.ufba.br/_FT/gd/1283.jpg",
        "ceao_id": "1283",
        "geo_status": "in_bahia"
      }
    },
    {
      "type": "Feature",
      "geometry": {
        "type": "Point",
        "coordinates": [
          -38.6400358674984,
          -12.7587406417817
        ]
      },
      "properties": {
        "nome": "Ilê Ijá Obe Ocutá",
        "fonte": "ceao",
        "fonte_detalhe": "CEAO/UFBA - terreiros.ceao.ufba.br",
        "lideranca": "Isolino José dos Passos",
        "nacao": "Jêje-Nagô Keto",
        "ano_fundacao": "1987",
        "regente": "Iemanjá",
        "endereco": "Rua do Brito, s/n",
        "bairro": "Ilha Bom Jesus dos Passos",
        "telefone": "3462-5177/ 3297-3085 (Pedro Paulo)",
        "foto_thumb": "http://www.terreiros.ceao.ufba.br/_FT/pq/1288.jpg",
        "foto_grande": "http://www.terreiros.ceao.ufba.br/_FT/gd/1288.jpg",
        "ceao_id": "1288",
        "geo_status": "in_bahia"
      }
    },
    {
      "type": "Feature",
      "geometry": {
        "type": "Point",
        "coordinates": [
          -38.6382374132771,
          -12.7597133897857
        ]
      },
      "properties": {
        "nome": "Ogum Kariré",
        "fonte": "ceao",
        "fonte_detalhe": "CEAO/UFBA - terreiros.ceao.ufba.br",
        "lideranca": "Maria José da França",
        "nacao": "Angola",
        "ano_fundacao": "0",
        "regente": "Ogum",
        "endereco": "Rua Barro Duro, Jardim Campo Verde",
        "bairro": "CEASA",
        "cep": "41402-000",
        "telefone": "3301-5315 (recado c/ Maria de Jesus)",
        "foto_thumb": "http://www.terreiros.ceao.ufba.br/_FT/pq/1289.jpg",
        "foto_grande": "http://www.terreiros.ceao.ufba.br/_FT/gd/1289.jpg",
        "ceao_id": "1289",
        "geo_status": "in_bahia"
      }
    }
  ],
  "metadata": {
    "scan_fp": {
      "original": 1924,
      "removidos": 499,
      "limpo": 1425
    }
  }
}